/*
 * Exported with nin10kit v1.8
 * Invocation command was nin10kit --mode=3 --resize=240x160 lose lose.png 
 * Time-stamp: Monday 04/07/2025, 01:28:20
 * 
 * Image Information
 * -----------------
 * lose.png 240@160
 * 
 * All bug reports / feature requests are to be filed here https://github.com/TricksterGuy/nin10kit/issues
 */

#include "lose.h"

const unsigned short lose[38400] =
{
	0x7fff,0x7fff,0x7fff,0x7fff,0x7fff,0x7fff,0x7fff,0x7fff,0x7fff,0x7fff,0x7fff,0x7fff,0x7fff,0x7fff,0x7fff,0x7fff,
	0x7fff,0x7fff,0x7fff,0x7fff,0x7fff,0x7fff,0x7fff,0x7fff,0x7fff,0x7fff,0x7fff,0x7fff,0x7fff,0x7fff,0x7fff,0x7fff,
	0x7fff,0x7fff,0x7fff,0x7fff,0x7fff,0x7fff,0x7fff,0x7fff,0x7fff,0x7fff,0x7fff,0x7fff,0x7fff,0x7fff,0x7fff,0x7fff,
	0x7fff,0x7fff,0x7fff,0x7fff,0x7fff,0x7fff,0x7fff,0x7fff,0x7fff,0x7fff,0x7fff,0x7fff,0x7fff,0x7fff,0x7fff,0x7fff,
	0x7bff,0x73df,0x6fbe,0x6b9e,0x679e,0x5b5e,0x531c,0x4b1c,0x471d,0x3efd,0x32bc,0x2a9b,0x267b,0x227b,0x1e9c,0x1e9d,
	0x1a9d,0x127d,0x0e5d,0x0e5c,0x0a3c,0x063c,0x061c,0x021c,0x021c,0x021c,0x021c,0x061c,0x061c,0x063c,0x0a3c,0x0e3d,
	0x125d,0x167d,0x1a9d,0x1e9d,0x229c,0x227c,0x267b,0x2e9b,0x36dd,0x431d,0x4b1d,0x4b1c,0x531c,0x5b5e,0x679e,0x6b9e,
	0x6fbe,0x77df,0x7bff,0x7fff,0x7fff,0x7fff,0x7fff,0x7fff,0x7fff,0x7fff,0x7fff,0x7fff,0x7fff,0x7fff,0x7fff,0x7fff,
	0x7fff,0x7fff,0x7fff,0x7fff,0x7fff,0x7fff,0x7fff,0x7fff,0x7fff,0x7fff,0x7fff,0x7fff,0x7fff,0x7fff,0x7fff,0x7fff,
	0x7fff,0x7fff,0x7fff,0x7fff,0x7fff,0x7fff,0x7fff,0x7fff,0x7fff,0x7fff,0x7fff,0x7fff,0x7fff,0x7fff,0x7fff,0x7fff,
	0x7fff,0x7fff,0x7fff,0x7fff,0x7fff,0x7fff,0x7fff,0x7fff,0x7fff,0x7fff,0x7fff,0x7fff,0x7fff,0x7fff,0x7fff,0x7fff,
	0x7fff,0x7fff,0x7fff,0x7fff,0x7fff,0x7fff,0x7fff,0x7fff,0x7fff,0x7fff,0x7fff,0x7fff,0x7fff,0x7fff,0x7fff,0x7fff,
	0x7fff,0x7fff,0x7fff,0x7fff,0x7fff,0x7fff,0x7fff,0x7fff,0x7fff,0x7fff,0x7fff,0x7fff,0x7fff,0x7fff,0x7fff,0x7fff,
	0x7fff,0x7fff,0x7fff,0x7fff,0x7fff,0x7fff,0x7fff,0x7fff,0x7fff,0x7fff,0x7fff,0x7fff,0x7fff,0x7fff,0x7fff,0x7fff,
	0x7fff,0x7fff,0x7fff,0x7fff,0x7fff,0x7fff,0x7fff,0x7fff,0x7fff,0x7fff,0x7fff,0x7fff,0x7fff,0x7fff,0x7fff,0x7fff,
	0x7fff,0x7fff,0x7fff,0x7fff,0x7fff,0x7fff,0x7fff,0x7fff,0x7fff,0x7fff,0x7fff,0x7fff,0x7fff,0x7fff,0x7fff,0x7fff,
	0x7fff,0x7fff,0x7fff,0x7fff,0x7fff,0x7fff,0x7fff,0x7fff,0x7fff,0x7fff,0x7fff,0x7fff,0x7fff,0x7fff,0x7fff,0x7fff,
	0x7fff,0x7fff,0x7fff,0x7fff,0x7fff,0x7fff,0x7fff,0x7fff,0x7fff,0x7fff,0x7fff,0x7fff,0x7fff,0x7fff,0x7fff,0x7fff,
	0x7fff,0x7fff,0x7fff,0x7fff,0x7fff,0x7fff,0x7fff,0x7fff,0x7bff,0x73be,0x6b9e,0x5f7e,0x4f1c,0x4b1d,0x3add,0x2e9c,
	0x26bc,0x1e9d,0x165c,0x127c,0x0e7e,0x0a7e,0x065d,0x067d,0x067e,0x069f,0x069f,0x069e,0x069f,0x069f,0x069f,0x06bf,
	0x06bf,0x06bf,0x06bf,0x06bf,0x06bf,0x06bf,0x06bf,0x06bf,0x06bf,0x06bf,0x06bf,0x06bf,0x06bf,0x06bf,0x06bf,0x06bf,
	0x06bf,0x06bf,0x06bf,0x06bf,0x069f,0x069f,0x029f,0x069f,0x069f,0x069f,0x067e,0x067d,0x0a7d,0x0e7e,0x0e7d,0x125c,
	0x167c,0x229d,0x2abc,0x2e9c,0x3add,0x4b1d,0x531d,0x5f7e,0x6b9e,0x73bf,0x7bff,0x7fff,0x7fff,0x7fff,0x7fff,0x7fff,
	0x7fff,0x7fff,0x7fff,0x7fff,0x7fff,0x7fff,0x7fff,0x7fff,0x7fff,0x7fff,0x7fff,0x7fff,0x7fff,0x7fff,0x7fff,0x7fff,
	0x7fff,0x7fff,0x7fff,0x7fff,0x7fff,0x7fff,0x7fff,0x7fff,0x7fff,0x7fff,0x7fff,0x7fff,0x7fff,0x7fff,0x7fff,0x7fff,
	0x7fff,0x7fff,0x7fff,0x7fff,0x7fff,0x7fff,0x7fff,0x7fff,0x7fff,0x7fff,0x7fff,0x7fff,0x7fff,0x7fff,0x7fff,0x7fff,
	0x7fff,0x7fff,0x7fff,0x7fff,0x7fff,0x7fff,0x7fff,0x7fff,0x7fff,0x7fff,0x7fff,0x7fff,0x7fff,0x7fff,0x7fff,0x7fff,
	0x7fff,0x7fff,0x7fff,0x7fff,0x7fff,0x7fff,0x7fff,0x7fff,0x7fff,0x7fff,0x7fff,0x7fff,0x7fff,0x7fff,0x7fff,0x7fff,
	0x7fff,0x7fff,0x7fff,0x7fff,0x7fff,0x7fff,0x7fff,0x7fff,0x7fff,0x7fff,0x7fff,0x7fff,0x7fff,0x7fff,0x7fff,0x7fff,
	0x7fff,0x7fff,0x7fff,0x7fff,0x7fff,0x7fff,0x7fff,0x7fff,0x7fff,0x7fff,0x7fff,0x7fff,0x7fff,0x7fff,0x7fff,0x7fff,
	0x7fff,0x7fff,0x7fff,0x7fff,0x7fff,0x7fff,0x7fff,0x7fff,0x7fff,0x7fff,0x7fff,0x7fff,0x7fff,0x7fff,0x7fff,0x7fff,
	0x7fff,0x7fff,0x7fff,0x7fff,0x7fff,0x7fff,0x7fff,0x7fff,0x7fff,0x7fff,0x7fff,0x7fff,0x7fff,0x7fff,0x7fff,0x7fff,
	0x7fff,0x7fff,0x7fff,0x7fff,0x7fff,0x7fff,0x7fff,0x7fff,0x7fff,0x7fff,0x7fff,0x7fff,0x7fff,0x7fff,0x7fff,0x7fff,
	0x7fff,0x7fff,0x7bff,0x73df,0x5f7d,0x4b1c,0x3edc,0x2e9b,0x229c,0x167c,0x0e5c,0x0a7e,0x067d,0x067e,0x029f,0x029f,
	0x029f,0x06bf,0x06bf,0x06bf,0x06bf,0x06bf,0x06bf,0x06bf,0x06bf,0x06bf,0x06bf,0x06bf,0x06bf,0x06bf,0x06bf,0x06bf,
	0x06bf,0x06df,0x06df,0x06df,0x06df,0x06df,0x06df,0x06df,0x06df,0x06df,0x06df,0x06df,0x06df,0x06df,0x06df,0x06bf,
	0x06bf,0x06bf,0x06bf,0x06bf,0x06df,0x06df,0x06df,0x06bf,0x06bf,0x06bf,0x06bf,0x06bf,0x06bf,0x06bf,0x06bf,0x06bf,
	0x06bf,0x06bf,0x069f,0x069f,0x069f,0x067e,0x067d,0x0a7e,0x0e5c,0x1a7c,0x269c,0x2e9b,0x3edc,0x4f1c,0x637e,0x77df,
	0x7bff,0x7fff,0x7fff,0x7fff,0x7fff,0x7fff,0x7fff,0x7fff,0x7fff,0x7fff,0x7fff,0x7fff,0x7fff,0x7fff,0x7fff,0x7fff,
	0x7fff,0x7fff,0x7fff,0x7fff,0x7fff,0x7fff,0x7fff,0x7fff,0x7fff,0x7fff,0x7fff,0x7fff,0x7fff,0x7fff,0x7fff,0x7fff,
	0x7fff,0x7fff,0x7fff,0x7fff,0x7fff,0x7fff,0x7fff,0x7fff,0x7fff,0x7fff,0x7fff,0x7fff,0x7fff,0x7fff,0x7fff,0x7fff,
	0x7fff,0x7fff,0x7fff,0x7fff,0x7fff,0x7fff,0x7fff,0x7fff,0x7fff,0x7fff,0x7fff,0x7fff,0x7fff,0x7fff,0x7fff,0x7fff,
	0x7fff,0x7fff,0x7fff,0x7fff,0x7fff,0x7fff,0x7fff,0x7fff,0x7fff,0x7fff,0x7fff,0x7fff,0x7fff,0x7fff,0x7fff,0x7fff,
	0x7fff,0x7fff,0x7fff,0x7fff,0x7fff,0x7fff,0x7fff,0x7fff,0x7fff,0x7fff,0x7fff,0x7fff,0x7fff,0x7fff,0x7fff,0x7fff,
	0x7fff,0x7fff,0x7fff,0x7fff,0x7fff,0x7fff,0x7fff,0x7fff,0x7fff,0x7fff,0x7fff,0x7fff,0x7fff,0x7fff,0x7fff,0x7fff,
	0x7fff,0x7fff,0x7fff,0x7fff,0x7fff,0x7fff,0x7fff,0x7fff,0x7fff,0x7fff,0x7fff,0x7fff,0x7fff,0x7fff,0x7fff,0x7fff,
	0x7fff,0x7fff,0x7fff,0x7fff,0x7fff,0x7fff,0x7fff,0x7fff,0x7fff,0x7fff,0x7fff,0x7fff,0x7fff,0x7fff,0x7fff,0x7fff,
	0x7fff,0x7fff,0x7fff,0x7fff,0x7fff,0x7fff,0x7fff,0x7fff,0x7fff,0x7fff,0x7fff,0x7fff,0x7fff,0x77df,0x6b9e,0x5f7e,
	0x4b1d,0x3add,0x269c,0x1a7c,0x0e5c,0x065d,0x027e,0x067e,0x069f,0x06bf,0x06bf,0x06bf,0x06bf,0x06bf,0x06bf,0x06bf,
	0x06bf,0x06bf,0x06bf,0x06bf,0x06df,0x06df,0x06df,0x06df,0x06df,0x06df,0x06df,0x06df,0x06df,0x06df,0x06df,0x06df,
	0x06df,0x06df,0x06df,0x06df,0x06df,0x06df,0x06df,0x06df,0x06df,0x06df,0x06df,0x06df,0x06df,0x06df,0x06df,0x06df,
	0x06df,0x06df,0x06df,0x06df,0x06df,0x06df,0x06df,0x06df,0x06df,0x06df,0x06df,0x06df,0x06df,0x06df,0x06bf,0x06bf,
	0x06bf,0x06bf,0x06bf,0x06bf,0x06bf,0x06bf,0x06bf,0x06bf,0x06bf,0x06bf,0x069f,0x067e,0x067e,0x065d,0x0e5c,0x1a7c,
	0x2a9b,0x3efc,0x4f1d,0x637e,0x6fbe,0x7bff,0x7fff,0x7fff,0x7fff,0x7fff,0x7fff,0x7fff,0x7fff,0x7fff,0x7fff,0x7fff,
	0x7fff,0x7fff,0x7fff,0x7fff,0x7fff,0x7fff,0x7fff,0x7fff,0x7fff,0x7fff,0x7fff,0x7fff,0x7fff,0x7fff,0x7fff,0x7fff,
	0x7fff,0x7fff,0x7fff,0x7fff,0x7fff,0x7fff,0x7fff,0x7fff,0x7fff,0x7fff,0x7fff,0x7fff,0x7fff,0x7fff,0x7fff,0x7fff,
	0x7fff,0x7fff,0x7fff,0x7fff,0x7fff,0x7fff,0x7fff,0x7fff,0x7fff,0x7fff,0x7fff,0x7fff,0x7fff,0x7fff,0x7fff,0x7fff,
	0x7fff,0x7fff,0x7fff,0x7fff,0x7fff,0x7fff,0x7fff,0x7fff,0x7fff,0x7fff,0x7fff,0x7fff,0x7fff,0x7fff,0x7fff,0x7fff,
	0x7fff,0x7fff,0x7fff,0x7fff,0x7fff,0x7fff,0x7fff,0x7fff,0x7fff,0x7fff,0x7fff,0x7fff,0x7fff,0x7fff,0x7fff,0x7fff,
	0x7fff,0x7fff,0x7fff,0x7fff,0x7fff,0x7fff,0x7fff,0x7fff,0x7fff,0x7fff,0x7fff,0x7fff,0x7fff,0x7fff,0x7fff,0x7fff,
	0x7fff,0x7fff,0x7fff,0x7fff,0x7fff,0x7fff,0x7fff,0x7fff,0x7fff,0x7fff,0x7fff,0x7fff,0x7fff,0x7fff,0x7fff,0x7fff,
	0x7fff,0x7fff,0x7fff,0x7fff,0x7fff,0x7fff,0x7fff,0x7fff,0x7fff,0x7fff,0x7fff,0x7fff,0x7fff,0x7fff,0x7fff,0x7fff,
	0x7fff,0x7fff,0x7fff,0x7fff,0x7fff,0x7fff,0x7fff,0x7fff,0x7bff,0x6fbe,0x5f7d,0x4b1c,0x32bc,0x227c,0x125d,0x0a5d,
	0x067e,0x029e,0x029f,0x02bf,0x06bf,0x06bf,0x06bf,0x06bf,0x06bf,0x06bf,0x06df,0x06bf,0x06df,0x06df,0x06df,0x06df,
	0x06df,0x06df,0x06df,0x06df,0x06df,0x06df,0x06df,0x06df,0x06df,0x06df,0x06df,0x0adf,0x0adf,0x0aff,0x0eff,0x0eff,
	0x0eff,0x0eff,0x0eff,0x12ff,0x12ff,0x12ff,0x12ff,0x12ff,0x12ff,0x12ff,0x12ff,0x0eff,0x0eff,0x0eff,0x0eff,0x0aff,
	0x0aff,0x0aff,0x06ff,0x06df,0x06df,0x06df,0x06df,0x06df,0x06df,0x06df,0x06df,0x06df,0x06df,0x06df,0x06df,0x06df,
	0x06df,0x06df,0x06df,0x06df,0x06df,0x06df,0x06df,0x06bf,0x06bf,0x06bf,0x06bf,0x06bf,0x06bf,0x06bf,0x06bf,0x06bf,
	0x029f,0x027e,0x067e,0x0a5d,0x167c,0x229c,0x36dd,0x4f1d,0x637e,0x73be,0x7bff,0x7fff,0x7fff,0x7fff,0x7fff,0x7fff,
	0x7fff,0x7fff,0x7fff,0x7fff,0x7fff,0x7fff,0x7fff,0x7fff,0x7fff,0x7fff,0x7fff,0x7fff,0x7fff,0x7fff,0x7fff,0x7fff,
	0x7fff,0x7fff,0x7fff,0x7fff,0x7fff,0x7fff,0x7fff,0x7fff,0x7fff,0x7fff,0x7fff,0x7fff,0x7fff,0x7fff,0x7fff,0x7fff,
	0x7fff,0x7fff,0x7fff,0x7fff,0x7fff,0x7fff,0x7fff,0x7fff,0x7fff,0x7fff,0x7fff,0x7fff,0x7fff,0x7fff,0x7fff,0x7fff,
	0x7fff,0x7fff,0x7fff,0x7fff,0x7fff,0x7fff,0x7fff,0x7fff,0x7fff,0x7fff,0x7fff,0x7fff,0x7fff,0x7fff,0x7fff,0x7fff,
	0x7fff,0x7fff,0x7fff,0x7fff,0x7fff,0x7fff,0x7fff,0x7fff,0x7fff,0x7fff,0x7fff,0x7fff,0x7fff,0x7fff,0x7fff,0x7fff,
	0x7fff,0x7fff,0x7fff,0x7fff,0x7fff,0x7fff,0x7fff,0x7fff,0x7fff,0x7fff,0x7fff,0x7fff,0x7fff,0x7fff,0x7fff,0x7fff,
	0x7fff,0x7fff,0x7fff,0x7fff,0x7fff,0x7fff,0x7fff,0x7fff,0x7fff,0x7fff,0x7fff,0x7fff,0x7fff,0x7fff,0x7fff,0x7fff,
	0x7fff,0x7fff,0x7fff,0x7fff,0x7fff,0x7fff,0x7fff,0x7fff,0x7fff,0x7fff,0x7fff,0x7fff,0x7fff,0x7fff,0x7fff,0x7fff,
	0x7fff,0x7fff,0x7fff,0x7fff,0x7fff,0x73bf,0x5b5d,0x42fc,0x269b,0x165c,0x0a5d,0x067e,0x069e,0x069f,0x06bf,0x06bf,
	0x06bf,0x06bf,0x06bf,0x06bf,0x06bf,0x06df,0x06df,0x06df,0x06df,0x06df,0x06df,0x06df,0x02df,0x06df,0x06df,0x06df,
	0x0adf,0x0eff,0x12ff,0x1b1f,0x1f1f,0x233f,0x2b3f,0x335f,0x335f,0x375f,0x3b7f,0x3f7f,0x439f,0x479f,0x4b9f,0x4b9f,
	0x4b9f,0x4f9f,0x4f9f,0x4f9f,0x4f9f,0x539f,0x539f,0x539f,0x4f9f,0x4f9f,0x4f9f,0x4f9f,0x4b9f,0x4b9f,0x4b9f,0x479f,
	0x479f,0x439f,0x3f7f,0x3b7f,0x375f,0x335f,0x2f5f,0x273f,0x231e,0x1b1f,0x171f,0x0eff,0x0aff,0x0adf,0x06df,0x06df,
	0x02df,0x06df,0x06df,0x06df,0x06df,0x06df,0x06df,0x06df,0x06df,0x06df,0x06df,0x06df,0x06df,0x06df,0x06df,0x06bf,
	0x06bf,0x06bf,0x06bf,0x06bf,0x06bf,0x069f,0x029e,0x067e,0x0a5d,0x1a5c,0x2a9c,0x42dc,0x5b5d,0x77df,0x7fff,0x7fff,
	0x7fff,0x7fff,0x7fff,0x7fff,0x7fff,0x7fff,0x7fff,0x7fff,0x7fff,0x7fff,0x7fff,0x7fff,0x7fff,0x7fff,0x7fff,0x7fff,
	0x7fff,0x7fff,0x7fff,0x7fff,0x7fff,0x7fff,0x7fff,0x7fff,0x7fff,0x7fff,0x7fff,0x7fff,0x7fff,0x7fff,0x7fff,0x7fff,
	0x7fff,0x7fff,0x7fff,0x7fff,0x7fff,0x7fff,0x7fff,0x7fff,0x7fff,0x7fff,0x7fff,0x7fff,0x7fff,0x7fff,0x7fff,0x7fff,
	0x7fff,0x7fff,0x7fff,0x7fff,0x7fff,0x7fff,0x7fff,0x7fff,0x7fff,0x7fff,0x7fff,0x7fff,0x7fff,0x7fff,0x7fff,0x7fff,
	0x7fff,0x7fff,0x7fff,0x7fff,0x7fff,0x7fff,0x7fff,0x7fff,0x7fff,0x7fff,0x7fff,0x7fff,0x7fff,0x7fff,0x7fff,0x7fff,
	0x7fff,0x7fff,0x7fff,0x7fff,0x7fff,0x7fff,0x7fff,0x7fff,0x7fff,0x7fff,0x7fff,0x7fff,0x7fff,0x7fff,0x7fff,0x7fff,
	0x7fff,0x7fff,0x7fff,0x7fff,0x7fff,0x7fff,0x7fff,0x7fff,0x7fff,0x7fff,0x7fff,0x7fff,0x7fff,0x7fff,0x7fff,0x7fff,
	0x7fff,0x7fff,0x7fff,0x7fff,0x7fff,0x7fff,0x7fff,0x7fff,0x7fff,0x7fff,0x7fff,0x7fff,0x7fff,0x7fff,0x7fff,0x7fff,
	0x7fff,0x7bdf,0x6b9e,0x533d,0x3adc,0x1e5b,0x0a3b,0x025d,0x029f,0x06bf,0x06bf,0x06bf,0x06bf,0x06bf,0x06bf,0x06bf,
	0x06df,0x06df,0x06df,0x06df,0x06df,0x06df,0x06df,0x02df,0x06df,0x0eff,0x12ff,0x171f,0x1f3f,0x273f,0x335f,0x3b5f,
	0x437f,0x4b9f,0x4fbf,0x53bf,0x57bf,0x57bf,0x5bbf,0x5bbf,0x5bbf,0x5bbf,0x5bbf,0x5bbf,0x5bbf,0x5bbf,0x5bbf,0x5bbf,
	0x5bbf,0x5bbf,0x5bbf,0x5bbf,0x5bbf,0x5bbf,0x5bbf,0x5bbf,0x5bbf,0x5bbf,0x5bbf,0x5bbf,0x5bbf,0x5bbf,0x5bbf,0x57bf,
	0x5bbf,0x5bbf,0x5bbf,0x5bbf,0x57bf,0x57bf,0x57bf,0x57bf,0x57bf,0x53bf,0x4fbf,0x4b9f,0x437f,0x3b7f,0x335f,0x2b3f,
	0x1f3f,0x1b1f,0x12ff,0x0eff,0x0aff,0x06df,0x06df,0x06df,0x06df,0x06df,0x06df,0x06df,0x06df,0x06df,0x06df,0x06df,
	0x06df,0x06df,0x06df,0x06bf,0x06bf,0x06bf,0x06bf,0x06bf,0x06bf,0x06bf,0x029f,0x065d,0x0a3b,0x1e7c,0x3adc,0x573d,
	0x6f9e,0x7bff,0x7fff,0x7fff,0x7fff,0x7fff,0x7fff,0x7fff,0x7fff,0x7fff,0x7fff,0x7fff,0x7fff,0x7fff,0x7fff,0x7fff,
	0x7fff,0x7fff,0x7fff,0x7fff,0x7fff,0x7fff,0x7fff,0x7fff,0x7fff,0x7fff,0x7fff,0x7fff,0x7fff,0x7fff,0x7fff,0x7fff,
	0x7fff,0x7fff,0x7fff,0x7fff,0x7fff,0x7fff,0x7fff,0x7fff,0x7fff,0x7fff,0x7fff,0x7fff,0x7fff,0x7fff,0x7fff,0x7fff,
	0x7fff,0x7fff,0x7fff,0x7fff,0x7fff,0x7fff,0x7fff,0x7fff,0x7fff,0x7fff,0x7fff,0x7fff,0x7fff,0x7fff,0x7fff,0x7fff,
	0x7fff,0x7fff,0x7fff,0x7fff,0x7fff,0x7fff,0x7fff,0x7fff,0x7fff,0x7fff,0x7fff,0x7fff,0x7fff,0x7fff,0x7fff,0x7fff,
	0x7fff,0x7fff,0x7fff,0x7fff,0x7fff,0x7fff,0x7fff,0x7fff,0x7fff,0x7fff,0x7fff,0x7fff,0x7fff,0x7fff,0x7fff,0x7fff,
	0x7fff,0x7fff,0x7fff,0x7fff,0x7fff,0x7fff,0x7fff,0x7fff,0x7fff,0x7fff,0x7fff,0x7fff,0x7fff,0x7fff,0x7fff,0x7fff,
	0x7fff,0x7fff,0x7fff,0x7fff,0x7fff,0x7fff,0x7fff,0x7fff,0x7fff,0x7fff,0x7fff,0x7fff,0x7fff,0x7fff,0x73df,0x5f7d,
	0x42fc,0x267b,0x125c,0x065d,0x067e,0x069f,0x06bf,0x06bf,0x06bf,0x06bf,0x06bf,0x02df,0x06df,0x06df,0x06df,0x06df,
	0x06df,0x06df,0x0adf,0x0eff,0x16ff,0x1f1f,0x2b3f,0x335f,0x3f7f,0x479f,0x4f9f,0x53bf,0x57bf,0x57bf,0x5bbf,0x5bbf,
	0x5bbf,0x5bbf,0x57bf,0x57bf,0x57bf,0x57bf,0x57bf,0x57bf,0x57bf,0x57bf,0x57bf,0x57bf,0x57bf,0x57bf,0x57bf,0x57bf,
	0x57bf,0x57bf,0x57bf,0x57bf,0x57bf,0x57bf,0x57bf,0x57bf,0x57bf,0x57bf,0x57bf,0x57bf,0x57bf,0x57bf,0x57bf,0x57bf,
	0x57bf,0x57bf,0x57bf,0x57bf,0x57bf,0x57bf,0x57bf,0x57bf,0x57bf,0x57bf,0x57bf,0x57bf,0x57bf,0x57bf,0x57bf,0x53bf,
	0x53bf,0x53bf,0x4f9f,0x479f,0x3f7f,0x335f,0x2b3f,0x1f3f,0x131f,0x0eff,0x06ff,0x06df,0x02df,0x06df,0x06df,0x06df,
	0x06df,0x06df,0x06df,0x06df,0x06df,0x06df,0x06df,0x06bf,0x06bf,0x06bf,0x06bf,0x06bf,0x06bf,0x069f,0x067e,0x0a5d,
	0x165b,0x2a9c,0x46fc,0x637e,0x77df,0x7fff,0x7fff,0x7fff,0x7fff,0x7fff,0x7fff,0x7fff,0x7fff,0x7fff,0x7fff,0x7fff,
	0x7fff,0x7fff,0x7fff,0x7fff,0x7fff,0x7fff,0x7fff,0x7fff,0x7fff,0x7fff,0x7fff,0x7fff,0x7fff,0x7fff,0x7fff,0x7fff,
	0x7fff,0x7fff,0x7fff,0x7fff,0x7fff,0x7fff,0x7fff,0x7fff,0x7fff,0x7fff,0x7fff,0x7fff,0x7fff,0x7fff,0x7fff,0x7fff,
	0x7fff,0x7fff,0x7fff,0x7fff,0x7fff,0x7fff,0x7fff,0x7fff,0x7fff,0x7fff,0x7fff,0x7fff,0x7fff,0x7fff,0x7fff,0x7fff,
	0x7fff,0x7fff,0x7fff,0x7fff,0x7fff,0x7fff,0x7fff,0x7fff,0x7fff,0x7fff,0x7fff,0x7fff,0x7fff,0x7fff,0x7fff,0x7fff,
	0x7fff,0x7fff,0x7fff,0x7fff,0x7fff,0x7fff,0x7fff,0x7fff,0x7fff,0x7fff,0x7fff,0x7fff,0x7fff,0x7fff,0x7fff,0x7fff,
	0x7fff,0x7fff,0x7fff,0x7fff,0x7fff,0x7fff,0x7fff,0x7fff,0x7fff,0x7fff,0x7fff,0x7fff,0x7fff,0x7fff,0x7fff,0x7fff,
	0x7fff,0x7fff,0x7fff,0x7fff,0x7fff,0x7fff,0x7fff,0x7fff,0x7fff,0x7fff,0x7fff,0x77df,0x5b5d,0x3abb,0x1e5b,0x0e5c,
	0x065e,0x069f,0x06bf,0x06bf,0x06bf,0x06bf,0x06bf,0x06df,0x06df,0x06df,0x06df,0x06df,0x02df,0x06df,0x0aff,0x16ff,
	0x273f,0x335f,0x3f7f,0x4b9f,0x4f9f,0x53bf,0x57bf,0x57bf,0x57bf,0x57bf,0x57bf,0x57bf,0x57bf,0x57bf,0x57bf,0x57bf,
	0x57bf,0x57bf,0x57bf,0x57bf,0x57bf,0x57bf,0x57bf,0x57bf,0x57bf,0x57bf,0x57bf,0x57bf,0x57bf,0x57bf,0x57bf,0x57bf,
	0x57bf,0x57bf,0x57bf,0x57bf,0x57bf,0x57bf,0x57bf,0x57bf,0x57bf,0x53bf,0x53bf,0x53bf,0x53bf,0x53bf,0x53bf,0x53bf,
	0x53bf,0x53bf,0x53bf,0x53bf,0x53bf,0x53bf,0x53bf,0x53bf,0x53bf,0x53bf,0x53bf,0x53bf,0x53bf,0x53bf,0x53bf,0x53bf,
	0x53bf,0x53bf,0x53bf,0x53bf,0x53bf,0x57bf,0x53bf,0x4fbf,0x4b9f,0x477f,0x3b7f,0x2b5f,0x1f3f,0x131f,0x0aff,0x06df,
	0x06df,0x06df,0x06df,0x06df,0x06df,0x06df,0x06df,0x06df,0x06df,0x06df,0x06df,0x06bf,0x06bf,0x06bf,0x06bf,0x06bf,
	0x06bf,0x029f,0x065d,0x0e5c,0x225b,0x3edc,0x637d,0x7bff,0x7fff,0x7fff,0x7fff,0x7fff,0x7fff,0x7fff,0x7fff,0x7fff,
	0x7fff,0x7fff,0x7fff,0x7fff,0x7fff,0x7fff,0x7fff,0x7fff,0x7fff,0x7fff,0x7fff,0x7fff,0x7fff,0x7fff,0x7fff,0x7fff,
	0x7fff,0x7fff,0x7fff,0x7fff,0x7fff,0x7fff,0x7fff,0x7fff,0x7fff,0x7fff,0x7fff,0x7fff,0x7fff,0x7fff,0x7fff,0x7fff,
	0x7fff,0x7fff,0x7fff,0x7fff,0x7fff,0x7fff,0x7fff,0x7fff,0x7fff,0x7fff,0x7fff,0x7fff,0x7fff,0x7fff,0x7fff,0x7fff,
	0x7fff,0x7fff,0x7fff,0x7fff,0x7fff,0x7fff,0x7fff,0x7fff,0x7fff,0x7fff,0x7fff,0x7fff,0x7fff,0x7fff,0x7fff,0x7fff,
	0x7fff,0x7fff,0x7fff,0x7fff,0x7fff,0x7fff,0x7fff,0x7fff,0x7fff,0x7fff,0x7fff,0x7fff,0x7fff,0x7fff,0x7fff,0x7fff,
	0x7fff,0x7fff,0x7fff,0x7fff,0x7fff,0x7fff,0x7fff,0x7fff,0x7fff,0x7fff,0x7fff,0x7fff,0x7fff,0x7fff,0x7fff,0x7fff,
	0x7fff,0x7fff,0x7fff,0x7fff,0x7fff,0x7fff,0x7fff,0x7fff,0x7bff,0x6b9e,0x4afc,0x267c,0x0e3b,0x065d,0x069f,0x06bf,
	0x06bf,0x06bf,0x06bf,0x06bf,0x06bf,0x06df,0x06df,0x06df,0x02df,0x06df,0x0eff,0x1b1f,0x273f,0x335f,0x437f,0x4f9f,
	0x53bf,0x57bf,0x57bf,0x57bf,0x57bf,0x57bf,0x57bf,0x57bf,0x57bf,0x57bf,0x57bf,0x57bf,0x57bf,0x57bf,0x57bf,0x57bf,
	0x57bf,0x53bf,0x53bf,0x53bf,0x53bf,0x53bf,0x53bf,0x53bf,0x53bf,0x53bf,0x53bf,0x53bf,0x53bf,0x53bf,0x53bf,0x53bf,
	0x53bf,0x53bf,0x53bf,0x53bf,0x53bf,0x53bf,0x53bf,0x53bf,0x53bf,0x53bf,0x53bf,0x53bf,0x53bf,0x53bf,0x53bf,0x53bf,
	0x53bf,0x53bf,0x53bf,0x53bf,0x53bf,0x53bf,0x53bf,0x53bf,0x53bf,0x53bf,0x53bf,0x53bf,0x53bf,0x53bf,0x53bf,0x53bf,
	0x53bf,0x53bf,0x53bf,0x53bf,0x53bf,0x539f,0x4fbf,0x4f9f,0x539f,0x53bf,0x53bf,0x53bf,0x4fbf,0x439f,0x377f,0x273f,
	0x1b1f,0x12ff,0x0aff,0x06ff,0x06ff,0x06df,0x06df,0x06df,0x06df,0x06df,0x06df,0x06df,0x06df,0x06df,0x06df,0x06bf,
	0x06bf,0x06bf,0x06bf,0x06bf,0x029f,0x023d,0x0e3b,0x2e9c,0x4f1d,0x6f9e,0x7bff,0x7fff,0x7fff,0x7fff,0x7fff,0x7fff,
	0x7fff,0x7fff,0x7fff,0x7fff,0x7fff,0x7fff,0x7fff,0x7fff,0x7fff,0x7fff,0x7fff,0x7fff,0x7fff,0x7fff,0x7fff,0x7fff,
	0x7fff,0x7fff,0x7fff,0x7fff,0x7fff,0x7fff,0x7fff,0x7fff,0x7fff,0x7fff,0x7fff,0x7fff,0x7fff,0x7fff,0x7fff,0x7fff,
	0x7fff,0x7fff,0x7fff,0x7fff,0x7fff,0x7fff,0x7fff,0x7fff,0x7fff,0x7fff,0x7fff,0x7fff,0x7fff,0x7fff,0x7fff,0x7fff,
	0x7fff,0x7fff,0x7fff,0x7fff,0x7fff,0x7fff,0x7fff,0x7fff,0x7fff,0x7fff,0x7fff,0x7fff,0x7fff,0x7fff,0x7fff,0x7fff,
	0x7fff,0x7fff,0x7fff,0x7fff,0x7fff,0x7fff,0x7fff,0x7fff,0x7fff,0x7fff,0x7fff,0x7fff,0x7fff,0x7fff,0x7fff,0x7fff,
	0x7fff,0x7fff,0x7fff,0x7fff,0x7fff,0x7fff,0x7fff,0x7fff,0x7fff,0x7fff,0x7fff,0x7fff,0x7fff,0x7fff,0x7fff,0x7fff,
	0x7fff,0x7fff,0x7fff,0x7fff,0x7fff,0x7fff,0x6fbe,0x533c,0x2a9b,0x125b,0x065d,0x069f,0x06bf,0x06bf,0x06bf,0x06bf,
	0x06bf,0x06df,0x06df,0x06df,0x06df,0x06df,0x0eff,0x171f,0x273f,0x377f,0x479f,0x4f9f,0x53bf,0x53bf,0x57bf,0x53bf,
	0x53bf,0x53bf,0x57bf,0x53bf,0x53bf,0x53bf,0x53bf,0x53bf,0x53bf,0x53bf,0x53bf,0x53bf,0x53bf,0x53bf,0x53bf,0x53bf,
	0x53bf,0x53bf,0x53bf,0x53bf,0x53bf,0x53bf,0x53bf,0x53bf,0x53bf,0x53bf,0x53bf,0x53bf,0x53bf,0x53bf,0x53bf,0x53bf,
	0x53bf,0x53bf,0x53bf,0x53bf,0x53bf,0x53bf,0x53bf,0x53bf,0x53bf,0x53bf,0x53bf,0x53bf,0x53bf,0x53bf,0x53bf,0x53bf,
	0x539f,0x539f,0x539f,0x53bf,0x53bf,0x539f,0x4f9f,0x4f9f,0x4f9f,0x4f9f,0x4f9f,0x4f9f,0x4f9f,0x4f9f,0x4f9f,0x4f9f,
	0x4f9f,0x4f9f,0x4f9f,0x4f9f,0x4f9f,0x4f9f,0x4f9f,0x4f9f,0x4f9f,0x4f9f,0x4f9f,0x4f9f,0x4f9f,0x4f9f,0x4f9f,0x4f9f,
	0x4b9f,0x437f,0x375f,0x273f,0x171f,0x0eff,0x06ff,0x06ff,0x06df,0x06df,0x06df,0x06df,0x06df,0x06df,0x06df,0x06df,
	0x06df,0x06df,0x06bf,0x06bf,0x06bf,0x06bf,0x06bf,0x067e,0x0a5d,0x163b,0x329b,0x573d,0x73bf,0x7fff,0x7fff,0x7fff,
	0x7fff,0x7fff,0x7fff,0x7fff,0x7fff,0x7fff,0x7fff,0x7fff,0x7fff,0x7fff,0x7fff,0x7fff,0x7fff,0x7fff,0x7fff,0x7fff,
	0x7fff,0x7fff,0x7fff,0x7fff,0x7fff,0x7fff,0x7fff,0x7fff,0x7fff,0x7fff,0x7fff,0x7fff,0x7fff,0x7fff,0x7fff,0x7fff,
	0x7fff,0x7fff,0x7fff,0x7fff,0x7fff,0x7fff,0x7fff,0x7fff,0x7fff,0x7fff,0x7fff,0x7fff,0x7fff,0x7fff,0x7fff,0x7fff,
	0x7fff,0x7fff,0x7fff,0x7fff,0x7fff,0x7fff,0x7fff,0x7fff,0x7fff,0x7fff,0x7fff,0x7fff,0x7fff,0x7fff,0x7fff,0x7fff,
	0x7fff,0x7fff,0x7fff,0x7fff,0x7fff,0x7fff,0x7fff,0x7fff,0x7fff,0x7fff,0x7fff,0x7fff,0x7fff,0x7fff,0x7fff,0x7fff,
	0x7fff,0x7fff,0x7fff,0x7fff,0x7fff,0x7fff,0x7fff,0x7fff,0x7fff,0x7fff,0x7fff,0x7fff,0x7fff,0x7fff,0x7fff,0x7fff,
	0x7fff,0x7fff,0x7fff,0x7bff,0x5f7d,0x36bb,0x1a5b,0x065c,0x027e,0x02bf,0x06bf,0x06bf,0x06bf,0x06bf,0x06bf,0x06df,
	0x06df,0x02df,0x06df,0x12ff,0x231f,0x335f,0x437f,0x4f9f,0x53bf,0x53bf,0x53bf,0x53bf,0x53bf,0x53bf,0x53bf,0x53bf,
	0x53bf,0x53bf,0x53bf,0x53bf,0x53bf,0x53bf,0x53bf,0x53bf,0x53bf,0x53bf,0x53bf,0x53bf,0x53bf,0x53bf,0x53bf,0x53bf,
	0x53bf,0x53bf,0x53bf,0x53bf,0x53bf,0x53bf,0x539f,0x539f,0x539f,0x4f9f,0x4f9f,0x4f9f,0x4f9f,0x4f9f,0x4f9f,0x4f9f,
	0x4f9f,0x4f9f,0x4f9f,0x4f9f,0x4f9f,0x4f9f,0x4f9f,0x4f9f,0x4f9f,0x4f9f,0x4f9f,0x4f9f,0x4f9f,0x4f9f,0x4f9f,0x4f9f,
	0x4f9f,0x4f9f,0x4f9f,0x4f9f,0x4f9f,0x4f9f,0x4f9f,0x4f9f,0x4f9f,0x4f9f,0x4f9f,0x4f9f,0x4f9f,0x4f9f,0x4f9f,0x4f9f,
	0x4f9f,0x4f9f,0x4f9f,0x4f9f,0x4f9f,0x4f9f,0x4f9f,0x4f9f,0x4f9f,0x4f9f,0x4f9f,0x4f9f,0x4f9f,0x4f9f,0x4f9f,0x4f9f,
	0x4f9f,0x4f9f,0x4f9f,0x4b9f,0x479f,0x3b7f,0x2b5f,0x1b1f,0x0eff,0x06ff,0x06ff,0x06df,0x06df,0x06df,0x06df,0x06df,
	0x06df,0x06df,0x06df,0x06df,0x06df,0x06bf,0x06bf,0x06bf,0x06bf,0x069f,0x027e,0x0a5c,0x1a5b,0x3edc,0x679e,0x7fff,
	0x7fff,0x7fff,0x7fff,0x7fff,0x7fff,0x7fff,0x7fff,0x7fff,0x7fff,0x7fff,0x7fff,0x7fff,0x7fff,0x7fff,0x7fff,0x7fff,
	0x7fff,0x7fff,0x7fff,0x7fff,0x7fff,0x7fff,0x7fff,0x7fff,0x7fff,0x7fff,0x7fff,0x7fff,0x7fff,0x7fff,0x7fff,0x7fff,
	0x7fff,0x7fff,0x7fff,0x7fff,0x7fff,0x7fff,0x7fff,0x7fff,0x7fff,0x7fff,0x7fff,0x7fff,0x7fff,0x7fff,0x7fff,0x7fff,
	0x7fff,0x7fff,0x7fff,0x7fff,0x7fff,0x7fff,0x7fff,0x7fff,0x7fff,0x7fff,0x7fff,0x7fff,0x7fff,0x7fff,0x7fff,0x7fff,
	0x7fff,0x7fff,0x7fff,0x7fff,0x7fff,0x7fff,0x7fff,0x7fff,0x7fff,0x7fff,0x7fff,0x7fff,0x7fff,0x7fff,0x7fff,0x7fff,
	0x7fff,0x7fff,0x7fff,0x7fff,0x7fff,0x7fff,0x7fff,0x7fff,0x7fff,0x7fff,0x7fff,0x7fff,0x7fff,0x7fff,0x7fff,0x7fff,
	0x7fff,0x7bff,0x679e,0x3abc,0x0e1a,0x065d,0x069f,0x06bf,0x02bf,0x06bf,0x06bf,0x06bf,0x06df,0x06df,0x06df,0x06df,
	0x0eff,0x1b1f,0x2f5f,0x479f,0x4f9f,0x53bf,0x53bf,0x53bf,0x539f,0x539f,0x53bf,0x53bf,0x4fbf,0x4fbf,0x4fbf,0x4f9f,
	0x4f9f,0x4f9f,0x4f9f,0x4f9f,0x4f9f,0x4f9f,0x4f9f,0x4f9f,0x4f9f,0x4f9f,0x4f9f,0x4f9f,0x4f9f,0x4f9f,0x4f9f,0x4f9f,
	0x4f9f,0x4f9f,0x4f9f,0x4f9f,0x4f9f,0x4f9f,0x4f9f,0x4f9f,0x4f9f,0x4f9f,0x4f9f,0x4f9f,0x4f9f,0x4f9f,0x4f9f,0x4f9f,
	0x4f9f,0x4f9f,0x4f9f,0x4f9f,0x4f9f,0x4f9f,0x4f9f,0x4f9f,0x4f9f,0x4f9f,0x4f9f,0x4f9f,0x4f9f,0x4f9f,0x4f9f,0x4f9f,
	0x4f9f,0x4f9f,0x4f9f,0x4f9f,0x4f9f,0x4f9f,0x4f9f,0x4f9f,0x4f9f,0x4f9f,0x4f9f,0x4f9f,0x4f9f,0x4b9f,0x4b9f,0x4b9f,
	0x4b9f,0x4b9f,0x4b9f,0x4b9f,0x4b9f,0x4b9f,0x4b9f,0x4b9f,0x4b9f,0x4b9f,0x4b9f,0x4b9f,0x4b9f,0x4b9f,0x4b9f,0x4b9f,
	0x4b9f,0x4b9f,0x4b9f,0x4b9f,0x4b9f,0x4b9f,0x4b9f,0x479f,0x377f,0x233f,0x131f,0x0aff,0x06ff,0x06ff,0x06df,0x06df,
	0x06df,0x06df,0x06df,0x06df,0x06df,0x06df,0x06df,0x06bf,0x06bf,0x06bf,0x06bf,0x06bf,0x069f,0x023c,0x121a,0x3edc,
	0x679e,0x7fff,0x7fff,0x7fff,0x7fff,0x7fff,0x7fff,0x7fff,0x7fff,0x7fff,0x7fff,0x7fff,0x7fff,0x7fff,0x7fff,0x7fff,
	0x7fff,0x7fff,0x7fff,0x7fff,0x7fff,0x7fff,0x7fff,0x7fff,0x7fff,0x7fff,0x7fff,0x7fff,0x7fff,0x7fff,0x7fff,0x7fff,
	0x7fff,0x7fff,0x7fff,0x7fff,0x7fff,0x7fff,0x7fff,0x7fff,0x7fff,0x7fff,0x7fff,0x7fff,0x7fff,0x7fff,0x7fff,0x7fff,
	0x7fff,0x7fff,0x7fff,0x7fff,0x7fff,0x7fff,0x7fff,0x7fff,0x7fff,0x7fff,0x7fff,0x7fff,0x7fff,0x7fff,0x7fff,0x7fff,
	0x7fff,0x7fff,0x7fff,0x7fff,0x7fff,0x7fff,0x7fff,0x7fff,0x7fff,0x7fff,0x7fff,0x7fff,0x7fff,0x7fff,0x7fff,0x7fff,
	0x7fff,0x7fff,0x7fff,0x7fff,0x7fff,0x7fff,0x7fff,0x7fff,0x7fff,0x7fff,0x7fff,0x7fff,0x7fff,0x7fff,0x7fff,0x7bff,
	0x5f7d,0x329b,0x123b,0x065d,0x069f,0x06bf,0x06bf,0x06bf,0x06bf,0x06df,0x06df,0x06df,0x06df,0x0edf,0x1b1f,0x2f5f,
	0x3f7f,0x4f9f,0x539f,0x539f,0x4f9f,0x4f9f,0x4f9f,0x4f9f,0x4f9f,0x4f9f,0x4f9f,0x4f9f,0x4f9f,0x4f9f,0x4f9f,0x4f9f,
	0x4f9f,0x4f9f,0x4f9f,0x4f9f,0x4f9f,0x4f9f,0x4f9f,0x4f9f,0x4f9f,0x4f9f,0x4f9f,0x4f9f,0x4f9f,0x4f9f,0x4f9f,0x4f9f,
	0x4f9f,0x4f9f,0x4f9f,0x4f9f,0x4f9f,0x4f9f,0x4f9f,0x4f9f,0x4f9f,0x4f9f,0x4f9f,0x4f9f,0x4f9f,0x4f9f,0x4f9f,0x4f9f,
	0x4f9f,0x4b9f,0x4b9f,0x4b9f,0x4b9f,0x4b9f,0x4b9f,0x4b9f,0x4b9f,0x4b9f,0x4b9f,0x4b9f,0x4b9f,0x4b9f,0x4b9f,0x4b9f,
	0x4b9f,0x4b9f,0x4b9f,0x4b9f,0x4b9f,0x4b9f,0x4b9f,0x4b9f,0x4b9f,0x4b9f,0x4b9f,0x4b9f,0x4b9f,0x4b9f,0x4b9f,0x4b9f,
	0x4b9f,0x4b9f,0x4b9f,0x4b9f,0x4b9f,0x4b9f,0x4b9f,0x4b9f,0x4b9f,0x4b9f,0x4b9f,0x4b9f,0x4b9f,0x4b9f,0x4b9f,0x4b9f,
	0x4b9f,0x479f,0x4b9f,0x4b9f,0x4b9f,0x4b9f,0x4b9f,0x4b9f,0x479f,0x479f,0x3f7f,0x2f5f,0x1b1f,0x0aff,0x06ff,0x06ff,
	0x06df,0x06df,0x06df,0x06df,0x06df,0x06df,0x06df,0x06df,0x06df,0x06df,0x06bf,0x06bf,0x06bf,0x06bf,0x069f,0x065d,
	0x123b,0x36bb,0x637e,0x7fff,0x7fff,0x7fff,0x7fff,0x7fff,0x7fff,0x7fff,0x7fff,0x7fff,0x7fff,0x7fff,0x7fff,0x7fff,
	0x7fff,0x7fff,0x7fff,0x7fff,0x7fff,0x7fff,0x7fff,0x7fff,0x7fff,0x7fff,0x7fff,0x7fff,0x7fff,0x7fff,0x7fff,0x7fff,
	0x7fff,0x7fff,0x7fff,0x7fff,0x7fff,0x7fff,0x7fff,0x7fff,0x7fff,0x7fff,0x7fff,0x7fff,0x7fff,0x7fff,0x7fff,0x7fff,
	0x7fff,0x7fff,0x7fff,0x7fff,0x7fff,0x7fff,0x7fff,0x7fff,0x7fff,0x7fff,0x7fff,0x7fff,0x7fff,0x7fff,0x7fff,0x7fff,
	0x7fff,0x7fff,0x7fff,0x7fff,0x7fff,0x7fff,0x7fff,0x7fff,0x7fff,0x7fff,0x7fff,0x7fff,0x7fff,0x7fff,0x7fff,0x7fff,
	0x7fff,0x7fff,0x7fff,0x7fff,0x7fff,0x7fff,0x7fff,0x7fff,0x7fff,0x7fff,0x7fff,0x7fff,0x7fff,0x7bff,0x5f7d,0x2e9b,
	0x0e3b,0x025d,0x069f,0x06bf,0x06bf,0x02bf,0x06bf,0x06df,0x06df,0x06df,0x06df,0x12ff,0x273f,0x3b7f,0x479f,0x4fbf,
	0x539f,0x4f9f,0x4f9f,0x4f9f,0x4f9f,0x4f9f,0x4f9f,0x4f9f,0x4f9f,0x4f9f,0x4f9f,0x4f9f,0x4f9f,0x4f9f,0x4f9f,0x4f9f,
	0x4f9f,0x4f9f,0x4f9f,0x4f9f,0x4f9f,0x4f9f,0x4f9f,0x4f9f,0x4f9f,0x4f9f,0x4b9f,0x4b9f,0x4b9f,0x4b9f,0x4b9f,0x4b9f,
	0x4b9f,0x4b9f,0x4b9f,0x4b9f,0x4b9f,0x4b9f,0x4b9f,0x4b9f,0x4b9f,0x4b9f,0x4b9f,0x4b9f,0x4b9f,0x4b9f,0x4b9f,0x4b9f,
	0x4b9f,0x4b9f,0x4b9f,0x4b9f,0x4b9f,0x4b9f,0x4b9f,0x4b9f,0x4b9f,0x4b9f,0x4b9f,0x4b9f,0x4b9f,0x4b9f,0x4b9f,0x4b9f,
	0x4b9f,0x4b9f,0x4b9f,0x4b9f,0x4b9f,0x4b9f,0x4b9f,0x479f,0x479f,0x479f,0x479f,0x479f,0x479f,0x479f,0x479f,0x479f,
	0x479f,0x479f,0x479f,0x479f,0x479f,0x479f,0x479f,0x479f,0x479f,0x479f,0x479f,0x479f,0x479f,0x479f,0x479f,0x479f,
	0x479f,0x479f,0x479f,0x479f,0x479f,0x479f,0x479f,0x479f,0x479f,0x479f,0x479f,0x479f,0x437f,0x335f,0x1b1f,0x0aff,
	0x06ff,0x06ff,0x06ff,0x06ff,0x06df,0x06df,0x06df,0x06df,0x06df,0x06df,0x06df,0x06df,0x06bf,0x06bf,0x06bf,0x06bf,
	0x069f,0x065d,0x123a,0x369b,0x679e,0x7fff,0x7fff,0x7fff,0x7fff,0x7fff,0x7fff,0x7fff,0x7fff,0x7fff,0x7fff,0x7fff,
	0x7fff,0x7fff,0x7fff,0x7fff,0x7fff,0x7fff,0x7fff,0x7fff,0x7fff,0x7fff,0x7fff,0x7fff,0x7fff,0x7fff,0x7fff,0x7fff,
	0x7fff,0x7fff,0x7fff,0x7fff,0x7fff,0x7fff,0x7fff,0x7fff,0x7fff,0x7fff,0x7fff,0x7fff,0x7fff,0x7fff,0x7fff,0x7fff,
	0x7fff,0x7fff,0x7fff,0x7fff,0x7fff,0x7fff,0x7fff,0x7fff,0x7fff,0x7fff,0x7fff,0x7fff,0x7fff,0x7fff,0x7fff,0x7fff,
	0x7fff,0x7fff,0x7fff,0x7fff,0x7fff,0x7fff,0x7fff,0x7fff,0x7fff,0x7fff,0x7fff,0x7fff,0x7fff,0x7fff,0x7fff,0x7fff,
	0x7fff,0x7fff,0x7fff,0x7fff,0x7fff,0x7fff,0x7fff,0x7fff,0x7fff,0x7fff,0x7fff,0x7fff,0x6fbe,0x42dc,0x121a,0x023c,
	0x069f,0x06bf,0x06bf,0x06bf,0x06bf,0x06bf,0x06df,0x02df,0x06df,0x12ff,0x273f,0x437f,0x4f9f,0x4f9f,0x4f9f,0x4b9f,
	0x4b9f,0x4b9f,0x4f9f,0x4f9f,0x4f9f,0x4b9f,0x4b9f,0x4b9f,0x4b9f,0x4b9f,0x4b9f,0x4b9f,0x4b9f,0x4b9f,0x4b9f,0x4b9f,
	0x4b9f,0x4b9f,0x4b9f,0x4b9f,0x4b9f,0x4b9f,0x4b9f,0x4b9f,0x4b9f,0x4b9f,0x4b9f,0x4b9f,0x4b9f,0x4b9f,0x4b9f,0x4b9f,
	0x4b9f,0x4b9f,0x4b9f,0x4b9f,0x4b9f,0x4b9f,0x4b9f,0x4b9f,0x4b9f,0x4b9f,0x4b9f,0x4b9f,0x4b9f,0x4b9f,0x4b9f,0x4b9f,
	0x4b9f,0x4b9f,0x4b9f,0x4b9f,0x4b9f,0x4b9f,0x4b9f,0x4b9f,0x479f,0x479f,0x479f,0x479f,0x479f,0x479f,0x479f,0x479f,
	0x479f,0x479f,0x479f,0x479f,0x479f,0x479f,0x479f,0x479f,0x479f,0x479f,0x479f,0x479f,0x479f,0x479f,0x479f,0x479f,
	0x479f,0x479f,0x479f,0x479f,0x479f,0x479f,0x479f,0x479f,0x479f,0x479f,0x479f,0x479f,0x479f,0x479f,0x479f,0x479f,
	0x479f,0x479f,0x479f,0x479f,0x479f,0x479f,0x479f,0x479f,0x479f,0x479f,0x479f,0x479f,0x479f,0x479f,0x3f7f,0x275f,
	0x131f,0x0aff,0x06ff,0x06ff,0x06ff,0x06ff,0x06df,0x06df,0x06df,0x06df,0x06df,0x06df,0x06df,0x06df,0x06bf,0x06bf,
	0x06bf,0x06bf,0x069f,0x023c,0x163a,0x4afc,0x73df,0x7fff,0x7fff,0x7fff,0x7fff,0x7fff,0x7fff,0x7fff,0x7fff,0x7fff,
	0x7fff,0x7fff,0x7fff,0x7fff,0x7fff,0x7fff,0x7fff,0x7fff,0x7fff,0x7fff,0x7fff,0x7fff,0x7fff,0x7fff,0x7fff,0x7fff,
	0x7fff,0x7fff,0x7fff,0x7fff,0x7fff,0x7fff,0x7fff,0x7fff,0x7fff,0x7fff,0x7fff,0x7fff,0x7fff,0x7fff,0x7fff,0x7fff,
	0x7fff,0x7fff,0x7fff,0x7fff,0x7fff,0x7fff,0x7fff,0x7fff,0x7fff,0x7fff,0x7fff,0x7fff,0x7fff,0x7fff,0x7fff,0x7fff,
	0x7fff,0x7fff,0x7fff,0x7fff,0x7fff,0x7fff,0x7fff,0x7fff,0x7fff,0x7fff,0x7fff,0x7fff,0x7fff,0x7fff,0x7fff,0x7fff,
	0x7fff,0x7fff,0x7fff,0x7fff,0x7fff,0x7fff,0x7fff,0x7fff,0x7fff,0x7fff,0x77ff,0x4f1d,0x1e3a,0x063c,0x069f,0x06bf,
	0x06bf,0x06bf,0x02bf,0x06bf,0x06df,0x06df,0x06df,0x12ff,0x2b3f,0x437f,0x4f9f,0x4b9f,0x4b9f,0x4b9f,0x4b9f,0x4b9f,
	0x4b9f,0x4b9f,0x4b9f,0x4b9f,0x4b9f,0x4b9f,0x4b9f,0x4b9f,0x4b9f,0x4b9f,0x4b9f,0x4b9f,0x4b9f,0x4b9f,0x4b9f,0x4b9f,
	0x4b9f,0x4b9f,0x4b9f,0x4b9f,0x4b9f,0x4b9f,0x4b9f,0x4b9f,0x4b9f,0x4b9f,0x4b9f,0x479f,0x479f,0x479f,0x479f,0x479f,
	0x479f,0x479f,0x479f,0x479f,0x479f,0x479f,0x479f,0x479f,0x479f,0x479f,0x479f,0x479f,0x479f,0x479f,0x479f,0x479f,
	0x479f,0x479f,0x479f,0x479f,0x479f,0x479f,0x479f,0x479f,0x479f,0x479f,0x479f,0x479f,0x479f,0x479f,0x479f,0x479f,
	0x479f,0x479f,0x479f,0x479f,0x479f,0x479f,0x479f,0x479f,0x479f,0x479f,0x479f,0x479f,0x479f,0x479f,0x479f,0x479f,
	0x479f,0x479f,0x479f,0x479f,0x479f,0x479f,0x439f,0x439f,0x439f,0x439f,0x439f,0x439f,0x439f,0x439f,0x439f,0x439f,
	0x437f,0x437f,0x437f,0x437f,0x437f,0x437f,0x437f,0x437f,0x437f,0x437f,0x437f,0x437f,0x439f,0x439f,0x477f,0x437f,
	0x377f,0x233f,0x0eff,0x0aff,0x06ff,0x06ff,0x06ff,0x06ff,0x06df,0x06df,0x06df,0x06df,0x06df,0x06df,0x06df,0x06df,
	0x06bf,0x06bf,0x02bf,0x06bf,0x067e,0x061c,0x225a,0x573d,0x7bff,0x7fff,0x7fff,0x7fff,0x7fff,0x7fff,0x7fff,0x7fff,
	0x7fff,0x7fff,0x7fff,0x7fff,0x7fff,0x7fff,0x7fff,0x7fff,0x7fff,0x7fff,0x7fff,0x7fff,0x7fff,0x7fff,0x7fff,0x7fff,
	0x7fff,0x7fff,0x7fff,0x7fff,0x7fff,0x7fff,0x7fff,0x7fff,0x7fff,0x7fff,0x7fff,0x7fff,0x7fff,0x7fff,0x7fff,0x7fff,
	0x7fff,0x7fff,0x7fff,0x7fff,0x7fff,0x7fff,0x7fff,0x7fff,0x7fff,0x7fff,0x7fff,0x7fff,0x7fff,0x7fff,0x7fff,0x7fff,
	0x7fff,0x7fff,0x7fff,0x7fff,0x7fff,0x7fff,0x7fff,0x7fff,0x7fff,0x7fff,0x7fff,0x7fff,0x7fff,0x7fff,0x7fff,0x7fff,
	0x7fff,0x7fff,0x7fff,0x7fff,0x7fff,0x7fff,0x7fff,0x7fff,0x7fff,0x679e,0x2e7b,0x0a1b,0x067e,0x06bf,0x06bf,0x06bf,
	0x06bf,0x06df,0x06df,0x06df,0x06df,0x12ff,0x2b3f,0x3f7f,0x4b9f,0x4b9f,0x4b9f,0x4b9f,0x4b9f,0x4b9f,0x4b9f,0x4b9f,
	0x4b9f,0x4b9f,0x4b9f,0x4b9f,0x479f,0x479f,0x479f,0x479f,0x479f,0x479f,0x479f,0x479f,0x479f,0x479f,0x479f,0x479f,
	0x479f,0x479f,0x479f,0x479f,0x479f,0x479f,0x479f,0x479f,0x479f,0x479f,0x479f,0x479f,0x479f,0x479f,0x479f,0x479f,
	0x479f,0x479f,0x479f,0x479f,0x479f,0x479f,0x479f,0x479f,0x479f,0x479f,0x479f,0x479f,0x479f,0x479f,0x479f,0x479f,
	0x479f,0x479f,0x479f,0x479f,0x479f,0x479f,0x479f,0x479f,0x439f,0x439f,0x439f,0x439f,0x439f,0x439f,0x439f,0x439f,
	0x439f,0x439f,0x439f,0x439f,0x439f,0x439f,0x439f,0x439f,0x439f,0x439f,0x439f,0x439f,0x439f,0x437f,0x437f,0x437f,
	0x437f,0x437f,0x437f,0x437f,0x437f,0x437f,0x437f,0x437f,0x437f,0x437f,0x437f,0x437f,0x437f,0x437f,0x437f,0x437f,
	0x437f,0x437f,0x437f,0x437f,0x437f,0x437f,0x437f,0x437f,0x437f,0x437f,0x437f,0x437f,0x3f7f,0x3f7f,0x3f7f,0x437f,
	0x437f,0x3f7f,0x2f5f,0x171e,0x0aff,0x06ff,0x06ff,0x06ff,0x06ff,0x06df,0x06df,0x06df,0x06df,0x06df,0x06df,0x06df,
	0x06df,0x06df,0x02bf,0x06bf,0x06bf,0x06bf,0x067d,0x0a1a,0x369b,0x6bbe,0x7fff,0x7fff,0x7fff,0x7fff,0x7fff,0x7fff,
	0x7fff,0x7fff,0x7fff,0x7fff,0x7fff,0x7fff,0x7fff,0x7fff,0x7fff,0x7fff,0x7fff,0x7fff,0x7fff,0x7fff,0x7fff,0x7fff,
	0x7fff,0x7fff,0x7fff,0x7fff,0x7fff,0x7fff,0x7fff,0x7fff,0x7fff,0x7fff,0x7fff,0x7fff,0x7fff,0x7fff,0x7fff,0x7fff,
	0x7fff,0x7fff,0x7fff,0x7fff,0x7fff,0x7fff,0x7fff,0x7fff,0x7fff,0x7fff,0x7fff,0x7fff,0x7fff,0x7fff,0x7fff,0x7fff,
	0x7fff,0x7fff,0x7fff,0x7fff,0x7fff,0x7fff,0x7fff,0x7fff,0x7fff,0x7fff,0x7fff,0x7fff,0x7fff,0x7fff,0x7fff,0x7fff,
	0x7fff,0x7fff,0x7fff,0x7fff,0x7fff,0x7fff,0x7fff,0x7fff,0x5b5d,0x1a3a,0x061c,0x069f,0x06bf,0x06bf,0x06bf,0x06bf,
	0x06df,0x06df,0x06df,0x0adf,0x1f1e,0x377f,0x479f,0x479f,0x479f,0x4b9f,0x479f,0x479f,0x479f,0x479f,0x479f,0x479f,
	0x479f,0x479f,0x479f,0x479f,0x479f,0x479f,0x479f,0x479f,0x479f,0x479f,0x479f,0x479f,0x479f,0x479f,0x479f,0x479f,
	0x479f,0x479f,0x479f,0x479f,0x479f,0x479f,0x479f,0x479f,0x479f,0x479f,0x479f,0x479f,0x479f,0x479f,0x479f,0x479f,
	0x479f,0x479f,0x479f,0x439f,0x439f,0x439f,0x439f,0x439f,0x439f,0x439f,0x439f,0x439f,0x439f,0x439f,0x439f,0x439f,
	0x439f,0x439f,0x439f,0x439f,0x437f,0x437f,0x437f,0x437f,0x437f,0x437f,0x437f,0x437f,0x437f,0x437f,0x437f,0x437f,
	0x437f,0x437f,0x437f,0x437f,0x437f,0x437f,0x437f,0x437f,0x437f,0x437f,0x437f,0x437f,0x437f,0x437f,0x437f,0x437f,
	0x437f,0x437f,0x437f,0x437f,0x437f,0x437f,0x437f,0x437f,0x437f,0x437f,0x437f,0x437f,0x3f7f,0x3f7f,0x3f7f,0x3f7f,
	0x3f7f,0x3f7f,0x3f7f,0x3f7f,0x3f7f,0x3f7f,0x3f7f,0x3f7f,0x3f7f,0x3f7f,0x3f7f,0x3f7f,0x3f7f,0x3f7f,0x3f7f,0x3f7f,
	0x3f7f,0x3f7f,0x3f7f,0x335f,0x171f,0x06ff,0x06ff,0x0aff,0x06ff,0x06ff,0x06ff,0x06df,0x06df,0x06df,0x06df,0x06df,
	0x06df,0x06df,0x02df,0x06bf,0x06bf,0x06bf,0x06bf,0x069f,0x021c,0x223a,0x5f5e,0x7fff,0x7fff,0x7fff,0x7fff,0x7fff,
	0x7fff,0x7fff,0x7fff,0x7fff,0x7fff,0x7fff,0x7fff,0x7fff,0x7fff,0x7fff,0x7fff,0x7fff,0x7fff,0x7fff,0x7fff,0x7fff,
	0x7fff,0x7fff,0x7fff,0x7fff,0x7fff,0x7fff,0x7fff,0x7fff,0x7fff,0x7fff,0x7fff,0x7fff,0x7fff,0x7fff,0x7fff,0x7fff,
	0x7fff,0x7fff,0x7fff,0x7fff,0x7fff,0x7fff,0x7fff,0x7fff,0x7fff,0x7fff,0x7fff,0x7fff,0x7fff,0x7fff,0x7fff,0x7fff,
	0x7fff,0x7fff,0x7fff,0x7fff,0x7fff,0x7fff,0x7fff,0x7fff,0x7fff,0x7fff,0x7fff,0x7fff,0x7fff,0x7fff,0x7fff,0x7fff,
	0x7fff,0x7fff,0x7fff,0x7fff,0x7fff,0x7fff,0x77df,0x46fc,0x0e1a,0x065d,0x06bf,0x06bf,0x06bf,0x06bf,0x06bf,0x06df,
	0x06df,0x06df,0x0edf,0x273f,0x3f7f,0x479f,0x479f,0x479f,0x479f,0x479f,0x479f,0x479f,0x479f,0x479f,0x479f,0x479f,
	0x479f,0x479f,0x479f,0x479f,0x479f,0x479f,0x479f,0x479f,0x479f,0x479f,0x479f,0x479f,0x439f,0x439f,0x439f,0x439f,
	0x439f,0x439f,0x439f,0x439f,0x437f,0x437f,0x437f,0x437f,0x437f,0x437f,0x437f,0x437f,0x437f,0x437f,0x437f,0x437f,
	0x437f,0x437f,0x437f,0x437f,0x437f,0x437f,0x437f,0x437f,0x437f,0x437f,0x437f,0x437f,0x437f,0x437f,0x437f,0x437f,
	0x437f,0x437f,0x437f,0x437f,0x437f,0x437f,0x437f,0x437f,0x437f,0x437f,0x437f,0x437f,0x437f,0x437f,0x437f,0x437f,
	0x437f,0x437f,0x437f,0x437f,0x437f,0x437f,0x3f7f,0x3f7f,0x3f7f,0x3f7f,0x3f7f,0x3f7f,0x3f7f,0x3f7f,0x3f7f,0x3f7f,
	0x3f7f,0x3f7f,0x3f7f,0x3f7f,0x3f7f,0x3f7f,0x3f7f,0x3f7f,0x3f7f,0x3f7f,0x3f7f,0x3f7f,0x3f7f,0x3f7f,0x3f7f,0x3f7f,
	0x3f7f,0x3f7f,0x3f7f,0x3f7f,0x3f7f,0x3f7f,0x3f7f,0x3f7f,0x3f7f,0x3f7f,0x3f7f,0x3f7f,0x3f7f,0x3f7f,0x3f7f,0x3f7f,
	0x3b7f,0x3b7f,0x3b7f,0x3b7f,0x335f,0x171f,0x0aff,0x06ff,0x0aff,0x06ff,0x06ff,0x06ff,0x06ff,0x06df,0x06df,0x06df,
	0x06df,0x06df,0x06df,0x06df,0x06bf,0x06bf,0x06bf,0x06bf,0x069f,0x023d,0x121a,0x4f1c,0x7bff,0x7fff,0x7fff,0x7fff,
	0x7fff,0x7fff,0x7fff,0x7fff,0x7fff,0x7fff,0x7fff,0x7fff,0x7fff,0x7fff,0x7fff,0x7fff,0x7fff,0x7fff,0x7fff,0x7fff,
	0x7fff,0x7fff,0x7fff,0x7fff,0x7fff,0x7fff,0x7fff,0x7fff,0x7fff,0x7fff,0x7fff,0x7fff,0x7fff,0x7fff,0x7fff,0x7fff,
	0x7fff,0x7fff,0x7fff,0x7fff,0x7fff,0x7fff,0x7fff,0x7fff,0x7fff,0x7fff,0x7fff,0x7fff,0x7fff,0x7fff,0x7fff,0x7fff,
	0x7fff,0x7fff,0x7fff,0x7fff,0x7fff,0x7fff,0x7fff,0x7fff,0x7fff,0x7fff,0x7fff,0x7fff,0x7fff,0x7fff,0x7fff,0x7fff,
	0x7fff,0x7fff,0x7fff,0x7fff,0x7fff,0x73df,0x369b,0x09fa,0x067e,0x06bf,0x06bf,0x0abf,0x06bf,0x06df,0x06df,0x06df,
	0x06df,0x12ff,0x2f5f,0x437f,0x479f,0x477f,0x439f,0x439f,0x439f,0x439f,0x439f,0x439f,0x439f,0x437f,0x437f,0x437f,
	0x437f,0x437f,0x437f,0x437f,0x437f,0x437f,0x437f,0x437f,0x437f,0x437f,0x437f,0x437f,0x437f,0x437f,0x437f,0x437f,
	0x437f,0x437f,0x437f,0x437f,0x437f,0x437f,0x437f,0x437f,0x437f,0x437f,0x437f,0x437f,0x437f,0x437f,0x437f,0x437f,
	0x437f,0x437f,0x437f,0x437f,0x437f,0x437f,0x437f,0x437f,0x437f,0x3f7f,0x3f7f,0x3f7f,0x3f7f,0x3f7f,0x3f7f,0x3f7f,
	0x3f7f,0x3f7f,0x3f7f,0x3f7f,0x3f7f,0x3f7f,0x3f7f,0x3f7f,0x3f7f,0x3f7f,0x3f7f,0x3f7f,0x3f7f,0x3f7f,0x3f7f,0x3f7f,
	0x3f7f,0x3f7f,0x3f7f,0x3f7f,0x3f7f,0x3f7f,0x3f7f,0x3f7f,0x3f7f,0x3f7f,0x3f7f,0x3f7f,0x3f7f,0x3f7f,0x3f7f,0x3f7f,
	0x3f7f,0x3f7f,0x3f7f,0x3f7f,0x3f7f,0x3b7f,0x3b7f,0x3b7f,0x3b7f,0x3b7f,0x3b7f,0x3b7f,0x3b7f,0x3b7f,0x3b7f,0x3b7f,
	0x3b7f,0x3b7f,0x3b7f,0x3b7f,0x3b7f,0x3b7f,0x3b7f,0x3b7f,0x3b7f,0x3b7f,0x3b7f,0x3b7f,0x3b7f,0x3b7f,0x3b7f,0x3b7f,
	0x3b7f,0x3b7f,0x3b7f,0x3b7f,0x3b7f,0x2f5f,0x131f,0x0aff,0x06ff,0x06ff,0x06ff,0x06ff,0x06ff,0x06ff,0x06df,0x06df,
	0x06df,0x06df,0x06df,0x06df,0x06df,0x06bf,0x06bf,0x06bf,0x06bf,0x06bf,0x067e,0x09fa,0x3ebc,0x77df,0x7fff,0x7fff,
	0x7fff,0x7fff,0x7fff,0x7fff,0x7fff,0x7fff,0x7fff,0x7fff,0x7fff,0x7fff,0x7fff,0x7fff,0x7fff,0x7fff,0x7fff,0x7fff,
	0x7fff,0x7fff,0x7fff,0x7fff,0x7fff,0x7fff,0x7fff,0x7fff,0x7fff,0x7fff,0x7fff,0x7fff,0x7fff,0x7fff,0x7fff,0x7fff,
	0x7fff,0x7fff,0x7fff,0x7fff,0x7fff,0x7fff,0x7fff,0x7fff,0x7fff,0x7fff,0x7fff,0x7fff,0x7fff,0x7fff,0x7fff,0x7fff,
	0x7fff,0x7fff,0x7fff,0x7fff,0x7fff,0x7fff,0x7fff,0x7fff,0x7fff,0x7fff,0x7fff,0x7fff,0x7fff,0x7fff,0x7fff,0x7fff,
	0x7fff,0x7fff,0x7fff,0x7fff,0x77df,0x369b,0x05da,0x067e,0x06bf,0x02bf,0x06bf,0x06bf,0x06df,0x06df,0x06df,0x06df,
	0x0eff,0x2f5f,0x3f9f,0x437f,0x437f,0x437f,0x437f,0x437f,0x437f,0x437f,0x437f,0x437f,0x437f,0x437f,0x437f,0x437f,
	0x437f,0x437f,0x437f,0x437f,0x437f,0x437f,0x437f,0x437f,0x437f,0x437f,0x437f,0x437f,0x437f,0x437f,0x437f,0x437f,
	0x437f,0x437f,0x437f,0x3f7f,0x3f7f,0x3f7f,0x3f7f,0x3f7f,0x3f7f,0x3f7f,0x3f7f,0x3f7f,0x3f7f,0x3f7f,0x3f7f,0x3f7f,
	0x3f7f,0x3f7f,0x3f7f,0x3f7f,0x3f7f,0x3f7f,0x3f7f,0x3f7f,0x3f7f,0x3f7f,0x3f7f,0x3f7f,0x3f7f,0x3f7f,0x3f7f,0x3f7f,
	0x3f7f,0x3f7f,0x3f7f,0x3f7f,0x3f7f,0x3f7f,0x3f7f,0x3f7f,0x3f7f,0x3f7f,0x3f7f,0x3f7f,0x3f7f,0x3f7f,0x3f7f,0x3f7f,
	0x3b7f,0x3b7f,0x3b7f,0x3b7f,0x3b7f,0x3b7f,0x3b7f,0x3b7f,0x3b7f,0x3b7f,0x3b7f,0x3b7f,0x3b7f,0x3b7f,0x3b7f,0x3b7f,
	0x3b7f,0x3b7f,0x3b7f,0x3b7f,0x3b7f,0x3b7f,0x3b7f,0x3b7f,0x3b7f,0x3b7f,0x3b7f,0x3b7f,0x3b7f,0x3b7f,0x3b7f,0x3b7f,
	0x3b7f,0x3b7f,0x3b7f,0x3b7f,0x3b7f,0x3b7f,0x3b7f,0x3b7f,0x3b7f,0x3b7f,0x3b7f,0x3b7f,0x3b7f,0x3b7f,0x3b7f,0x377f,
	0x377f,0x377f,0x377f,0x377f,0x377f,0x337f,0x233f,0x0aff,0x06ff,0x0aff,0x06ff,0x06ff,0x06ff,0x06ff,0x06ff,0x06ff,
	0x06df,0x06df,0x06df,0x06df,0x06df,0x06df,0x06bf,0x06bf,0x06bf,0x06bf,0x06bf,0x067d,0x09da,0x3edc,0x77ff,0x7fff,
	0x7fff,0x7fff,0x7fff,0x7fff,0x7fff,0x7fff,0x7fff,0x7fff,0x7fff,0x7fff,0x7fff,0x7fff,0x7fff,0x7fff,0x7fff,0x7fff,
	0x7fff,0x7fff,0x7fff,0x7fff,0x7fff,0x7fff,0x7fff,0x7fff,0x7fff,0x7fff,0x7fff,0x7fff,0x7fff,0x7fff,0x7fff,0x7fff,
	0x7fff,0x7fff,0x7fff,0x7fff,0x7fff,0x7fff,0x7fff,0x7fff,0x7fff,0x7fff,0x7fff,0x7fff,0x7fff,0x7fff,0x7fff,0x7fff,
	0x7fff,0x7fff,0x7fff,0x7fff,0x7fff,0x7fff,0x7fff,0x7fff,0x7fff,0x7fff,0x7fff,0x7fff,0x7fff,0x7fff,0x7fff,0x7fff,
	0x7fff,0x7fff,0x7fff,0x77df,0x3abb,0x05fa,0x067e,0x06bf,0x06bf,0x06bf,0x06bf,0x06df,0x06df,0x06df,0x06df,0x0eff,
	0x273f,0x3f7f,0x437f,0x437f,0x437f,0x437f,0x3f7f,0x3f7f,0x3f7f,0x3f7f,0x3f7f,0x3f7f,0x3f7f,0x3f7f,0x3f7f,0x3f7f,
	0x3f7f,0x3f7f,0x3f7f,0x3f7f,0x3f7f,0x3f7f,0x3f7f,0x3f7f,0x3f7f,0x3f7f,0x3f7f,0x3f7f,0x3f7f,0x3f7f,0x3f7f,0x3f7f,
	0x3f7f,0x3f7f,0x3f7f,0x3f7f,0x3f7f,0x3f7f,0x3f7f,0x3f7f,0x3f7f,0x3f7f,0x3f7f,0x3f7f,0x3f7f,0x3f7f,0x3f7f,0x3f7f,
	0x3f7f,0x3f7f,0x3f7f,0x3f7f,0x3f7f,0x3f7f,0x3f7f,0x3f7f,0x3f7f,0x3f7f,0x3b7f,0x3b7f,0x3b7f,0x3b7f,0x3f7f,0x3b7f,
	0x3b7f,0x3b7f,0x3b7f,0x3b7f,0x3b7f,0x3b7f,0x3b7f,0x3b7f,0x3b7f,0x3b7f,0x3b7f,0x3b7f,0x3b7f,0x3b7f,0x3b7f,0x3b7f,
	0x3b7f,0x3b7f,0x3b7f,0x3b7f,0x3b7f,0x3b7f,0x3b7f,0x3b7f,0x3b7f,0x3b7f,0x3b7f,0x3b7f,0x3b7f,0x3b7f,0x3b7f,0x3b7f,
	0x3b7f,0x3b7f,0x3b7f,0x3b7f,0x3b7f,0x3b7f,0x3b7f,0x377f,0x377f,0x377f,0x3b7f,0x377f,0x377f,0x377f,0x377f,0x377f,
	0x377f,0x377f,0x377f,0x377f,0x377f,0x377f,0x377f,0x377f,0x377f,0x377f,0x377f,0x377f,0x377f,0x377f,0x375f,0x375f,
	0x375f,0x375f,0x377f,0x375f,0x375f,0x377f,0x2b5f,0x131f,0x0aff,0x0aff,0x0aff,0x06ff,0x06ff,0x06ff,0x06ff,0x06ff,
	0x06df,0x06df,0x06df,0x06df,0x06df,0x06df,0x06df,0x06df,0x06bf,0x06bf,0x06bf,0x06bf,0x067e,0x09fa,0x42dc,0x7bff,
	0x7fff,0x7fff,0x7fff,0x7fff,0x7fff,0x7fff,0x7fff,0x7fff,0x7fff,0x7fff,0x7fff,0x7fff,0x7fff,0x7fff,0x7fff,0x7fff,
	0x7fff,0x7fff,0x7fff,0x7fff,0x7fff,0x7fff,0x7fff,0x7fff,0x7fff,0x7fff,0x7fff,0x7fff,0x7fff,0x7fff,0x7fff,0x7fff,
	0x7fff,0x7fff,0x7fff,0x7fff,0x7fff,0x7fff,0x7fff,0x7fff,0x7fff,0x7fff,0x7fff,0x7fff,0x7fff,0x7fff,0x7fff,0x7fff,
	0x7fff,0x7fff,0x7fff,0x7fff,0x7fff,0x7fff,0x7fff,0x7fff,0x7fff,0x7fff,0x7fff,0x7fff,0x7fff,0x7fff,0x7fff,0x7fff,
	0x7fff,0x7fff,0x7bff,0x42db,0x05da,0x067e,0x06bf,0x06bf,0x06bf,0x06bf,0x06df,0x06df,0x06df,0x06df,0x0adf,0x231f,
	0x3b7f,0x3f7f,0x3f7f,0x3f7f,0x437f,0x3f7f,0x3f7f,0x3f7f,0x3f7f,0x3f7f,0x3f7f,0x3f7f,0x3f7f,0x3f7f,0x3f7f,0x3f7f,
	0x3f7f,0x3f7f,0x3f7f,0x3f7f,0x3f7f,0x3f7f,0x3f7f,0x3f7f,0x3f7f,0x3f7f,0x3f7f,0x3f7f,0x3b7f,0x3b7f,0x3b7f,0x3b7f,
	0x3b7f,0x3b7f,0x3b7f,0x3b7f,0x3b7f,0x3b7f,0x3b7f,0x3b7f,0x3b7f,0x3b7f,0x3b7f,0x3b7f,0x3b7f,0x3b7f,0x3b7f,0x3b7f,
	0x3b7f,0x3b7f,0x3b7f,0x3b7f,0x3b7f,0x3b7f,0x3b7f,0x3b7f,0x3b5e,0x21f4,0x1591,0x2677,0x373d,0x3b7f,0x3b7f,0x3b7f,
	0x3b7f,0x3b7f,0x3b7f,0x3b7f,0x3b7f,0x3b7f,0x3b7f,0x3b7f,0x3b7f,0x3b7f,0x3b7f,0x3b7f,0x3b7f,0x3b7f,0x3b7f,0x377f,
	0x377f,0x377f,0x377f,0x377f,0x377f,0x377f,0x377f,0x377f,0x377f,0x377f,0x377f,0x377f,0x377f,0x377f,0x377f,0x377f,
	0x377f,0x377f,0x377f,0x377f,0x377f,0x377f,0x377f,0x375f,0x375f,0x375f,0x375f,0x375f,0x375f,0x375f,0x375f,0x375f,
	0x375f,0x375f,0x375f,0x377f,0x377f,0x377f,0x377f,0x377f,0x377f,0x377f,0x375f,0x335f,0x335f,0x335f,0x335f,0x335f,
	0x335f,0x335f,0x335f,0x335f,0x335f,0x335f,0x2f5f,0x171f,0x0aff,0x0aff,0x0aff,0x0aff,0x0aff,0x06ff,0x06ff,0x06ff,
	0x06ff,0x06df,0x06df,0x06df,0x06df,0x06df,0x06df,0x06df,0x06bf,0x06bf,0x06bf,0x06bf,0x06bf,0x065d,0x09d9,0x46fc,
	0x7bff,0x7fff,0x7fff,0x7fff,0x7fff,0x7fff,0x7fff,0x7fff,0x7fff,0x7fff,0x7fff,0x7fff,0x7fff,0x7fff,0x7fff,0x7fff,
	0x7fff,0x7fff,0x7fff,0x7fff,0x7fff,0x7fff,0x7fff,0x7fff,0x7fff,0x7fff,0x7fff,0x7fff,0x7fff,0x7fff,0x7fff,0x7fff,
	0x7fff,0x7fff,0x7fff,0x7fff,0x7fff,0x7fff,0x7fff,0x7fff,0x7fff,0x7fff,0x7fff,0x7fff,0x7fff,0x7fff,0x7fff,0x7fff,
	0x7fff,0x7fff,0x7fff,0x7fff,0x7fff,0x7fff,0x7fff,0x7fff,0x7fff,0x7fff,0x7fff,0x7fff,0x7fff,0x7fff,0x7fff,0x7fff,
	0x7fff,0x7fff,0x5b5d,0x0df9,0x065d,0x06bf,0x06bf,0x06bf,0x06bf,0x06df,0x06df,0x06df,0x06df,0x06df,0x12ff,0x335f,
	0x3b7f,0x3b7f,0x3b7f,0x3f7f,0x3f7f,0x3b7f,0x3f7f,0x3f7f,0x3f7f,0x3f7f,0x3f7f,0x3f7f,0x3f7f,0x3b7f,0x3b7f,0x3b7f,
	0x3b7f,0x3b7f,0x3b7f,0x3b7f,0x3b7f,0x3b7f,0x3b7f,0x3b7f,0x3b7f,0x3b7f,0x3b7f,0x3b7f,0x3b7f,0x3b7f,0x3b7f,0x3b7f,
	0x3b7f,0x3b7f,0x3b7f,0x3b7f,0x3b7f,0x3b7f,0x3b7f,0x3b7f,0x3b7f,0x3b7f,0x3b7f,0x377f,0x377f,0x377f,0x377f,0x377f,
	0x3b7f,0x375f,0x331c,0x371d,0x375f,0x3b7f,0x3b5f,0x377f,0x377f,0x2efa,0x1df3,0x1570,0x1990,0x19d2,0x1e14,0x2657,
	0x2677,0x2ab9,0x32fb,0x32fc,0x32fc,0x2efc,0x2efc,0x2efc,0x2f1d,0x2f1d,0x331d,0x331d,0x333d,0x333d,0x333d,0x2f1d,
	0x2f1d,0x2f1d,0x2f1c,0x2f1c,0x2efc,0x2efc,0x2efc,0x2afc,0x2efc,0x32fc,0x32fc,0x2efc,0x2edb,0x2aba,0x26b9,0x2698,
	0x2277,0x2257,0x2256,0x2656,0x2656,0x2235,0x2214,0x2213,0x21d1,0x21b1,0x1d90,0x196e,0x21d1,0x25f3,0x21f3,0x25f3,
	0x21f3,0x21f3,0x1df3,0x2214,0x2236,0x2656,0x2257,0x2278,0x2adb,0x2afc,0x2f1d,0x335e,0x335f,0x337f,0x377f,0x335f,
	0x2f5f,0x335f,0x335f,0x335f,0x335f,0x335f,0x2b5f,0x131f,0x0aff,0x0aff,0x0aff,0x0aff,0x0aff,0x0aff,0x06ff,0x06ff,
	0x06ff,0x06ff,0x06ff,0x06df,0x06df,0x06df,0x06df,0x06df,0x06df,0x06bf,0x06bf,0x06bf,0x06bf,0x06bf,0x063c,0x1619,
	0x5f7e,0x7fff,0x7fff,0x7fff,0x7fff,0x7fff,0x7fff,0x7fff,0x7fff,0x7fff,0x7fff,0x7fff,0x7fff,0x7fff,0x7fff,0x7fff,
	0x7fff,0x7fff,0x7fff,0x7fff,0x7fff,0x7fff,0x7fff,0x7fff,0x7fff,0x7fff,0x7fff,0x7fff,0x7fff,0x7fff,0x7fff,0x7fff,
	0x7fff,0x7fff,0x7fff,0x7fff,0x7fff,0x7fff,0x7fff,0x7fff,0x7fff,0x7fff,0x7fff,0x7fff,0x7fff,0x7fff,0x7fff,0x7fff,
	0x7fff,0x7fff,0x7fff,0x7fff,0x7fff,0x7fff,0x7fff,0x7fff,0x7fff,0x7fff,0x7fff,0x7fff,0x7fff,0x7fff,0x7fff,0x7fff,
	0x7fff,0x6fbf,0x2239,0x021b,0x069f,0x06bf,0x06bf,0x06bf,0x06bf,0x06df,0x06df,0x06df,0x06df,0x06df,0x1b1f,0x377f,
	0x3b7f,0x3b7f,0x3b7f,0x3b7f,0x3b7f,0x3b7f,0x3b7f,0x3b7f,0x3b7f,0x3b7f,0x3b7f,0x3b7f,0x3b7f,0x3b7f,0x3b7f,0x3b7f,
	0x3b7f,0x3b7f,0x3b7f,0x3b7f,0x3b7f,0x3b7f,0x3b7f,0x3b7f,0x3b7f,0x3b7f,0x3b7f,0x3b7f,0x377f,0x377f,0x377f,0x377f,
	0x377f,0x377f,0x377f,0x377f,0x377f,0x377f,0x377f,0x377f,0x377f,0x377f,0x377f,0x377f,0x377f,0x377f,0x377f,0x377f,
	0x377f,0x375e,0x1df3,0x08eb,0x2256,0x375f,0x375f,0x375f,0x377f,0x377f,0x377f,0x375e,0x331d,0x2edb,0x2698,0x2678,
	0x2256,0x1a14,0x11b3,0x0951,0x0d2f,0x25af,0x35f0,0x31f1,0x2df1,0x2df1,0x2df1,0x2df1,0x2df2,0x2df2,0x2e13,0x2df2,
	0x2e13,0x2e13,0x3212,0x214c,0x18c8,0x2d2b,0x356c,0x398c,0x358c,0x10c8,0x0486,0x0886,0x0485,0x0465,0x0044,0x0465,
	0x39f1,0x56f8,0x5af8,0x5af8,0x5af8,0x5b19,0x633a,0x5ef7,0x520d,0x6e4b,0x61c9,0x40e4,0x3927,0x62f6,0x739c,0x739d,
	0x739d,0x6f7c,0x675a,0x5f19,0x5af7,0x5ad7,0x56b6,0x4653,0x3a11,0x3611,0x29cf,0x25d0,0x1dd2,0x1e14,0x1e57,0x26db,
	0x2f1d,0x335f,0x335f,0x2f5f,0x2f5f,0x2b3f,0x1b1f,0x0b1f,0x0aff,0x0aff,0x0aff,0x0aff,0x0aff,0x0aff,0x0aff,0x06ff,
	0x06ff,0x06ff,0x06ff,0x06ff,0x06df,0x06df,0x06df,0x06df,0x06df,0x06df,0x06bf,0x06bf,0x02bf,0x06bf,0x069f,0x05fb,
	0x2a7a,0x73df,0x7fff,0x7fff,0x7fff,0x7fff,0x7fff,0x7fff,0x7fff,0x7fff,0x7fff,0x7fff,0x7fff,0x7fff,0x7fff,0x7fff,
	0x7fff,0x7fff,0x7fff,0x7fff,0x7fff,0x7fff,0x7fff,0x7fff,0x7fff,0x7fff,0x7fff,0x7fff,0x7fff,0x7fff,0x7fff,0x7fff,
	0x7fff,0x7fff,0x7fff,0x7fff,0x7fff,0x7fff,0x7fff,0x7fff,0x7fff,0x7fff,0x7fff,0x7fff,0x7fff,0x7fff,0x7fff,0x7fff,
	0x7fff,0x7fff,0x7fff,0x7fff,0x7fff,0x7fff,0x7fff,0x7fff,0x7fff,0x7fff,0x7fff,0x7fff,0x7fff,0x7fff,0x7fff,0x7fff,
	0x7bff,0x46fb,0x05d9,0x067f,0x06bf,0x06bf,0x06bf,0x06bf,0x06df,0x06df,0x06df,0x06df,0x06df,0x0adf,0x1f3f,0x377f,
	0x377f,0x377f,0x377f,0x3b7f,0x3b7f,0x377f,0x377f,0x377f,0x377f,0x377f,0x377f,0x377f,0x377f,0x377f,0x375f,0x375f,
	0x377f,0x375f,0x377f,0x377f,0x377f,0x377f,0x377f,0x377f,0x377f,0x375f,0x375f,0x375f,0x377f,0x377f,0x377f,0x377f,
	0x377f,0x377f,0x377f,0x375f,0x375f,0x375f,0x375f,0x377f,0x375f,0x375f,0x375f,0x377f,0x377f,0x377f,0x377f,0x377f,
	0x333e,0x2edb,0x19b1,0x00a9,0x1e14,0x335e,0x375f,0x375f,0x335f,0x335f,0x335f,0x335f,0x335f,0x335f,0x377f,0x377f,
	0x2f5f,0x1ade,0x0a1b,0x11b5,0x4a95,0x7776,0x7f96,0x7f98,0x7b98,0x7b99,0x7bba,0x7bba,0x7bbb,0x7bbc,0x7bdd,0x7bde,
	0x7bde,0x7bff,0x6f59,0x38c5,0x50c5,0x7169,0x7e2b,0x7e8c,0x6a4a,0x1461,0x0000,0x0000,0x0000,0x0000,0x0000,0x0000,
	0x18c6,0x3def,0x4e73,0x5ef7,0x5ef7,0x5295,0x4210,0x1d08,0x2cc4,0x7a6c,0x7e4b,0x7189,0x44a3,0x3d48,0x77bc,0x7fff,
	0x7fff,0x7fff,0x7fff,0x7fff,0x7fff,0x7ffe,0x7ffd,0x7fdc,0x7fda,0x7fb9,0x7b77,0x7356,0x66f3,0x4e72,0x1d6e,0x090d,
	0x0d50,0x1191,0x1e15,0x26db,0x1f3f,0x171f,0x0eff,0x0aff,0x0aff,0x0aff,0x0aff,0x0aff,0x0aff,0x0aff,0x0aff,0x0aff,
	0x06ff,0x06ff,0x06ff,0x06ff,0x06df,0x06df,0x06df,0x06df,0x06df,0x06df,0x06df,0x06bf,0x06bf,0x06bf,0x06bf,0x067e,
	0x05d9,0x4b1c,0x7fff,0x7fff,0x7fff,0x7fff,0x7fff,0x7fff,0x7fff,0x7fff,0x7fff,0x7fff,0x7fff,0x7fff,0x7fff,0x7fff,
	0x7fff,0x7fff,0x7fff,0x7fff,0x7fff,0x7fff,0x7fff,0x7fff,0x7fff,0x7fff,0x7fff,0x7fff,0x7fff,0x7fff,0x7fff,0x7fff,
	0x7fff,0x7fff,0x7fff,0x7fff,0x7fff,0x7fff,0x7fff,0x7fff,0x7fff,0x7fff,0x7fff,0x7fff,0x7fff,0x7fff,0x7fff,0x7fff,
	0x7fff,0x7fff,0x7fff,0x7fff,0x7fff,0x7fff,0x7fff,0x7fff,0x7fff,0x7fff,0x7fff,0x7fff,0x7fff,0x7fff,0x7fff,0x7fff,
	0x6fbf,0x1a19,0x021c,0x069f,0x06bf,0x06bf,0x06bf,0x06bf,0x06df,0x06df,0x06df,0x06df,0x06df,0x0adf,0x1f3f,0x377f,
	0x377f,0x377f,0x377f,0x375f,0x375f,0x375f,0x377f,0x377f,0x375f,0x375f,0x375f,0x375f,0x375f,0x375f,0x375f,0x375f,
	0x375f,0x375f,0x375f,0x375f,0x377f,0x377f,0x377f,0x377f,0x377f,0x377f,0x377f,0x377f,0x377f,0x377f,0x377f,0x337f,
	0x335f,0x335f,0x335f,0x335f,0x335f,0x335f,0x335f,0x335e,0x333e,0x2f3e,0x2f1e,0x2afb,0x2aba,0x2a99,0x2256,0x1e15,
	0x15b2,0x0d4e,0x1190,0x2278,0x2f3e,0x2f5f,0x2f5f,0x2f5f,0x2f5f,0x2f5f,0x2f5f,0x2f5f,0x2f5f,0x2f5f,0x2f5f,0x2f7f,
	0x1efe,0x063b,0x0596,0x4674,0x7b75,0x7f96,0x7fb6,0x7fb7,0x7fb8,0x7fb9,0x7fda,0x7fdb,0x7fdd,0x7ffe,0x7ffe,0x7fff,
	0x7fff,0x7fff,0x6f59,0x34a3,0x54a5,0x7129,0x79ca,0x7e6b,0x7a8c,0x49a8,0x2d49,0x3def,0x39ce,0x2108,0x0421,0x0000,
	0x0000,0x0000,0x0000,0x0001,0x0401,0x0000,0x0420,0x1882,0x55a8,0x7e6c,0x79eb,0x6d49,0x4883,0x3906,0x739b,0x7fff,
	0x7fff,0x7fff,0x7fff,0x7fff,0x7ffe,0x7ffd,0x7fdc,0x7fdb,0x7fba,0x7fb9,0x7fb8,0x7fb7,0x7fb6,0x7f95,0x6315,0x19b3,
	0x05b7,0x09b6,0x0572,0x1259,0x131f,0x0f1f,0x0eff,0x12ff,0x0f1f,0x0aff,0x0aff,0x0aff,0x0aff,0x0aff,0x0aff,0x0aff,
	0x0aff,0x06ff,0x06ff,0x06ff,0x06ff,0x06df,0x06df,0x06df,0x06df,0x06df,0x06df,0x06bf,0x06bf,0x06bf,0x06bf,0x06bf,
	0x01fb,0x2a5a,0x73df,0x7fff,0x7bdf,0x7bdf,0x77df,0x77df,0x73df,0x73bf,0x73bf,0x73bf,0x77df,0x77df,0x77df,0x7bdf,
	0x7fff,0x7fff,0x7fff,0x7fff,0x7fff,0x7fff,0x7fff,0x7fff,0x7fff,0x7fff,0x7fff,0x7fff,0x7fff,0x7fff,0x7fff,0x7fff,
	0x7fff,0x7fff,0x7fff,0x7fff,0x7fff,0x7fff,0x7fff,0x7fff,0x7fff,0x7fff,0x7fff,0x7fff,0x7fff,0x7fff,0x7fff,0x7fff,
	0x7fff,0x7fff,0x7fff,0x7fff,0x7fff,0x7fff,0x7fff,0x7fff,0x7fff,0x7fff,0x7fff,0x7fff,0x7fff,0x7fff,0x7fff,0x7fff,
	0x4f1c,0x09f9,0x067e,0x06bf,0x06bf,0x06bf,0x06bf,0x06df,0x06df,0x06df,0x06df,0x06df,0x06df,0x06df,0x171f,0x335f,
	0x335f,0x375f,0x375f,0x375f,0x335f,0x335f,0x335f,0x335f,0x337f,0x337f,0x377f,0x377f,0x377f,0x337f,0x335f,0x335f,
	0x2f3e,0x2f3e,0x2f3e,0x2f3e,0x2f1d,0x2afb,0x26ba,0x26b9,0x26b9,0x2ab9,0x2ab9,0x2698,0x2257,0x2256,0x1e36,0x1e15,
	0x1e14,0x2214,0x2214,0x2214,0x21f3,0x1db1,0x1dd0,0x21d1,0x29d0,0x29d0,0x2dcf,0x2dae,0x154e,0x0530,0x09d5,0x1e99,
	0x22db,0x271d,0x2b5f,0x2b7f,0x275f,0x275f,0x2b5f,0x2b5f,0x2b7f,0x2b7f,0x2b7f,0x2b7f,0x2b7f,0x2b7f,0x2f7f,0x2b7f,
	0x12de,0x05fa,0x0d73,0x6313,0x7f95,0x7f95,0x7f96,0x7fb7,0x7fb8,0x7fb9,0x7fda,0x7fdb,0x7fdc,0x7ffd,0x7ffe,0x7fff,
	0x7fff,0x7fff,0x7fff,0x5a93,0x40e6,0x54a5,0x6907,0x75aa,0x7a2b,0x7ab0,0x7b99,0x7fdd,0x7fdd,0x7357,0x3547,0x20a3,
	0x20c3,0x20a3,0x20a3,0x24c3,0x3525,0x4987,0x6209,0x724b,0x7a2b,0x75a9,0x6107,0x48c5,0x4148,0x6b16,0x7fff,0x7fff,
	0x7fff,0x7fff,0x7fff,0x7fff,0x7ffe,0x7ffd,0x7fdc,0x7fdb,0x7fba,0x7fb9,0x7fb8,0x7f97,0x7f96,0x7f95,0x7f74,0x4274,
	0x0595,0x063d,0x067e,0x0edf,0x131f,0x0f1f,0x0f1f,0x0eff,0x0eff,0x0eff,0x0aff,0x0aff,0x0aff,0x0aff,0x0aff,0x0aff,
	0x0aff,0x06ff,0x06ff,0x06ff,0x06ff,0x06df,0x06df,0x06df,0x06df,0x06df,0x06df,0x06bf,0x06bf,0x069e,0x067e,0x067e,
	0x021c,0x09fa,0x2abd,0x2ebc,0x227b,0x1e9c,0x1e9d,0x1e9d,0x1a9d,0x1a9d,0x1a9d,0x1a9d,0x1e9d,0x1ebd,0x1e9c,0x227b,
	0x32dc,0x3efc,0x4b1c,0x5b5d,0x6b9e,0x77df,0x7fff,0x7fff,0x7fff,0x7fff,0x7fff,0x7fff,0x7fff,0x7fff,0x7fff,0x7fff,
	0x7fff,0x7fff,0x7fff,0x7fff,0x7fff,0x7fff,0x7fff,0x7fff,0x7fff,0x7fff,0x7fff,0x7fff,0x7fff,0x7fff,0x7fff,0x7fff,
	0x7fff,0x7fff,0x7fff,0x7fff,0x7fff,0x7fff,0x7fff,0x7fff,0x7fff,0x7fff,0x7fff,0x7fff,0x7fff,0x7fff,0x7fff,0x7fff,
	0x2a39,0x05da,0x069f,0x06bf,0x06bf,0x06bf,0x06df,0x06df,0x06df,0x06df,0x06df,0x06df,0x06df,0x06df,0x0eff,0x275f,
	0x2f5f,0x335f,0x335f,0x337f,0x337f,0x335f,0x335f,0x2f1d,0x2adb,0x2699,0x2678,0x2257,0x19f3,0x19d2,0x1df3,0x21f3,
	0x1dd1,0x192c,0x210b,0x2d6d,0x318c,0x254a,0x0486,0x0044,0x0044,0x0044,0x0044,0x0044,0x0043,0x256c,0x5af8,0x633a,
	0x675b,0x675b,0x675b,0x6759,0x6270,0x4925,0x30e3,0x66d3,0x7b76,0x7b75,0x7b73,0x7b73,0x62f4,0x1db4,0x05f9,0x12be,
	0x233f,0x275f,0x275f,0x275f,0x2b5f,0x2b5f,0x2b5f,0x2b7f,0x2b7f,0x2f7f,0x2f7f,0x2f7f,0x2f7f,0x2f7f,0x2f7f,0x2f7f,
	0x16de,0x061b,0x0974,0x52b4,0x7f74,0x7f94,0x7f95,0x7f96,0x7fb7,0x7fb8,0x7fb9,0x7fda,0x7fdb,0x7fdc,0x7ffd,0x7ffe,
	0x7fff,0x7fff,0x7fff,0x7fff,0x737a,0x5e72,0x518a,0x4d07,0x54e6,0x6147,0x69a9,0x762c,0x7a4d,0x7a6c,0x7a6b,0x7a6b,
	0x7a6b,0x7a6b,0x7a6b,0x7a6b,0x7a4b,0x760a,0x6da8,0x6147,0x5106,0x4d48,0x51cd,0x62d5,0x7bbd,0x7fff,0x7fff,0x7fff,
	0x7fff,0x7fff,0x7fff,0x7ffe,0x7fdd,0x7fdc,0x7fdb,0x7fda,0x7fb9,0x7fb8,0x7fb7,0x7f96,0x7f95,0x7f74,0x7f74,0x4274,
	0x0595,0x063c,0x067d,0x0edf,0x0f1f,0x0f1f,0x0eff,0x0aff,0x0aff,0x0aff,0x0aff,0x0aff,0x06ff,0x06ff,0x06ff,0x06ff,
	0x06ff,0x06ff,0x06ff,0x06ff,0x06ff,0x06df,0x06df,0x06df,0x06bf,0x069e,0x065c,0x063c,0x063c,0x063c,0x065d,0x067e,
	0x069e,0x069e,0x06bf,0x06bf,0x06bf,0x06bf,0x02bf,0x02df,0x06df,0x06df,0x06df,0x06df,0x06df,0x06df,0x02df,0x02df,
	0x06bf,0x02be,0x069e,0x0a9d,0x127c,0x229b,0x3adb,0x573d,0x77df,0x7fff,0x7fff,0x7fff,0x7fff,0x7fff,0x7fff,0x7fff,
	0x7fff,0x7fff,0x7fff,0x7fff,0x7fff,0x7fff,0x7fff,0x7fff,0x7fff,0x7fff,0x7fff,0x7fff,0x7fff,0x7fff,0x7fff,0x7fff,
	0x7fff,0x7fff,0x7fff,0x7fff,0x7fff,0x7fff,0x7fff,0x7fff,0x7fff,0x7fff,0x7fff,0x7fff,0x7fff,0x7fff,0x7fff,0x7fff,
	0x11f9,0x021b,0x06bf,0x06bf,0x0abf,0x06bf,0x06df,0x06df,0x06df,0x06df,0x02df,0x06df,0x06ff,0x06ff,0x06ff,0x1b1f,
	0x2b3e,0x2afc,0x269a,0x2278,0x1e14,0x21f3,0x21d2,0x25d1,0x29d1,0x29b0,0x3a12,0x4675,0x4a95,0x4eb6,0x5f19,0x6b7b,
	0x6b39,0x3507,0x44c3,0x71ca,0x7e6b,0x6a4b,0x24e4,0x1ce7,0x1ce7,0x0822,0x0000,0x0000,0x0000,0x1084,0x3def,0x56b6,
	0x5ab6,0x5ad6,0x6716,0x7b34,0x7e8e,0x65a7,0x34a1,0x6ad1,0x7fb7,0x7f95,0x7f94,0x7f73,0x7b73,0x4274,0x0595,0x0a5c,
	0x12de,0x275f,0x275f,0x2b5f,0x2b5f,0x2b5f,0x2b7f,0x2b7f,0x2b7f,0x2f7f,0x2f7f,0x2f7f,0x2f7f,0x2f7f,0x2f7f,0x337f,
	0x231e,0x0a7d,0x05d8,0x1dd4,0x62f4,0x7f73,0x7f94,0x7f96,0x7f96,0x7fb7,0x7fb8,0x7fb9,0x7fda,0x7fdb,0x7fdc,0x7fdc,
	0x7ffd,0x7ffe,0x7fff,0x7fff,0x7fff,0x7fff,0x7ffe,0x6f59,0x5e93,0x5a30,0x51ab,0x59ab,0x59aa,0x5568,0x5567,0x5568,
	0x5968,0x5568,0x5568,0x5589,0x5dcb,0x55cc,0x51cc,0x5a50,0x62d5,0x77bc,0x7fff,0x7fff,0x7fff,0x7fff,0x7fff,0x7fff,
	0x7fff,0x7ffe,0x7ffe,0x7fdd,0x7fdc,0x7fdb,0x7fda,0x7fb9,0x7fb8,0x7fb7,0x7f96,0x7f95,0x7f94,0x7f74,0x5ef4,0x1db3,
	0x05d9,0x067d,0x069e,0x0adf,0x0adf,0x06df,0x06df,0x06df,0x06df,0x06df,0x06df,0x06df,0x06df,0x06df,0x06df,0x06df,
	0x06df,0x06df,0x06df,0x06df,0x06df,0x06df,0x069e,0x065d,0x063c,0x063b,0x025d,0x069e,0x06bf,0x06bf,0x06bf,0x06df,
	0x06df,0x06df,0x06df,0x06df,0x06df,0x06df,0x06df,0x06df,0x06df,0x06ff,0x06ff,0x06ff,0x06ff,0x06ff,0x06ff,0x06ff,
	0x06ff,0x06ff,0x06ff,0x06ff,0x06ff,0x06df,0x069d,0x0a5b,0x269b,0x533d,0x73df,0x7fff,0x7fff,0x7fff,0x7fff,0x7fff,
	0x7fff,0x7fff,0x7fff,0x77df,0x73bf,0x73be,0x6fbf,0x6b9e,0x637e,0x5f5d,0x5b5d,0x5b5d,0x575d,0x575d,0x575e,0x575d,
	0x5b5d,0x5b5d,0x5f7d,0x6b9e,0x73be,0x77df,0x7fff,0x7fff,0x7fff,0x7fff,0x7fff,0x7fff,0x7fff,0x7fff,0x7fff,0x7fff,
	0x05b9,0x063c,0x06bf,0x06bf,0x06bf,0x06bf,0x06df,0x06df,0x06df,0x02df,0x06df,0x06de,0x069b,0x0638,0x05d4,0x0d91,
	0x1db0,0x2df1,0x3612,0x4a95,0x56d7,0x675b,0x6f7c,0x77bd,0x7fff,0x7fff,0x7fff,0x7fff,0x7fff,0x7fff,0x7fff,0x7fff,
	0x7ffe,0x5e93,0x3ce5,0x5906,0x71a9,0x7a4c,0x76f2,0x779a,0x779b,0x41ed,0x1462,0x0c42,0x0c42,0x1041,0x1041,0x1ca3,
	0x2d05,0x4987,0x6a2a,0x762a,0x6588,0x44e4,0x4988,0x7755,0x7f96,0x7f95,0x7f73,0x7f72,0x7773,0x3a53,0x0996,0x0a5c,
	0x12de,0x275f,0x2b5f,0x2b5f,0x2b7f,0x2b7f,0x2b7f,0x2f7f,0x2f7f,0x2f7f,0x2f7f,0x2f7f,0x2f7f,0x2f7f,0x337f,0x337f,
	0x2f7f,0x1f1e,0x0a7d,0x05f9,0x15d5,0x4694,0x6f34,0x7f94,0x7f95,0x7f96,0x7fb7,0x7fb8,0x7fb9,0x7fba,0x7fda,0x7fdb,
	0x7fdc,0x7ffd,0x7ffd,0x7ffe,0x7fff,0x7fff,0x7fff,0x7fff,0x7fff,0x7fff,0x7fff,0x7fff,0x7bbd,0x739c,0x737b,0x737b,
	0x737b,0x737b,0x737b,0x779c,0x7bde,0x7fff,0x7fff,0x7fff,0x7fff,0x7fff,0x7fff,0x7fff,0x7fff,0x7fff,0x7fff,0x7ffe,
	0x7ffd,0x7fdd,0x7fdc,0x7fdb,0x7fda,0x7fb9,0x7fb8,0x7fb8,0x7f97,0x7f96,0x7f95,0x7f94,0x6f34,0x4273,0x11d5,0x061a,
	0x067e,0x069e,0x06bf,0x02df,0x06bf,0x06bf,0x06bf,0x06bf,0x06bf,0x06bf,0x02bf,0x02bf,0x02bf,0x02bf,0x02bf,0x06bf,
	0x06bf,0x02df,0x06bf,0x069e,0x065c,0x061b,0x063c,0x067e,0x069e,0x06bf,0x06df,0x06df,0x06df,0x06df,0x06df,0x06df,
	0x06df,0x06df,0x06ff,0x06ff,0x06ff,0x06ff,0x06ff,0x06ff,0x06ff,0x06ff,0x0aff,0x0aff,0x0aff,0x0aff,0x0aff,0x0abe,
	0x065c,0x0a9d,0x0abe,0x06de,0x0adf,0x0aff,0x0aff,0x0afe,0x0abe,0x0a3b,0x1e3a,0x4f1d,0x6b9f,0x5f7e,0x573d,0x4b3d,
	0x3edc,0x32bc,0x2edd,0x22bc,0x1a7b,0x169c,0x16bd,0x12bd,0x0e9d,0x0a7d,0x0a7d,0x069d,0x069d,0x069e,0x069e,0x069d,
	0x067d,0x067d,0x0a7d,0x129d,0x167c,0x229c,0x32bc,0x4b1d,0x637d,0x77de,0x7fff,0x7fff,0x7fff,0x7fff,0x7fff,0x7fff,
	0x01b9,0x065d,0x06bf,0x06bf,0x06bf,0x06bf,0x06df,0x06df,0x06df,0x06df,0x069c,0x0593,0x052f,0x04ee,0x25b0,0x5ad5,
	0x7378,0x7fbb,0x7fdc,0x7ffe,0x7fff,0x7fff,0x7fff,0x7fff,0x7fff,0x7fff,0x7fff,0x7fff,0x7fff,0x7fff,0x7fff,0x7fff,
	0x7fff,0x7fff,0x7359,0x562f,0x4969,0x5147,0x5d68,0x6deb,0x722c,0x724b,0x6e2a,0x6e2b,0x6e2a,0x6e2a,0x6e2a,0x6e09,
	0x6de9,0x65a8,0x5967,0x4d47,0x51a9,0x66b0,0x7b96,0x7f96,0x7f95,0x7f94,0x7f73,0x7b73,0x4e93,0x0d94,0x061a,0x0ebd,
	0x233f,0x275f,0x2b5f,0x2b5f,0x2b7f,0x2b7f,0x2b7f,0x2b7f,0x2f7f,0x2f7f,0x2f7f,0x2f7f,0x2f7f,0x2f7f,0x337f,0x337f,
	0x337f,0x337f,0x2b5e,0x1ade,0x0a5c,0x05f9,0x19f6,0x3a54,0x5ef4,0x7355,0x7f95,0x7fb6,0x7f97,0x7fb8,0x7fb8,0x7fb9,
	0x7fda,0x7fdb,0x7fdb,0x7fdc,0x7fdd,0x7ffd,0x7ffe,0x7ffe,0x7fff,0x7fff,0x7fff,0x7fff,0x7fff,0x7fff,0x7fff,0x7fff,
	0x7fff,0x7fff,0x7fff,0x7fff,0x7fff,0x7fff,0x7fff,0x7fff,0x7fff,0x7fff,0x7fff,0x7ffe,0x7ffe,0x7ffd,0x7ffd,0x7fdc,
	0x7fdb,0x7fdb,0x7fda,0x7fb9,0x7fb8,0x7fb8,0x7fb7,0x7f96,0x7f95,0x7775,0x62f4,0x3e74,0x19f6,0x05fa,0x065d,0x069e,
	0x06bf,0x06df,0x02bf,0x06bf,0x06bf,0x06bf,0x06bf,0x02bf,0x02bf,0x02bf,0x02bf,0x029f,0x02bf,0x02bf,0x02bf,0x02bf,
	0x06bf,0x067e,0x061b,0x061b,0x025d,0x069e,0x0abf,0x06df,0x02df,0x06df,0x06df,0x06df,0x06ff,0x06ff,0x06ff,0x06ff,
	0x06ff,0x06ff,0x0aff,0x0aff,0x0aff,0x0aff,0x0aff,0x0aff,0x0aff,0x0aff,0x0aff,0x0aff,0x0eff,0x0eff,0x0aff,0x0eff,
	0x0abe,0x0a9d,0x0a7c,0x065c,0x0a7d,0x0a9d,0x0a9d,0x0a9d,0x0a9d,0x0a7d,0x063b,0x0a3b,0x129d,0x0e9d,0x0a9d,0x0abe,
	0x0ade,0x0ade,0x0aff,0x0aff,0x0aff,0x0aff,0x0aff,0x06ff,0x06ff,0x06ff,0x06ff,0x06ff,0x06ff,0x06ff,0x06ff,0x06df,
	0x06df,0x06df,0x02df,0x02df,0x06df,0x02bf,0x029e,0x067d,0x0e3c,0x227b,0x4f1c,0x73df,0x7fff,0x7fff,0x7fff,0x7fff,
	0x01b9,0x065d,0x06bf,0x06bf,0x06bf,0x06bf,0x06df,0x06df,0x06df,0x06df,0x06de,0x065c,0x05b7,0x19b4,0x6b58,0x7fb8,
	0x7fb8,0x7fd9,0x7fdb,0x7fdc,0x7ffd,0x7ffe,0x7fff,0x7fff,0x7fff,0x7fff,0x7fff,0x7fff,0x7fff,0x7fff,0x7fff,0x7fff,
	0x7fff,0x7fff,0x7fff,0x7fff,0x7bbd,0x6f38,0x5630,0x55ed,0x4d8a,0x4d68,0x5589,0x59a9,0x59a9,0x5589,0x5168,0x4d89,
	0x55cb,0x560d,0x66b2,0x7756,0x7f98,0x7fb8,0x7fb7,0x7f95,0x7f94,0x7f73,0x7333,0x4673,0x0db5,0x063a,0x12de,0x233f,
	0x275f,0x2b5f,0x2b5f,0x2b5f,0x2b7f,0x2b7f,0x2b7f,0x2b7f,0x2b7f,0x2f7f,0x2f7f,0x2f7f,0x2f7f,0x2f7f,0x337f,0x337f,
	0x337f,0x339f,0x339f,0x337f,0x2b3f,0x1ade,0x0e7d,0x061b,0x09d7,0x1df5,0x4295,0x5ef5,0x6f35,0x7b76,0x7f97,0x7fb7,
	0x7fb8,0x7fb9,0x7fd9,0x7fda,0x7fdb,0x7fdb,0x7fdc,0x7fdc,0x7ffd,0x7ffd,0x7ffe,0x7ffe,0x7ffe,0x7ffe,0x7ffe,0x7fff,
	0x7fff,0x7fff,0x7fff,0x7fff,0x7ffe,0x7ffe,0x7ffe,0x7ffe,0x7ffe,0x7fdd,0x7fdd,0x7fdc,0x7fdc,0x7fdb,0x7fda,0x7fda,
	0x7fb9,0x7fb9,0x7fb8,0x7fb7,0x7fb7,0x7f96,0x7775,0x6715,0x4eb5,0x2615,0x0dd6,0x021a,0x067d,0x069f,0x06bf,0x06df,
	0x06bf,0x02bf,0x02bf,0x02bf,0x02bf,0x029f,0x029f,0x029f,0x029f,0x029f,0x029f,0x029f,0x029f,0x029f,0x029f,0x069f,
	0x065d,0x01fa,0x065c,0x06bf,0x06df,0x06df,0x06df,0x06df,0x06ff,0x06ff,0x06ff,0x06ff,0x06ff,0x06ff,0x0aff,0x0aff,
	0x0aff,0x0aff,0x0aff,0x0aff,0x0aff,0x0eff,0x0eff,0x0eff,0x0eff,0x0eff,0x0f1f,0x0f1f,0x0f1f,0x0f1f,0x0f1f,0x0f1f,
	0x0f1f,0x0f1f,0x0f1f,0x0eff,0x0eff,0x0f1f,0x0eff,0x0eff,0x12ff,0x131f,0x0f1f,0x0f1f,0x0f1f,0x0f1f,0x0f1f,0x0f1f,
	0x0f1f,0x0f1f,0x0f1f,0x0eff,0x0aff,0x0aff,0x0aff,0x0aff,0x0aff,0x0eff,0x0eff,0x0eff,0x0eff,0x0f1f,0x0f1f,0x131f,
	0x131f,0x131f,0x0f1f,0x0eff,0x0aff,0x0aff,0x06df,0x06df,0x06bf,0x067d,0x061a,0x2e7b,0x6fbe,0x7fff,0x7fff,0x7fff,
	0x05b9,0x063d,0x06bf,0x06bf,0x06bf,0x06bf,0x06df,0x06df,0x06df,0x02df,0x06bf,0x0a7d,0x01b8,0x1dd3,0x7356,0x7f96,
	0x7fb6,0x7fb8,0x7fb9,0x7fba,0x7fdb,0x7fdc,0x7ffd,0x7ffd,0x7ffe,0x7fff,0x7fff,0x7fff,0x7fff,0x7fff,0x7fff,0x7fff,
	0x7fff,0x7fff,0x7fff,0x7fff,0x7fff,0x7fff,0x7fff,0x7fff,0x7bde,0x77bd,0x77bd,0x77bc,0x77bc,0x77bb,0x779a,0x7bba,
	0x7fdb,0x7fda,0x7fb9,0x7fb8,0x7fb7,0x7fb6,0x7f95,0x7754,0x5ef4,0x3e74,0x1e15,0x0e19,0x16bd,0x1f1f,0x275f,0x2b5f,
	0x275f,0x275f,0x2b5f,0x2b5f,0x2b7f,0x2b7f,0x2b7f,0x2b7f,0x2f7f,0x2f7f,0x2f7f,0x2f7f,0x2f7f,0x2f7f,0x337f,0x337f,
	0x337f,0x337f,0x337f,0x339f,0x379f,0x337f,0x2f5f,0x273e,0x1ade,0x0e9d,0x0a3b,0x0e1a,0x1618,0x2236,0x3676,0x4ab6,
	0x5af7,0x6737,0x6f77,0x7b98,0x7f98,0x7fb9,0x7fd9,0x7fda,0x7fda,0x7fdb,0x7fdb,0x7fdb,0x7fdc,0x7fdc,0x7fdc,0x7fdc,
	0x7fdc,0x7fdc,0x7fdc,0x7fdc,0x7fdc,0x7fdb,0x7fdb,0x7fdb,0x7fdb,0x7fda,0x7fda,0x7fda,0x7fd9,0x7fb9,0x7fb9,0x7b98,
	0x7b98,0x7356,0x6736,0x5af6,0x4696,0x3256,0x1e17,0x0e19,0x063b,0x067d,0x069e,0x06bf,0x06df,0x06df,0x06df,0x06bf,
	0x06bf,0x06bf,0x06bf,0x029f,0x029f,0x029f,0x029f,0x029f,0x029f,0x027f,0x027f,0x027f,0x029f,0x029f,0x067e,0x021b,
	0x061b,0x069e,0x06df,0x06df,0x06df,0x06ff,0x06ff,0x06ff,0x06ff,0x06ff,0x06ff,0x0aff,0x0aff,0x0aff,0x0aff,0x0aff,
	0x0aff,0x0eff,0x0eff,0x0f1f,0x0f1f,0x0f1f,0x0f1f,0x0f1f,0x0f1f,0x131f,0x131f,0x131f,0x131f,0x131f,0x131f,0x131f,
	0x131f,0x131f,0x131f,0x131f,0x131f,0x131f,0x131f,0x131f,0x131f,0x131f,0x131f,0x131f,0x131f,0x131f,0x131f,0x131f,
	0x131f,0x131f,0x131f,0x131f,0x131f,0x131f,0x171f,0x171f,0x1b1f,0x1b3f,0x1f3f,0x1f3f,0x1f3f,0x233f,0x235f,0x275f,
	0x275f,0x275f,0x275f,0x275f,0x275f,0x275f,0x273f,0x1f1f,0x171f,0x0eff,0x06be,0x061b,0x265a,0x6bbf,0x7fff,0x7fff,
	0x0df9,0x021b,0x0abf,0x06bf,0x02bf,0x06df,0x06bf,0x06df,0x06df,0x06df,0x06df,0x067e,0x063c,0x09b7,0x2e14,0x6315,
	0x7b75,0x7fb5,0x7fb6,0x7fb8,0x7fb8,0x7fb9,0x7fda,0x7fdb,0x7fdc,0x7fdc,0x7fdd,0x7ffe,0x7ffe,0x7ffe,0x7ffe,0x7fff,
	0x7fff,0x7fff,0x7fff,0x7fff,0x7fff,0x7fff,0x7fff,0x7ffe,0x7ffe,0x7ffe,0x7ffd,0x7ffc,0x7fdc,0x7fdb,0x7fda,0x7fd9,
	0x7fb8,0x7fb8,0x7fb7,0x7776,0x6715,0x4eb4,0x3655,0x1e17,0x1239,0x129c,0x1afe,0x233f,0x235f,0x275f,0x275f,0x275f,
	0x275f,0x275f,0x275f,0x2b5f,0x2b5f,0x2b7f,0x2b7f,0x2b7f,0x2b7f,0x2f7f,0x2f7f,0x2f7f,0x2f7f,0x2f7f,0x2f7f,0x337f,
	0x337f,0x337f,0x337f,0x337f,0x337f,0x337f,0x339f,0x339f,0x339f,0x2f7f,0x2b5f,0x231f,0x1afe,0x12bd,0x0e7c,0x0a3b,
	0x0a3a,0x0e19,0x1639,0x2238,0x2a37,0x3a98,0x42b7,0x4696,0x4ed7,0x5b18,0x6338,0x6738,0x6738,0x6b58,0x6f78,0x7379,
	0x7799,0x7b99,0x7b99,0x7b99,0x7799,0x7799,0x7778,0x7378,0x6b57,0x6737,0x6318,0x5af7,0x4eb6,0x4696,0x3e97,0x2e56,
	0x2237,0x1a38,0x0e19,0x0e3b,0x0a5c,0x0e9d,0x0ede,0x06df,0x06df,0x06ff,0x06ff,0x02df,0x06df,0x06df,0x02bf,0x02bf,
	0x06bf,0x06bf,0x02bf,0x029f,0x029f,0x029f,0x029f,0x029f,0x027f,0x027f,0x027f,0x027f,0x027f,0x025e,0x01fa,0x063c,
	0x06bf,0x06ff,0x06ff,0x06ff,0x06ff,0x06ff,0x0aff,0x0aff,0x0aff,0x0aff,0x0aff,0x0aff,0x0aff,0x0eff,0x0f1f,0x0f1f,
	0x0f1f,0x0f1f,0x0f1f,0x131f,0x131f,0x131f,0x131f,0x131f,0x131f,0x131f,0x131f,0x131f,0x131f,0x131f,0x131f,0x131f,
	0x131f,0x171f,0x171f,0x171f,0x171f,0x171f,0x171f,0x171f,0x171f,0x171f,0x171f,0x171f,0x171f,0x131f,0x131f,0x131f,
	0x131f,0x171f,0x171f,0x1b3f,0x1b3f,0x1f3f,0x1f3f,0x233f,0x233f,0x233f,0x275f,0x275f,0x275f,0x275f,0x275f,0x2b5f,
	0x2b5f,0x2b5f,0x2f5f,0x2f5f,0x2f7f,0x337f,0x337f,0x337f,0x337f,0x2f5f,0x1b1f,0x069e,0x05d9,0x46fc,0x7fff,0x7fff,
	0x2239,0x05da,0x0a9f,0x06bf,0x06bf,0x06bf,0x06bf,0x02df,0x06df,0x06df,0x06df,0x06bf,0x067e,0x065d,0x05f9,0x11d6,
	0x3255,0x56d4,0x6b35,0x7775,0x7f96,0x7fb7,0x7fb7,0x7fb8,0x7fd9,0x7fd9,0x7fda,0x7fdb,0x7fdb,0x7fdb,0x7fdc,0x7fdc,
	0x7fdc,0x7fdc,0x7fdc,0x7bdc,0x7bbc,0x77bc,0x77bc,0x77bb,0x77bb,0x779a,0x7b9a,0x7b99,0x7b99,0x7798,0x7378,0x6736,
	0x5ef7,0x4ab6,0x3a76,0x2236,0x1217,0x0e3a,0x0e9d,0x16ff,0x1f3f,0x235f,0x235f,0x235f,0x235f,0x275f,0x275f,0x275f,
	0x275f,0x275f,0x275f,0x275f,0x2b5f,0x2b5f,0x2b5f,0x2b7f,0x2b7f,0x2b7f,0x2b7f,0x2f7f,0x2f7f,0x2f7f,0x2f7f,0x2f7f,
	0x2f7f,0x2f7f,0x337f,0x337f,0x337f,0x337f,0x337f,0x337f,0x337f,0x337f,0x337f,0x337f,0x337f,0x337f,0x2f7f,0x2b5f,
	0x1f1e,0x1afe,0x16de,0x0ebd,0x0e9d,0x0a7d,0x0a5c,0x0a3b,0x061a,0x05f9,0x09f9,0x0df8,0x11f8,0x11f7,0x1617,0x1a17,
	0x1e17,0x1e17,0x2217,0x2237,0x2217,0x1e17,0x1a17,0x1a17,0x11f7,0x0e18,0x0e19,0x0a19,0x0a1a,0x0a5c,0x0e7d,0x0e9d,
	0x0ebe,0x12de,0x16ff,0x1b1f,0x1b3f,0x1b3f,0x173f,0x0aff,0x06ff,0x06ff,0x06df,0x06df,0x06df,0x06df,0x06df,0x06bf,
	0x06bf,0x06bf,0x02bf,0x029f,0x029f,0x029f,0x029f,0x029f,0x029f,0x027f,0x027f,0x027f,0x065e,0x01da,0x063c,0x06df,
	0x06ff,0x06ff,0x06ff,0x0aff,0x0aff,0x0aff,0x0aff,0x0aff,0x0aff,0x0eff,0x0f1f,0x0f1f,0x0f1f,0x0f1f,0x131f,0x131f,
	0x131f,0x131f,0x131f,0x131f,0x131f,0x131f,0x171f,0x171f,0x171f,0x171f,0x171f,0x171f,0x171f,0x171f,0x173f,0x173f,
	0x173f,0x173f,0x173f,0x173f,0x173f,0x173f,0x173f,0x173f,0x173f,0x173f,0x173f,0x173f,0x173f,0x173f,0x173f,0x1b3f,
	0x1f3f,0x1f3f,0x233f,0x233f,0x233f,0x233f,0x275f,0x275f,0x275f,0x275f,0x2b5f,0x2b5f,0x2b5f,0x2b5f,0x2f5f,0x2f5f,
	0x2f5f,0x337f,0x337f,0x337f,0x377f,0x377f,0x377f,0x3b7f,0x3b9f,0x3b9f,0x337f,0x12ff,0x021b,0x369b,0x7bff,0x7fff,
	0x46fc,0x09d9,0x067e,0x06bf,0x06bf,0x06bf,0x06bf,0x06df,0x06df,0x06df,0x06df,0x06df,0x06bf,0x069f,0x029e,0x027e,
	0x063c,0x061a,0x1219,0x1e17,0x2e57,0x3a76,0x4695,0x52f7,0x5b17,0x5f16,0x6737,0x6738,0x5f38,0x5719,0x4af9,0x42d9,
	0x3edb,0x3adc,0x36bb,0x2ebb,0x2a9a,0x2a9a,0x2a9a,0x2a9a,0x269a,0x269a,0x2a99,0x2a99,0x2a99,0x2679,0x1e5a,0x1218,
	0x0df9,0x09fa,0x05fa,0x0a5b,0x12bd,0x16de,0x1f3f,0x233f,0x233f,0x235f,0x235f,0x235f,0x235f,0x235f,0x275f,0x275f,
	0x275f,0x275f,0x275f,0x275f,0x275f,0x2b5f,0x2b5f,0x2b5f,0x2b7f,0x2b7f,0x2b7f,0x2b7f,0x2f7f,0x2f7f,0x2f7f,0x2f7f,
	0x2f7f,0x2f7f,0x2f7f,0x2f7f,0x2f7f,0x2f7f,0x2f7f,0x2f7f,0x2f7f,0x2f7f,0x2f7f,0x2f7f,0x2f7f,0x2f7f,0x337f,0x2f7f,
	0x2f7f,0x2f7f,0x2f7f,0x2f7f,0x2b7f,0x275f,0x233f,0x233f,0x233f,0x1f1e,0x1afe,0x1afe,0x1afe,0x16fe,0x16de,0x16de,
	0x12de,0x12de,0x12de,0x16de,0x16de,0x12de,0x16de,0x16fe,0x16fe,0x16ff,0x1b1f,0x1b1f,0x1b1f,0x1f3f,0x1f3f,0x1f3f,
	0x1f3f,0x1f3f,0x1b3f,0x1b3f,0x1b3f,0x1b3f,0x173f,0x0f1f,0x06ff,0x06ff,0x06ff,0x06df,0x06df,0x06df,0x06df,0x06bf,
	0x06bf,0x06bf,0x02bf,0x02bf,0x02bf,0x029f,0x029f,0x029f,0x029f,0x029f,0x029f,0x065e,0x01da,0x023c,0x0adf,0x06ff,
	0x06ff,0x0aff,0x0aff,0x0aff,0x0aff,0x0aff,0x0eff,0x0eff,0x0f1f,0x0f1f,0x0f1f,0x131f,0x131f,0x131f,0x131f,0x131f,
	0x131f,0x131f,0x171f,0x171f,0x171f,0x171f,0x171f,0x173f,0x173f,0x173f,0x1b3f,0x1b3f,0x1b3f,0x1b3f,0x1b3f,0x1b3f,
	0x1b3f,0x1b3f,0x1b3f,0x1b3f,0x1b3f,0x1b3f,0x1b3f,0x1b3f,0x1b3f,0x1b3f,0x1b3f,0x1b3f,0x1f3f,0x1f3f,0x1f3f,0x233f,
	0x233f,0x273f,0x275f,0x275f,0x275f,0x275f,0x2b5f,0x2b5f,0x2b5f,0x2f5f,0x2f5f,0x2f5f,0x2f7f,0x337f,0x337f,0x337f,
	0x377f,0x377f,0x377f,0x3b7f,0x3b9f,0x3b9f,0x3f9f,0x3f9f,0x439f,0x439f,0x379f,0x16ff,0x061b,0x2e7a,0x77df,0x7fff,
	0x6bbf,0x1a19,0x023c,0x06bf,0x06bf,0x06bf,0x06bf,0x06df,0x06df,0x06df,0x06df,0x06bf,0x06bf,0x06bf,0x02bf,0x029f,
	0x069f,0x069f,0x027f,0x027e,0x065e,0x063d,0x061c,0x05fb,0x05d9,0x09b8,0x121a,0x1a7b,0x1ebc,0x22dd,0x22fe,0x271e,
	0x2b3e,0x2b3e,0x2b3f,0x2f5f,0x2f5f,0x2f5f,0x2f5f,0x2f5f,0x2b5f,0x2b5f,0x2b5f,0x2b3f,0x273f,0x273f,0x273f,0x233f,
	0x1f1f,0x1f1e,0x1efe,0x1afe,0x1afe,0x1afe,0x1f3f,0x1f3f,0x1f3f,0x1f3f,0x235f,0x235f,0x235f,0x235f,0x235f,0x235f,
	0x275f,0x275f,0x275f,0x275f,0x275f,0x275f,0x275f,0x2b5f,0x2b5f,0x2b5f,0x2b7f,0x2b7f,0x2b7f,0x2b7f,0x2b7f,0x2b7f,
	0x2f7f,0x2f7f,0x2f7f,0x2f7f,0x2f7f,0x2f7f,0x2f7f,0x2f7f,0x2f7f,0x2f7f,0x2f7f,0x2f7f,0x2f7f,0x2f7f,0x2f7f,0x2f7f,
	0x2f7f,0x2f7f,0x2f7f,0x2b7f,0x2b7f,0x2b7f,0x2b7f,0x2b7f,0x2b7f,0x2b7f,0x2b7f,0x2b5f,0x275f,0x275f,0x275f,0x275f,
	0x275f,0x275f,0x275f,0x275f,0x235f,0x235f,0x235f,0x235f,0x235f,0x235f,0x233f,0x1f3f,0x1f3f,0x1f3f,0x1f3f,0x1f3f,
	0x1f3f,0x1b3f,0x1b3f,0x1b3f,0x1b3f,0x1b3f,0x1b3f,0x171f,0x0f1f,0x0aff,0x06ff,0x06ff,0x06df,0x06df,0x06df,0x06df,
	0x06df,0x06bf,0x06bf,0x02bf,0x02bf,0x02bf,0x02bf,0x02bf,0x029f,0x029f,0x069f,0x01fb,0x061b,0x0adf,0x0aff,0x0aff,
	0x0aff,0x0aff,0x0aff,0x0aff,0x0eff,0x0f1f,0x0f1f,0x0f1f,0x131f,0x131f,0x131f,0x131f,0x131f,0x131f,0x171f,0x171f,
	0x171f,0x171f,0x173f,0x173f,0x1b3f,0x1b3f,0x1b3f,0x1b3f,0x1b3f,0x1b3f,0x1b3f,0x1b3f,0x1b3f,0x1b3f,0x1f3f,0x1f3f,
	0x1f3f,0x1f3f,0x1f3f,0x1f3f,0x1f3f,0x1f3f,0x1f3f,0x1f3f,0x1f3f,0x1f3f,0x1f3f,0x233f,0x235f,0x235f,0x275f,0x275f,
	0x275f,0x2b5f,0x2b5f,0x2b5f,0x2b5f,0x2f5f,0x2f5f,0x2f7f,0x337f,0x337f,0x337f,0x377f,0x377f,0x377f,0x3b7f,0x3b7f,
	0x3b9f,0x3f9f,0x3f9f,0x3f9f,0x439f,0x439f,0x439f,0x47bf,0x47bf,0x43bf,0x2b5f,0x0abe,0x05f9,0x46fc,0x7fff,0x7fff,
	0x7bff,0x3edb,0x05d9,0x0a7f,0x06bf,0x06bf,0x06bf,0x06bf,0x06df,0x06df,0x06df,0x06bf,0x06bf,0x02bf,0x029f,0x029f,
	0x029f,0x029f,0x027f,0x027f,0x025e,0x021d,0x01fb,0x061c,0x0e7d,0x16de,0x1f1f,0x233f,0x233f,0x233f,0x233f,0x233f,
	0x233f,0x1f3f,0x1f3f,0x1f3f,0x1f3f,0x1f3f,0x1f3f,0x1f3f,0x1f3f,0x1f3f,0x1f3f,0x1b3f,0x1b3f,0x1b3f,0x1f3f,0x1f3f,
	0x1f3f,0x1f3f,0x1f3f,0x1f3f,0x1f3f,0x1f3f,0x1f3f,0x1f3f,0x1f5f,0x233f,0x235f,0x235f,0x235f,0x235f,0x235f,0x235f,
	0x235f,0x275f,0x275f,0x275f,0x275f,0x275f,0x275f,0x275f,0x275f,0x2b5f,0x2b5f,0x2b5f,0x2b5f,0x2b7f,0x2b7f,0x2b7f,
	0x2b7f,0x2b7f,0x2b7f,0x2b7f,0x2b7f,0x2f7f,0x2f7f,0x2f7f,0x2f7f,0x2f7f,0x2f7f,0x2f7f,0x2f7f,0x2f7f,0x2f7f,0x2b7f,
	0x2b7f,0x2b7f,0x2b7f,0x2b7f,0x2b7f,0x2b5f,0x2b5f,0x2b5f,0x2b5f,0x275f,0x275f,0x275f,0x275f,0x275f,0x275f,0x275f,
	0x275f,0x275f,0x235f,0x235f,0x235f,0x235f,0x235f,0x235f,0x1f3f,0x1f3f,0x1f3f,0x1f3f,0x1f3f,0x1f3f,0x1f3f,0x1f3f,
	0x1b3f,0x1b3f,0x1b3f,0x1b3f,0x1b3f,0x1b3f,0x1b1f,0x171f,0x171f,0x131f,0x0eff,0x0aff,0x06ff,0x06ff,0x06df,0x06df,
	0x06df,0x06df,0x06df,0x06df,0x06bf,0x06bf,0x06bf,0x02bf,0x06bf,0x06bf,0x023c,0x01d9,0x0a9e,0x0aff,0x0aff,0x0aff,
	0x0aff,0x0aff,0x0eff,0x0eff,0x0f1f,0x0f1f,0x131f,0x131f,0x131f,0x131f,0x131f,0x131f,0x171f,0x171f,0x171f,0x171f,
	0x173f,0x173f,0x1b3f,0x1b3f,0x1b3f,0x1b3f,0x1b3f,0x1b3f,0x1f3f,0x1f3f,0x1f3f,0x1f3f,0x1f3f,0x1f3f,0x1f3f,0x1f3f,
	0x1f3f,0x1f3f,0x233f,0x233f,0x233f,0x1f3f,0x1f3f,0x233f,0x235f,0x275f,0x275f,0x275f,0x275f,0x275f,0x2b5f,0x2b5f,
	0x2b5f,0x2f5f,0x2f5f,0x2f7f,0x337f,0x337f,0x337f,0x377f,0x377f,0x377f,0x3b7f,0x3b9f,0x3b9f,0x3f9f,0x3f9f,0x3f9f,
	0x439f,0x439f,0x43bf,0x47bf,0x4bbf,0x47bf,0x4bbf,0x4fbf,0x4bbf,0x2f7f,0x12de,0x063a,0x2659,0x6fbe,0x7fff,0x7fff,
	0x7fff,0x6b9e,0x1a19,0x021c,0x06bf,0x06bf,0x06bf,0x06bf,0x06df,0x06df,0x06df,0x06df,0x06bf,0x06bf,0x06bf,0x029f,
	0x029f,0x029f,0x067f,0x021c,0x01fb,0x063c,0x06be,0x0eff,0x0f1f,0x0f1f,0x0f1f,0x0f1f,0x0eff,0x0eff,0x0eff,0x0eff,
	0x0f1f,0x0eff,0x0eff,0x0eff,0x0ede,0x0ede,0x0ede,0x0e9d,0x0e9d,0x0e9d,0x12be,0x12be,0x0e9d,0x0e9d,0x0e9d,0x0e9d,
	0x129d,0x129d,0x12bd,0x16be,0x16be,0x16bd,0x12bd,0x12bd,0x16dd,0x1ade,0x1afe,0x1f1e,0x1efe,0x1f1e,0x1f1e,0x233f,
	0x233f,0x233f,0x233f,0x235f,0x275f,0x275f,0x275f,0x275f,0x275f,0x275f,0x275f,0x275f,0x2b5f,0x2b5f,0x2b5f,0x2b5f,
	0x2b5f,0x2b7f,0x2b7f,0x2b7f,0x2b7f,0x2b7f,0x2b7f,0x2b7f,0x2b7f,0x2b7f,0x2b7f,0x2b7f,0x2b7f,0x2b7f,0x2b7f,0x2b7f,
	0x2b7f,0x2b7f,0x2b5f,0x2b5f,0x2b5f,0x2b5f,0x275f,0x275f,0x275f,0x275f,0x275f,0x275f,0x275f,0x275f,0x275f,0x235f,
	0x235f,0x235f,0x235f,0x235f,0x235f,0x235f,0x235f,0x1f3f,0x1f3f,0x1f3f,0x1f3f,0x1f3f,0x1f3f,0x1f3f,0x1b3f,0x1b3f,
	0x1b3f,0x1b3f,0x1b3f,0x1b3f,0x1b3f,0x173f,0x171f,0x171f,0x171f,0x171f,0x171f,0x131f,0x0f1f,0x0eff,0x0aff,0x06ff,
	0x06df,0x06df,0x06df,0x06df,0x06df,0x06df,0x06df,0x06bf,0x06df,0x069f,0x01fa,0x065c,0x0aff,0x0aff,0x0aff,0x0aff,
	0x0aff,0x0eff,0x0f1f,0x0f1f,0x131f,0x131f,0x131f,0x131f,0x131f,0x131f,0x171f,0x171f,0x171f,0x173f,0x173f,0x1b3f,
	0x1b3f,0x1b3f,0x1b3f,0x1b3f,0x1b3f,0x1f3f,0x1f3f,0x1f3f,0x1f3f,0x1f3f,0x1f3f,0x233f,0x235f,0x235f,0x235f,0x235f,
	0x235f,0x235f,0x235f,0x235f,0x235f,0x235f,0x275f,0x275f,0x275f,0x2b5f,0x2b5f,0x2b5f,0x2b5f,0x2f5f,0x2f5f,0x2f7f,
	0x337f,0x337f,0x337f,0x377f,0x377f,0x377f,0x3b9f,0x3b9f,0x3b9f,0x3f9f,0x3f9f,0x439f,0x439f,0x439f,0x47bf,0x47bf,
	0x47bf,0x4bbf,0x4bbf,0x4bbf,0x4fbf,0x53df,0x4fdf,0x43bf,0x2b3f,0x0ebd,0x0a3b,0x329a,0x6b9e,0x7fff,0x7fff,0x7fff,
	0x7fff,0x7fff,0x533d,0x09d9,0x065d,0x06bf,0x06bf,0x06bf,0x06df,0x06df,0x06df,0x02df,0x06df,0x06bf,0x06bf,0x06bf,
	0x02bf,0x02bf,0x067e,0x025d,0x06be,0x06ff,0x06ff,0x06ff,0x06ff,0x06ff,0x06ff,0x06ff,0x06ff,0x0aff,0x0aff,0x0aff,
	0x0abe,0x0a7c,0x0a7c,0x0a7c,0x0a7c,0x0a7c,0x0ebd,0x0ebd,0x0ebd,0x12de,0x12ff,0x16ff,0x16fe,0x16fe,0x16fe,0x16ff,
	0x16fe,0x16fe,0x16fe,0x1afe,0x16fe,0x16de,0x12dd,0x16bd,0x16dd,0x16de,0x1ade,0x16bd,0x129c,0x127c,0x129c,0x16bd,
	0x16bd,0x169c,0x127b,0x129c,0x1abd,0x1add,0x1abd,0x1abc,0x1abd,0x1efe,0x1efe,0x1f1e,0x231e,0x233e,0x275f,0x275f,
	0x2b5f,0x2b5f,0x2b7f,0x2b7f,0x2b7f,0x2b7f,0x2b5f,0x2b5f,0x2b5f,0x2b5f,0x2b5f,0x2b5f,0x2b5f,0x2b5f,0x2b5f,0x275f,
	0x275f,0x275f,0x275f,0x275f,0x275f,0x275f,0x275f,0x275f,0x275f,0x275f,0x275f,0x275f,0x275f,0x235f,0x235f,0x235f,
	0x235f,0x235f,0x235f,0x233f,0x233f,0x1f3f,0x1f3f,0x1f3f,0x1f3f,0x1f3f,0x1f3f,0x1f3f,0x1b3f,0x1b3f,0x1b3f,0x1b3f,
	0x1b3f,0x1b3f,0x1b3f,0x173f,0x173f,0x171f,0x171f,0x171f,0x171f,0x171f,0x171f,0x131f,0x131f,0x131f,0x131f,0x0f1f,
	0x0f1f,0x0eff,0x0aff,0x0aff,0x0aff,0x0aff,0x0aff,0x06df,0x0adf,0x065c,0x01d9,0x0abe,0x0aff,0x0aff,0x0aff,0x0eff,
	0x0eff,0x0f1f,0x0f1f,0x131f,0x131f,0x131f,0x131f,0x171f,0x171f,0x171f,0x171f,0x173f,0x1b3f,0x1b3f,0x1b3f,0x1b3f,
	0x1b3f,0x1f3f,0x1f3f,0x1f3f,0x1f3f,0x1f3f,0x1f3f,0x1f5f,0x235f,0x235f,0x235f,0x235f,0x235f,0x235f,0x275f,0x275f,
	0x275f,0x275f,0x275f,0x275f,0x275f,0x2b5f,0x2b5f,0x2b5f,0x2f5f,0x2f5f,0x2f5f,0x337f,0x337f,0x337f,0x337f,0x377f,
	0x377f,0x3b7f,0x3b9f,0x3b9f,0x3f9f,0x3f9f,0x3f9f,0x439f,0x439f,0x479f,0x47bf,0x47bf,0x4bbf,0x4bbf,0x4bbf,0x4fbf,
	0x4fbf,0x53df,0x53df,0x53df,0x4bdf,0x3f9f,0x273f,0x12bd,0x125b,0x267b,0x573d,0x77df,0x7fff,0x7fff,0x7fff,0x7fff,
	0x7fff,0x7fff,0x77df,0x3a9b,0x01da,0x067f,0x06bf,0x06bf,0x06df,0x06df,0x06df,0x06df,0x06df,0x06df,0x06df,0x06df,
	0x02df,0x02bf,0x02bf,0x06df,0x06ff,0x06ff,0x06ff,0x06ff,0x06ff,0x0aff,0x0aff,0x0aff,0x0aff,0x0aff,0x0a9d,0x0a3b,
	0x063b,0x0a7d,0x0ede,0x12ff,0x131f,0x131f,0x131f,0x131f,0x131f,0x131f,0x131f,0x171f,0x171f,0x171f,0x173f,0x173f,
	0x1b3f,0x1b3f,0x1b3f,0x1b3f,0x1b3f,0x1b3f,0x1b3f,0x1b3f,0x1f3f,0x1f3f,0x1f3f,0x1f3f,0x1f3f,0x1f3f,0x1f3f,0x233f,
	0x233f,0x1f3f,0x1f1e,0x1f1e,0x231f,0x1f1e,0x1efe,0x1add,0x16bc,0x129c,0x129c,0x127c,0x127b,0x0e7b,0x127b,0x169d,
	0x1add,0x1abc,0x1abc,0x1ede,0x22fe,0x22fe,0x231e,0x233e,0x273f,0x275f,0x275f,0x275f,0x275f,0x275f,0x275f,0x275f,
	0x275f,0x275f,0x275f,0x275f,0x275f,0x275f,0x275f,0x275f,0x235f,0x235f,0x235f,0x235f,0x235f,0x235f,0x235f,0x235f,
	0x235f,0x233f,0x1f3f,0x1f3f,0x1f3f,0x1f3f,0x1f3f,0x1f3f,0x1f3f,0x1f3f,0x1f3f,0x1f3f,0x1b3f,0x1b3f,0x1b3f,0x1b3f,
	0x1b3f,0x1b3f,0x171f,0x171f,0x171f,0x171f,0x171f,0x171f,0x171f,0x131f,0x131f,0x131f,0x131f,0x131f,0x131f,0x131f,
	0x0f1f,0x0f1f,0x0f1f,0x0f1f,0x0f1f,0x0aff,0x0aff,0x0eff,0x0edf,0x021a,0x023b,0x0adf,0x0eff,0x0aff,0x0aff,0x0f1f,
	0x131f,0x131f,0x131f,0x131f,0x131f,0x131f,0x171f,0x171f,0x171f,0x173f,0x1b3f,0x1b3f,0x1b3f,0x1b3f,0x1b3f,0x1f3f,
	0x1f3f,0x1f3f,0x1f3f,0x1f3f,0x233f,0x235f,0x235f,0x235f,0x235f,0x275f,0x275f,0x275f,0x275f,0x275f,0x275f,0x275f,
	0x275f,0x2b5f,0x2b5f,0x2b5f,0x2b5f,0x2f5f,0x2f5f,0x337f,0x337f,0x337f,0x377f,0x377f,0x377f,0x3b7f,0x3b9f,0x3b9f,
	0x3f9f,0x3f9f,0x439f,0x439f,0x439f,0x439f,0x47bf,0x47bf,0x4bbf,0x4bbf,0x4fbf,0x4fbf,0x4fdf,0x53df,0x53df,0x53df,
	0x4fdf,0x4bdf,0x43bf,0x337f,0x22fe,0x12bc,0x165b,0x2e7b,0x573d,0x77df,0x7fff,0x7fff,0x7fff,0x7fff,0x7fff,0x7fff,
	0x7fff,0x7fff,0x7fff,0x73df,0x2e7a,0x01fb,0x069f,0x06bf,0x06bf,0x06bf,0x06df,0x06df,0x06df,0x06df,0x06df,0x06df,
	0x06df,0x06df,0x06df,0x06df,0x06ff,0x06ff,0x06ff,0x0aff,0x0aff,0x0aff,0x0aff,0x0aff,0x0abe,0x061b,0x063b,0x0abe,
	0x0eff,0x0f1f,0x0f1f,0x0f1f,0x0f1f,0x131f,0x131f,0x131f,0x131f,0x131f,0x131f,0x171f,0x171f,0x171f,0x171f,0x171f,
	0x171f,0x171f,0x173f,0x1b3f,0x1b3f,0x1b3f,0x1b3f,0x1b3f,0x1b3f,0x1b3f,0x1b3f,0x1f3f,0x1f3f,0x1f3f,0x1f3f,0x1f3f,
	0x1f3f,0x1f3f,0x1f3f,0x1f3f,0x235f,0x235f,0x235f,0x235f,0x235f,0x235f,0x235f,0x235f,0x235f,0x233f,0x233f,0x233f,
	0x231e,0x1efe,0x1afd,0x1efe,0x1efe,0x16bc,0x169c,0x1abd,0x16bd,0x129c,0x129c,0x1abd,0x1abd,0x16bc,0x1add,0x1efe,
	0x1efe,0x1efe,0x231f,0x233f,0x233f,0x235f,0x235f,0x235f,0x235f,0x235f,0x235f,0x235f,0x233f,0x233f,0x235f,0x233f,
	0x1f3f,0x1f3f,0x1f3f,0x1f3f,0x1f3f,0x1f3f,0x1f3f,0x1f3f,0x1b3f,0x1b3f,0x1b3f,0x1b3f,0x1b3f,0x1b3f,0x1b3f,0x173f,
	0x173f,0x171f,0x171f,0x171f,0x171f,0x171f,0x171f,0x131f,0x131f,0x131f,0x131f,0x131f,0x131f,0x131f,0x0f1f,0x0f1f,
	0x0f1f,0x0f1f,0x0f1f,0x0aff,0x0eff,0x0aff,0x0aff,0x0aff,0x0a9e,0x01d9,0x0a7d,0x0aff,0x0eff,0x0eff,0x0eff,0x0f1f,
	0x131f,0x131f,0x131f,0x131f,0x131f,0x171f,0x171f,0x171f,0x173f,0x173f,0x1b3f,0x1b3f,0x1b3f,0x1f3f,0x1f3f,0x1f3f,
	0x1f3f,0x1f3f,0x235f,0x235f,0x235f,0x235f,0x235f,0x275f,0x275f,0x275f,0x275f,0x275f,0x2b5f,0x2b5f,0x2b5f,0x2b5f,
	0x2b5f,0x2b5f,0x2b5f,0x2f7f,0x2f7f,0x2f7f,0x337f,0x377f,0x377f,0x3b7f,0x3b9f,0x3f9f,0x3f9f,0x3f9f,0x439f,0x439f,
	0x439f,0x479f,0x47bf,0x4bbf,0x4bbf,0x4bbf,0x4bbf,0x4bbf,0x4bbf,0x4bbf,0x4bbf,0x47bf,0x43bf,0x3b9f,0x377e,0x2b3e,
	0x22fe,0x1abd,0x0e7c,0x0e1a,0x2e9b,0x533d,0x6bbe,0x7bff,0x7fff,0x7fff,0x7fff,0x7fff,0x7fff,0x7fff,0x7fff,0x7fff,
	0x7fff,0x7fff,0x7fff,0x7fff,0x6fbf,0x2e7a,0x05fb,0x069f,0x06bf,0x06bf,0x02bf,0x06bf,0x06df,0x06df,0x06df,0x06df,
	0x06df,0x06df,0x06be,0x0abf,0x06ff,0x06ff,0x06ff,0x06ff,0x06ff,0x06ff,0x0aff,0x0a9e,0x01fa,0x0a7c,0x0eff,0x0b1f,
	0x0b1f,0x0eff,0x0eff,0x0f1f,0x0f1f,0x0f1f,0x131f,0x131f,0x131f,0x131f,0x131f,0x131f,0x131f,0x131f,0x171f,0x171f,
	0x171f,0x171f,0x171f,0x171f,0x173f,0x173f,0x1b3f,0x1b3f,0x1b3f,0x1b3f,0x1b3f,0x1b3f,0x1b3f,0x1f3f,0x1f3f,0x1f3f,
	0x1f3f,0x1f3f,0x1f3f,0x1f3f,0x1f3f,0x1f3f,0x1f3f,0x233f,0x235f,0x235f,0x235f,0x235f,0x235f,0x235f,0x235f,0x235f,
	0x235f,0x235f,0x235f,0x235f,0x275f,0x235f,0x235f,0x235f,0x235f,0x233f,0x233f,0x233e,0x1f1e,0x1efe,0x1efe,0x1ade,
	0x16bc,0x16bc,0x16bd,0x129c,0x127c,0x16bd,0x169c,0x129c,0x16bd,0x1add,0x1afd,0x1afe,0x1f3f,0x1f3f,0x1f3f,0x1f3f,
	0x1f3f,0x1f3f,0x1f3f,0x1f3f,0x1f3f,0x1b3f,0x1b3f,0x1b3f,0x1b3f,0x1b3f,0x1b3f,0x1b3f,0x1b3f,0x173f,0x173f,0x171f,
	0x171f,0x171f,0x171f,0x171f,0x131f,0x131f,0x131f,0x131f,0x131f,0x131f,0x131f,0x131f,0x131f,0x0f1f,0x0f1f,0x0f1f,
	0x0f1f,0x0eff,0x0aff,0x0aff,0x0eff,0x0aff,0x0aff,0x0aff,0x065c,0x01d9,0x0ebe,0x0aff,0x0aff,0x0eff,0x0eff,0x0f1f,
	0x131f,0x131f,0x131f,0x131f,0x171f,0x171f,0x173f,0x173f,0x1b3f,0x1b3f,0x1b3f,0x1b3f,0x1b3f,0x1f3f,0x1f3f,0x1f3f,
	0x1f3f,0x235f,0x235f,0x235f,0x275f,0x275f,0x275f,0x275f,0x275f,0x275f,0x2b5f,0x2b5f,0x2b5f,0x2b7f,0x2b7f,0x2f7f,
	0x2f7f,0x2f7f,0x2f7f,0x2f7f,0x2f7f,0x2f7f,0x337f,0x337f,0x377f,0x377f,0x379f,0x3b9f,0x3b9f,0x3b9f,0x3b9f,0x3b9f,
	0x3b9f,0x3b9f,0x3b9f,0x3b9f,0x379f,0x377f,0x337f,0x2f5f,0x273e,0x22fe,0x1edd,0x1abd,0x129c,0x129d,0x0e7c,0x0e9d,
	0x0e9d,0x12bd,0x16be,0x127c,0x1e7b,0x3adc,0x637d,0x7bff,0x7fff,0x7fff,0x7fff,0x7fff,0x7fff,0x7fff,0x7fff,0x7fff,
	0x7fff,0x7fff,0x7fff,0x7fff,0x7fff,0x6fbe,0x2a5a,0x05fb,0x069f,0x06bf,0x06bf,0x06bf,0x0abf,0x06df,0x02df,0x06df,
	0x06df,0x06df,0x023b,0x061b,0x06df,0x06ff,0x06ff,0x06ff,0x06ff,0x06ff,0x0adf,0x061a,0x061b,0x0adf,0x0aff,0x0aff,
	0x0eff,0x0aff,0x0eff,0x0f1f,0x0f1f,0x0f1f,0x0f1f,0x0f1f,0x131f,0x131f,0x131f,0x131f,0x131f,0x131f,0x131f,0x171f,
	0x171f,0x171f,0x171f,0x171f,0x171f,0x171f,0x173f,0x1b3f,0x1b3f,0x1b3f,0x1b3f,0x1b3f,0x1b3f,0x1b3f,0x1b3f,0x1b3f,
	0x1f3f,0x1f3f,0x1f3f,0x1f3f,0x1f3f,0x1f3f,0x1f3f,0x1f3f,0x1f3f,0x1f3f,0x1f3f,0x1f3f,0x1f3f,0x233f,0x233f,0x233f,
	0x233f,0x235f,0x235f,0x235f,0x235f,0x235f,0x233f,0x233f,0x235f,0x235f,0x235f,0x235f,0x235f,0x235f,0x235f,0x235f,
	0x235f,0x235f,0x233f,0x1f3f,0x233f,0x1f1f,0x1afe,0x16dd,0x129c,0x129c,0x127c,0x0e5b,0x127c,0x169d,0x129c,0x129d,
	0x16de,0x16dd,0x16fe,0x1b1f,0x1b3f,0x1b3f,0x1b3f,0x1b3f,0x1b3f,0x1b3f,0x1b3f,0x1b3f,0x173f,0x171f,0x171f,0x171f,
	0x171f,0x171f,0x171f,0x131f,0x131f,0x131f,0x131f,0x131f,0x131f,0x131f,0x131f,0x0f1f,0x0f1f,0x0f1f,0x0f1f,0x0eff,
	0x0eff,0x0aff,0x0aff,0x0aff,0x0aff,0x0aff,0x0aff,0x0aff,0x063c,0x01f9,0x0edf,0x0b1f,0x0f1f,0x0f1f,0x0f1f,0x0f1f,
	0x131f,0x131f,0x131f,0x171f,0x171f,0x171f,0x173f,0x1b3f,0x1b3f,0x1b3f,0x1b3f,0x1b3f,0x1f3f,0x1f3f,0x1f3f,0x1f3f,
	0x235f,0x235f,0x235f,0x235f,0x275f,0x275f,0x275f,0x275f,0x2b5f,0x2b5f,0x2b7f,0x2b7f,0x2f7f,0x2f7f,0x2f7f,0x2f7f,
	0x2f7f,0x2f7f,0x2f7f,0x337f,0x337f,0x2f5f,0x2b5f,0x2b5f,0x2b5f,0x2b3f,0x2b3f,0x273e,0x271e,0x22fd,0x1efd,0x1efd,
	0x22fd,0x1efe,0x1edd,0x169c,0x129c,0x16bd,0x1abd,0x129c,0x0e7b,0x127c,0x169d,0x12bd,0x16de,0x1f1f,0x1f3f,0x1f3f,
	0x233f,0x233f,0x235f,0x1f3f,0x16fe,0x0e9c,0x123a,0x36bb,0x5f7d,0x7bff,0x7fff,0x7fff,0x7fff,0x7fff,0x7fff,0x7fff,
	0x7fff,0x7fff,0x7fff,0x7fff,0x7fff,0x7fff,0x73bf,0x36bb,0x09fa,0x067e,0x06bf,0x06bf,0x06bf,0x06bf,0x06bf,0x06df,
	0x06df,0x06df,0x06be,0x021b,0x023b,0x06be,0x06ff,0x06ff,0x06ff,0x0aff,0x0aff,0x06bd,0x0ade,0x0aff,0x0aff,0x0aff,
	0x0aff,0x0aff,0x0aff,0x0eff,0x0eff,0x0eff,0x0f1f,0x0f1f,0x0f1f,0x0f1f,0x131f,0x131f,0x131f,0x131f,0x131f,0x131f,
	0x131f,0x171f,0x171f,0x171f,0x171f,0x171f,0x171f,0x171f,0x171f,0x1b3f,0x1b3f,0x1b3f,0x1b3f,0x1b3f,0x1b3f,0x1b3f,
	0x1b3f,0x1b3f,0x1b3f,0x1b3f,0x1f3f,0x1f3f,0x1f3f,0x1f3f,0x1f3f,0x1f3f,0x1f3f,0x1f3f,0x1f3f,0x1f3f,0x1f3f,0x1f3f,
	0x1f3f,0x1f3f,0x1f3f,0x1f3f,0x1f3f,0x1f3f,0x1f3f,0x1f3f,0x1f3f,0x1f3f,0x1f3f,0x1f3f,0x1f3f,0x1f3f,0x1f3f,0x1f3f,
	0x1f3f,0x1f3f,0x1f3f,0x1f3f,0x1f3f,0x1f3f,0x1f3f,0x1f3f,0x1f3f,0x1f3f,0x1f3f,0x1f3f,0x1f3f,0x1b1f,0x16fe,0x16fe,
	0x16de,0x129d,0x12bd,0x16dd,0x1b1f,0x1b3f,0x1b3f,0x173f,0x173f,0x173f,0x171f,0x171f,0x171f,0x171f,0x171f,0x171f,
	0x131f,0x131f,0x131f,0x131f,0x131f,0x131f,0x131f,0x131f,0x131f,0x131f,0x0f1f,0x0f1f,0x0f1f,0x0f1f,0x0eff,0x0eff,
	0x0aff,0x0aff,0x0aff,0x0aff,0x0aff,0x0aff,0x0aff,0x0aff,0x061b,0x021a,0x0edf,0x0eff,0x0f1f,0x0f1f,0x0f1f,0x131f,
	0x131f,0x131f,0x131f,0x171f,0x171f,0x173f,0x173f,0x1b3f,0x1b3f,0x1b3f,0x1b3f,0x1f3f,0x1f3f,0x1f3f,0x1f3f,0x235f,
	0x235f,0x235f,0x235f,0x275f,0x275f,0x275f,0x275f,0x2b5f,0x2b5f,0x2b7f,0x2b7f,0x2f7f,0x2f7f,0x2f7f,0x2f7f,0x2f7f,
	0x337f,0x337f,0x337f,0x337f,0x337f,0x2f5e,0x22fd,0x22dd,0x22dd,0x26fe,0x22fd,0x22dd,0x22dd,0x1edc,0x1edc,0x1edd,
	0x22fe,0x231e,0x231e,0x231e,0x231e,0x233f,0x233f,0x235f,0x235f,0x235f,0x275f,0x275f,0x275f,0x2b5f,0x2f5f,0x2f5f,
	0x337f,0x337f,0x337f,0x337f,0x2f7f,0x2b5f,0x1f3f,0x0ebd,0x125b,0x329b,0x637e,0x7fff,0x7fff,0x7fff,0x7fff,0x7fff,
	0x7fff,0x7fff,0x7fff,0x7fff,0x7fff,0x7fff,0x7fff,0x7bff,0x4f1c,0x163a,0x023c,0x069f,0x06bf,0x06bf,0x06bf,0x06bf,
	0x06df,0x06df,0x06df,0x06bf,0x065d,0x063c,0x025c,0x067d,0x069e,0x06be,0x06df,0x06df,0x0aff,0x0aff,0x0aff,0x06ff,
	0x0adf,0x0ade,0x0ade,0x0eff,0x0eff,0x0aff,0x0eff,0x0f1f,0x0f1f,0x0f1f,0x0f1f,0x0f1f,0x131f,0x131f,0x131f,0x131f,
	0x131f,0x131f,0x131f,0x131f,0x131f,0x171f,0x171f,0x171f,0x171f,0x171f,0x171f,0x171f,0x171f,0x173f,0x1b3f,0x1b3f,
	0x1b3f,0x1b3f,0x1b3f,0x1b3f,0x1b3f,0x1b3f,0x1b3f,0x1b3f,0x1b3f,0x1f3f,0x1f3f,0x1f3f,0x1f3f,0x1f3f,0x1f3f,0x1f3f,
	0x1f3f,0x1f3f,0x1f3f,0x1f3f,0x1f3f,0x1f3f,0x1f3f,0x1f3f,0x1f3f,0x1f3f,0x1f3f,0x1f3f,0x1f3f,0x1f3f,0x1f3f,0x1f3f,
	0x1f3f,0x1f3f,0x1f3f,0x1f3f,0x1f3f,0x1f3f,0x1f3f,0x1b3f,0x1b3f,0x1b3f,0x1b3f,0x1b3f,0x1b3f,0x1b3f,0x1b3f,0x1b3f,
	0x1b3f,0x1b3f,0x1b3f,0x1b3f,0x171f,0x173f,0x171f,0x171f,0x171f,0x171f,0x171f,0x171f,0x171f,0x131f,0x131f,0x131f,
	0x131f,0x131f,0x131f,0x131f,0x131f,0x131f,0x131f,0x0f1f,0x0f1f,0x0f1f,0x0f1f,0x0f1f,0x0eff,0x0aff,0x0aff,0x0aff,
	0x0aff,0x0aff,0x0aff,0x0aff,0x0aff,0x0aff,0x0aff,0x0adf,0x021b,0x063b,0x0eff,0x0eff,0x0f1f,0x0f1f,0x0f1f,0x131f,
	0x131f,0x131f,0x131f,0x171f,0x171f,0x173f,0x173f,0x1b3f,0x1b3f,0x1b3f,0x1f3f,0x1f3f,0x1f3f,0x1f3f,0x235f,0x235f,
	0x235f,0x235f,0x275f,0x275f,0x275f,0x275f,0x2b5f,0x2b5f,0x2b7f,0x2b7f,0x2f7f,0x2f7f,0x2f7f,0x2f7f,0x337f,0x337f,
	0x337f,0x337f,0x379f,0x379f,0x379f,0x379f,0x379f,0x379f,0x379f,0x377f,0x337f,0x337f,0x337f,0x337f,0x2f7f,0x2f7f,
	0x2f7f,0x2f7f,0x2b7f,0x2b7f,0x2b5f,0x275f,0x275f,0x275f,0x2b5f,0x2b5f,0x2b5f,0x2f7f,0x337f,0x337f,0x377f,0x377f,
	0x377f,0x3b7f,0x3b9f,0x3f9f,0x3f9f,0x3f9f,0x3b9f,0x337f,0x1f1f,0x0a7c,0x1639,0x533c,0x7bff,0x7fff,0x7fff,0x7fff,
	0x7fff,0x7fff,0x7fff,0x7fff,0x7fff,0x7fff,0x7fff,0x7fff,0x7fff,0x5f7e,0x223a,0x021b,0x067e,0x06bf,0x06bf,0x06bf,
	0x02bf,0x06bf,0x06df,0x06df,0x06df,0x06df,0x069e,0x065d,0x063c,0x063c,0x023c,0x063c,0x065c,0x065c,0x065c,0x063c,
	0x023c,0x063c,0x065b,0x0a9d,0x0aff,0x0aff,0x0aff,0x0aff,0x0eff,0x0eff,0x0f1f,0x0f1f,0x0f1f,0x0f1f,0x131f,0x131f,
	0x131f,0x131f,0x131f,0x131f,0x131f,0x131f,0x131f,0x131f,0x171f,0x171f,0x171f,0x171f,0x171f,0x171f,0x171f,0x171f,
	0x171f,0x171f,0x173f,0x1b3f,0x1b3f,0x1b3f,0x1b3f,0x1b3f,0x1b3f,0x1b3f,0x1b3f,0x1b3f,0x1b3f,0x1b3f,0x1b3f,0x1b3f,
	0x1f3f,0x1f3f,0x1f3f,0x1f3f,0x1f3f,0x1f3f,0x1f3f,0x1f3f,0x1f3f,0x1f3f,0x1f3f,0x1f3f,0x1f3f,0x1f3f,0x1f3f,0x1b3f,
	0x1b3f,0x1b3f,0x1b3f,0x1b3f,0x1b3f,0x1b3f,0x1b3f,0x1b3f,0x1b3f,0x1b3f,0x1b3f,0x1b3f,0x1b3f,0x1b3f,0x1b3f,0x1b3f,
	0x1b1f,0x171f,0x171f,0x171f,0x171f,0x171f,0x171f,0x171f,0x171f,0x171f,0x171f,0x171f,0x131f,0x131f,0x131f,0x131f,
	0x131f,0x131f,0x131f,0x131f,0x0f1f,0x0f1f,0x0f1f,0x0f1f,0x0f1f,0x0eff,0x0eff,0x0eff,0x0aff,0x0aff,0x0aff,0x0aff,
	0x0aff,0x0aff,0x0aff,0x06ff,0x06ff,0x0aff,0x06ff,0x0adf,0x01fb,0x063b,0x0eff,0x0eff,0x0f1f,0x0f1f,0x131f,0x131f,
	0x131f,0x131f,0x131f,0x171f,0x171f,0x173f,0x1b3f,0x1b3f,0x1b3f,0x1b3f,0x1b3f,0x1f3f,0x1f3f,0x1f3f,0x235f,0x235f,
	0x235f,0x235f,0x275f,0x275f,0x275f,0x2b5f,0x2b5f,0x2b5f,0x2b7f,0x2b7f,0x2f7f,0x2f7f,0x2f7f,0x2f7f,0x337f,0x337f,
	0x337f,0x337f,0x379f,0x379f,0x379f,0x379f,0x379f,0x379f,0x379f,0x339f,0x337f,0x337f,0x337f,0x2f7f,0x2f7f,0x2f7f,
	0x2f7f,0x2b7f,0x2b5f,0x2b5f,0x2b5f,0x2b5f,0x2b5f,0x2f7f,0x337f,0x337f,0x377f,0x377f,0x377f,0x3b7f,0x3b9f,0x3f9f,
	0x3f9f,0x3f9f,0x439f,0x439f,0x43bf,0x47bf,0x4bbf,0x4bbf,0x3b9f,0x1b1f,0x0a7c,0x11f8,0x5f7d,0x7fff,0x7fff,0x7fff,
	0x7fff,0x7fff,0x7fff,0x7fff,0x7fff,0x7fff,0x7fff,0x7fff,0x7fff,0x7fff,0x73df,0x42dc,0x121b,0x063d,0x069f,0x06bf,
	0x06bf,0x06bf,0x06bf,0x06df,0x06df,0x06df,0x06df,0x06df,0x06df,0x06df,0x06df,0x06be,0x06be,0x06be,0x06de,0x06de,
	0x06de,0x0aff,0x0aff,0x0aff,0x0aff,0x0aff,0x0aff,0x0aff,0x0aff,0x0eff,0x0eff,0x0eff,0x0f1f,0x0f1f,0x0f1f,0x0f1f,
	0x131f,0x131f,0x131f,0x131f,0x131f,0x131f,0x131f,0x131f,0x131f,0x131f,0x171f,0x171f,0x171f,0x171f,0x171f,0x171f,
	0x171f,0x171f,0x171f,0x171f,0x171f,0x171f,0x171f,0x1b3f,0x1b3f,0x1b3f,0x1b3f,0x1b3f,0x1b3f,0x1b3f,0x1b3f,0x1b3f,
	0x1b3f,0x1b3f,0x1b3f,0x1b3f,0x1b3f,0x1b3f,0x1b3f,0x1b3f,0x1b3f,0x1b3f,0x1b3f,0x1b3f,0x1b3f,0x1b3f,0x1b3f,0x1b3f,
	0x1b3f,0x1b3f,0x1b3f,0x1b3f,0x1b3f,0x1b3f,0x1b3f,0x1b3f,0x1b3f,0x1b3f,0x171f,0x171f,0x171f,0x171f,0x171f,0x171f,
	0x171f,0x171f,0x171f,0x171f,0x171f,0x171f,0x171f,0x171f,0x131f,0x131f,0x131f,0x131f,0x131f,0x131f,0x131f,0x131f,
	0x131f,0x131f,0x0f1f,0x0f1f,0x0f1f,0x0f1f,0x0f1f,0x0eff,0x0eff,0x0aff,0x0aff,0x0aff,0x0aff,0x0aff,0x0aff,0x0aff,
	0x0aff,0x0aff,0x06ff,0x06ff,0x06ff,0x06ff,0x06ff,0x06df,0x021b,0x021b,0x0aff,0x0f1f,0x0f1f,0x0f1f,0x131f,0x131f,
	0x131f,0x131f,0x131f,0x171f,0x171f,0x171f,0x1b3f,0x1b3f,0x1b3f,0x1b3f,0x1b3f,0x1f3f,0x1f3f,0x1f3f,0x1f3f,0x235f,
	0x235f,0x235f,0x275f,0x275f,0x275f,0x275f,0x275f,0x2b5f,0x2b5f,0x2b7f,0x2f7f,0x2f7f,0x2f7f,0x2f7f,0x337f,0x337f,
	0x337f,0x337f,0x337f,0x337f,0x379f,0x379f,0x379f,0x339f,0x337f,0x337f,0x337f,0x337f,0x2f7f,0x2f7f,0x2f7f,0x2f7f,
	0x2f7f,0x2f7f,0x2f7f,0x2f7f,0x337f,0x337f,0x337f,0x377f,0x377f,0x3b7f,0x3b9f,0x3b9f,0x3f9f,0x3f9f,0x439f,0x439f,
	0x479f,0x47bf,0x4bbf,0x4bbf,0x4bbf,0x4fbf,0x53bf,0x53df,0x47bf,0x1f3f,0x0ede,0x05d9,0x4afc,0x7fff,0x7fff,0x7fff,
	0x7fff,0x7fff,0x7fff,0x7fff,0x7fff,0x7fff,0x7fff,0x7fff,0x7fff,0x7fff,0x7fff,0x7fff,0x679e,0x329b,0x0e1b,0x065d,
	0x06bf,0x06bf,0x06bf,0x06bf,0x06bf,0x06df,0x06df,0x06df,0x06df,0x06df,0x06df,0x06df,0x06df,0x06ff,0x06ff,0x06ff,
	0x06ff,0x06ff,0x0aff,0x0aff,0x0aff,0x0aff,0x0aff,0x0aff,0x0aff,0x0aff,0x0aff,0x0eff,0x0aff,0x0eff,0x0eff,0x0f1f,
	0x0f1f,0x0f1f,0x0f1f,0x0f1f,0x0f1f,0x0f1f,0x131f,0x131f,0x131f,0x131f,0x131f,0x131f,0x131f,0x131f,0x131f,0x131f,
	0x131f,0x171f,0x171f,0x171f,0x171f,0x171f,0x171f,0x171f,0x171f,0x171f,0x171f,0x171f,0x171f,0x171f,0x171f,0x171f,
	0x173f,0x1b3f,0x1b3f,0x1b3f,0x1b3f,0x1b3f,0x1b3f,0x1b3f,0x1b3f,0x1b3f,0x1b3f,0x1b3f,0x1b3f,0x1b3f,0x1b3f,0x173f,
	0x173f,0x173f,0x173f,0x171f,0x171f,0x171f,0x171f,0x171f,0x171f,0x171f,0x171f,0x171f,0x171f,0x171f,0x171f,0x171f,
	0x171f,0x171f,0x131f,0x131f,0x131f,0x131f,0x131f,0x131f,0x131f,0x131f,0x131f,0x131f,0x131f,0x131f,0x0f1f,0x0f1f,
	0x0f1f,0x0f1f,0x0f1f,0x0f1f,0x0eff,0x0eff,0x0eff,0x0aff,0x0aff,0x0aff,0x0aff,0x0aff,0x0aff,0x0aff,0x0aff,0x0aff,
	0x06ff,0x06ff,0x06ff,0x06ff,0x06ff,0x06ff,0x06ff,0x06df,0x023c,0x01fa,0x0edf,0x0eff,0x0f1f,0x0eff,0x12ff,0x131f,
	0x131f,0x131f,0x131f,0x131f,0x171f,0x171f,0x173f,0x1b3f,0x1b3f,0x1b3f,0x1b3f,0x1f3f,0x1f3f,0x1f3f,0x1f3f,0x233f,
	0x235f,0x235f,0x235f,0x275f,0x275f,0x275f,0x275f,0x2b5f,0x2b5f,0x2b5f,0x2b7f,0x2b7f,0x2f7f,0x2f7f,0x2f7f,0x2f7f,
	0x2f7f,0x337f,0x337f,0x337f,0x337f,0x337f,0x337f,0x337f,0x337f,0x337f,0x2f7f,0x2f7f,0x2f7f,0x2f7f,0x2f7f,0x337f,
	0x337f,0x377f,0x377f,0x377f,0x3b7f,0x3b7f,0x3b9f,0x3f9f,0x3f9f,0x439f,0x439f,0x439f,0x47bf,0x47bf,0x4bbf,0x4bbf,
	0x4fbf,0x4fbf,0x53df,0x53df,0x53df,0x53df,0x53df,0x53df,0x3b9f,0x1b1f,0x0e9d,0x0dd9,0x5b3d,0x7fff,0x7fff,0x7fff,
	0x7fff,0x7fff,0x7fff,0x7fff,0x7fff,0x7fff,0x7fff,0x7fff,0x7fff,0x7fff,0x7fff,0x7fff,0x7fff,0x7bff,0x573d,0x225a,
	0x0a3b,0x027e,0x06bf,0x06bf,0x06bf,0x06bf,0x06bf,0x06df,0x06df,0x06df,0x06df,0x06df,0x06df,0x06df,0x06df,0x06ff,
	0x06ff,0x06ff,0x06ff,0x06ff,0x06ff,0x06ff,0x0aff,0x0aff,0x0aff,0x0aff,0x0aff,0x0aff,0x0aff,0x0aff,0x0aff,0x0eff,
	0x0eff,0x0f1f,0x0f1f,0x0f1f,0x0f1f,0x0f1f,0x0f1f,0x0f1f,0x131f,0x131f,0x131f,0x131f,0x131f,0x131f,0x131f,0x131f,
	0x131f,0x131f,0x131f,0x131f,0x171f,0x171f,0x171f,0x171f,0x171f,0x171f,0x171f,0x171f,0x171f,0x171f,0x171f,0x171f,
	0x171f,0x171f,0x171f,0x171f,0x171f,0x171f,0x171f,0x171f,0x171f,0x171f,0x171f,0x171f,0x171f,0x171f,0x171f,0x171f,
	0x171f,0x171f,0x171f,0x171f,0x171f,0x171f,0x171f,0x171f,0x171f,0x171f,0x171f,0x171f,0x171f,0x171f,0x131f,0x131f,
	0x131f,0x131f,0x131f,0x131f,0x131f,0x131f,0x131f,0x131f,0x131f,0x131f,0x131f,0x0f1f,0x0f1f,0x0f1f,0x0f1f,0x0f1f,
	0x0f1f,0x0f1f,0x0eff,0x0eff,0x0aff,0x0aff,0x0aff,0x0aff,0x0aff,0x0aff,0x0aff,0x0aff,0x0aff,0x0aff,0x06ff,0x06ff,
	0x06ff,0x06ff,0x06ff,0x06ff,0x06df,0x06df,0x06df,0x06df,0x065d,0x01d9,0x0ebe,0x0aff,0x0b1f,0x0eff,0x0f1f,0x0f1f,
	0x131f,0x131f,0x131f,0x131f,0x171f,0x171f,0x171f,0x173f,0x1b3f,0x1b3f,0x1b3f,0x1b3f,0x1f3f,0x1f3f,0x1f3f,0x1f3f,
	0x233f,0x235f,0x235f,0x235f,0x275f,0x275f,0x275f,0x275f,0x2b5f,0x2b5f,0x2b5f,0x2b5f,0x2b7f,0x2b7f,0x2f7f,0x2f7f,
	0x2f7f,0x2f7f,0x2f7f,0x2f7f,0x2f7f,0x2f7f,0x2f7f,0x2f7f,0x2f7f,0x2f7f,0x2f7f,0x337f,0x337f,0x337f,0x377f,0x377f,
	0x3b7f,0x3b7f,0x3b9f,0x3f9f,0x3f9f,0x3f9f,0x439f,0x439f,0x479f,0x47bf,0x4bbf,0x4bbf,0x4fbf,0x4fbf,0x4fdf,0x53df,
	0x53df,0x53df,0x53df,0x53df,0x53df,0x53df,0x53df,0x3f9f,0x1f3e,0x12be,0x0a1a,0x36bb,0x77ff,0x7fff,0x7fff,0x7fff,
	0x7fff,0x7fff,0x7fff,0x7fff,0x7fff,0x7fff,0x7fff,0x7fff,0x7fff,0x7fff,0x7fff,0x7fff,0x7fff,0x7fff,0x7fff,0x77df,
	0x533c,0x267b,0x0a3c,0x067e,0x06bf,0x06bf,0x06bf,0x06bf,0x06bf,0x06df,0x06df,0x06df,0x06df,0x06df,0x06df,0x06df,
	0x06df,0x06ff,0x06ff,0x06ff,0x06ff,0x06ff,0x06ff,0x06ff,0x0aff,0x0aff,0x0aff,0x0aff,0x0aff,0x0aff,0x0aff,0x0aff,
	0x0aff,0x0aff,0x0aff,0x0eff,0x0eff,0x0eff,0x0f1f,0x0f1f,0x0f1f,0x0f1f,0x0f1f,0x0f1f,0x131f,0x131f,0x131f,0x131f,
	0x131f,0x131f,0x131f,0x131f,0x131f,0x131f,0x131f,0x131f,0x131f,0x131f,0x131f,0x131f,0x131f,0x171f,0x171f,0x171f,
	0x171f,0x171f,0x171f,0x171f,0x171f,0x171f,0x171f,0x171f,0x171f,0x171f,0x171f,0x171f,0x171f,0x171f,0x171f,0x171f,
	0x171f,0x171f,0x171f,0x171f,0x171f,0x171f,0x131f,0x131f,0x131f,0x131f,0x131f,0x131f,0x131f,0x131f,0x131f,0x131f,
	0x131f,0x131f,0x131f,0x131f,0x131f,0x131f,0x0f1f,0x0f1f,0x0f1f,0x0f1f,0x0f1f,0x0f1f,0x0f1f,0x0eff,0x0eff,0x0eff,
	0x0aff,0x0aff,0x0aff,0x0aff,0x0aff,0x0aff,0x0aff,0x0aff,0x0aff,0x0aff,0x0aff,0x06ff,0x06ff,0x06ff,0x06ff,0x06ff,
	0x06ff,0x06df,0x06df,0x06df,0x06df,0x06df,0x06df,0x06df,0x0a9f,0x01da,0x0a5d,0x0aff,0x0b1f,0x0eff,0x0f1f,0x0f1f,
	0x131f,0x131f,0x131f,0x131f,0x131f,0x171f,0x171f,0x173f,0x173f,0x1b3f,0x1b3f,0x1b3f,0x1b3f,0x1f3f,0x1f3f,0x1f3f,
	0x1f3f,0x1f5f,0x235f,0x235f,0x235f,0x275f,0x275f,0x275f,0x275f,0x275f,0x275f,0x2b5f,0x2b5f,0x2b5f,0x2b5f,0x2b7f,
	0x2b7f,0x2b7f,0x2b7f,0x2b7f,0x2f7f,0x2f7f,0x2f7f,0x337f,0x337f,0x377f,0x377f,0x377f,0x3b7f,0x3b9f,0x3b9f,0x3f9f,
	0x3f9f,0x439f,0x439f,0x479f,0x47bf,0x47bf,0x4bbf,0x4bbf,0x4fbf,0x4fbf,0x53bf,0x53df,0x53df,0x53df,0x53df,0x53df,
	0x53df,0x53df,0x53df,0x53df,0x53df,0x47bf,0x335f,0x1afe,0x0e7c,0x1a3a,0x4b1c,0x77df,0x7fff,0x7fff,0x7fff,0x7fff,
	0x7fff,0x7fff,0x7fff,0x7fff,0x7fff,0x7fff,0x7fff,0x7fff,0x7fff,0x7fff,0x7fff,0x7fff,0x7fff,0x7fff,0x7fff,0x7fff,
	0x7fff,0x77df,0x5b5d,0x2e9b,0x0e3b,0x025d,0x069f,0x06bf,0x06bf,0x06bf,0x06bf,0x06df,0x06df,0x06df,0x06df,0x06df,
	0x06df,0x06df,0x06df,0x06df,0x06ff,0x06ff,0x06ff,0x06ff,0x06ff,0x06ff,0x0aff,0x0aff,0x0aff,0x0aff,0x0aff,0x0aff,
	0x0aff,0x0aff,0x0aff,0x0aff,0x0aff,0x0aff,0x0eff,0x0eff,0x0eff,0x0eff,0x0f1f,0x0f1f,0x0f1f,0x0f1f,0x0f1f,0x0f1f,
	0x0f1f,0x0f1f,0x0f1f,0x131f,0x131f,0x131f,0x131f,0x131f,0x131f,0x131f,0x131f,0x131f,0x131f,0x131f,0x131f,0x131f,
	0x131f,0x131f,0x131f,0x131f,0x131f,0x131f,0x131f,0x131f,0x131f,0x131f,0x131f,0x131f,0x131f,0x131f,0x131f,0x131f,
	0x131f,0x131f,0x131f,0x131f,0x131f,0x131f,0x131f,0x131f,0x131f,0x131f,0x131f,0x131f,0x131f,0x131f,0x131f,0x131f,
	0x131f,0x0f1f,0x0f1f,0x0f1f,0x0f1f,0x0f1f,0x0f1f,0x0f1f,0x0f1f,0x0eff,0x0eff,0x0eff,0x0aff,0x0aff,0x0aff,0x0aff,
	0x0aff,0x0aff,0x0aff,0x0aff,0x0aff,0x0aff,0x0aff,0x0aff,0x06ff,0x06ff,0x06ff,0x06ff,0x06ff,0x06ff,0x06df,0x06df,
	0x06df,0x06df,0x06df,0x02df,0x02df,0x06df,0x06df,0x06bf,0x06bf,0x021b,0x01fa,0x0adf,0x0aff,0x0eff,0x0eff,0x0f1f,
	0x0f1f,0x131f,0x131f,0x131f,0x131f,0x131f,0x171f,0x171f,0x173f,0x173f,0x1b3f,0x1b3f,0x1b3f,0x1b3f,0x1f3f,0x1f3f,
	0x1f3f,0x1f3f,0x1f3f,0x1f3f,0x235f,0x235f,0x235f,0x235f,0x275f,0x275f,0x275f,0x275f,0x275f,0x275f,0x2b5f,0x2b5f,
	0x275f,0x2b5f,0x2b5f,0x2f5f,0x337f,0x377f,0x377f,0x377f,0x3b7f,0x3b9f,0x3f9f,0x3f9f,0x3f9f,0x439f,0x439f,0x47bf,
	0x47bf,0x4bbf,0x4bbf,0x4bbf,0x4fbf,0x53df,0x53df,0x53df,0x53df,0x53df,0x53df,0x53df,0x53df,0x53df,0x53df,0x53df,
	0x53df,0x53df,0x4bbf,0x3f9f,0x2b3e,0x16bd,0x0a5c,0x0a3c,0x0a1a,0x2a7b,0x5b5e,0x77df,0x7fff,0x7fff,0x7fff,0x7fff,
	0x7fff,0x7fff,0x7fff,0x7fff,0x7fff,0x7fff,0x7fff,0x7fff,0x7fff,0x7fff,0x7fff,0x7fff,0x7fff,0x7fff,0x7fff,0x7fff,
	0x7fff,0x7fff,0x7fff,0x7bff,0x5b5d,0x2e7a,0x0e3b,0x065d,0x069f,0x06bf,0x06bf,0x06bf,0x06bf,0x06bf,0x06df,0x06df,
	0x06df,0x06df,0x06df,0x06df,0x06df,0x06df,0x06df,0x06ff,0x06ff,0x06ff,0x06ff,0x06ff,0x06ff,0x06ff,0x06ff,0x0aff,
	0x0aff,0x0aff,0x0aff,0x0aff,0x0aff,0x0aff,0x0aff,0x0aff,0x0aff,0x0aff,0x0aff,0x0aff,0x0eff,0x0eff,0x0eff,0x0eff,
	0x0f1f,0x0f1f,0x0f1f,0x0f1f,0x0f1f,0x0f1f,0x0f1f,0x0f1f,0x0f1f,0x0f1f,0x0f1f,0x0f1f,0x131f,0x131f,0x131f,0x131f,
	0x131f,0x131f,0x131f,0x131f,0x131f,0x131f,0x131f,0x131f,0x131f,0x131f,0x131f,0x131f,0x131f,0x131f,0x131f,0x131f,
	0x131f,0x131f,0x131f,0x131f,0x131f,0x131f,0x131f,0x0f1f,0x0f1f,0x0f1f,0x0f1f,0x0f1f,0x0f1f,0x0f1f,0x0f1f,0x0f1f,
	0x0f1f,0x0f1f,0x0eff,0x0eff,0x0eff,0x0eff,0x0eff,0x0eff,0x0aff,0x0aff,0x0aff,0x0aff,0x0aff,0x0aff,0x0aff,0x0aff,
	0x0aff,0x0aff,0x0aff,0x0aff,0x06ff,0x06ff,0x06ff,0x06ff,0x06ff,0x06ff,0x06ff,0x06ff,0x06df,0x06df,0x06df,0x06df,
	0x06df,0x06df,0x06df,0x06df,0x06df,0x06bf,0x06bf,0x06bf,0x06bf,0x067e,0x01da,0x067c,0x0aff,0x0aff,0x0eff,0x0eff,
	0x0f1f,0x0f1f,0x0f1f,0x131f,0x131f,0x131f,0x131f,0x171f,0x171f,0x171f,0x171f,0x173f,0x1b3f,0x1b3f,0x1b3f,0x1b3f,
	0x1b3f,0x1f3f,0x1f3f,0x1f3f,0x1f3f,0x1f3f,0x233f,0x235f,0x235f,0x235f,0x235f,0x275f,0x275f,0x275f,0x275f,0x275f,
	0x275f,0x275f,0x2f5f,0x377f,0x3b7f,0x3b9f,0x3b9f,0x3f9f,0x3f9f,0x439f,0x439f,0x47bf,0x47bf,0x4bbf,0x4bbf,0x4fbf,
	0x4fbf,0x53bf,0x53df,0x53df,0x53df,0x53df,0x53df,0x53df,0x53df,0x53df,0x53df,0x53df,0x53df,0x53df,0x4fdf,0x47bf,
	0x3f7f,0x2f3e,0x1add,0x0e7c,0x063b,0x0a5c,0x0ebe,0x0eff,0x0eff,0x0ebe,0x0e3b,0x267a,0x5b5d,0x7bff,0x7fff,0x7fff,
	0x7fff,0x7fff,0x7fff,0x7fff,0x7fff,0x7fff,0x7fff,0x7fff,0x7fff,0x7fff,0x7fff,0x7fff,0x7fff,0x7fff,0x7fff,0x7fff,
	0x7fff,0x7fff,0x7fff,0x7fff,0x7fff,0x7bff,0x677e,0x42dc,0x1e5b,0x0a3c,0x027e,0x069f,0x06bf,0x06bf,0x06bf,0x06bf,
	0x06df,0x06df,0x06df,0x06df,0x06df,0x06df,0x06df,0x06df,0x06df,0x06df,0x06df,0x06ff,0x06ff,0x06ff,0x06ff,0x06ff,
	0x06ff,0x06ff,0x0aff,0x0aff,0x0aff,0x0aff,0x0aff,0x0aff,0x0aff,0x0aff,0x0aff,0x0aff,0x0aff,0x0aff,0x0aff,0x0aff,
	0x0aff,0x0aff,0x0eff,0x0eff,0x0eff,0x0f1f,0x0eff,0x0eff,0x0f1f,0x0f1f,0x0f1f,0x0f1f,0x0f1f,0x0f1f,0x0f1f,0x0f1f,
	0x0f1f,0x0f1f,0x0f1f,0x0f1f,0x0f1f,0x0f1f,0x0f1f,0x0f1f,0x0f1f,0x0f1f,0x0f1f,0x0f1f,0x0f1f,0x0f1f,0x0f1f,0x0f1f,
	0x0f1f,0x0f1f,0x0f1f,0x0f1f,0x0f1f,0x0f1f,0x0f1f,0x0f1f,0x0f1f,0x0f1f,0x0f1f,0x0f1f,0x0f1f,0x0eff,0x0eff,0x0eff,
	0x0eff,0x0aff,0x0aff,0x0aff,0x0aff,0x0aff,0x0aff,0x0aff,0x0aff,0x0aff,0x0aff,0x0aff,0x0aff,0x0aff,0x0aff,0x0aff,
	0x0aff,0x06ff,0x06ff,0x06ff,0x06ff,0x06ff,0x06ff,0x06ff,0x06df,0x06df,0x06df,0x06df,0x06df,0x06df,0x06df,0x06df,
	0x06df,0x06df,0x06df,0x06bf,0x06bf,0x06bf,0x06bf,0x069f,0x065d,0x0e3c,0x1a3b,0x05f9,0x069e,0x0eff,0x0aff,0x0eff,
	0x0aff,0x0eff,0x0f1f,0x0f1f,0x131f,0x131f,0x131f,0x131f,0x131f,0x171f,0x171f,0x171f,0x173f,0x1b3f,0x1b3f,0x1b3f,
	0x1b3f,0x1b3f,0x1b3f,0x1b3f,0x1f3f,0x1f3f,0x1f3f,0x1f3f,0x1f3f,0x1f5f,0x235f,0x235f,0x235f,0x235f,0x235f,0x235f,
	0x235f,0x275f,0x2f5f,0x379f,0x3f9f,0x439f,0x439f,0x47bf,0x4bbf,0x4bbf,0x4fbf,0x4fbf,0x4fdf,0x53df,0x53df,0x53df,
	0x53df,0x53df,0x53df,0x53df,0x4fdf,0x53df,0x4fdf,0x4fbf,0x4bbf,0x47bf,0x439f,0x3b7f,0x333e,0x26fd,0x1abd,0x127c,
	0x0e7c,0x0a7c,0x0e9d,0x12bd,0x12fe,0x131f,0x131f,0x171f,0x171f,0x171f,0x131f,0x0abd,0x0e3b,0x329b,0x679e,0x7fff,
	0x7fff,0x7fff,0x7fff,0x7fff,0x7fff,0x7fff,0x7fff,0x7fff,0x7fff,0x7fff,0x7fff,0x7fff,0x7fff,0x7fff,0x7fff,0x7fff,
	0x7fff,0x7fff,0x7fff,0x7fff,0x7fff,0x7fff,0x7fff,0x7fff,0x73df,0x5b5d,0x3abc,0x1e5b,0x0a3c,0x027e,0x069f,0x06bf,
	0x06bf,0x06bf,0x06bf,0x06bf,0x06df,0x06df,0x06df,0x06df,0x06df,0x06df,0x06df,0x06df,0x06df,0x06df,0x06ff,0x06ff,
	0x06ff,0x06ff,0x06ff,0x06ff,0x06ff,0x06ff,0x06ff,0x06ff,0x0aff,0x0aff,0x0aff,0x0aff,0x0aff,0x0aff,0x0aff,0x0aff,
	0x0aff,0x0aff,0x0aff,0x0aff,0x0aff,0x0aff,0x0aff,0x0aff,0x0aff,0x0aff,0x0aff,0x0aff,0x0eff,0x0eff,0x0eff,0x0eff,
	0x0eff,0x0eff,0x0eff,0x0eff,0x0eff,0x0eff,0x0eff,0x0eff,0x0eff,0x0eff,0x0eff,0x0eff,0x0eff,0x0eff,0x0eff,0x0eff,
	0x0eff,0x0eff,0x0eff,0x0eff,0x0eff,0x0eff,0x0eff,0x0aff,0x0aff,0x0aff,0x0aff,0x0aff,0x0aff,0x0aff,0x0aff,0x0aff,
	0x0aff,0x0aff,0x0aff,0x0aff,0x0aff,0x0aff,0x0aff,0x0aff,0x0aff,0x0aff,0x0aff,0x0aff,0x06ff,0x06ff,0x06ff,0x06ff,
	0x06ff,0x06ff,0x06ff,0x06ff,0x06ff,0x06df,0x06df,0x06df,0x06df,0x06df,0x06df,0x06df,0x06df,0x06df,0x06df,0x06bf,
	0x06bf,0x06bf,0x06bf,0x06bf,0x069f,0x025e,0x0a3c,0x227b,0x3edc,0x5f7e,0x6fdf,0x3abb,0x09fa,0x0abe,0x0aff,0x0aff,
	0x0aff,0x0aff,0x0eff,0x0f1f,0x0f1f,0x131f,0x131f,0x131f,0x131f,0x131f,0x131f,0x171f,0x171f,0x171f,0x173f,0x173f,
	0x173f,0x1b3f,0x1b3f,0x1b3f,0x1b3f,0x1b3f,0x1f3f,0x1f3f,0x1f3f,0x1f3f,0x1f3f,0x1f3f,0x1f3f,0x1f3f,0x1f3f,0x1f5f,
	0x1f5f,0x235f,0x235f,0x275f,0x2f7f,0x337f,0x3b9f,0x3b9f,0x3f9f,0x439f,0x43bf,0x43bf,0x439f,0x439f,0x439f,0x3f9f,
	0x3f9f,0x3b9f,0x377f,0x335f,0x2b3e,0x2b3e,0x22fe,0x1add,0x1abd,0x129c,0x127c,0x0e7c,0x0e7c,0x0ebd,0x0ebd,0x12de,
	0x12ff,0x131f,0x171f,0x171f,0x1b3f,0x1b3f,0x1f3f,0x233f,0x275f,0x275f,0x2b5f,0x235f,0x12fe,0x065c,0x1a3a,0x575d,
	0x7fff,0x7fff,0x7fff,0x7fff,0x7fff,0x7fff,0x7fff,0x7fff,0x7fff,0x7fff,0x7fff,0x7fff,0x7fff,0x7fff,0x7fff,0x7fff,
	0x7fff,0x7fff,0x7fff,0x7fff,0x7fff,0x7fff,0x7fff,0x7fff,0x7fff,0x7fff,0x7fff,0x6fbf,0x4f1d,0x2a7b,0x123b,0x065c,
	0x027e,0x029f,0x06bf,0x06bf,0x06bf,0x06bf,0x06df,0x06df,0x06df,0x06df,0x06df,0x06df,0x06df,0x06df,0x06df,0x06df,
	0x06df,0x06df,0x06df,0x06ff,0x06ff,0x06ff,0x06ff,0x06ff,0x06ff,0x06ff,0x0aff,0x0aff,0x0aff,0x0aff,0x0aff,0x0aff,
	0x0aff,0x0aff,0x0aff,0x0aff,0x0aff,0x0aff,0x0aff,0x0aff,0x0aff,0x0aff,0x0aff,0x0aff,0x0aff,0x0aff,0x0aff,0x0aff,
	0x0aff,0x0aff,0x0aff,0x0aff,0x0aff,0x0aff,0x0aff,0x0aff,0x0aff,0x0aff,0x0aff,0x0aff,0x0aff,0x0aff,0x0aff,0x0aff,
	0x0aff,0x0aff,0x0aff,0x0aff,0x0aff,0x0aff,0x0aff,0x0aff,0x0aff,0x0aff,0x0aff,0x0aff,0x0aff,0x0aff,0x0aff,0x0aff,
	0x0aff,0x0aff,0x0aff,0x0aff,0x0aff,0x0aff,0x06ff,0x06ff,0x06ff,0x06ff,0x06ff,0x06ff,0x06ff,0x06ff,0x06ff,0x06ff,
	0x06ff,0x06df,0x06df,0x06df,0x06df,0x06df,0x06df,0x06df,0x06df,0x06df,0x06df,0x06df,0x06bf,0x06bf,0x06bf,0x06bf,
	0x06bf,0x069f,0x067e,0x0a5d,0x163b,0x2e9b,0x573d,0x77df,0x7fff,0x7fff,0x7fff,0x73df,0x329b,0x05fa,0x06be,0x0aff,
	0x0aff,0x0aff,0x0aff,0x0eff,0x0f1f,0x0f1f,0x0f1f,0x131f,0x131f,0x131f,0x131f,0x131f,0x131f,0x171f,0x171f,0x171f,
	0x171f,0x173f,0x173f,0x173f,0x1b3f,0x1b3f,0x1b3f,0x1b3f,0x1b3f,0x1b3f,0x1b3f,0x1f3f,0x1f3f,0x1f3f,0x1b3f,0x1b1e,
	0x1afe,0x1afe,0x1afe,0x1afe,0x1afe,0x1afe,0x1afe,0x1afe,0x1afe,0x1afe,0x1afe,0x1afe,0x1afe,0x16dd,0x12bc,0x16bc,
	0x16bd,0x16bd,0x127c,0x0a5b,0x0a5b,0x0e7c,0x0e7c,0x0e9d,0x12de,0x16fe,0x171e,0x171f,0x171f,0x171f,0x171f,0x171f,
	0x171f,0x1b1f,0x1b3f,0x1f3f,0x233f,0x275f,0x2b5f,0x2b5f,0x2f5f,0x337f,0x377f,0x377f,0x2b7f,0x12ff,0x063b,0x1a18,
	0x7fff,0x7fff,0x7fff,0x7fff,0x7fff,0x7fff,0x7fff,0x7fff,0x7fff,0x7fff,0x7fff,0x7fff,0x7fff,0x7fff,0x7fff,0x7fff,
	0x7fff,0x7fff,0x7fff,0x7fff,0x7fff,0x7fff,0x7fff,0x7fff,0x7fff,0x7fff,0x7fff,0x7fff,0x7fff,0x7bff,0x6b9e,0x533c,
	0x32bc,0x1a5c,0x0a5d,0x027e,0x029f,0x06bf,0x06bf,0x06bf,0x06bf,0x06bf,0x06bf,0x06df,0x06df,0x06df,0x06df,0x06df,
	0x06df,0x06df,0x06df,0x06df,0x06df,0x06df,0x06df,0x06df,0x06ff,0x06ff,0x06ff,0x06ff,0x06ff,0x06ff,0x06ff,0x06ff,
	0x06ff,0x06ff,0x0aff,0x0aff,0x0aff,0x0aff,0x0aff,0x0aff,0x0aff,0x0aff,0x0aff,0x0aff,0x0aff,0x0aff,0x0aff,0x0aff,
	0x0aff,0x0aff,0x0aff,0x0aff,0x0aff,0x0aff,0x0aff,0x0aff,0x0aff,0x0aff,0x0aff,0x0aff,0x0aff,0x0aff,0x0aff,0x0aff,
	0x0aff,0x0aff,0x0aff,0x0aff,0x0aff,0x0aff,0x0aff,0x0aff,0x0aff,0x0aff,0x0aff,0x0aff,0x0aff,0x06ff,0x06ff,0x06ff,
	0x06ff,0x06ff,0x06ff,0x06ff,0x06ff,0x06ff,0x06ff,0x06ff,0x06ff,0x06ff,0x06ff,0x06ff,0x06ff,0x06df,0x06df,0x06df,
	0x06df,0x06df,0x06df,0x06df,0x06df,0x06df,0x06df,0x06df,0x06df,0x06bf,0x06bf,0x06bf,0x06bf,0x06bf,0x069e,0x067d,
	0x0e5c,0x1e7c,0x3abc,0x573d,0x6fbe,0x7fff,0x7fff,0x7fff,0x7fff,0x7fff,0x7fff,0x7fff,0x77df,0x3edb,0x0e1a,0x069d,
	0x0aff,0x0aff,0x0aff,0x0aff,0x0aff,0x0eff,0x0f1f,0x0f1f,0x0f1f,0x0f1f,0x131f,0x131f,0x131f,0x131f,0x131f,0x131f,
	0x171f,0x171f,0x171f,0x171f,0x171f,0x173f,0x173f,0x1b3f,0x1b3f,0x1b3f,0x1b3f,0x1b3f,0x1b3f,0x1b3f,0x1b1f,0x12bc,
	0x0e9c,0x129c,0x129c,0x129c,0x129c,0x0e9c,0x0e7c,0x0e7c,0x0e7c,0x0e9c,0x12bd,0x16de,0x16de,0x16de,0x12dd,0x12dd,
	0x16de,0x16fe,0x16fe,0x171e,0x171f,0x171f,0x171f,0x173f,0x171f,0x171f,0x171f,0x171f,0x171f,0x171f,0x1b3f,0x1b3f,
	0x1f3f,0x233f,0x273f,0x275f,0x2b5f,0x2f5f,0x337f,0x377f,0x377f,0x3b9f,0x3f9f,0x439f,0x43bf,0x273f,0x0a9e,0x01d9,
	0x7fff,0x7fff,0x7fff,0x7fff,0x7fff,0x7fff,0x7fff,0x7fff,0x7fff,0x7fff,0x7fff,0x7fff,0x7fff,0x7fff,0x7fff,0x7fff,
	0x7fff,0x7fff,0x7fff,0x7fff,0x7fff,0x7fff,0x7fff,0x7fff,0x7fff,0x7fff,0x7fff,0x7fff,0x7fff,0x7fff,0x7fff,0x7fff,
	0x7fff,0x73be,0x5f5e,0x42fc,0x269c,0x165c,0x0a5d,0x067e,0x029f,0x06bf,0x06bf,0x06bf,0x06bf,0x06bf,0x06bf,0x06df,
	0x06df,0x06df,0x06df,0x06df,0x06df,0x06df,0x06df,0x06df,0x06df,0x06df,0x06df,0x06df,0x06df,0x06ff,0x06ff,0x06ff,
	0x06ff,0x06ff,0x06ff,0x06ff,0x06ff,0x06ff,0x06ff,0x06ff,0x06ff,0x06ff,0x06ff,0x06ff,0x06ff,0x06ff,0x06ff,0x06ff,
	0x0aff,0x0aff,0x0aff,0x0aff,0x0aff,0x0aff,0x0aff,0x0aff,0x0aff,0x0aff,0x0aff,0x0aff,0x0aff,0x0aff,0x0aff,0x0aff,
	0x0aff,0x0aff,0x0aff,0x0aff,0x0aff,0x0aff,0x06ff,0x06ff,0x06ff,0x06ff,0x06ff,0x06ff,0x06ff,0x06ff,0x06ff,0x06ff,
	0x06ff,0x06ff,0x06ff,0x06ff,0x06ff,0x06df,0x06df,0x06df,0x06df,0x06df,0x06df,0x06df,0x06df,0x06df,0x06df,0x06df,
	0x06df,0x06df,0x06df,0x06bf,0x06bf,0x06bf,0x06bf,0x06bf,0x06bf,0x06bf,0x069f,0x067e,0x0a5c,0x1a5c,0x2e9c,0x46fd,
	0x637d,0x77df,0x7fff,0x7fff,0x7fff,0x7fff,0x7fff,0x7fff,0x7fff,0x7fff,0x7fff,0x7fff,0x7fff,0x7bff,0x573d,0x1e5a,
	0x065b,0x06df,0x0aff,0x0aff,0x06ff,0x0aff,0x0aff,0x0aff,0x0eff,0x0eff,0x0f1f,0x0f1f,0x131f,0x131f,0x131f,0x131f,
	0x131f,0x131f,0x131f,0x131f,0x171f,0x171f,0x171f,0x171f,0x171f,0x171f,0x171f,0x171f,0x173f,0x173f,0x173f,0x1b3f,
	0x1b3f,0x1b3f,0x1b3f,0x1b3f,0x1b3f,0x1b3f,0x1b3f,0x1b3f,0x1b3f,0x1b3f,0x1b3f,0x1b3f,0x1b3f,0x1b3f,0x1b3f,0x1b3f,
	0x173f,0x173f,0x171f,0x171f,0x131f,0x131f,0x171f,0x171f,0x171f,0x171f,0x171f,0x1b3f,0x1b3f,0x1f3f,0x233f,0x233f,
	0x275f,0x2b5f,0x2f5f,0x337f,0x337f,0x377f,0x3b9f,0x3f9f,0x439f,0x439f,0x47bf,0x4bbf,0x4fbf,0x2b5f,0x0a9e,0x01da,
	0x7fff,0x7fff,0x7fff,0x7fff,0x7fff,0x7fff,0x7fff,0x7fff,0x7fff,0x7fff,0x7fff,0x7fff,0x7fff,0x7fff,0x7fff,0x7fff,
	0x7fff,0x7fff,0x7fff,0x7fff,0x7fff,0x7fff,0x7fff,0x7fff,0x7fff,0x7fff,0x7fff,0x7fff,0x7fff,0x7fff,0x7fff,0x7fff,
	0x7fff,0x7fff,0x7fff,0x7fff,0x7bff,0x6fbe,0x5b5e,0x36bb,0x1a3b,0x0a3c,0x065d,0x027e,0x029f,0x06bf,0x06bf,0x06bf,
	0x06bf,0x06bf,0x06bf,0x06bf,0x06df,0x06df,0x06df,0x06df,0x06df,0x06df,0x06df,0x06df,0x06df,0x06df,0x06df,0x06df,
	0x06df,0x06df,0x06df,0x06df,0x06df,0x06df,0x06df,0x06ff,0x06ff,0x06ff,0x06ff,0x06ff,0x06ff,0x06ff,0x06ff,0x06ff,
	0x06ff,0x06ff,0x06ff,0x06ff,0x06ff,0x06ff,0x06ff,0x06ff,0x06ff,0x06ff,0x06ff,0x06ff,0x06ff,0x06ff,0x06ff,0x06ff,
	0x06ff,0x06ff,0x06ff,0x06ff,0x06ff,0x06ff,0x06ff,0x06ff,0x06ff,0x06ff,0x06ff,0x06df,0x06df,0x06df,0x06df,0x06df,
	0x06df,0x06df,0x06df,0x06df,0x06df,0x06df,0x06df,0x06df,0x06df,0x06df,0x06df,0x06df,0x06df,0x06df,0x06df,0x06bf,
	0x06bf,0x06bf,0x06bf,0x06bf,0x06bf,0x02bf,0x029f,0x067e,0x0a5d,0x0e3b,0x1e5b,0x36bb,0x5b5d,0x73be,0x7fff,0x7fff,
	0x7fff,0x7fff,0x7fff,0x7fff,0x7fff,0x7fff,0x7fff,0x7fff,0x7fff,0x7fff,0x7fff,0x7fff,0x7fff,0x7fff,0x7fff,0x6fbf,
	0x3adb,0x0e1a,0x069e,0x06ff,0x0aff,0x0aff,0x0aff,0x0aff,0x0aff,0x0aff,0x0aff,0x0eff,0x0eff,0x0f1f,0x0f1f,0x0f1f,
	0x0f1f,0x0f1f,0x131f,0x131f,0x131f,0x131f,0x131f,0x131f,0x131f,0x131f,0x171f,0x171f,0x171f,0x171f,0x171f,0x171f,
	0x171f,0x171f,0x171f,0x171f,0x171f,0x171f,0x171f,0x171f,0x171f,0x171f,0x171f,0x171f,0x171f,0x171f,0x171f,0x171f,
	0x171f,0x131f,0x131f,0x131f,0x131f,0x131f,0x171f,0x171f,0x1b1f,0x1b3f,0x1f3f,0x1f3f,0x233f,0x275f,0x2b5f,0x2b5f,
	0x2f7f,0x337f,0x377f,0x379f,0x3b9f,0x3f9f,0x439f,0x47bf,0x4bbf,0x4fbf,0x4fdf,0x53df,0x4bbf,0x1f1e,0x023c,0x0dd8,
	0x7fff,0x7fff,0x7fff,0x7fff,0x7fff,0x7fff,0x7fff,0x7fff,0x7fff,0x7fff,0x7fff,0x7fff,0x7fff,0x7fff,0x7fff,0x7fff,
	0x7fff,0x7fff,0x7fff,0x7fff,0x7fff,0x7fff,0x7fff,0x7fff,0x7fff,0x7fff,0x7fff,0x7fff,0x7fff,0x7fff,0x7fff,0x7fff,
	0x7fff,0x7fff,0x7fff,0x7fff,0x7fff,0x7fff,0x7fff,0x7fff,0x77df,0x679e,0x4f1c,0x3adc,0x269c,0x165c,0x0a5d,0x067e,
	0x069e,0x069f,0x02bf,0x06bf,0x06bf,0x06bf,0x06bf,0x06bf,0x06bf,0x06bf,0x06df,0x06df,0x06df,0x06df,0x06df,0x06df,
	0x06df,0x06df,0x06df,0x06df,0x06df,0x06df,0x06df,0x06df,0x06df,0x06df,0x06df,0x06df,0x06df,0x06df,0x06df,0x06df,
	0x06df,0x06df,0x06df,0x06df,0x06df,0x06df,0x06df,0x06df,0x06ff,0x06ff,0x06ff,0x06df,0x06df,0x06df,0x06df,0x06df,
	0x06df,0x06df,0x06df,0x06df,0x06df,0x06df,0x06df,0x06df,0x06df,0x06df,0x06df,0x06df,0x06df,0x06df,0x06df,0x06df,
	0x06df,0x06df,0x06df,0x06df,0x06df,0x06df,0x06df,0x06df,0x06df,0x06bf,0x06bf,0x06bf,0x06bf,0x06bf,0x06bf,0x06bf,
	0x06bf,0x069f,0x067e,0x067e,0x0e5d,0x167c,0x269c,0x3edc,0x533d,0x679e,0x77df,0x7fff,0x7fff,0x7fff,0x7fff,0x7fff,
	0x7fff,0x7fff,0x7fff,0x7fff,0x7fff,0x7fff,0x7fff,0x7fff,0x7fff,0x7fff,0x7fff,0x7fff,0x7fff,0x7fff,0x7fff,0x7fff,
	0x7bff,0x5b5d,0x2e9b,0x0e5b,0x069d,0x06df,0x06ff,0x0aff,0x0aff,0x0aff,0x0aff,0x0aff,0x0aff,0x0aff,0x0aff,0x0eff,
	0x0f1f,0x0f1f,0x0f1f,0x0f1f,0x0f1f,0x0f1f,0x131f,0x131f,0x131f,0x131f,0x131f,0x131f,0x131f,0x131f,0x131f,0x131f,
	0x131f,0x131f,0x131f,0x131f,0x131f,0x131f,0x131f,0x131f,0x131f,0x131f,0x131f,0x131f,0x131f,0x131f,0x131f,0x131f,
	0x131f,0x131f,0x131f,0x131f,0x171f,0x171f,0x1b3f,0x1f3f,0x1f3f,0x233f,0x235f,0x275f,0x2b5f,0x2f5f,0x337f,0x377f,
	0x3b7f,0x3b9f,0x3f9f,0x439f,0x47bf,0x47bf,0x4bbf,0x4fbf,0x53df,0x57df,0x5bff,0x47bf,0x231e,0x0a5c,0x1219,0x4f1c,
	0x7fff,0x7fff,0x7fff,0x7fff,0x7fff,0x7fff,0x7fff,0x7fff,0x7fff,0x7fff,0x7fff,0x7fff,0x7fff,0x7fff,0x7fff,0x7fff,
	0x7fff,0x7fff,0x7fff,0x7fff,0x7fff,0x7fff,0x7fff,0x7fff,0x7fff,0x7fff,0x7fff,0x7fff,0x7fff,0x7fff,0x7fff,0x7fff,
	0x7fff,0x7fff,0x7fff,0x7fff,0x7fff,0x7fff,0x7fff,0x7fff,0x7fff,0x7fff,0x7fff,0x7fff,0x7bff,0x6fbe,0x637e,0x4f1d,
	0x3adc,0x2a9b,0x1a7c,0x0e5c,0x0a5d,0x025d,0x069f,0x069f,0x069f,0x06bf,0x06bf,0x06bf,0x06bf,0x06bf,0x06bf,0x06bf,
	0x06bf,0x06df,0x06df,0x06df,0x06df,0x06df,0x06df,0x06df,0x06df,0x06df,0x06df,0x06df,0x06df,0x06df,0x06df,0x06df,
	0x06df,0x06df,0x06df,0x06df,0x06df,0x06df,0x06df,0x06df,0x06df,0x06df,0x06df,0x06df,0x06df,0x06df,0x06df,0x06df,
	0x06df,0x06df,0x06df,0x06df,0x06df,0x06df,0x06df,0x06df,0x06df,0x06df,0x06df,0x06df,0x06df,0x06df,0x06df,0x06df,
	0x06bf,0x06bf,0x06bf,0x06bf,0x06bf,0x06bf,0x06bf,0x06bf,0x06bf,0x02bf,0x02bf,0x069f,0x027e,0x067d,0x0a7d,0x125c,
	0x1e7c,0x2a9c,0x3efc,0x4f3d,0x637e,0x6fbe,0x7bff,0x7fff,0x7fff,0x7fff,0x7fff,0x7fff,0x7fff,0x7fff,0x7fff,0x7fff,
	0x7fff,0x7fff,0x7fff,0x7fff,0x7fff,0x7fff,0x7fff,0x7fff,0x7fff,0x7fff,0x7fff,0x7fff,0x7fff,0x7fff,0x7fff,0x7fff,
	0x7fff,0x7fff,0x7bff,0x637e,0x3edc,0x1a7b,0x0a7c,0x06be,0x06df,0x06ff,0x06ff,0x0aff,0x06ff,0x06ff,0x0aff,0x0aff,
	0x0aff,0x0aff,0x0aff,0x0aff,0x0eff,0x0eff,0x0eff,0x0f1f,0x0f1f,0x0f1f,0x0f1f,0x0f1f,0x0f1f,0x0f1f,0x0f1f,0x0f1f,
	0x0f1f,0x131f,0x131f,0x131f,0x131f,0x131f,0x0f1f,0x0f1f,0x0f1f,0x0f1f,0x0f1f,0x0f1f,0x0f1f,0x0f1f,0x0f1f,0x131f,
	0x131f,0x171f,0x171f,0x1b3f,0x1b3f,0x1f3f,0x233f,0x233f,0x275f,0x2b5f,0x2f5f,0x2f7f,0x337f,0x377f,0x3b9f,0x3f9f,
	0x439f,0x479f,0x47bf,0x4bbf,0x4fbf,0x53df,0x57df,0x5bff,0x5bff,0x4fbf,0x335e,0x12bd,0x0a3b,0x265a,0x5f5d,0x7bff,
	0x7fff,0x7fff,0x7fff,0x7fff,0x7fff,0x7fff,0x7fff,0x7fff,0x7fff,0x7fff,0x7fff,0x7fff,0x7fff,0x7fff,0x7fff,0x7fff,
	0x7fff,0x7fff,0x7fff,0x7fff,0x7fff,0x7fff,0x7fff,0x7fff,0x7fff,0x7fff,0x7fff,0x7fff,0x7fff,0x7fff,0x7fff,0x7fff,
	0x7fff,0x7fff,0x7fff,0x7fff,0x7fff,0x7fff,0x7fff,0x7fff,0x7fff,0x7fff,0x7fff,0x7fff,0x7fff,0x7fff,0x7fff,0x7fff,
	0x7fff,0x7bff,0x73be,0x6b9e,0x575d,0x3ebb,0x2e9c,0x1e5c,0x165c,0x0e7d,0x065d,0x067e,0x069e,0x069f,0x069f,0x06bf,
	0x06bf,0x06bf,0x06bf,0x06bf,0x06bf,0x06bf,0x06bf,0x06bf,0x06bf,0x06bf,0x06bf,0x06bf,0x06bf,0x06df,0x06df,0x06df,
	0x06df,0x06df,0x06df,0x06df,0x06df,0x06df,0x06df,0x06df,0x06df,0x06df,0x06df,0x06df,0x06df,0x06df,0x06df,0x06df,
	0x06df,0x06df,0x06df,0x06df,0x06df,0x06bf,0x06bf,0x06bf,0x06bf,0x06bf,0x06bf,0x06bf,0x06bf,0x06bf,0x06bf,0x06bf,
	0x06bf,0x06bf,0x06bf,0x06bf,0x069f,0x027e,0x067e,0x067e,0x0a7d,0x0e7d,0x165c,0x1e5c,0x2e9b,0x3edc,0x5b5d,0x6b9e,
	0x77df,0x7fff,0x7fff,0x7fff,0x7fff,0x7fff,0x7fff,0x7fff,0x7fff,0x7fff,0x7fff,0x7fff,0x7fff,0x7fff,0x7fff,0x7fff,
	0x7fff,0x7fff,0x7fff,0x7fff,0x7fff,0x7fff,0x7fff,0x7fff,0x7fff,0x7fff,0x7fff,0x7fff,0x7fff,0x7fff,0x7fff,0x7fff,
	0x7fff,0x7fff,0x7fff,0x7fff,0x7fff,0x73de,0x4f3c,0x2a7b,0x125b,0x067d,0x06be,0x06df,0x06ff,0x06ff,0x06ff,0x0aff,
	0x06ff,0x0aff,0x0aff,0x0aff,0x0aff,0x0aff,0x0aff,0x0aff,0x0aff,0x0aff,0x0aff,0x0eff,0x0eff,0x0eff,0x0eff,0x0eff,
	0x0eff,0x0eff,0x0f1f,0x0f1f,0x0f1f,0x0eff,0x0eff,0x0eff,0x0eff,0x0eff,0x0f1f,0x0f1f,0x131f,0x131f,0x171f,0x171f,
	0x1b3f,0x1b3f,0x1f3f,0x1f3f,0x233f,0x275f,0x2b5f,0x2b5f,0x2f7f,0x337f,0x377f,0x3b7f,0x3b9f,0x3f9f,0x439f,0x47bf,
	0x4bbf,0x4fbf,0x53df,0x57df,0x5bdf,0x5bff,0x57df,0x4bbf,0x2f3f,0x0e9d,0x0a3c,0x1e3a,0x4f1c,0x77df,0x7fff,0x7fff,
	0x7fff,0x7fff,0x7fff,0x7fff,0x7fff,0x7fff,0x7fff,0x7fff,0x7fff,0x7fff,0x7fff,0x7fff,0x7fff,0x7fff,0x7fff,0x7fff,
	0x7fff,0x7fff,0x7fff,0x7fff,0x7fff,0x7fff,0x7fff,0x7fff,0x7fff,0x7fff,0x7fff,0x7fff,0x7fff,0x7fff,0x7fff,0x7fff,
	0x7fff,0x7fff,0x7fff,0x7fff,0x7fff,0x7fff,0x7fff,0x7fff,0x7fff,0x7fff,0x7fff,0x7fff,0x7fff,0x7fff,0x7fff,0x7fff,
	0x7fff,0x7fff,0x7fff,0x7fff,0x7fff,0x7fff,0x7fff,0x77df,0x73be,0x679e,0x5b5d,0x4f3d,0x3efc,0x32bc,0x2ebd,0x1e7c,
	0x165c,0x167d,0x0e7d,0x0a5d,0x067d,0x067e,0x069e,0x067e,0x069f,0x029f,0x029f,0x02bf,0x06bf,0x06bf,0x06bf,0x06bf,
	0x06bf,0x06bf,0x06bf,0x06bf,0x06bf,0x06bf,0x06bf,0x06bf,0x06bf,0x06bf,0x06bf,0x06bf,0x06bf,0x06bf,0x06bf,0x06bf,
	0x06bf,0x06bf,0x06bf,0x06bf,0x06bf,0x06bf,0x06bf,0x06bf,0x029f,0x029f,0x029e,0x069e,0x069e,0x067e,0x065d,0x0a5d,
	0x0e7e,0x167d,0x165c,0x229c,0x2ebc,0x32bb,0x42fd,0x533d,0x5b5d,0x6b9e,0x73be,0x77df,0x7fff,0x7fff,0x7fff,0x7fff,
	0x7fff,0x7fff,0x7fff,0x7fff,0x7fff,0x7fff,0x7fff,0x7fff,0x7fff,0x7fff,0x7fff,0x7fff,0x7fff,0x7fff,0x7fff,0x7fff,
	0x7fff,0x7fff,0x7fff,0x7fff,0x7fff,0x7fff,0x7fff,0x7fff,0x7fff,0x7fff,0x7fff,0x7fff,0x7fff,0x7fff,0x7fff,0x7fff,
	0x7fff,0x7fff,0x7fff,0x7fff,0x7fff,0x7fff,0x7fff,0x7bff,0x6b9e,0x3abb,0x09d9,0x061c,0x065c,0x069d,0x06be,0x06df,
	0x06df,0x06ff,0x06ff,0x06ff,0x0aff,0x0aff,0x0aff,0x0aff,0x0aff,0x0aff,0x0aff,0x0aff,0x0aff,0x0aff,0x0aff,0x0aff,
	0x0aff,0x0aff,0x0aff,0x0aff,0x0aff,0x0aff,0x0aff,0x0eff,0x0f1f,0x131f,0x131f,0x171f,0x171f,0x1b1f,0x1b3f,0x1f3f,
	0x1f3f,0x233f,0x275f,0x275f,0x2b5f,0x2f5f,0x337f,0x337f,0x377f,0x3b9f,0x3f9f,0x439f,0x47bf,0x4bbf,0x4fbf,0x53df,
	0x53df,0x57df,0x57df,0x4fbf,0x3f7f,0x2b3e,0x1abd,0x125c,0x1e5b,0x36bc,0x575d,0x73df,0x7fff,0x7fff,0x7fff,0x7fff,
	0x7fff,0x7fff,0x7fff,0x7fff,0x7fff,0x7fff,0x7fff,0x7fff,0x7fff,0x7fff,0x7fff,0x7fff,0x7fff,0x7fff,0x7fff,0x7fff,
	0x7fff,0x7fff,0x7fff,0x7fff,0x7fff,0x7fff,0x7fff,0x7fff,0x7fff,0x7fff,0x7fff,0x7fff,0x7fff,0x7fff,0x7fff,0x7fff,
	0x7fff,0x7fff,0x7fff,0x7fff,0x7fff,0x7fff,0x7fff,0x7fff,0x7fff,0x7fff,0x7fff,0x7fff,0x7fff,0x7fff,0x7fff,0x7fff,
	0x7fff,0x7fff,0x7fff,0x7fff,0x7fff,0x7fff,0x7fff,0x7fff,0x7fff,0x7fff,0x7fff,0x7fff,0x7fff,0x7fff,0x7bff,0x77df,
	0x73bf,0x6fbf,0x679e,0x5f5d,0x575d,0x535e,0x471d,0x3adc,0x36bc,0x36dc,0x32dd,0x2abd,0x229c,0x1e7c,0x1a5c,0x1a7c,
	0x167d,0x169d,0x169d,0x169e,0x127e,0x127d,0x0e7d,0x0e7d,0x0e7d,0x0e7d,0x0e7d,0x0e7d,0x0e7d,0x127d,0x127d,0x169e,
	0x169d,0x169d,0x1a7d,0x1a7c,0x1a5c,0x1e7c,0x229c,0x2abd,0x32dd,0x32dc,0x36bc,0x3edc,0x4b1d,0x535e,0x575d,0x5b5d,
	0x679e,0x6fbe,0x73be,0x77df,0x7fff,0x7fff,0x7fff,0x7fff,0x7fff,0x7fff,0x7fff,0x7fff,0x7fff,0x7fff,0x7fff,0x7fff,
	0x7fff,0x7fff,0x7fff,0x7fff,0x7fff,0x7fff,0x7fff,0x7fff,0x7fff,0x7fff,0x7fff,0x7fff,0x7fff,0x7fff,0x7fff,0x7fff,
	0x7fff,0x7fff,0x7fff,0x7fff,0x7fff,0x7fff,0x7fff,0x7fff,0x7fff,0x7fff,0x7fff,0x7fff,0x7fff,0x7fff,0x7fff,0x7fff,
	0x7fff,0x7fff,0x7fff,0x7fff,0x7fff,0x7fff,0x7fff,0x7fff,0x7fff,0x6fbf,0x1619,0x061c,0x067e,0x0a5d,0x063c,0x023c,
	0x025c,0x065d,0x067d,0x069e,0x06be,0x06df,0x06ff,0x06ff,0x06ff,0x06ff,0x06ff,0x06ff,0x06ff,0x06ff,0x06ff,0x06ff,
	0x06ff,0x06ff,0x06ff,0x06ff,0x06ff,0x0aff,0x0f1f,0x131f,0x131f,0x171f,0x1b1f,0x1b3f,0x1f3f,0x1f3f,0x233f,0x235f,
	0x275f,0x2b5f,0x2f5f,0x337f,0x377f,0x377f,0x3b9f,0x3f9f,0x439f,0x47bf,0x47bf,0x4bbf,0x4bbf,0x47bf,0x439f,0x3f7f,
	0x333e,0x26fd,0x1a9c,0x1a9c,0x1a7b,0x2a9c,0x42fc,0x5f5d,0x73bf,0x7fff,0x7fff,0x7fff,0x7fff,0x7fff,0x7fff,0x7fff,
	0x7fff,0x7fff,0x7fff,0x7fff,0x7fff,0x7fff,0x7fff,0x7fff,0x7fff,0x7fff,0x7fff,0x7fff,0x7fff,0x7fff,0x7fff,0x7fff,
	0x7fff,0x7fff,0x7fff,0x7fff,0x7fff,0x7fff,0x7fff,0x7fff,0x7fff,0x7fff,0x7fff,0x7fff,0x7fff,0x7fff,0x7fff,0x7fff,
	0x7fff,0x7fff,0x7fff,0x7fff,0x7fff,0x7fff,0x7fff,0x7fff,0x7fff,0x7fff,0x7fff,0x7fff,0x7fff,0x7fff,0x7fff,0x7fff,
	0x7fff,0x7fff,0x7fff,0x7fff,0x7fff,0x7fff,0x7fff,0x7fff,0x7fff,0x7fff,0x7fff,0x7fff,0x7fff,0x7fff,0x7fff,0x7fff,
	0x7fff,0x7fff,0x7fff,0x7fff,0x7fff,0x7fff,0x7fff,0x7fff,0x7fff,0x7fff,0x7fff,0x7bff,0x7bdf,0x77df,0x77df,0x73df,
	0x73df,0x6fdf,0x6fdf,0x6bbf,0x6bbf,0x679f,0x679e,0x679e,0x639e,0x639e,0x679e,0x679e,0x679e,0x679f,0x6b9f,0x6fbf,
	0x6fbf,0x73df,0x73df,0x77df,0x77df,0x77df,0x7bdf,0x7bff,0x7fff,0x7fff,0x7fff,0x7fff,0x7fff,0x7fff,0x7fff,0x7fff,
	0x7fff,0x7fff,0x7fff,0x7fff,0x7fff,0x7fff,0x7fff,0x7fff,0x7fff,0x7fff,0x7fff,0x7fff,0x7fff,0x7fff,0x7fff,0x7fff,
	0x7fff,0x7fff,0x7fff,0x7fff,0x7fff,0x7fff,0x7fff,0x7fff,0x7fff,0x7fff,0x7fff,0x7fff,0x7fff,0x7fff,0x7fff,0x7fff,
	0x7fff,0x7fff,0x7fff,0x7fff,0x7fff,0x7fff,0x7fff,0x7fff,0x7fff,0x7fff,0x7fff,0x7fff,0x7fff,0x7fff,0x7fff,0x7fff,
	0x7fff,0x7fff,0x7fff,0x7fff,0x7fff,0x7fff,0x7fff,0x7fff,0x7fff,0x77ff,0x2a79,0x01fa,0x069f,0x06bf,0x06bf,0x06bf,
	0x069f,0x067e,0x065c,0x063c,0x021b,0x063c,0x065d,0x065d,0x069e,0x06be,0x06be,0x06be,0x06df,0x06df,0x06df,0x06df,
	0x06df,0x06ff,0x06ff,0x06ff,0x06ff,0x06ff,0x06ff,0x0aff,0x131f,0x171f,0x1b1f,0x1f3f,0x1f3f,0x233f,0x235f,0x275f,
	0x2b5f,0x2f5f,0x337f,0x337f,0x337f,0x337f,0x337f,0x377f,0x335f,0x2f3f,0x2b3f,0x26fe,0x1edd,0x167c,0x1a7c,0x1e7c,
	0x267b,0x36bc,0x46fc,0x5f7e,0x73bf,0x7fff,0x7fff,0x7fff,0x7fff,0x7fff,0x7fff,0x7fff,0x7fff,0x7fff,0x7fff,0x7fff,
	0x7fff,0x7fff,0x7fff,0x7fff,0x7fff,0x7fff,0x7fff,0x7fff,0x7fff,0x7fff,0x7fff,0x7fff,0x7fff,0x7fff,0x7fff,0x7fff,
	0x7fff,0x7fff,0x7fff,0x7fff,0x7fff,0x7fff,0x7fff,0x7fff,0x7fff,0x7fff,0x7fff,0x7fff,0x7fff,0x7fff,0x7fff,0x7fff,
	0x7fff,0x7fff,0x7fff,0x7fff,0x7fff,0x7fff,0x7fff,0x7fff,0x7fff,0x7fff,0x7fff,0x7fff,0x7fff,0x7fff,0x7fff,0x7fff,
	0x7fff,0x7fff,0x7fff,0x7fff,0x7fff,0x7fff,0x7fff,0x7fff,0x7fff,0x7fff,0x7fff,0x7fff,0x7fff,0x7fff,0x7fff,0x7fff,
	0x7fff,0x7fff,0x7fff,0x7fff,0x7fff,0x7fff,0x7fff,0x7fff,0x7fff,0x7fff,0x7fff,0x7fff,0x7fff,0x7fff,0x7fff,0x7fff,
	0x7fff,0x7fff,0x7fff,0x7fff,0x7fff,0x7fff,0x7fff,0x7fff,0x7fff,0x7fff,0x7fff,0x7fff,0x7fff,0x7fff,0x7fff,0x7fff,
	0x7fff,0x7fff,0x7fff,0x7fff,0x7fff,0x7fff,0x7fff,0x7fff,0x7fff,0x7fff,0x7fff,0x7fff,0x7fff,0x7fff,0x7fff,0x7fff,
	0x7fff,0x7fff,0x7fff,0x7fff,0x7fff,0x7fff,0x7fff,0x7fff,0x7fff,0x7fff,0x7fff,0x7fff,0x7fff,0x7fff,0x7fff,0x7fff,
	0x7fff,0x7fff,0x7fff,0x7fff,0x7fff,0x7fff,0x7fff,0x7fff,0x7fff,0x7fff,0x7fff,0x7fff,0x7fff,0x7fff,0x7fff,0x7fff,
	0x7fff,0x7fff,0x7fff,0x7fff,0x7fff,0x7fff,0x7fff,0x7fff,0x7fff,0x7fff,0x7fff,0x7fff,0x7fff,0x7fff,0x7fff,0x7fff,
	0x7fff,0x7fff,0x7fff,0x7fff,0x7fff,0x7fff,0x7fff,0x7fff,0x7fff,0x7bff,0x3eba,0x05da,0x069f,0x06bf,0x06bf,0x06bf,
	0x06bf,0x06bf,0x06bf,0x06bf,0x06bf,0x069e,0x069e,0x067d,0x067e,0x065d,0x065d,0x065d,0x065d,0x023c,0x065c,0x065d,
	0x065d,0x065c,0x025d,0x067d,0x067e,0x069e,0x069e,0x069e,0x069e,0x069d,0x069d,0x0a9d,0x0a9d,0x0a9d,0x0ebe,0x0ebe,
	0x12be,0x12be,0x129d,0x127c,0x127c,0x1a9d,0x1ebd,0x229c,0x269b,0x32bc,0x3efd,0x42fc,0x533d,0x5f7d,0x6b9e,0x77df,
	0x7bff,0x7fff,0x7fff,0x7fff,0x7fff,0x7fff,0x7fff,0x7fff,0x7fff,0x7fff,0x7fff,0x7fff,0x7fff,0x7fff,0x7fff,0x7fff,
	0x7fff,0x7fff,0x7fff,0x7fff,0x7fff,0x7fff,0x7fff,0x7fff,0x7fff,0x7fff,0x7fff,0x7fff,0x7fff,0x7fff,0x7fff,0x7fff,
	0x7fff,0x7fff,0x7fff,0x7fff,0x7fff,0x7fff,0x7fff,0x7fff,0x7fff,0x7fff,0x7fff,0x7fff,0x7fff,0x7fff,0x7fff,0x7fff,
	0x7fff,0x7fff,0x7fff,0x7fff,0x7fff,0x7fff,0x7fff,0x7fff,0x7fff,0x7fff,0x7fff,0x7fff,0x7fff,0x7fff,0x7fff,0x7fff,
	0x7fff,0x7fff,0x7fff,0x7fff,0x7fff,0x7fff,0x7fff,0x7fff,0x7fff,0x7fff,0x7fff,0x7fff,0x7fff,0x7fff,0x7fff,0x7fff,
	0x7fff,0x7fff,0x7fff,0x7fff,0x7fff,0x7fff,0x7fff,0x7fff,0x7fff,0x7fff,0x7fff,0x7fff,0x7fff,0x7fff,0x7fff,0x7fff,
	0x7fff,0x7fff,0x7fff,0x7fff,0x7fff,0x7fff,0x7fff,0x7fff,0x7fff,0x7fff,0x7fff,0x7fff,0x7fff,0x7fff,0x7fff,0x7fff,
	0x7fff,0x7fff,0x7fff,0x7fff,0x7fff,0x7fff,0x7fff,0x7fff,0x7fff,0x7fff,0x7fff,0x7fff,0x7fff,0x7fff,0x7fff,0x7fff,
	0x7fff,0x7fff,0x7fff,0x7fff,0x7fff,0x7fff,0x7fff,0x7fff,0x7fff,0x7fff,0x7fff,0x7fff,0x7fff,0x7fff,0x7fff,0x7fff,
	0x7fff,0x7fff,0x7fff,0x7fff,0x7fff,0x7fff,0x7fff,0x7fff,0x7fff,0x7fff,0x7fff,0x7fff,0x7fff,0x7fff,0x7fff,0x7fff,
	0x7fff,0x7fff,0x7fff,0x7fff,0x7fff,0x7fff,0x7fff,0x7fff,0x7fff,0x7fff,0x7fff,0x7fff,0x7fff,0x7fff,0x7fff,0x7fff,
	0x7fff,0x7fff,0x7fff,0x7fff,0x7fff,0x7fff,0x7fff,0x7fff,0x7fff,0x7bff,0x42db,0x05da,0x069f,0x0abf,0x06bf,0x06bf,
	0x06bf,0x06bf,0x06bf,0x06bf,0x06bf,0x06bf,0x06bf,0x06bf,0x06bf,0x06bf,0x06bf,0x06bf,0x06bf,0x06bf,0x06bf,0x069e,
	0x069e,0x067e,0x067e,0x067e,0x067e,0x067e,0x067d,0x063c,0x05da,0x2e7b,0x4afc,0x4afc,0x4afc,0x4f1c,0x533d,0x575e,
	0x5b7e,0x5f7e,0x637e,0x637e,0x677d,0x6fbe,0x73df,0x77df,0x7bdf,0x7fff,0x7fff,0x7fff,0x7fff,0x7fff,0x7fff,0x7fff,
	0x7fff,0x7fff,0x7fff,0x7fff,0x7fff,0x7fff,0x7fff,0x7fff,0x7fff,0x7fff,0x7fff,0x7fff,0x7fff,0x7fff,0x7fff,0x7fff,
	0x7fff,0x7fff,0x7fff,0x7fff,0x7fff,0x7fff,0x7fff,0x7fff,0x7fff,0x7fff,0x7fff,0x7fff,0x7fff,0x7fff,0x7fff,0x7fff,
	0x7fff,0x7fff,0x7fff,0x7fff,0x7fff,0x7fff,0x7fff,0x7fff,0x7fff,0x7fff,0x7fff,0x7fff,0x7fff,0x7fff,0x7fff,0x7fff,
	0x7fff,0x7fff,0x7fff,0x7fff,0x7fff,0x7fff,0x7fff,0x7fff,0x7fff,0x7fff,0x7fff,0x7fff,0x7fff,0x7fff,0x7fff,0x7fff,
	0x7fff,0x7fff,0x7fff,0x7fff,0x7fff,0x7fff,0x7fff,0x7fff,0x7fff,0x7fff,0x7fff,0x7fff,0x7fff,0x7fff,0x7fff,0x7fff,
	0x7fff,0x7fff,0x7fff,0x7fff,0x7fff,0x7fff,0x7fff,0x7fff,0x7fff,0x7fff,0x7fff,0x7fff,0x7fff,0x7fff,0x7fff,0x7fff,
	0x7fff,0x7fff,0x7fff,0x7fff,0x7fff,0x7fff,0x7fff,0x7fff,0x7fff,0x7fff,0x7fff,0x7fff,0x7fff,0x7fff,0x7fff,0x7fff,
	0x7fff,0x7fff,0x7fff,0x7fff,0x7fff,0x7fff,0x7fff,0x7fff,0x7fff,0x7fff,0x7fff,0x7fff,0x7fff,0x7fff,0x7fff,0x7fff,
	0x7fff,0x7fff,0x7fff,0x7fff,0x7fff,0x7fff,0x7fff,0x7fff,0x7fff,0x7fff,0x7fff,0x7fff,0x7fff,0x7fff,0x7fff,0x7fff,
	0x7fff,0x7fff,0x7fff,0x7fff,0x7fff,0x7fff,0x7fff,0x7fff,0x7fff,0x7fff,0x7fff,0x7fff,0x7fff,0x7fff,0x7fff,0x7fff,
	0x7fff,0x7fff,0x7fff,0x7fff,0x7fff,0x7fff,0x7fff,0x7fff,0x7fff,0x7fff,0x7fff,0x7fff,0x7fff,0x7fff,0x7fff,0x7fff,
	0x7fff,0x7fff,0x7fff,0x7fff,0x7fff,0x7fff,0x7fff,0x7fff,0x7fff,0x7bff,0x3aba,0x05da,0x069f,0x0abf,0x06bf,0x06bf,
	0x06bf,0x06bf,0x06bf,0x06bf,0x06bf,0x06bf,0x06bf,0x06bf,0x06bf,0x06bf,0x06bf,0x06bf,0x06bf,0x06bf,0x06bf,0x06bf,
	0x06df,0x06df,0x06df,0x06bf,0x06bf,0x06bf,0x06bf,0x0abf,0x063c,0x1a19,0x5f7e,0x7fff,0x7fff,0x7fff,0x7fff,0x7fff,
	0x7fff,0x7fff,0x7fff,0x7fff,0x7fff,0x7fff,0x7fff,0x7fff,0x7fff,0x7fff,0x7fff,0x7fff,0x7fff,0x7fff,0x7fff,0x7fff,
	0x7fff,0x7fff,0x7fff,0x7fff,0x7fff,0x7fff,0x7fff,0x7fff,0x7fff,0x7fff,0x7fff,0x7fff,0x7fff,0x7fff,0x7fff,0x7fff,
	0x7fff,0x7fff,0x7fff,0x7fff,0x7fff,0x7fff,0x7fff,0x7fff,0x7fff,0x7fff,0x7fff,0x7fff,0x7fff,0x7fff,0x7fff,0x7fff,
	0x7fff,0x7fff,0x7fff,0x7fff,0x7fff,0x7fff,0x7fff,0x7fff,0x7fff,0x7fff,0x7fff,0x7fff,0x7fff,0x7fff,0x7fff,0x7fff,
	0x7fff,0x7fff,0x7fff,0x7fff,0x7fff,0x7fff,0x7fff,0x7fff,0x7fff,0x7fff,0x7fff,0x7fff,0x7fff,0x7fff,0x7fff,0x7fff,
	0x7fff,0x7fff,0x7fff,0x7fff,0x7fff,0x7fff,0x7fff,0x7fff,0x7fff,0x7fff,0x7fff,0x7fff,0x7fff,0x7fff,0x7fff,0x7fff,
	0x7fff,0x7fff,0x7fff,0x7fff,0x7fff,0x7fff,0x7fff,0x7fff,0x7fff,0x7fff,0x7fff,0x7fff,0x7fff,0x7fff,0x7fff,0x7fff,
	0x7fff,0x7fff,0x7fff,0x7fff,0x7fff,0x7fff,0x7fff,0x7fff,0x7fff,0x7fff,0x7fff,0x7fff,0x7fff,0x7fff,0x7fff,0x7fff,
	0x7fff,0x7fff,0x7fff,0x7fff,0x7fff,0x7fff,0x7fff,0x7fff,0x7fff,0x7fff,0x7fff,0x7fff,0x7fff,0x7fff,0x7fff,0x7fff,
	0x7fff,0x7fff,0x7fff,0x7fff,0x7fff,0x7fff,0x7fff,0x7fff,0x7fff,0x7fff,0x7fff,0x7fff,0x7fff,0x7fff,0x7fff,0x7fff,
	0x7fff,0x7fff,0x7fff,0x7fff,0x7fff,0x7fff,0x7fff,0x7fff,0x7fff,0x7fff,0x7fff,0x7fff,0x7fff,0x7fff,0x7fff,0x7fff,
	0x7fff,0x7fff,0x7fff,0x7fff,0x7fff,0x7fff,0x7fff,0x7fff,0x7fff,0x7fff,0x7fff,0x7fff,0x7fff,0x7fff,0x7fff,0x7fff,
	0x7fff,0x7fff,0x7fff,0x7fff,0x7fff,0x7fff,0x7fff,0x7fff,0x7fff,0x77df,0x2659,0x01fa,0x069f,0x06bf,0x06bf,0x06bf,
	0x06bf,0x06bf,0x06bf,0x06bf,0x06bf,0x06bf,0x06df,0x06df,0x06df,0x06df,0x06df,0x06df,0x06ff,0x06ff,0x06ff,0x06ff,
	0x06ff,0x06ff,0x06ff,0x06ff,0x06ff,0x06ff,0x06ff,0x06df,0x06df,0x065c,0x1a1a,0x5f7e,0x7fff,0x7fff,0x7fff,0x7fff,
	0x7fff,0x7fff,0x7fff,0x7fff,0x7fff,0x7fff,0x7fff,0x7fff,0x7fff,0x7fff,0x7fff,0x7fff,0x7fff,0x7fff,0x7fff,0x7fff,
	0x7fff,0x7fff,0x7fff,0x7fff,0x7fff,0x7fff,0x7fff,0x7fff,0x7fff,0x7fff,0x7fff,0x7fff,0x7fff,0x7fff,0x7fff,0x7fff,
	0x7fff,0x7fff,0x7fff,0x7fff,0x7fff,0x7fff,0x7fff,0x7fff,0x7fff,0x7fff,0x7fff,0x7fff,0x7fff,0x7fff,0x7fff,0x7fff,
	0x7fff,0x7fff,0x7fff,0x7fff,0x7fff,0x7fff,0x7fff,0x7fff,0x7fff,0x7fff,0x7fff,0x7fff,0x7fff,0x7fff,0x7fff,0x7fff,
	0x7fff,0x7fff,0x7fff,0x7fff,0x7fff,0x7fff,0x7fff,0x7fff,0x7fff,0x7fff,0x7fff,0x7fff,0x7fff,0x7fff,0x7fff,0x7fff,
	0x7fff,0x7fff,0x7fff,0x7fff,0x7fff,0x7fff,0x7fff,0x7fff,0x7fff,0x7fff,0x7fff,0x7fff,0x7fff,0x7fff,0x7fff,0x7fff,
	0x7fff,0x7fff,0x7fff,0x7fff,0x7fff,0x7fff,0x7fff,0x7fff,0x7fff,0x7fff,0x7fff,0x7fff,0x7fff,0x7fff,0x7fff,0x7fff,
	0x7fff,0x7fff,0x7fff,0x7fff,0x7fff,0x7fff,0x7fff,0x7fff,0x7fff,0x7fff,0x7fff,0x7fff,0x7fff,0x7fff,0x7fff,0x7fff,
	0x7fff,0x7fff,0x7fff,0x7fff,0x7fff,0x7fff,0x7fff,0x7fff,0x7fff,0x7fff,0x7fff,0x7fff,0x7fff,0x7fff,0x7fff,0x7fff,
	0x7fff,0x7fff,0x7fff,0x7fff,0x7fff,0x7fff,0x7fff,0x7fff,0x7fff,0x7fff,0x7fff,0x7fff,0x7fff,0x7fff,0x7fff,0x7fff,
	0x7fff,0x7fff,0x7fff,0x7fff,0x7fff,0x7fff,0x7fff,0x7fff,0x7fff,0x7fff,0x7fff,0x7fff,0x7fff,0x7fff,0x7fff,0x7fff,
	0x7fff,0x7fff,0x7fff,0x7fff,0x7fff,0x7fff,0x7fff,0x7fff,0x7fff,0x7fff,0x7fff,0x7fff,0x7fff,0x7fff,0x7fff,0x7fff,
	0x7fff,0x7fff,0x7fff,0x7fff,0x7fff,0x7fff,0x7fff,0x7fff,0x7fff,0x573d,0x0dd9,0x065d,0x06bf,0x06bf,0x06bf,0x06bf,
	0x06bf,0x06df,0x06df,0x06df,0x06df,0x06ff,0x06ff,0x0aff,0x0aff,0x0aff,0x0aff,0x0aff,0x0aff,0x0eff,0x0eff,0x0eff,
	0x0eff,0x0eff,0x0eff,0x0eff,0x0eff,0x0eff,0x0aff,0x0aff,0x0eff,0x0aff,0x063b,0x223a,0x6bbf,0x7fff,0x7fff,0x7fff,
	0x7fff,0x7fff,0x7fff,0x7fff,0x7fff,0x7fff,0x7fff,0x7fff,0x7fff,0x7fff,0x7fff,0x7fff,0x7fff,0x7fff,0x7fff,0x7fff,
	0x7fff,0x7fff,0x7fff,0x7fff,0x7fff,0x7fff,0x7fff,0x7fff,0x7fff,0x7fff,0x7fff,0x7fff,0x7fff,0x7fff,0x7fff,0x7fff,
	0x7fff,0x7fff,0x7fff,0x7fff,0x7fff,0x7fff,0x7fff,0x7fff,0x7fff,0x7fff,0x7fff,0x7fff,0x7fff,0x7fff,0x7fff,0x7fff,
	0x7fff,0x7fff,0x7fff,0x7fff,0x7fff,0x7fff,0x7fff,0x7fff,0x7fff,0x7fff,0x7fff,0x7fff,0x7fff,0x7fff,0x7fff,0x7fff,
	0x7fff,0x7fff,0x7fff,0x7fff,0x7fff,0x7fff,0x7fff,0x7fff,0x7fff,0x7fff,0x7fff,0x7fff,0x7fff,0x7fff,0x7fff,0x7fff,
	0x7fff,0x7fff,0x7fff,0x7fff,0x7fff,0x7fff,0x7fff,0x7fff,0x7fff,0x7fff,0x7fff,0x7fff,0x7fff,0x7fff,0x7fff,0x7fff,
	0x7fff,0x7fff,0x7fff,0x7fff,0x7fff,0x7fff,0x7fff,0x7fff,0x7fff,0x7fff,0x7fff,0x7fff,0x7fff,0x7fff,0x7fff,0x7fff,
	0x7fff,0x7fff,0x7fff,0x7fff,0x7fff,0x7fff,0x7fff,0x7fff,0x7fff,0x7fff,0x7fff,0x7fff,0x7fff,0x7fff,0x7fff,0x7fff,
	0x7fff,0x7fff,0x7fff,0x7fff,0x7fff,0x7fff,0x7fff,0x7fff,0x7fff,0x7fff,0x7fff,0x7fff,0x7fff,0x7fff,0x7fff,0x7fff,
	0x7fff,0x7fff,0x7fff,0x7fff,0x7fff,0x7fff,0x7fff,0x7fff,0x7fff,0x7fff,0x7fff,0x7fff,0x7fff,0x7fff,0x7fff,0x7fff,
	0x7fff,0x7fff,0x7fff,0x7fff,0x7fff,0x7fff,0x7fff,0x7fff,0x7fff,0x7fff,0x7fff,0x7fff,0x7fff,0x7fff,0x7fff,0x7fff,
	0x7fff,0x7fff,0x7fff,0x7fff,0x7fff,0x7fff,0x7fff,0x7fff,0x7fff,0x7fff,0x7fff,0x7fff,0x7fff,0x7fff,0x7fff,0x7fff,
	0x7fff,0x7fff,0x7fff,0x7fff,0x7fff,0x7fff,0x7fff,0x7fff,0x6fbf,0x2239,0x05db,0x069f,0x06bf,0x06bf,0x06df,0x06df,
	0x06df,0x06ff,0x06ff,0x0aff,0x0aff,0x0aff,0x0eff,0x0f1f,0x0f1f,0x0f1f,0x0f1f,0x131f,0x131f,0x131f,0x131f,0x131f,
	0x131f,0x131f,0x131f,0x131f,0x131f,0x131f,0x0f1f,0x0f1f,0x0f1f,0x0f1f,0x0ede,0x05f9,0x3ebc,0x7fff,0x7fff,0x7fff,
	0x7fff,0x7fff,0x7fff,0x7fff,0x7fff,0x7fff,0x7fff,0x7fff,0x7fff,0x7fff,0x7fff,0x7fff,0x7fff,0x7fff,0x7fff,0x7fff,
	0x7fff,0x7fff,0x7fff,0x7fff,0x7fff,0x7fff,0x7fff,0x7fff,0x7fff,0x7fff,0x7fff,0x7fff,0x7fff,0x7fff,0x7fff,0x7fff,
	0x7fff,0x7fff,0x7fff,0x7fff,0x7fff,0x7fff,0x7fff,0x7fff,0x7fff,0x7fff,0x7fff,0x7fff,0x7fff,0x7fff,0x7fff,0x7fff,
	0x7fff,0x7fff,0x7fff,0x7fff,0x7fff,0x7fff,0x7fff,0x7fff,0x7fff,0x7fff,0x7fff,0x7fff,0x7fff,0x7fff,0x7fff,0x7fff,
	0x7fff,0x7fff,0x7fff,0x7fff,0x7fff,0x7fff,0x7fff,0x7fff,0x7fff,0x7fff,0x7fff,0x7fff,0x7fff,0x7fff,0x7fff,0x7fff,
	0x7fff,0x7fff,0x7fff,0x7fff,0x7fff,0x7fff,0x7fff,0x7fff,0x7fff,0x7fff,0x7fff,0x7fff,0x7fff,0x7fff,0x7fff,0x7fff,
	0x7fff,0x7fff,0x7fff,0x7fff,0x7fff,0x7fff,0x7fff,0x7fff,0x7fff,0x7fff,0x7fff,0x7fff,0x7fff,0x7fff,0x7fff,0x7fff,
	0x7fff,0x7fff,0x7fff,0x7fff,0x7fff,0x7fff,0x7fff,0x7fff,0x7fff,0x7fff,0x7fff,0x7fff,0x7fff,0x7fff,0x7fff,0x7fff,
	0x7fff,0x7fff,0x7fff,0x7fff,0x7fff,0x7fff,0x7fff,0x7fff,0x7fff,0x7fff,0x7fff,0x7fff,0x7fff,0x7fff,0x7fff,0x7fff,
	0x7fff,0x7fff,0x7fff,0x7fff,0x7fff,0x7fff,0x7fff,0x7fff,0x7fff,0x7fff,0x7fff,0x7fff,0x7fff,0x7fff,0x7fff,0x7fff,
	0x7fff,0x7fff,0x7fff,0x7fff,0x7fff,0x7fff,0x7fff,0x7fff,0x7fff,0x7fff,0x7fff,0x7fff,0x7fff,0x7fff,0x7fff,0x7fff,
	0x7fff,0x7fff,0x7fff,0x7fff,0x7fff,0x7fff,0x7fff,0x7fff,0x7fff,0x7fff,0x7fff,0x7fff,0x7fff,0x7fff,0x7fff,0x7fff,
	0x7fff,0x7fff,0x7fff,0x7fff,0x7fff,0x7fff,0x7fff,0x73df,0x2e7a,0x05d9,0x067e,0x06bf,0x06df,0x06df,0x06ff,0x06ff,
	0x0aff,0x0aff,0x0aff,0x0eff,0x0f1f,0x131f,0x131f,0x131f,0x131f,0x131f,0x171f,0x171f,0x171f,0x171f,0x171f,0x171f,
	0x171f,0x1b1f,0x171f,0x171f,0x173f,0x171f,0x173f,0x1b3f,0x1b3f,0x1b3f,0x171f,0x0a5c,0x1e19,0x6fdf,0x7fff,0x7fff,
	0x7fff,0x7fff,0x7fff,0x7fff,0x7fff,0x7fff,0x7fff,0x7fff,0x7fff,0x7fff,0x7fff,0x7fff,0x7fff,0x7fff,0x7fff,0x7fff,
	0x7fff,0x7fff,0x7fff,0x7fff,0x7fff,0x7fff,0x7fff,0x7fff,0x7fff,0x7fff,0x7fff,0x7fff,0x7fff,0x7fff,0x7fff,0x7fff,
	0x7fff,0x7fff,0x7fff,0x7fff,0x7fff,0x7fff,0x7fff,0x7fff,0x7fff,0x7fff,0x7fff,0x7fff,0x7fff,0x7fff,0x7fff,0x7fff,
	0x7fff,0x7fff,0x7fff,0x7fff,0x7fff,0x7fff,0x7fff,0x7fff,0x7fff,0x7fff,0x7fff,0x7fff,0x7fff,0x7fff,0x7fff,0x7fff,
	0x7fff,0x7fff,0x7fff,0x7fff,0x7fff,0x7fff,0x7fff,0x7fff,0x7fff,0x7fff,0x7fff,0x7fff,0x7fff,0x7fff,0x7fff,0x7fff,
	0x7fff,0x7fff,0x7fff,0x7fff,0x7fff,0x7fff,0x7fff,0x7fff,0x7fff,0x7fff,0x7fff,0x7fff,0x7fff,0x7fff,0x7fff,0x7fff,
	0x7fff,0x7fff,0x7fff,0x7fff,0x7fff,0x7fff,0x7fff,0x7fff,0x7fff,0x7fff,0x7fff,0x7fff,0x7fff,0x7fff,0x7fff,0x7fff,
	0x7fff,0x7fff,0x7fff,0x7fff,0x7fff,0x7fff,0x7fff,0x7fff,0x7fff,0x7fff,0x7fff,0x7fff,0x7fff,0x7fff,0x7fff,0x7fff,
	0x7fff,0x7fff,0x7fff,0x7fff,0x7fff,0x7fff,0x7fff,0x7fff,0x7fff,0x7fff,0x7fff,0x7fff,0x7fff,0x7fff,0x7fff,0x7fff,
	0x7fff,0x7fff,0x7fff,0x7fff,0x7fff,0x7fff,0x7fff,0x7fff,0x7fff,0x7fff,0x7fff,0x7fff,0x7fff,0x7fff,0x7fff,0x7fff,
	0x7fff,0x7fff,0x7fff,0x7fff,0x7fff,0x7fff,0x7fff,0x7fff,0x7fff,0x7fff,0x7fff,0x7fff,0x7fff,0x7fff,0x7fff,0x7fff,
	0x7fff,0x7fff,0x7fff,0x7fff,0x7fff,0x7fff,0x7fff,0x7fff,0x7fff,0x7fff,0x7fff,0x7fff,0x7fff,0x7fff,0x7fff,0x7fff,
	0x7fff,0x7fff,0x7fff,0x7fff,0x7fff,0x7fff,0x77df,0x369b,0x05b9,0x065d,0x06df,0x06df,0x0aff,0x0aff,0x0aff,0x0aff,
	0x0eff,0x0f1f,0x0f1f,0x131f,0x131f,0x171f,0x171f,0x171f,0x173f,0x1b3f,0x1b3f,0x1b3f,0x1b3f,0x1f3f,0x1f3f,0x1f3f,
	0x1f3f,0x1f3f,0x1f3f,0x1f3f,0x1f3f,0x233f,0x233f,0x235f,0x275f,0x2b5f,0x235f,0x16be,0x11f9,0x5b7e,0x7fff,0x7fff,
	0x7fff,0x7fff,0x7fff,0x7fff,0x7fff,0x7fff,0x7fff,0x7fff,0x7fff,0x7fff,0x7fff,0x7fff,0x7fff,0x7fff,0x7fff,0x7fff,
	0x7fff,0x7fff,0x7fff,0x7fff,0x7fff,0x7fff,0x7fff,0x7fff,0x7fff,0x7fff,0x7fff,0x7fff,0x7fff,0x7fff,0x7fff,0x7fff,
	0x7fff,0x7fff,0x7fff,0x7fff,0x7fff,0x7fff,0x7fff,0x7fff,0x7fff,0x7fff,0x7fff,0x7fff,0x7fff,0x7fff,0x7fff,0x7fff,
	0x7fff,0x7fff,0x7fff,0x7fff,0x7fff,0x7fff,0x7fff,0x7fff,0x7fff,0x7fff,0x7fff,0x7fff,0x7fff,0x7fff,0x7fff,0x7fff,
	0x7fff,0x7fff,0x7fff,0x7fff,0x7fff,0x7fff,0x7fff,0x7fff,0x7fff,0x7fff,0x7fff,0x7fff,0x7fff,0x7fff,0x7fff,0x7fff,
	0x7fff,0x7fff,0x7fff,0x7fff,0x7fff,0x7fff,0x7fff,0x7fff,0x7fff,0x7fff,0x7fff,0x7fff,0x7fff,0x7fff,0x7fff,0x7fff,
	0x7fff,0x7fff,0x7fff,0x7fff,0x7fff,0x7fff,0x7fff,0x7fff,0x7fff,0x7fff,0x7fff,0x7fff,0x7fff,0x7fff,0x7fff,0x7fff,
	0x7fff,0x7fff,0x7fff,0x7fff,0x7fff,0x7fff,0x7fff,0x7fff,0x7fff,0x7fff,0x7fff,0x7fff,0x7fff,0x7fff,0x7fff,0x7fff,
	0x7fff,0x7fff,0x7fff,0x7fff,0x7fff,0x7fff,0x7fff,0x7fff,0x7fff,0x7fff,0x7fff,0x7fff,0x7fff,0x7fff,0x7fff,0x7fff,
	0x7fff,0x7fff,0x7fff,0x7fff,0x7fff,0x7fff,0x7fff,0x7fff,0x7fff,0x7fff,0x7fff,0x7fff,0x7fff,0x7fff,0x7fff,0x7fff,
	0x7fff,0x7fff,0x7fff,0x7fff,0x7fff,0x7fff,0x7fff,0x7fff,0x7fff,0x7fff,0x7fff,0x7fff,0x7fff,0x7fff,0x7fff,0x7fff,
	0x7fff,0x7fff,0x7fff,0x7fff,0x7fff,0x7fff,0x7fff,0x7fff,0x7fff,0x7fff,0x7fff,0x7fff,0x7fff,0x7fff,0x7fff,0x7fff,
	0x7fff,0x7fff,0x7fff,0x7fff,0x7fff,0x7fff,0x4b1c,0x09b8,0x063c,0x06df,0x06ff,0x06ff,0x0aff,0x0aff,0x0aff,0x0f1f,
	0x131f,0x131f,0x131f,0x171f,0x171f,0x1b3f,0x1b3f,0x1b3f,0x1b3f,0x1f3f,0x1f3f,0x1f3f,0x235f,0x235f,0x235f,0x235f,
	0x235f,0x235f,0x235f,0x275f,0x275f,0x275f,0x2b5f,0x2b5f,0x2f7f,0x377f,0x2f7f,0x1ade,0x0df9,0x533e,0x7fff,0x7fff,
	0x7fff,0x7fff,0x7fff,0x7fff,0x7fff,0x7fff,0x7fff,0x7fff,0x7fff,0x7fff,0x7fff,0x7fff,0x7fff,0x7fff,0x7fff,0x7fff,
	0x7fff,0x7fff,0x7fff,0x7fff,0x7fff,0x7fff,0x7fff,0x7fff,0x7fff,0x7fff,0x7fff,0x7fff,0x7fff,0x7fff,0x7fff,0x7fff,
	0x7fff,0x7fff,0x7fff,0x7fff,0x7fff,0x7fff,0x7fff,0x7fff,0x7fff,0x7fff,0x7fff,0x7fff,0x7fff,0x7fff,0x7fff,0x7fff,
	0x7fff,0x7fff,0x7fff,0x7fff,0x7fff,0x7fff,0x7fff,0x7fff,0x7fff,0x7fff,0x7fff,0x7fff,0x7fff,0x7fff,0x7fff,0x7fff,
	0x7fff,0x7fff,0x7fff,0x7fff,0x7fff,0x7fff,0x7fff,0x7fff,0x7fff,0x7fff,0x7fff,0x7fff,0x7fff,0x7fff,0x7fff,0x7fff,
	0x7fff,0x7fff,0x7fff,0x7fff,0x7fff,0x7fff,0x7fff,0x7fff,0x7fff,0x7fff,0x7fff,0x7fff,0x7fff,0x7fff,0x7fff,0x7fff,
	0x7fff,0x7fff,0x7fff,0x7fff,0x7fff,0x7fff,0x7fff,0x7fff,0x7fff,0x7fff,0x7fff,0x7fff,0x7fff,0x7fff,0x7fff,0x7fff,
	0x7fff,0x7fff,0x7fff,0x7fff,0x7fff,0x7fff,0x7fff,0x7fff,0x7fff,0x7fff,0x7fff,0x7fff,0x7fff,0x7fff,0x7fff,0x7fff,
	0x7fff,0x7fff,0x7fff,0x7fff,0x7fff,0x7fff,0x7fff,0x7fff,0x7fff,0x7fff,0x7fff,0x7fff,0x7fff,0x7fff,0x7fff,0x7fff,
	0x7fff,0x7fff,0x7fff,0x7fff,0x7fff,0x7fff,0x7fff,0x7fff,0x7fff,0x7fff,0x7fff,0x7fff,0x7fff,0x7fff,0x7fff,0x7fff,
	0x7fff,0x7fff,0x7fff,0x7fff,0x7fff,0x7fff,0x7fff,0x7fff,0x7fff,0x7fff,0x7fff,0x7fff,0x7fff,0x7fff,0x7fff,0x7fff,
	0x7fff,0x7fff,0x7fff,0x7fff,0x7fff,0x7fff,0x7fff,0x7fff,0x7fff,0x7fff,0x7fff,0x7fff,0x7fff,0x7fff,0x7fff,0x7fff,
	0x7fff,0x7fff,0x7fff,0x7fff,0x7fff,0x679e,0x1a19,0x01da,0x06be,0x06ff,0x06ff,0x0aff,0x0aff,0x0eff,0x0f1f,0x131f,
	0x131f,0x131f,0x171f,0x171f,0x1b3f,0x1f3f,0x1f3f,0x1f3f,0x1f3f,0x235f,0x235f,0x235f,0x275f,0x275f,0x275f,0x275f,
	0x275f,0x275f,0x2b5f,0x2b5f,0x2f5f,0x2f7f,0x337f,0x377f,0x377f,0x3b9f,0x377f,0x1ede,0x11f9,0x5f7e,0x7fff,0x7fff,
	0x7fff,0x7fff,0x7fff,0x7fff,0x7fff,0x7fff,0x7fff,0x7fff,0x7fff,0x7fff,0x7fff,0x7fff,0x7fff,0x7fff,0x7fff,0x7fff,
	0x7fff,0x7fff,0x7fff,0x7fff,0x7fff,0x7fff,0x7fff,0x7fff,0x7fff,0x7fff,0x7fff,0x7fff,0x7fff,0x7fff,0x7fff,0x7fff,
	0x7fff,0x7fff,0x7fff,0x7fff,0x7fff,0x7fff,0x7fff,0x7fff,0x7fff,0x7fff,0x7fff,0x7fff,0x7fff,0x7fff,0x7fff,0x7fff,
	0x7fff,0x7fff,0x7fff,0x7fff,0x7fff,0x7fff,0x7fff,0x7fff,0x7fff,0x7fff,0x7fff,0x7fff,0x7fff,0x7fff,0x7fff,0x7fff,
	0x7fff,0x7fff,0x7fff,0x7fff,0x7fff,0x7fff,0x7fff,0x7fff,0x7fff,0x7fff,0x7fff,0x7fff,0x7fff,0x7fff,0x7fff,0x7fff,
	0x7fff,0x7fff,0x7fff,0x7fff,0x7fff,0x7fff,0x7fff,0x7fff,0x7fff,0x7fff,0x7fff,0x7fff,0x7fff,0x7fff,0x7fff,0x7fff,
	0x7fff,0x7fff,0x7fff,0x7fff,0x7fff,0x7fff,0x7fff,0x7fff,0x7fff,0x7fff,0x7fff,0x7fff,0x7fff,0x7fff,0x7fff,0x7fff,
	0x7fff,0x7fff,0x7fff,0x7fff,0x7fff,0x7fff,0x7fff,0x7fff,0x7fff,0x7fff,0x7fff,0x7fff,0x7fff,0x7fff,0x7fff,0x7fff,
	0x7fff,0x7fff,0x7fff,0x7fff,0x7fff,0x7fff,0x7fff,0x7fff,0x7fff,0x7fff,0x7fff,0x7fff,0x7fff,0x7fff,0x7fff,0x7fff,
	0x7fff,0x7fff,0x7fff,0x7fff,0x7fff,0x7fff,0x7fff,0x7fff,0x7fff,0x7fff,0x7fff,0x7fff,0x7fff,0x7fff,0x7fff,0x7fff,
	0x7fff,0x7fff,0x7fff,0x7fff,0x7fff,0x7fff,0x7fff,0x7fff,0x7fff,0x7fff,0x7fff,0x7fff,0x7fff,0x7fff,0x7fff,0x7fff,
	0x7fff,0x7fff,0x7fff,0x7fff,0x7fff,0x7fff,0x7fff,0x7fff,0x7fff,0x7fff,0x7fff,0x7fff,0x7fff,0x7fff,0x7fff,0x7fff,
	0x7fff,0x7fff,0x7fff,0x7fff,0x7bff,0x3edc,0x01b9,0x065d,0x06df,0x06ff,0x0aff,0x0aff,0x0eff,0x0f1f,0x131f,0x131f,
	0x171f,0x171f,0x1b3f,0x1b3f,0x1f3f,0x1f3f,0x233f,0x235f,0x235f,0x275f,0x275f,0x275f,0x2b5f,0x2b5f,0x2b5f,0x2b5f,
	0x2f5f,0x337f,0x337f,0x377f,0x377f,0x3b9f,0x3b9f,0x3f9f,0x3f9f,0x43bf,0x3b9f,0x125b,0x1e19,0x73df,0x7fff,0x7fff,
	0x7fff,0x7fff,0x7fff,0x7fff,0x7fff,0x7fff,0x7fff,0x7fff,0x7fff,0x7fff,0x7fff,0x7fff,0x7fff,0x7fff,0x7fff,0x7fff,
	0x7fff,0x7fff,0x7fff,0x7fff,0x7fff,0x7fff,0x7fff,0x7fff,0x7fff,0x7fff,0x7fff,0x7fff,0x7fff,0x7fff,0x7fff,0x7fff,
	0x7fff,0x7fff,0x7fff,0x7fff,0x7fff,0x7fff,0x7fff,0x7fff,0x7fff,0x7fff,0x7fff,0x7fff,0x7fff,0x7fff,0x7fff,0x7fff,
	0x7fff,0x7fff,0x7fff,0x7fff,0x7fff,0x7fff,0x7fff,0x7fff,0x7fff,0x7fff,0x7fff,0x7fff,0x7fff,0x7fff,0x7fff,0x7fff,
	0x7fff,0x7fff,0x7fff,0x7fff,0x7fff,0x7fff,0x7fff,0x7fff,0x7fff,0x7fff,0x7fff,0x7fff,0x7fff,0x7fff,0x7fff,0x7fff,
	0x7fff,0x7fff,0x7fff,0x7fff,0x7fff,0x7fff,0x7fff,0x7fff,0x7fff,0x7fff,0x7fff,0x7fff,0x7fff,0x7fff,0x7fff,0x7fff,
	0x7fff,0x7fff,0x7fff,0x7fff,0x7fff,0x7fff,0x7fff,0x7fff,0x7fff,0x7fff,0x7fff,0x7fff,0x7fff,0x7fff,0x7fff,0x7fff,
	0x7fff,0x7fff,0x7fff,0x7fff,0x7fff,0x7fff,0x7fff,0x7fff,0x7fff,0x7fff,0x7fff,0x7fff,0x7fff,0x7fff,0x7fff,0x7fff,
	0x7fff,0x7fff,0x7fff,0x7fff,0x7fff,0x7fff,0x7fff,0x7fff,0x7fff,0x7fff,0x7fff,0x7fff,0x7fff,0x7fff,0x7fff,0x7fff,
	0x7fff,0x7fff,0x7fff,0x7fff,0x7fff,0x7fff,0x7fff,0x7fff,0x7fff,0x7fff,0x7fff,0x7fff,0x7fff,0x7fff,0x7fff,0x7fff,
	0x7fff,0x7fff,0x7fff,0x7fff,0x7fff,0x7fff,0x7fff,0x7fff,0x7fff,0x7fff,0x7fff,0x7fff,0x7fff,0x7fff,0x7fff,0x7fff,
	0x7fff,0x7fff,0x7fff,0x7fff,0x7fff,0x7fff,0x7fff,0x7fff,0x7fff,0x7fff,0x7fff,0x7fff,0x7fff,0x7fff,0x7fff,0x7fff,
	0x7fff,0x7fff,0x7fff,0x7fff,0x73df,0x2a5b,0x01da,0x069e,0x06ff,0x06ff,0x0aff,0x0eff,0x0eff,0x131f,0x131f,0x131f,
	0x171f,0x173f,0x1b3f,0x1b3f,0x1f3f,0x233f,0x235f,0x275f,0x275f,0x275f,0x2b5f,0x2b5f,0x2f5f,0x2f7f,0x337f,0x337f,
	0x377f,0x3b7f,0x3b9f,0x3f9f,0x3f9f,0x439f,0x43bf,0x47bf,0x4bbf,0x4bbf,0x2f3e,0x09f8,0x42dc,0x7fff,0x7fff,0x7fff,
	0x7fff,0x7fff,0x7fff,0x7fff,0x7fff,0x7fff,0x7fff,0x7fff,0x7fff,0x7fff,0x7fff,0x7fff,0x7fff,0x7fff,0x7fff,0x7fff,
	0x7fff,0x7fff,0x7fff,0x7fff,0x7fff,0x7fff,0x7fff,0x7fff,0x7fff,0x7fff,0x7fff,0x7fff,0x7fff,0x7fff,0x7fff,0x7fff,
	0x7fff,0x7fff,0x7fff,0x7fff,0x7fff,0x7fff,0x7fff,0x7fff,0x7fff,0x7fff,0x7fff,0x7fff,0x7fff,0x7fff,0x7fff,0x7fff,
	0x7fff,0x7fff,0x7fff,0x7fff,0x7fff,0x7fff,0x7fff,0x7fff,0x7fff,0x7fff,0x7fff,0x7fff,0x7fff,0x7fff,0x7fff,0x7fff,
	0x7fff,0x7fff,0x7fff,0x7fff,0x7fff,0x7fff,0x7fff,0x7fff,0x7fff,0x7fff,0x7fff,0x7fff,0x7fff,0x7fff,0x7fff,0x7fff,
	0x7fff,0x7fff,0x7fff,0x7fff,0x7fff,0x7fff,0x7fff,0x7fff,0x7fff,0x7fff,0x7fff,0x7fff,0x7fff,0x7fff,0x7fff,0x7fff,
	0x7fff,0x7fff,0x7fff,0x7fff,0x7fff,0x7fff,0x7fff,0x7fff,0x7fff,0x7fff,0x7fff,0x7fff,0x7fff,0x7fff,0x7fff,0x7fff,
	0x7fff,0x7fff,0x7fff,0x7fff,0x7fff,0x7fff,0x7fff,0x7fff,0x7fff,0x7fff,0x7fff,0x7fff,0x7fff,0x7fff,0x7fff,0x7fff,
	0x7fff,0x7fff,0x7fff,0x7fff,0x7fff,0x7fff,0x7fff,0x7fff,0x7fff,0x7fff,0x7fff,0x7fff,0x7fff,0x7fff,0x7fff,0x7fff,
	0x7fff,0x7fff,0x7fff,0x7fff,0x7fff,0x7fff,0x7fff,0x7fff,0x7fff,0x7fff,0x7fff,0x7fff,0x7fff,0x7fff,0x7fff,0x7fff,
	0x7fff,0x7fff,0x7fff,0x7fff,0x7fff,0x7fff,0x7fff,0x7fff,0x7fff,0x7fff,0x7fff,0x7fff,0x7fff,0x7fff,0x7fff,0x7fff,
	0x7fff,0x7fff,0x7fff,0x7fff,0x7fff,0x7fff,0x7fff,0x7fff,0x7fff,0x7fff,0x7fff,0x7fff,0x7fff,0x7fff,0x7fff,0x7fff,
	0x7fff,0x7fff,0x7fff,0x7fff,0x73df,0x2a5a,0x01da,0x069e,0x06ff,0x0aff,0x0aff,0x0aff,0x0eff,0x0f1f,0x131f,0x171f,
	0x173f,0x1b3f,0x1f3f,0x1f3f,0x233f,0x275f,0x275f,0x2b5f,0x2b5f,0x2f7f,0x337f,0x337f,0x377f,0x3b7f,0x3b9f,0x3b9f,
	0x3f9f,0x439f,0x479f,0x47bf,0x4bbf,0x4bbf,0x4fbf,0x4fdf,0x4fdf,0x375f,0x123a,0x327a,0x73df,0x7fff,0x7fff,0x7fff,
	0x7fff,0x7fff,0x7fff,0x7fff,0x7fff,0x7fff,0x7fff,0x7fff,0x7fff,0x7fff,0x7fff,0x7fff,0x7fff,0x7fff,0x7fff,0x7fff,
	0x7fff,0x7fff,0x7fff,0x7fff,0x7fff,0x7fff,0x7fff,0x7fff,0x7fff,0x7fff,0x7fff,0x7fff,0x7fff,0x7fff,0x7fff,0x7fff,
	0x7fff,0x7fff,0x7fff,0x7fff,0x7fff,0x7fff,0x7fff,0x7fff,0x7fff,0x7fff,0x7fff,0x7fff,0x7fff,0x7fff,0x7fff,0x7fff,
	0x7fff,0x7fff,0x7fff,0x7fff,0x7fff,0x7fff,0x7fff,0x7fff,0x7fff,0x7fff,0x7fff,0x7fff,0x7fff,0x7fff,0x7fff,0x7fff,
	0x7fff,0x7fff,0x7fff,0x7fff,0x7fff,0x7fff,0x7fff,0x7fff,0x7fff,0x7fff,0x7fff,0x7fff,0x7fff,0x7fff,0x7fff,0x7fff,
	0x7fff,0x7fff,0x7fff,0x7fff,0x7fff,0x7fff,0x7fff,0x7fff,0x7fff,0x7fff,0x7fff,0x7fff,0x7fff,0x7fff,0x7fff,0x7fff,
	0x7fff,0x7fff,0x7fff,0x7fff,0x7fff,0x7fff,0x7fff,0x7fff,0x7fff,0x7fff,0x7fff,0x7fff,0x7fff,0x7fff,0x7fff,0x7fff,
	0x7fff,0x7fff,0x7fff,0x7fff,0x7fff,0x7fff,0x7fff,0x7fff,0x7fff,0x7fff,0x7fff,0x7fff,0x7fff,0x7fff,0x7fff,0x7fff,
	0x7fff,0x7fff,0x7fff,0x7fff,0x7fff,0x7fff,0x7fff,0x7fff,0x7fff,0x7fff,0x7fff,0x7fff,0x7fff,0x7fff,0x7fff,0x7fff,
	0x7fff,0x7fff,0x7fff,0x7fff,0x7fff,0x7fff,0x7fff,0x7fff,0x7fff,0x7fff,0x7fff,0x7fff,0x7fff,0x7fff,0x7fff,0x7fff,
	0x7fff,0x7fff,0x7fff,0x7fff,0x7fff,0x7fff,0x7fff,0x7fff,0x7fff,0x7fff,0x7fff,0x7fff,0x7fff,0x7fff,0x7fff,0x7fff,
	0x7fff,0x7fff,0x7fff,0x7fff,0x7fff,0x7fff,0x7fff,0x7fff,0x7fff,0x7fff,0x7fff,0x7fff,0x7fff,0x7fff,0x7fff,0x7fff,
	0x7fff,0x7fff,0x7fff,0x7fff,0x7fff,0x46fc,0x05b8,0x065c,0x06df,0x06ff,0x0aff,0x0eff,0x131f,0x1b3f,0x1f3f,0x233f,
	0x235f,0x275f,0x275f,0x2b5f,0x2f5f,0x2f7f,0x337f,0x337f,0x377f,0x3b7f,0x3b9f,0x3f9f,0x3f9f,0x439f,0x43bf,0x47bf,
	0x4bbf,0x4bbf,0x4fbf,0x53df,0x53df,0x57df,0x53ff,0x4bbf,0x2afd,0x1a5a,0x3ebb,0x73df,0x7fff,0x7fff,0x7fff,0x7fff,
	0x7fff,0x7fff,0x7fff,0x7fff,0x7fff,0x7fff,0x7fff,0x7fff,0x7fff,0x7fff,0x7fff,0x7fff,0x7fff,0x7fff,0x7fff,0x7fff,
	0x7fff,0x7fff,0x7fff,0x7fff,0x7fff,0x7fff,0x7fff,0x7fff,0x7fff,0x7fff,0x7fff,0x7fff,0x7fff,0x7fff,0x7fff,0x7fff,
	0x7fff,0x7fff,0x7fff,0x7fff,0x7fff,0x7fff,0x7fff,0x7fff,0x7fff,0x7fff,0x7fff,0x7fff,0x7fff,0x7fff,0x7fff,0x7fff,
	0x7fff,0x7fff,0x7fff,0x7fff,0x7fff,0x7fff,0x7fff,0x7fff,0x7fff,0x7fff,0x7fff,0x7fff,0x7fff,0x7fff,0x7fff,0x7fff,
	0x7fff,0x7fff,0x7fff,0x7fff,0x7fff,0x7fff,0x7fff,0x7fff,0x7fff,0x7fff,0x7fff,0x7fff,0x7fff,0x7fff,0x7fff,0x7fff,
	0x7fff,0x7fff,0x7fff,0x7fff,0x7fff,0x7fff,0x7fff,0x7fff,0x7fff,0x7fff,0x7fff,0x7fff,0x7fff,0x7fff,0x7fff,0x7fff,
	0x7fff,0x7fff,0x7fff,0x7fff,0x7fff,0x7fff,0x7fff,0x7fff,0x7fff,0x7fff,0x7fff,0x7fff,0x7fff,0x7fff,0x7fff,0x7fff,
	0x7fff,0x7fff,0x7fff,0x7fff,0x7fff,0x7fff,0x7fff,0x7fff,0x7fff,0x7fff,0x7fff,0x7fff,0x7fff,0x7fff,0x7fff,0x7fff,
	0x7fff,0x7fff,0x7fff,0x7fff,0x7fff,0x7fff,0x7fff,0x7fff,0x7fff,0x7fff,0x7fff,0x7fff,0x7fff,0x7fff,0x7fff,0x7fff,
	0x7fff,0x7fff,0x7fff,0x7fff,0x7fff,0x7fff,0x7fff,0x7fff,0x7fff,0x7fff,0x7fff,0x7fff,0x7fff,0x7fff,0x7fff,0x7fff,
	0x7fff,0x7fff,0x7fff,0x7fff,0x7fff,0x7fff,0x7fff,0x7fff,0x7fff,0x7fff,0x7fff,0x7fff,0x7fff,0x7fff,0x7fff,0x7fff,
	0x7fff,0x7fff,0x7fff,0x7fff,0x7fff,0x7fff,0x7fff,0x7fff,0x7fff,0x7fff,0x7fff,0x7fff,0x7fff,0x7fff,0x7fff,0x7fff,
	0x7fff,0x7fff,0x7fff,0x7fff,0x7fff,0x77df,0x3a9b,0x05d8,0x065c,0x06df,0x0aff,0x171f,0x233f,0x275f,0x2b5f,0x2b5f,
	0x2b5f,0x2f7f,0x2f7f,0x337f,0x377f,0x377f,0x3b9f,0x3b9f,0x3f9f,0x439f,0x43bf,0x47bf,0x4bbf,0x4bbf,0x4fbf,0x4fdf,
	0x53df,0x57df,0x5bdf,0x5bff,0x57df,0x4bbf,0x333e,0x1a7b,0x2a7a,0x5f7e,0x7fff,0x7fff,0x7fff,0x7fff,0x7fff,0x7fff,
	0x7fff,0x7fff,0x7fff,0x7fff,0x7fff,0x7fff,0x7fff,0x7fff,0x7fff,0x7fff,0x7fff,0x7fff,0x7fff,0x7fff,0x7fff,0x7fff,
	0x7fff,0x7fff,0x7fff,0x7fff,0x7fff,0x7fff,0x7fff,0x7fff,0x7fff,0x7fff,0x7fff,0x7fff,0x7fff,0x7fff,0x7fff,0x7fff,
	0x7fff,0x7fff,0x7fff,0x7fff,0x7fff,0x7fff,0x7fff,0x7fff,0x7fff,0x7fff,0x7fff,0x7fff,0x7fff,0x7fff,0x7fff,0x7fff,
	0x7fff,0x7fff,0x7fff,0x7fff,0x7fff,0x7fff,0x7fff,0x7fff,0x7fff,0x7fff,0x7fff,0x7fff,0x7fff,0x7fff,0x7fff,0x7fff,
	0x7fff,0x7fff,0x7fff,0x7fff,0x7fff,0x7fff,0x7fff,0x7fff,0x7fff,0x7fff,0x7fff,0x7fff,0x7fff,0x7fff,0x7fff,0x7fff,
	0x7fff,0x7fff,0x7fff,0x7fff,0x7fff,0x7fff,0x7fff,0x7fff,0x7fff,0x7fff,0x7fff,0x7fff,0x7fff,0x7fff,0x7fff,0x7fff,
	0x7fff,0x7fff,0x7fff,0x7fff,0x7fff,0x7fff,0x7fff,0x7fff,0x7fff,0x7fff,0x7fff,0x7fff,0x7fff,0x7fff,0x7fff,0x7fff,
	0x7fff,0x7fff,0x7fff,0x7fff,0x7fff,0x7fff,0x7fff,0x7fff,0x7fff,0x7fff,0x7fff,0x7fff,0x7fff,0x7fff,0x7fff,0x7fff,
	0x7fff,0x7fff,0x7fff,0x7fff,0x7fff,0x7fff,0x7fff,0x7fff,0x7fff,0x7fff,0x7fff,0x7fff,0x7fff,0x7fff,0x7fff,0x7fff,
	0x7fff,0x7fff,0x7fff,0x7fff,0x7fff,0x7fff,0x7fff,0x7fff,0x7fff,0x7fff,0x7fff,0x7fff,0x7fff,0x7fff,0x7fff,0x7fff,
	0x7fff,0x7fff,0x7fff,0x7fff,0x7fff,0x7fff,0x7fff,0x7fff,0x7fff,0x7fff,0x7fff,0x7fff,0x7fff,0x7fff,0x7fff,0x7fff,
	0x7fff,0x7fff,0x7fff,0x7fff,0x7fff,0x7fff,0x7fff,0x7fff,0x7fff,0x7fff,0x7fff,0x7fff,0x7fff,0x7fff,0x7fff,0x7fff,
	0x7fff,0x7fff,0x7fff,0x7fff,0x7fff,0x7fff,0x77df,0x4f1c,0x1e3a,0x0e3b,0x067d,0x0ade,0x171f,0x233f,0x2b5f,0x2f7f,
	0x337f,0x379f,0x3b9f,0x3f9f,0x3f9f,0x439f,0x43bf,0x47bf,0x4bbf,0x4bbf,0x4fdf,0x53df,0x53df,0x53df,0x53df,0x4fdf,
	0x4bbf,0x479f,0x3b5e,0x331d,0x2adc,0x2abb,0x3adc,0x5b5d,0x77df,0x7fff,0x7fff,0x7fff,0x7fff,0x7fff,0x7fff,0x7fff,
	0x7fff,0x7fff,0x7fff,0x7fff,0x7fff,0x7fff,0x7fff,0x7fff,0x7fff,0x7fff,0x7fff,0x7fff,0x7fff,0x7fff,0x7fff,0x7fff,
	0x7fff,0x7fff,0x7fff,0x7fff,0x7fff,0x7fff,0x7fff,0x7fff,0x7fff,0x7fff,0x7fff,0x7fff,0x7fff,0x7fff,0x7fff,0x7fff,
	0x7fff,0x7fff,0x7fff,0x7fff,0x7fff,0x7fff,0x7fff,0x7fff,0x7fff,0x7fff,0x7fff,0x7fff,0x7fff,0x7fff,0x7fff,0x7fff,
	0x7fff,0x7fff,0x7fff,0x7fff,0x7fff,0x7fff,0x7fff,0x7fff,0x7fff,0x7fff,0x7fff,0x7fff,0x7fff,0x7fff,0x7fff,0x7fff,
	0x7fff,0x7fff,0x7fff,0x7fff,0x7fff,0x7fff,0x7fff,0x7fff,0x7fff,0x7fff,0x7fff,0x7fff,0x7fff,0x7fff,0x7fff,0x7fff,
	0x7fff,0x7fff,0x7fff,0x7fff,0x7fff,0x7fff,0x7fff,0x7fff,0x7fff,0x7fff,0x7fff,0x7fff,0x7fff,0x7fff,0x7fff,0x7fff,
	0x7fff,0x7fff,0x7fff,0x7fff,0x7fff,0x7fff,0x7fff,0x7fff,0x7fff,0x7fff,0x7fff,0x7fff,0x7fff,0x7fff,0x7fff,0x7fff,
	0x7fff,0x7fff,0x7fff,0x7fff,0x7fff,0x7fff,0x7fff,0x7fff,0x7fff,0x7fff,0x7fff,0x7fff,0x7fff,0x7fff,0x7fff,0x7fff,
	0x7fff,0x7fff,0x7fff,0x7fff,0x7fff,0x7fff,0x7fff,0x7fff,0x7fff,0x7fff,0x7fff,0x7fff,0x7fff,0x7fff,0x7fff,0x7fff,
	0x7fff,0x7fff,0x7fff,0x7fff,0x7fff,0x7fff,0x7fff,0x7fff,0x7fff,0x7fff,0x7fff,0x7fff,0x7fff,0x7fff,0x7fff,0x7fff,
	0x7fff,0x7fff,0x7fff,0x7fff,0x7fff,0x7fff,0x7fff,0x7fff,0x7fff,0x7fff,0x7fff,0x7fff,0x7fff,0x7fff,0x7fff,0x7fff,
	0x7fff,0x7fff,0x7fff,0x7fff,0x7fff,0x7fff,0x7fff,0x7fff,0x7fff,0x7fff,0x7fff,0x7fff,0x7fff,0x7fff,0x7fff,0x7fff,
	0x7fff,0x7fff,0x7fff,0x7fff,0x7fff,0x7fff,0x7fff,0x7fff,0x77df,0x5f5d,0x42dc,0x2a7b,0x1a7c,0x167c,0x169d,0x1ade,
	0x1ade,0x1efe,0x231e,0x2b3e,0x2f3e,0x2f3e,0x333e,0x333e,0x333e,0x2f3d,0x333d,0x333e,0x2f1e,0x2afc,0x2adc,0x2edd,
	0x2abb,0x36dc,0x42fc,0x533d,0x637e,0x77df,0x7fff,0x7fff,0x7fff,0x7fff,0x7fff,0x7fff,0x7fff,0x7fff,0x7fff,0x7fff,
	0x7fff,0x7fff,0x7fff,0x7fff,0x7fff,0x7fff,0x7fff,0x7fff,0x7fff,0x7fff,0x7fff,0x7fff,0x7fff,0x7fff,0x7fff,0x7fff,
	0x7fff,0x7fff,0x7fff,0x7fff,0x7fff,0x7fff,0x7fff,0x7fff,0x7fff,0x7fff,0x7fff,0x7fff,0x7fff,0x7fff,0x7fff,0x7fff,
	0x7fff,0x7fff,0x7fff,0x7fff,0x7fff,0x7fff,0x7fff,0x7fff,0x7fff,0x7fff,0x7fff,0x7fff,0x7fff,0x7fff,0x7fff,0x7fff,
	0x7fff,0x7fff,0x7fff,0x7fff,0x7fff,0x7fff,0x7fff,0x7fff,0x7fff,0x7fff,0x7fff,0x7fff,0x7fff,0x7fff,0x7fff,0x7fff,
	0x7fff,0x7fff,0x7fff,0x7fff,0x7fff,0x7fff,0x7fff,0x7fff,0x7fff,0x7fff,0x7fff,0x7fff,0x7fff,0x7fff,0x7fff,0x7fff,
	0x7fff,0x7fff,0x7fff,0x7fff,0x7fff,0x7fff,0x7fff,0x7fff,0x7fff,0x7fff,0x7fff,0x7fff,0x7fff,0x7fff,0x7fff,0x7fff,
	0x7fff,0x7fff,0x7fff,0x7fff,0x7fff,0x7fff,0x7fff,0x7fff,0x7fff,0x7fff,0x7fff,0x7fff,0x7fff,0x7fff,0x7fff,0x7fff,
	0x7fff,0x7fff,0x7fff,0x7fff,0x7fff,0x7fff,0x7fff,0x7fff,0x7fff,0x7fff,0x7fff,0x7fff,0x7fff,0x7fff,0x7fff,0x7fff,
	0x7fff,0x7fff,0x7fff,0x7fff,0x7fff,0x7fff,0x7fff,0x7fff,0x7fff,0x7fff,0x7fff,0x7fff,0x7fff,0x7fff,0x7fff,0x7fff,
	0x7fff,0x7fff,0x7fff,0x7fff,0x7fff,0x7fff,0x7fff,0x7fff,0x7fff,0x7fff,0x7fff,0x7fff,0x7fff,0x7fff,0x7fff,0x7fff,
	0x7fff,0x7fff,0x7fff,0x7fff,0x7fff,0x7fff,0x7fff,0x7fff,0x7fff,0x7fff,0x7fff,0x7fff,0x7fff,0x7fff,0x7fff,0x7fff,
	0x7fff,0x7fff,0x7fff,0x7fff,0x7fff,0x7fff,0x7fff,0x7fff,0x7fff,0x7fff,0x7fff,0x7fff,0x7fff,0x7fff,0x7fff,0x7fff,
	0x7fff,0x7fff,0x7fff,0x7fff,0x7fff,0x7fff,0x7fff,0x7fff,0x7fff,0x7fff,0x7fff,0x7bff,0x73df,0x6b9e,0x5f7e,0x535e,
	0x471d,0x42fc,0x431d,0x471d,0x471d,0x471d,0x471d,0x471d,0x46fd,0x46fc,0x4b1d,0x533e,0x5b7e,0x5f7e,0x679e,0x73bf,
	0x77df,0x7fff,0x7fff,0x7fff,0x7fff,0x7fff,0x7fff,0x7fff,0x7fff,0x7fff,0x7fff,0x7fff,0x7fff,0x7fff,0x7fff,0x7fff,
	0x7fff,0x7fff,0x7fff,0x7fff,0x7fff,0x7fff,0x7fff,0x7fff,0x7fff,0x7fff,0x7fff,0x7fff,0x7fff,0x7fff,0x7fff,0x7fff,
	0x7fff,0x7fff,0x7fff,0x7fff,0x7fff,0x7fff,0x7fff,0x7fff,0x7fff,0x7fff,0x7fff,0x7fff,0x7fff,0x7fff,0x7fff,0x7fff,
	0x7fff,0x7fff,0x7fff,0x7fff,0x7fff,0x7fff,0x7fff,0x7fff,0x7fff,0x7fff,0x7fff,0x7fff,0x7fff,0x7fff,0x7fff,0x7fff,
	0x7fff,0x7fff,0x7fff,0x7fff,0x7fff,0x7fff,0x7fff,0x7fff,0x7fff,0x7fff,0x7fff,0x7fff,0x7fff,0x7fff,0x7fff,0x7fff,
	0x7fff,0x7fff,0x7fff,0x7fff,0x7fff,0x7fff,0x7fff,0x7fff,0x7fff,0x7fff,0x7fff,0x7fff,0x7fff,0x7fff,0x7fff,0x7fff,
	0x7fff,0x7fff,0x7fff,0x7fff,0x7fff,0x7fff,0x7fff,0x7fff,0x7fff,0x7fff,0x7fff,0x7fff,0x7fff,0x7fff,0x7fff,0x7fff,
	0x7fff,0x7fff,0x7fff,0x7fff,0x7fff,0x7fff,0x7fff,0x7fff,0x7fff,0x7fff,0x7fff,0x7fff,0x7fff,0x7fff,0x7fff,0x7fff,
	0x7fff,0x7fff,0x7fff,0x7fff,0x7fff,0x7fff,0x7fff,0x7fff,0x7fff,0x7fff,0x7fff,0x7fff,0x7fff,0x7fff,0x7fff,0x7fff,
	0x7fff,0x7fff,0x7fff,0x7fff,0x7fff,0x7fff,0x7fff,0x7fff,0x7fff,0x7fff,0x7fff,0x7fff,0x7fff,0x7fff,0x7fff,0x7fff,
	0x7fff,0x7fff,0x7fff,0x7fff,0x7fff,0x7fff,0x7fff,0x7fff,0x7fff,0x7fff,0x7fff,0x7fff,0x7fff,0x7fff,0x7fff,0x7fff,
	0x7fff,0x7fff,0x7fff,0x7fff,0x7fff,0x7fff,0x7fff,0x7fff,0x7fff,0x7fff,0x7fff,0x7fff,0x7fff,0x7fff,0x7fff,0x7fff,
	0x7fff,0x7fff,0x7fff,0x7fff,0x7fff,0x7fff,0x7fff,0x7fff,0x7fff,0x7fff,0x7fff,0x7fff,0x7fff,0x7fff,0x7fff,0x7fff,
	0x7fff,0x7fff,0x7fff,0x7fff,0x7fff,0x7fff,0x7fff,0x7fff,0x7fff,0x7fff,0x7fff,0x7fff,0x7fff,0x7fff,0x7fff,0x7fff,
	0x7fff,0x7fff,0x7fff,0x7fff,0x7fff,0x7fff,0x7fff,0x7fff,0x7fff,0x7fff,0x7fff,0x7fff,0x7fff,0x7fff,0x7fff,0x7fff,
	0x7fff,0x7fff,0x7fff,0x7fff,0x7fff,0x7fff,0x7fff,0x7fff,0x7fff,0x7fff,0x7fff,0x7fff,0x7fff,0x7fff,0x7fff,0x7fff,
	0x7fff,0x7fff,0x7fff,0x7fff,0x7fff,0x7fff,0x7fff,0x7fff,0x7fff,0x7fff,0x7fff,0x7fff,0x7fff,0x7fff,0x7fff,0x7fff,
	0x7fff,0x7fff,0x7fff,0x7fff,0x7fff,0x7fff,0x7fff,0x7fff,0x7fff,0x7fff,0x7fff,0x7fff,0x7fff,0x7fff,0x7fff,0x7fff,
	0x7fff,0x7fff,0x7fff,0x7fff,0x7fff,0x7fff,0x7fff,0x7fff,0x7fff,0x7fff,0x7fff,0x7fff,0x7fff,0x7fff,0x7fff,0x7fff,
	0x7fff,0x7fff,0x7fff,0x7fff,0x7fff,0x7fff,0x7fff,0x7fff,0x7fff,0x7fff,0x7fff,0x7fff,0x7fff,0x7fff,0x7fff,0x7fff,
	0x7fff,0x7fff,0x7fff,0x7fff,0x7fff,0x7fff,0x7fff,0x7fff,0x7fff,0x7fff,0x7fff,0x7fff,0x7fff,0x7fff,0x7fff,0x7fff,
	0x7fff,0x7fff,0x7fff,0x7fff,0x7fff,0x7fff,0x7fff,0x7fff,0x7fff,0x7fff,0x7fff,0x7fff,0x7fff,0x7fff,0x7fff,0x7fff,
	0x7fff,0x7fff,0x7fff,0x7fff,0x7fff,0x7fff,0x7fff,0x7fff,0x7fff,0x7fff,0x7fff,0x7fff,0x7fff,0x7fff,0x7fff,0x7fff,
	0x7fff,0x7fff,0x7fff,0x7fff,0x7fff,0x7fff,0x7fff,0x7fff,0x7fff,0x7fff,0x7fff,0x7fff,0x7fff,0x7fff,0x7fff,0x7fff,
	0x7fff,0x7fff,0x7fff,0x7fff,0x7fff,0x7fff,0x7fff,0x7fff,0x7fff,0x7fff,0x7fff,0x7fff,0x7fff,0x7fff,0x7fff,0x7fff,
	0x7fff,0x7fff,0x7fff,0x7fff,0x7fff,0x7fff,0x7fff,0x7fff,0x7fff,0x7fff,0x7fff,0x7fff,0x7fff,0x7fff,0x7fff,0x7fff,
	0x7fff,0x7fff,0x7fff,0x7fff,0x7fff,0x7fff,0x7fff,0x7fff,0x7fff,0x7fff,0x7fff,0x7fff,0x7fff,0x7fff,0x7fff,0x7fff,
	0x7fff,0x7fff,0x7fff,0x7fff,0x7fff,0x7fff,0x7fff,0x7fff,0x7fff,0x7fff,0x7fff,0x7fff,0x7fff,0x7fff,0x7fff,0x7fff,
	0x7fff,0x7fff,0x7fff,0x7fff,0x7fff,0x7fff,0x7fff,0x7fff,0x7fff,0x7fff,0x7fff,0x7fff,0x7fff,0x7fff,0x7fff,0x7fff,
	0x7fff,0x7fff,0x7fff,0x7fff,0x7fff,0x7fff,0x7fff,0x7fff,0x7fff,0x7fff,0x7fff,0x7fff,0x7fff,0x7fff,0x7fff,0x7fff,
	0x7fff,0x7fff,0x7fff,0x7fff,0x7fff,0x7fff,0x7fff,0x7fff,0x7fff,0x7fff,0x7fff,0x7fff,0x7fff,0x7fff,0x7fff,0x7fff,
	0x7fff,0x7fff,0x7fff,0x7fff,0x7fff,0x7fff,0x7fff,0x7fff,0x7fff,0x7fff,0x7fff,0x7fff,0x7fff,0x7fff,0x7fff,0x7fff,
	0x7fff,0x7fff,0x7fff,0x7fff,0x7fff,0x7fff,0x7fff,0x7fff,0x7fff,0x7fff,0x7fff,0x7fff,0x7fff,0x7fff,0x7fff,0x7fff,
	0x7fff,0x7fff,0x7fff,0x7fff,0x7fff,0x7fff,0x7fff,0x7fff,0x7fff,0x7fff,0x7fff,0x7fff,0x7fff,0x7fff,0x7fff,0x7fff,
	0x7fff,0x7fff,0x7fff,0x7fff,0x7fff,0x7fff,0x7fff,0x7fff,0x7fff,0x7fff,0x7fff,0x7fff,0x7fff,0x7fff,0x7fff,0x7fff,
	0x7fff,0x7fff,0x7fff,0x7fff,0x7fff,0x7fff,0x7fff,0x7fff,0x7fff,0x7fff,0x7fff,0x7fff,0x7fff,0x7fff,0x7fff,0x7fff,
	0x7fff,0x7fff,0x7fff,0x7fff,0x7fff,0x7fff,0x7fff,0x7fff,0x7fff,0x7fff,0x7fff,0x7fff,0x7fff,0x7fff,0x7fff,0x7fff,
	0x7fff,0x7fff,0x7fff,0x7fff,0x7fff,0x7fff,0x7fff,0x7fff,0x7fff,0x7fff,0x7fff,0x7fff,0x7fff,0x7fff,0x7fff,0x7fff,
	0x7fff,0x7fff,0x7fff,0x7fff,0x7fff,0x7fff,0x7fff,0x7fff,0x7fff,0x7fff,0x7fff,0x7fff,0x7fff,0x7fff,0x7fff,0x7fff,
	0x7fff,0x7fff,0x7fff,0x7fff,0x7fff,0x7fff,0x7fff,0x7fff,0x7fff,0x7fff,0x7fff,0x7fff,0x7fff,0x7fff,0x7fff,0x7fff,
	0x7fff,0x7fff,0x7fff,0x7fff,0x7fff,0x7fff,0x7fff,0x7fff,0x7fff,0x7fff,0x7fff,0x7fff,0x7fff,0x7fff,0x7fff,0x7fff,
	0x7fff,0x7fff,0x7fff,0x7fff,0x7fff,0x7fff,0x7fff,0x7fff,0x7fff,0x7fff,0x7fff,0x7fff,0x7fff,0x7fff,0x7fff,0x7fff,
	0x7fff,0x7fff,0x7fff,0x7fff,0x7fff,0x7fff,0x7fff,0x7fff,0x7fff,0x7fff,0x7fff,0x7fff,0x7fff,0x7fff,0x7fff,0x7fff,
	0x7fff,0x7fff,0x7fff,0x7fff,0x7fff,0x7fff,0x7fff,0x7fff,0x7fff,0x7fff,0x7fff,0x7fff,0x7fff,0x7fff,0x7fff,0x7fff,
	0x7fff,0x7fff,0x7fff,0x7fff,0x7fff,0x7fff,0x7fff,0x7fff,0x7fff,0x7fff,0x7fff,0x7fff,0x7fff,0x7fff,0x7fff,0x7fff,
	0x7fff,0x7fff,0x7fff,0x7fff,0x7fff,0x7fff,0x7fff,0x7fff,0x7fff,0x7fff,0x7fff,0x7fff,0x7fff,0x7fff,0x7fff,0x7fff,
	0x7fff,0x7fff,0x7fff,0x7fff,0x7fff,0x7fff,0x7fff,0x7fff,0x7fff,0x7fff,0x7fff,0x7fff,0x7fff,0x7fff,0x7fff,0x7fff,
	0x7fff,0x7fff,0x7fff,0x7fff,0x7fff,0x7fff,0x7fff,0x7fff,0x7fff,0x7fff,0x7fff,0x7fff,0x7fff,0x7fff,0x7fff,0x7fff,
	0x7fff,0x7fff,0x7fff,0x7fff,0x7fff,0x7fff,0x7fff,0x7fff,0x7fff,0x7fff,0x7fff,0x7fff,0x7fff,0x7fff,0x7fff,0x7fff,
	0x7fff,0x7fff,0x7fff,0x7fff,0x7fff,0x7fff,0x7fff,0x7fff,0x7fff,0x7fff,0x7fff,0x7fff,0x7fff,0x7fff,0x7fff,0x7fff,
	0x7fff,0x7fff,0x7fff,0x7fff,0x7fff,0x7fff,0x7fff,0x7fff,0x7fff,0x7fff,0x7fff,0x7fff,0x7fff,0x7fff,0x7fff,0x7fff,
	0x7fff,0x7fff,0x7fff,0x7fff,0x7fff,0x7fff,0x7fff,0x7fff,0x7fff,0x7fff,0x7fff,0x7fff,0x7fff,0x7fff,0x7fff,0x7fff,
	0x7fff,0x7fff,0x7fff,0x7fff,0x7fff,0x7fff,0x7fff,0x7fff,0x7fff,0x7fff,0x7fff,0x7fff,0x7fff,0x7fff,0x7fff,0x7fff,
	0x7fff,0x7fff,0x7fff,0x7fff,0x7fff,0x7fff,0x7fff,0x7fff,0x7fff,0x7fff,0x7fff,0x7fff,0x7fff,0x7fff,0x7fff,0x7fff,
	0x7fff,0x7fff,0x7fff,0x7fff,0x7fff,0x7fff,0x7fff,0x7fff,0x7fff,0x7fff,0x7fff,0x7fff,0x7fff,0x7fff,0x7fff,0x7fff,
	0x7fff,0x7fff,0x7fff,0x7fff,0x7fff,0x7fff,0x7fff,0x7fff,0x7fff,0x7fff,0x7fff,0x7fff,0x7fff,0x7fff,0x7fff,0x7fff,
	0x7fff,0x7fff,0x7fff,0x7fff,0x7fff,0x7fff,0x7fff,0x7fff,0x7fff,0x7fff,0x7fff,0x7fff,0x7fff,0x7fff,0x7fff,0x7fff,
	0x7fff,0x7fff,0x7fff,0x7fff,0x7fff,0x7fff,0x7fff,0x7fff,0x7fff,0x7fff,0x7fff,0x7fff,0x7fff,0x7fff,0x7fff,0x7fff,
	0x7fff,0x7fff,0x7fff,0x7fff,0x7fff,0x7fff,0x7fff,0x7fff,0x7fff,0x7fff,0x7fff,0x7fff,0x7fff,0x7fff,0x7fff,0x7fff,
	0x7fff,0x7fff,0x7fff,0x7fff,0x7fff,0x7fff,0x7fff,0x7fff,0x7fff,0x7fff,0x7fff,0x7fff,0x7fff,0x7fff,0x7fff,0x7fff,
	0x7fff,0x7fff,0x7fff,0x7fff,0x7fff,0x7fff,0x7fff,0x7fff,0x7fff,0x7fff,0x7fff,0x7fff,0x7fff,0x7fff,0x7fff,0x7fff,
	0x7fff,0x7fff,0x7fff,0x7fff,0x7fff,0x7fff,0x7fff,0x7fff,0x7fff,0x7fff,0x7fff,0x7fff,0x7fff,0x7fff,0x7fff,0x7fff,
	0x7fff,0x7fff,0x7fff,0x7fff,0x7fff,0x7fff,0x7fff,0x7fff,0x7fff,0x7fff,0x7fff,0x7fff,0x7fff,0x7fff,0x7fff,0x7fff,
	0x7fff,0x7fff,0x7fff,0x7fff,0x7fff,0x7fff,0x7fff,0x7fff,0x7fff,0x7fff,0x7fff,0x7fff,0x7fff,0x7fff,0x7fff,0x7fff,
	0x7fff,0x7fff,0x7fff,0x7fff,0x7fff,0x7fff,0x7fff,0x7fff,0x7fff,0x7fff,0x7fff,0x7fff,0x7fff,0x7fff,0x7fff,0x7fff,
	0x7fff,0x7fff,0x7fff,0x7fff,0x7fff,0x7fff,0x7fff,0x7fff,0x7fff,0x7fff,0x7fff,0x7fff,0x7fff,0x7fff,0x7fff,0x7fff,
	0x7fff,0x7fff,0x7fff,0x7fff,0x7fff,0x7fff,0x7fff,0x7fff,0x7fff,0x7fff,0x7fff,0x7fff,0x7fff,0x7fff,0x7fff,0x7fff,
	0x7fff,0x7fff,0x7fff,0x7fff,0x7fff,0x7fff,0x7fff,0x7fff,0x7fff,0x7fff,0x7fff,0x7fff,0x7fff,0x7fff,0x7fff,0x7fff,
	0x7fff,0x7fff,0x7fff,0x7fff,0x7fff,0x7fff,0x7fff,0x7fff,0x7fff,0x7fff,0x7fff,0x7fff,0x7fff,0x7fff,0x7fff,0x7fff,
	0x7fff,0x7fff,0x7fff,0x7fff,0x7fff,0x7fff,0x7fff,0x7fff,0x7fff,0x7fff,0x7fff,0x7fff,0x7fff,0x7fff,0x7fff,0x7fff,
	0x7fff,0x7fff,0x7fff,0x7fff,0x7fff,0x7fff,0x7fff,0x7fff,0x7fff,0x7fff,0x7fff,0x7fff,0x7fff,0x7fff,0x7fff,0x7fff,
	0x7fff,0x7fff,0x7fff,0x7fff,0x7fff,0x7fff,0x7fff,0x7fff,0x7fff,0x7fff,0x7fff,0x7fff,0x7fff,0x7fff,0x7fff,0x7fff,
	0x7fff,0x7fff,0x7fff,0x7fff,0x7fff,0x7fff,0x7fff,0x7fff,0x7fff,0x7fff,0x7fff,0x7fff,0x7fff,0x7fff,0x7fff,0x7fff,
	0x7fff,0x7fff,0x7fff,0x7fff,0x7fff,0x7fff,0x7fff,0x7fff,0x7fff,0x7fff,0x7fff,0x7fff,0x7fff,0x7fff,0x7fff,0x7fff,
	0x7fff,0x7fff,0x7fff,0x7fff,0x7fff,0x7fff,0x7fff,0x7fff,0x7fff,0x7fff,0x7fff,0x7fff,0x7fff,0x7fff,0x7fff,0x7fff,
	0x7fff,0x7fff,0x7fff,0x7fff,0x7fff,0x7fff,0x7fff,0x7fff,0x7fff,0x7fff,0x7fff,0x7fff,0x7fff,0x7fff,0x7fff,0x7fff,
	0x7fff,0x7fff,0x7fff,0x7fff,0x7fff,0x7fff,0x7fff,0x7fff,0x7fff,0x7fff,0x7fff,0x7fff,0x7fff,0x7fff,0x7fff,0x7fff,
	0x7fff,0x7fff,0x7fff,0x7fff,0x7fff,0x7fff,0x7fff,0x7fff,0x7fff,0x7fff,0x7fff,0x7fff,0x7fff,0x7fff,0x7fff,0x7fff,
	0x7fff,0x7fff,0x7fff,0x7fff,0x7fff,0x7fff,0x7fff,0x7fff,0x7fff,0x7fff,0x7fff,0x7fff,0x7fff,0x7fff,0x7fff,0x7fff,
	0x7fff,0x7fff,0x7fff,0x7fff,0x7fff,0x7fff,0x7fff,0x7fff,0x7fff,0x7fff,0x7fff,0x7fff,0x7fff,0x7fff,0x7fff,0x7fff,
	0x7fff,0x7fff,0x7fff,0x7fff,0x7fff,0x7fff,0x7fff,0x7fff,0x7fff,0x7fff,0x7fff,0x7fff,0x7fff,0x7fff,0x7fff,0x7fff,
	0x7fff,0x7fff,0x7fff,0x7fff,0x7fff,0x7fff,0x7fff,0x7fff,0x7fff,0x7fff,0x7fff,0x7fff,0x7fff,0x7fff,0x7fff,0x7fff,
	0x7fff,0x7fff,0x7fff,0x7fff,0x7fff,0x7fff,0x7fff,0x7fff,0x7fff,0x7fff,0x7fff,0x7fff,0x7fff,0x7fff,0x7fff,0x7fff,
	0x7fff,0x7fff,0x7fff,0x7fff,0x7fff,0x7fff,0x7fff,0x7fff,0x7fff,0x7fff,0x7fff,0x7fff,0x7fff,0x7fff,0x7fff,0x7fff,
	0x7fff,0x7fff,0x7fff,0x7fff,0x7fff,0x7fff,0x7fff,0x7fff,0x7fff,0x7fff,0x7fff,0x7fff,0x7fff,0x7fff,0x7fff,0x7fff,
	0x7fff,0x7fff,0x7fff,0x7fff,0x7fff,0x7fff,0x7fff,0x7fff,0x7fff,0x7fff,0x7fff,0x7fff,0x7fff,0x7fff,0x7fff,0x7fff,
	0x7fff,0x7fff,0x7fff,0x7fff,0x7fff,0x7fff,0x7fff,0x7fff,0x7fff,0x7fff,0x7fff,0x7fff,0x7fff,0x7fff,0x7fff,0x7fff,
	0x7fff,0x7fff,0x7fff,0x7fff,0x7fff,0x7fff,0x7fff,0x7fff,0x7fff,0x7fff,0x7fff,0x7fff,0x7fff,0x7fff,0x7fff,0x7fff,
	0x7fff,0x7fff,0x7fff,0x7fff,0x7fff,0x7fff,0x7fff,0x7fff,0x7fff,0x7fff,0x7fff,0x7fff,0x7fff,0x7fff,0x7fff,0x7fff,
	0x7fff,0x7fff,0x7fff,0x7fff,0x7fff,0x7fff,0x7fff,0x7fff,0x7fff,0x7fff,0x7fff,0x7fff,0x7fff,0x7fff,0x7fff,0x7fff,
	0x7fff,0x7fff,0x7fff,0x7fff,0x7fff,0x7fff,0x7fff,0x7fff,0x7fff,0x7fff,0x7fff,0x7fff,0x7fff,0x7fff,0x7fff,0x7fff,
	0x7fff,0x7fff,0x7fff,0x7fff,0x7fff,0x7fff,0x7fff,0x7fff,0x7fff,0x7fff,0x7fff,0x7fff,0x7fff,0x7fff,0x7fff,0x7fff,
	0x7fff,0x7fff,0x7fff,0x7fff,0x7fff,0x7fff,0x7fff,0x7fff,0x7fff,0x7fff,0x7fff,0x7fff,0x7fff,0x7fff,0x7fff,0x7fff,
	0x7fff,0x7fff,0x7fff,0x7fff,0x7fff,0x7fff,0x7fff,0x7fff,0x7fff,0x7fff,0x7fff,0x7fff,0x7fff,0x7fff,0x7fff,0x7fff,
	0x7fff,0x7fff,0x7fff,0x7fff,0x7fff,0x7fff,0x7fff,0x7fff,0x7fff,0x7fff,0x7fff,0x7fff,0x7fff,0x7fff,0x7fff,0x7fff,
	0x7fff,0x7fff,0x7fff,0x7fff,0x7fff,0x7fff,0x7fff,0x7fff,0x7fff,0x7fff,0x7fff,0x7fff,0x7fff,0x7fff,0x7fff,0x7fff,
	0x7fff,0x7fff,0x7fff,0x7fff,0x7fff,0x7fff,0x7fff,0x7fff,0x7fff,0x7fff,0x7fff,0x7fff,0x7fff,0x7fff,0x7fff,0x7fff,
	0x7fff,0x7fff,0x7fff,0x7fff,0x7fff,0x7fff,0x7fff,0x7fff,0x7fff,0x7fff,0x7fff,0x7fff,0x7fff,0x7fff,0x7fff,0x7fff,
	0x7fff,0x7fff,0x7fff,0x7fff,0x7fff,0x7fff,0x7fff,0x7fff,0x7fff,0x7fff,0x7fff,0x7fff,0x7fff,0x7fff,0x7fff,0x7fff,
	0x7fff,0x7fff,0x7fff,0x7fff,0x7fff,0x7fff,0x7fff,0x7fff,0x7fff,0x7fff,0x7fff,0x7fff,0x7fff,0x7fff,0x7fff,0x7fff,
	0x7fff,0x7fff,0x7fff,0x7fff,0x7fff,0x7fff,0x7fff,0x7fff,0x7fff,0x7fff,0x7fff,0x7fff,0x7fff,0x7fff,0x7fff,0x7fff,
	0x7fff,0x7fff,0x7fff,0x7fff,0x7fff,0x7fff,0x7fff,0x7fff,0x7fff,0x7fff,0x7fff,0x7fff,0x7fff,0x7fff,0x7fff,0x7fff,
	0x7fff,0x7fff,0x7fff,0x7fff,0x7fff,0x7fff,0x7fff,0x7fff,0x7fff,0x7fff,0x7fff,0x7fff,0x7fff,0x7fff,0x7fff,0x7fff,
	0x7fff,0x7fff,0x7fff,0x7fff,0x7fff,0x7fff,0x7fff,0x7fff,0x7fff,0x7fff,0x7fff,0x7fff,0x7fff,0x7fff,0x7fff,0x7fff,
	0x7fff,0x7fff,0x7fff,0x7fff,0x7fff,0x7fff,0x7fff,0x7fff,0x7fff,0x7fff,0x7fff,0x7fff,0x7fff,0x7fff,0x7fff,0x7fff,
	0x7fff,0x7fff,0x7fff,0x7fff,0x7fff,0x7fff,0x7fff,0x7fff,0x7fff,0x7fff,0x7fff,0x7fff,0x7fff,0x7fff,0x7fff,0x7fff,
	0x7fff,0x7fff,0x7fff,0x7fff,0x7fff,0x7fff,0x7fff,0x7fff,0x7fff,0x7fff,0x7fff,0x7fff,0x7fff,0x7fff,0x7fff,0x7fff,
	0x7fff,0x7fff,0x7fff,0x7fff,0x7fff,0x7fff,0x7fff,0x7fff,0x7fff,0x7fff,0x7fff,0x7fff,0x7fff,0x7fff,0x7fff,0x7fff,
	0x7fff,0x7fff,0x7fff,0x7fff,0x7fff,0x7fff,0x7fff,0x7fff,0x7fff,0x7fff,0x7fff,0x7fff,0x7fff,0x7fff,0x7fff,0x7fff,
	0x7fff,0x7fff,0x7fff,0x7fff,0x7fff,0x7fff,0x7fff,0x7fff,0x7fff,0x7fff,0x7fff,0x7fff,0x7fff,0x7fff,0x7fff,0x7fff,
	0x7fff,0x7fff,0x7fff,0x7fff,0x7fff,0x7fff,0x7fff,0x7fff,0x7fff,0x7fff,0x7fff,0x7fff,0x7fff,0x7fff,0x7fff,0x7fff,
	0x7fff,0x7fff,0x7fff,0x7fff,0x7fff,0x7fff,0x7fff,0x7fff,0x7fff,0x7fff,0x7fff,0x7fff,0x7fff,0x7fff,0x7fff,0x7fff,
	0x7fff,0x7fff,0x7fff,0x7fff,0x7fff,0x7fff,0x7fff,0x7fff,0x7fff,0x7fff,0x7fff,0x7fff,0x7fff,0x7fff,0x7fff,0x7fff,
	0x7fff,0x7fff,0x7fff,0x7fff,0x7fff,0x7fff,0x7fff,0x7fff,0x7fff,0x7fff,0x7fff,0x7fff,0x7fff,0x7fff,0x7fff,0x7fff,
	0x7fff,0x7fff,0x7fff,0x7fff,0x7fff,0x7fff,0x7fff,0x7fff,0x7fff,0x7fff,0x7fff,0x7fff,0x7fff,0x7fff,0x7fff,0x7fff,
	0x7fff,0x7fff,0x7fff,0x7fff,0x7fff,0x7fff,0x7fff,0x7fff,0x7fff,0x7fff,0x7fff,0x7fff,0x7fff,0x7fff,0x7fff,0x7fff,
	0x7fff,0x7fff,0x7fff,0x7fff,0x7fff,0x7fff,0x7fff,0x7fff,0x7fff,0x7fff,0x7fff,0x7fff,0x7fff,0x7fff,0x7fff,0x7fff,
	0x7fff,0x7fff,0x7fff,0x7fff,0x7fff,0x7fff,0x7fff,0x7fff,0x7fff,0x7fff,0x7fff,0x7fff,0x7fff,0x7fff,0x7fff,0x7fff,
	0x7fff,0x7fff,0x7fff,0x7fff,0x7fff,0x7fff,0x7fff,0x7fff,0x7fff,0x7fff,0x7fff,0x7fff,0x7fff,0x7fff,0x7fff,0x7fff,
	0x7fff,0x7fff,0x7fff,0x7fff,0x7fff,0x7fff,0x7fff,0x7fff,0x7fff,0x7fff,0x7fff,0x7fff,0x7fff,0x7fff,0x7fff,0x7fff,
	0x7fff,0x7fff,0x7fff,0x7fff,0x7fff,0x7fff,0x7fff,0x7fff,0x7fff,0x7fff,0x7fff,0x7fff,0x7fff,0x7fff,0x7fff,0x7fff,
	0x7fff,0x7fff,0x7fff,0x7fff,0x7fff,0x7fff,0x7fff,0x7fff,0x7fff,0x7fff,0x7fff,0x7fff,0x7fff,0x7fff,0x7fff,0x7fff,
	0x7fff,0x7fff,0x7fff,0x7fff,0x7fff,0x7fff,0x7fff,0x7fff,0x7fff,0x7fff,0x7fff,0x7fff,0x7fff,0x7fff,0x7fff,0x7fff,
	0x7fff,0x7fff,0x7fff,0x7fff,0x7fff,0x7fff,0x7fff,0x7fff,0x7fff,0x7fff,0x7fff,0x7fff,0x7fff,0x7fff,0x7fff,0x7fff,
	0x7fff,0x7fff,0x7fff,0x7fff,0x7fff,0x7fff,0x7fff,0x7fff,0x7fff,0x7fff,0x7fff,0x7fff,0x7fff,0x7fff,0x7fff,0x7fff,
	0x7fff,0x7fff,0x7fff,0x7fff,0x7fff,0x7fff,0x7fff,0x7fff,0x7fff,0x7fff,0x7fff,0x7fff,0x7fff,0x7fff,0x7fff,0x7fff,
	0x7fff,0x7fff,0x7fff,0x7fff,0x7fff,0x7fff,0x7fff,0x7fff,0x7fff,0x7fff,0x7fff,0x7fff,0x7fff,0x7fff,0x7fff,0x7fff,
	0x7fff,0x7fff,0x7fff,0x7fff,0x7fff,0x7fff,0x7fff,0x7fff,0x7fff,0x7fff,0x7fff,0x7fff,0x7fff,0x7fff,0x7fff,0x7fff,
	0x7fff,0x7fff,0x7fff,0x7fff,0x7fff,0x7fff,0x7fff,0x7fff,0x7fff,0x7fff,0x7fff,0x7fff,0x7fff,0x7fff,0x7fff,0x7fff,
	0x7fff,0x7fff,0x7fff,0x7fff,0x7fff,0x7fff,0x7fff,0x7fff,0x7fff,0x7fff,0x7fff,0x7fff,0x7fff,0x7fff,0x7fff,0x7fff,
	0x7fff,0x7fff,0x7fff,0x7fff,0x7fff,0x7fff,0x7fff,0x7fff,0x7fff,0x7fff,0x7fff,0x7fff,0x7fff,0x7fff,0x7fff,0x7fff,
	0x7fff,0x7fff,0x7fff,0x7fff,0x7fff,0x7fff,0x7fff,0x7fff,0x7fff,0x7fff,0x7fff,0x7fff,0x7fff,0x7fff,0x7fff,0x7fff,
	0x7fff,0x7fff,0x7fff,0x7fff,0x7fff,0x7fff,0x7fff,0x7fff,0x7fff,0x7fff,0x7fff,0x7fff,0x7fff,0x7fff,0x7fff,0x7fff,
	0x7fff,0x7fff,0x7fff,0x7fff,0x7fff,0x7fff,0x7fff,0x7fff,0x7fff,0x7fff,0x7fff,0x7fff,0x7fff,0x7fff,0x7fff,0x7fff,
	0x7fff,0x7fff,0x7fff,0x7fff,0x7fff,0x7fff,0x7fff,0x7fff,0x7fff,0x7fff,0x7fff,0x7fff,0x7fff,0x7fff,0x7fff,0x7fff,
	0x7fff,0x7fff,0x7fff,0x7fff,0x7fff,0x7fff,0x7fff,0x7fff,0x7fff,0x7fff,0x7fff,0x7fff,0x7fff,0x7fff,0x7fff,0x7fff,
	0x7fff,0x7fff,0x7fff,0x7fff,0x7fff,0x7fff,0x7fff,0x7fff,0x7fff,0x7fff,0x7fff,0x7fff,0x7fff,0x7fff,0x7fff,0x7fff,
	0x7fff,0x7fff,0x7fff,0x7fff,0x7fff,0x7fff,0x7fff,0x7fff,0x7fff,0x7fff,0x7fff,0x7fff,0x7fff,0x7fff,0x7fff,0x7fff,
	0x7fff,0x7fff,0x7fff,0x7fff,0x7fff,0x7fff,0x7fff,0x7fff,0x7fff,0x7fff,0x7fff,0x7fff,0x7fff,0x7fff,0x7fff,0x7fff,
	0x7fff,0x7fff,0x7fff,0x7fff,0x7fff,0x7fff,0x7fff,0x7fff,0x7fff,0x7fff,0x7fff,0x7fff,0x7fff,0x7fff,0x7fff,0x7fff,
	0x7fff,0x7fff,0x7fff,0x7fff,0x7fff,0x7fff,0x7fff,0x7fff,0x7fff,0x7fff,0x7fff,0x7fff,0x7fff,0x7fff,0x7fff,0x7fff,
	0x7fff,0x7fff,0x7fff,0x7fff,0x7fff,0x7fff,0x7fff,0x7fff,0x7fff,0x7fff,0x7fff,0x7fff,0x7fff,0x7fff,0x7fff,0x7fff,
	0x7fff,0x7fff,0x7fff,0x7fff,0x7fff,0x7fff,0x7fff,0x7fff,0x7fff,0x7fff,0x7fff,0x7fff,0x7fff,0x7fff,0x7fff,0x7fff,
	0x7fff,0x7fff,0x7fff,0x7fff,0x7fff,0x7fff,0x7fff,0x7fff,0x7fff,0x7fff,0x7fff,0x7fff,0x7fff,0x7fff,0x7fff,0x7fff,
	0x7fff,0x7fff,0x7fff,0x7fff,0x7fff,0x7fff,0x7fff,0x7fff,0x7fff,0x7fff,0x7fff,0x7fff,0x7fff,0x7fff,0x7fff,0x7fff,
	0x7fff,0x7fff,0x7fff,0x7fff,0x7fff,0x7fff,0x7fff,0x7fff,0x7fff,0x7fff,0x7fff,0x7fff,0x7fff,0x7fff,0x7fff,0x7fff,
	0x7fff,0x7fff,0x7fff,0x7fff,0x7fff,0x7fff,0x7fff,0x7fff,0x7fff,0x7fff,0x7fff,0x7fff,0x7fff,0x7fff,0x7fff,0x7fff,
	0x7fff,0x7fff,0x7fff,0x7fff,0x7fff,0x7fff,0x7fff,0x7fff,0x7fff,0x7fff,0x7fff,0x7fff,0x7fff,0x7fff,0x7fff,0x7fff,
	0x7fff,0x7fff,0x7fff,0x7fff,0x7fff,0x7fff,0x7fff,0x7fff,0x7fff,0x7fff,0x7fff,0x7fff,0x7fff,0x7fff,0x7fff,0x7fff,
	0x7fff,0x7fff,0x7fff,0x7fff,0x7fff,0x7fff,0x7fff,0x7fff,0x7fff,0x7fff,0x7fff,0x7fff,0x7fff,0x7fff,0x7fff,0x7fff,
	0x7fff,0x7fff,0x7fff,0x7fff,0x7fff,0x7fff,0x7fff,0x7fff,0x7fff,0x7fff,0x7fff,0x7fff,0x7fff,0x7fff,0x7fff,0x7fff,
	0x7fff,0x7fff,0x7fff,0x7fff,0x7fff,0x7fff,0x7fff,0x7fff,0x7fff,0x7fff,0x7fff,0x7fff,0x7fff,0x7fff,0x7fff,0x7fff,
	0x7fff,0x7fff,0x7fff,0x7fff,0x7fff,0x7fff,0x7fff,0x7fff,0x7fff,0x7fff,0x7fff,0x7fff,0x7fff,0x7fff,0x7fff,0x7fff,
	0x7fff,0x7fff,0x7fff,0x7fff,0x7fff,0x7fff,0x7fff,0x7fff,0x7fff,0x7fff,0x7fff,0x7fff,0x7fff,0x7fff,0x7fff,0x7fff,
	0x7fff,0x7fff,0x7fff,0x7fff,0x7fff,0x7fff,0x7fff,0x7fff,0x7fff,0x7fff,0x7fff,0x7fff,0x7fff,0x7fff,0x7fff,0x7fff,
	0x7fff,0x7fff,0x7fff,0x7fff,0x7fff,0x7fff,0x7fff,0x7fff,0x7fff,0x7fff,0x7fff,0x7fff,0x7fff,0x7fff,0x7fff,0x7fff,
	0x7fff,0x7fff,0x7fff,0x7fff,0x7fff,0x7fff,0x7fff,0x7fff,0x7fff,0x7fff,0x7fff,0x7fff,0x7fff,0x7fff,0x7fff,0x7fff,
	0x7fff,0x7fff,0x7fff,0x7fff,0x7fff,0x7fff,0x7fff,0x7fff,0x7fff,0x7fff,0x7fff,0x7fff,0x7fff,0x7fff,0x7fff,0x7fff,
	0x7fff,0x7fff,0x7fff,0x7fff,0x7fff,0x7fff,0x7fff,0x7fff,0x7fff,0x7fff,0x7fff,0x7fff,0x7fff,0x7fff,0x7fff,0x7fff,
	0x7fff,0x7fff,0x7fff,0x7fff,0x7fff,0x7fff,0x7fff,0x7fff,0x7fff,0x7fff,0x7fff,0x7fff,0x7fff,0x7fff,0x7fff,0x7fff,
	0x7fff,0x7fff,0x7fff,0x7fff,0x7fff,0x7fff,0x7fff,0x7fff,0x7fff,0x7fff,0x7fff,0x7fff,0x7fff,0x7fff,0x7fff,0x7fff,
	0x7fff,0x7fff,0x7fff,0x7fff,0x7fff,0x7fff,0x7fff,0x7fff,0x7fff,0x7fff,0x7fff,0x7fff,0x7fff,0x7fff,0x7fff,0x7fff,
	0x7fff,0x7fff,0x7fff,0x7fff,0x7fff,0x7fff,0x7fff,0x7fff,0x7fff,0x7fff,0x7fff,0x7fff,0x7fff,0x7fff,0x7fff,0x7fff,
	0x7fff,0x7fff,0x7fff,0x7fff,0x7fff,0x7fff,0x7fff,0x7fff,0x7fff,0x7fff,0x7fff,0x7fff,0x7fff,0x7fff,0x7fff,0x7fff,
	0x7fff,0x7fff,0x7fff,0x7fff,0x7fff,0x7fff,0x7fff,0x7fff,0x7fff,0x7fff,0x7fff,0x7fff,0x7fff,0x7fff,0x7fff,0x7fff,
	0x7fff,0x7fff,0x7fff,0x7fff,0x7fff,0x7fff,0x7fff,0x7fff,0x7fff,0x7fff,0x7fff,0x7fff,0x7fff,0x7fff,0x7fff,0x7fff,
	0x7fff,0x7fff,0x7fff,0x7fff,0x7fff,0x7fff,0x7fff,0x7fff,0x7fff,0x7fff,0x7fff,0x7fff,0x7fff,0x7fff,0x7fff,0x7fff,
	0x7fff,0x7fff,0x7fff,0x7fff,0x7fff,0x7fff,0x7fff,0x7fff,0x7fff,0x7fff,0x7fff,0x7fff,0x7fff,0x7fff,0x7fff,0x7fff,
	0x7fff,0x7fff,0x7fff,0x7fff,0x7fff,0x7fff,0x7fff,0x7fff,0x7fff,0x7fff,0x7fff,0x7fff,0x7fff,0x7fff,0x7fff,0x7fff,
	0x7fff,0x7fff,0x7fff,0x7fff,0x7fff,0x7fff,0x7fff,0x7fff,0x7fff,0x7fff,0x7fff,0x7fff,0x7fff,0x7fff,0x7fff,0x7fff,
	0x7fff,0x7fff,0x7fff,0x7fff,0x7fff,0x7fff,0x7fff,0x7fff,0x7fff,0x7fff,0x7fff,0x7fff,0x7fff,0x7fff,0x7fff,0x7fff,
	0x7fff,0x7fff,0x7fff,0x7fff,0x7fff,0x7fff,0x7fff,0x7fff,0x7fff,0x7fff,0x7fff,0x7fff,0x7fff,0x7fff,0x7fff,0x7fff,
	0x7fff,0x7fff,0x7fff,0x7fff,0x7fff,0x7fff,0x7fff,0x7fff,0x7fff,0x7fff,0x7fff,0x7fff,0x7fff,0x7fff,0x7fff,0x7fff,
	0x7fff,0x7fff,0x7fff,0x7fff,0x7fff,0x7fff,0x7fff,0x7fff,0x7fff,0x7fff,0x7fff,0x7fff,0x7fff,0x7fff,0x7fff,0x7fff,
	0x7fff,0x7fff,0x7fff,0x7fff,0x7fff,0x7fff,0x7fff,0x7fff,0x7fff,0x7fff,0x7fff,0x7fff,0x7fff,0x7fff,0x7fff,0x7fff,
	0x7fff,0x7fff,0x7fff,0x7fff,0x7fff,0x7fff,0x7fff,0x7fff,0x7fff,0x7fff,0x7fff,0x7fff,0x7fff,0x7fff,0x7fff,0x7fff,
	0x7fff,0x7fff,0x7fff,0x7fff,0x7fff,0x7fff,0x7fff,0x7fff,0x7fff,0x7fff,0x7fff,0x7fff,0x7fff,0x7fff,0x7fff,0x7fff,
	0x7fff,0x7fff,0x7fff,0x7fff,0x7fff,0x7fff,0x7fff,0x7fff,0x7fff,0x7fff,0x7fff,0x7fff,0x7fff,0x7fff,0x7fff,0x7fff,
	0x7fff,0x7fff,0x7fff,0x7fff,0x7fff,0x7fff,0x7fff,0x7fff,0x7fff,0x7fff,0x7fff,0x7fff,0x7fff,0x7fff,0x7fff,0x7fff,
	0x7fff,0x7fff,0x7fff,0x7fff,0x7fff,0x7fff,0x7fff,0x7fff,0x7fff,0x7fff,0x7fff,0x7fff,0x7fff,0x7fff,0x7fff,0x7fff,
	0x7fff,0x7fff,0x7fff,0x7fff,0x7fff,0x7fff,0x7fff,0x7fff,0x7fff,0x7fff,0x7fff,0x7fff,0x7fff,0x7fff,0x7fff,0x7fff,
	0x7fff,0x7fff,0x7fff,0x7fff,0x7fff,0x7fff,0x7fff,0x7fff,0x7fff,0x7fff,0x7fff,0x7fff,0x7fff,0x7fff,0x7fff,0x7fff,
	0x7fff,0x7fff,0x7fff,0x7fff,0x7fff,0x7fff,0x7fff,0x7fff,0x7fff,0x7fff,0x7fff,0x7fff,0x7fff,0x7fff,0x7fff,0x7fff,
	0x7fff,0x7fff,0x7fff,0x7fff,0x7fff,0x7fff,0x7fff,0x7fff,0x7fff,0x7fff,0x7fff,0x7fff,0x7fff,0x7fff,0x7fff,0x7fff,
	0x7fff,0x7fff,0x7fff,0x7fff,0x7fff,0x7fff,0x7fff,0x7fff,0x7fff,0x7fff,0x7fff,0x7fff,0x7fff,0x7fff,0x7fff,0x7fff,
	0x7fff,0x7fff,0x7fff,0x7fff,0x7fff,0x7fff,0x7fff,0x7fff,0x7fff,0x7fff,0x7fff,0x7fff,0x7fff,0x7fff,0x7fff,0x7fff,
	0x7fff,0x7fff,0x7fff,0x7fff,0x7fff,0x7fff,0x7fff,0x7fff,0x7fff,0x7fff,0x7fff,0x7fff,0x7fff,0x7fff,0x7fff,0x7fff,
	0x7fff,0x7fff,0x7fff,0x7fff,0x7fff,0x7fff,0x7fff,0x7fff,0x7fff,0x7fff,0x7fff,0x7fff,0x7fff,0x7fff,0x7fff,0x7fff,
	0x7fff,0x7fff,0x7fff,0x7fff,0x7fff,0x7fff,0x7fff,0x7fff,0x7fff,0x7fff,0x7fff,0x7fff,0x7fff,0x7fff,0x7fff,0x7fff,
	0x7fff,0x7fff,0x7fff,0x7fff,0x7fff,0x7fff,0x7fff,0x7fff,0x7fff,0x7fff,0x7fff,0x7fff,0x7fff,0x7fff,0x7fff,0x7fff,
	0x7fff,0x7fff,0x7fff,0x7fff,0x7fff,0x7fff,0x7fff,0x7fff,0x7fff,0x7fff,0x7fff,0x7fff,0x7fff,0x7fff,0x7fff,0x7fff,
	0x7fff,0x7fff,0x7fff,0x7fff,0x7fff,0x7fff,0x7fff,0x7fff,0x7fff,0x7fff,0x7fff,0x7fff,0x7fff,0x7fff,0x7fff,0x7fff,
	0x7fff,0x7fff,0x7fff,0x7fff,0x7fff,0x7fff,0x7fff,0x7fff,0x7fff,0x7fff,0x7fff,0x7fff,0x7fff,0x7fff,0x7fff,0x7fff,
	0x7fff,0x7fff,0x7fff,0x7fff,0x7fff,0x7fff,0x7fff,0x7fff,0x7fff,0x7fff,0x7fff,0x7fff,0x7fff,0x7fff,0x7fff,0x7fff,
	0x7fff,0x7fff,0x7fff,0x7fff,0x7fff,0x7fff,0x7fff,0x7fff,0x7fff,0x7fff,0x7fff,0x7fff,0x7fff,0x7fff,0x7fff,0x7fff,
	0x7fff,0x7fff,0x7fff,0x7fff,0x7fff,0x7fff,0x7fff,0x7fff,0x7fff,0x7fff,0x7fff,0x7fff,0x7fff,0x7fff,0x7fff,0x7fff,
	0x7fff,0x7fff,0x7fff,0x7fff,0x7fff,0x7fff,0x7fff,0x7fff,0x7fff,0x7fff,0x7fff,0x7fff,0x7fff,0x7fff,0x7fff,0x7fff,
	0x7fff,0x7fff,0x7fff,0x7fff,0x7fff,0x7fff,0x7fff,0x7fff,0x7fff,0x7fff,0x7fff,0x7fff,0x7fff,0x7fff,0x7fff,0x7fff,
	0x7fff,0x7fff,0x7fff,0x7fff,0x7fff,0x7fff,0x7fff,0x7fff,0x7fff,0x7fff,0x7fff,0x7fff,0x7fff,0x7fff,0x7fff,0x7fff,
	0x7fff,0x7fff,0x7fff,0x7fff,0x7fff,0x7fff,0x7fff,0x7fff,0x7fff,0x7fff,0x7fff,0x7fff,0x7fff,0x7fff,0x7fff,0x7fff,
	0x7fff,0x7fff,0x7fff,0x7fff,0x7fff,0x7fff,0x7fff,0x7fff,0x7fff,0x7fff,0x7fff,0x7fff,0x7fff,0x7fff,0x7fff,0x7fff,
	0x7fff,0x7fff,0x7fff,0x7fff,0x7fff,0x7fff,0x7fff,0x7fff,0x7fff,0x7fff,0x7fff,0x7fff,0x7fff,0x7fff,0x7fff,0x7fff,
	0x7fff,0x7fff,0x7fff,0x7fff,0x7fff,0x7fff,0x7fff,0x7fff,0x7fff,0x7fff,0x7fff,0x7fff,0x7fff,0x7fff,0x7fff,0x7fff,
	0x7fff,0x7fff,0x7fff,0x7fff,0x7fff,0x7fff,0x7fff,0x7fff,0x7fff,0x7fff,0x7fff,0x7fff,0x7fff,0x7fff,0x7fff,0x7fff,
	0x7fff,0x7fff,0x7fff,0x7fff,0x7fff,0x7fff,0x7fff,0x7fff,0x7fff,0x7fff,0x7fff,0x7fff,0x7fff,0x7fff,0x7fff,0x7fff,
	0x7fff,0x7fff,0x7fff,0x7fff,0x7fff,0x7fff,0x7fff,0x7fff,0x7fff,0x7fff,0x7fff,0x7fff,0x7fff,0x7fff,0x7fff,0x7fff,
	0x7fff,0x7fff,0x7fff,0x7fff,0x7fff,0x7fff,0x7fff,0x7fff,0x7fff,0x7fff,0x7fff,0x7fff,0x7fff,0x7fff,0x7fff,0x7fff,
	0x7fff,0x7fff,0x7fff,0x7fff,0x7fff,0x7fff,0x7fff,0x7fff,0x7fff,0x7fff,0x7fff,0x7fff,0x7fff,0x7fff,0x7fff,0x7fff,
	0x7fff,0x7fff,0x7fff,0x7fff,0x7fff,0x7fff,0x7fff,0x7fff,0x7fff,0x7fff,0x7fff,0x7fff,0x7fff,0x7fff,0x7fff,0x7fff,
	0x7fff,0x7fff,0x7fff,0x7fff,0x7fff,0x7fff,0x7fff,0x7fff,0x7fff,0x7fff,0x7fff,0x7fff,0x7fff,0x7fff,0x7fff,0x7fff,
	0x7fff,0x7fff,0x7fff,0x7fff,0x7fff,0x7fff,0x7fff,0x7fff,0x7fff,0x7fff,0x7fff,0x7fff,0x7fff,0x7fff,0x7fff,0x7fff,
	0x7fff,0x7fff,0x7fff,0x7fff,0x7fff,0x7fff,0x7fff,0x7fff,0x7fff,0x7fff,0x7fff,0x7fff,0x7fff,0x7fff,0x7fff,0x7fff,
	0x7fff,0x7fff,0x7fff,0x7fff,0x7fff,0x7fff,0x7fff,0x7fff,0x7fff,0x7fff,0x7fff,0x7fff,0x7fff,0x7fff,0x7fff,0x7fff,
	0x7fff,0x7fff,0x7fff,0x7fff,0x7fff,0x7fff,0x7fff,0x7fff,0x7fff,0x7fff,0x7fff,0x7fff,0x7fff,0x7fff,0x7fff,0x7fff,
	0x7fff,0x7fff,0x7fff,0x7fff,0x7fff,0x7fff,0x7fff,0x7fff,0x7fff,0x7fff,0x7fff,0x7fff,0x7fff,0x7fff,0x7fff,0x7fff,
	0x7fff,0x7fff,0x7fff,0x7fff,0x7fff,0x7fff,0x7fff,0x7fff,0x7fff,0x7fff,0x7fff,0x7fff,0x7fff,0x7fff,0x7fff,0x7fff,
	0x7fff,0x7fff,0x7fff,0x7fff,0x7fff,0x7fff,0x7fff,0x7fff,0x7fff,0x7fff,0x7fff,0x7fff,0x7fff,0x7fff,0x7fff,0x7fff,
	0x7fff,0x7fff,0x7fff,0x7fff,0x7fff,0x7fff,0x7fff,0x7fff,0x7fff,0x7fff,0x7fff,0x7fff,0x7fff,0x7fff,0x7fff,0x7fff,
	0x7fff,0x7fff,0x7fff,0x7fff,0x7fff,0x7fff,0x7fff,0x7fff,0x7fff,0x7fff,0x7fff,0x7fff,0x7fff,0x7fff,0x7fff,0x7fff,
	0x7fff,0x7fff,0x7fff,0x7fff,0x7fff,0x7fff,0x7fff,0x7fff,0x7fff,0x7fff,0x7fff,0x7fff,0x7fff,0x7fff,0x7fff,0x7fff,
	0x7fff,0x7fff,0x7fff,0x7fff,0x7fff,0x7fff,0x7fff,0x7fff,0x7fff,0x7fff,0x7fff,0x7fff,0x7fff,0x7fff,0x7fff,0x7fff,
	0x7fff,0x7fff,0x7fff,0x7fff,0x7fff,0x7fff,0x7fff,0x7fff,0x7fff,0x7fff,0x7fff,0x7fff,0x7fff,0x7fff,0x7fff,0x7fff,
	0x7fff,0x7fff,0x7fff,0x7fff,0x7fff,0x7fff,0x7fff,0x7fff,0x7fff,0x7fff,0x7fff,0x7fff,0x7fff,0x7fff,0x7fff,0x7fff,
	0x7fff,0x7fff,0x7fff,0x7fff,0x7fff,0x7fff,0x7fff,0x7fff,0x7fff,0x7fff,0x7fff,0x7fff,0x7fff,0x7fff,0x7fff,0x7fff,
	0x7fff,0x7fff,0x7fff,0x7fff,0x7fff,0x7fff,0x7fff,0x7fff,0x7fff,0x7fff,0x7fff,0x7fff,0x7fff,0x7fff,0x7fff,0x7fff,
	0x7fff,0x7fff,0x7fff,0x7fff,0x7fff,0x7fff,0x7fff,0x7fff,0x7fff,0x7fff,0x7fff,0x7fff,0x7fff,0x7fff,0x7fff,0x7fff,
	0x7fff,0x7fff,0x7fff,0x7fff,0x7fff,0x7fff,0x7fff,0x7fff,0x7fff,0x7fff,0x7fff,0x7fff,0x7fff,0x7fff,0x7fff,0x7fff,
	0x7fff,0x7fff,0x7fff,0x7fff,0x7fff,0x7fff,0x7fff,0x7fff,0x7fff,0x7fff,0x7fff,0x7fff,0x7fff,0x7fff,0x7fff,0x7fff,
	0x7fff,0x7fff,0x7fff,0x7fff,0x7fff,0x7fff,0x7fff,0x7fff,0x7fff,0x7fff,0x7fff,0x7fff,0x7fff,0x7fff,0x7fff,0x7fff,
	0x7fff,0x7fff,0x7fff,0x7fff,0x7fff,0x7fff,0x7fff,0x7fff,0x7fff,0x7fff,0x7fff,0x7fff,0x7fff,0x7fff,0x7fff,0x7fff,
	0x7fff,0x7fff,0x7fff,0x7fff,0x7fff,0x7fff,0x7fff,0x7fff,0x7fff,0x7fff,0x7fff,0x7fff,0x7fff,0x7fff,0x7fff,0x7fff,
	0x7fff,0x7fff,0x7fff,0x7fff,0x7fff,0x7fff,0x7fff,0x7fff,0x7fff,0x7fff,0x7fff,0x7fff,0x7fff,0x7fff,0x7fff,0x7fff,
	0x7fff,0x7fff,0x7fff,0x7fff,0x7fff,0x7fff,0x7fff,0x7fff,0x7fff,0x7fff,0x7fff,0x7fff,0x7fff,0x7fff,0x7fff,0x7fff,
	0x7fff,0x7fff,0x7fff,0x7fff,0x7fff,0x7fff,0x7fff,0x7fff,0x7fff,0x7fff,0x7fff,0x7fff,0x7fff,0x7fff,0x7fff,0x7fff,
	0x7fff,0x7fff,0x7fff,0x7fff,0x7fff,0x7fff,0x7fff,0x7fff,0x7fff,0x7fff,0x7fff,0x7fff,0x7fff,0x7fff,0x7fff,0x7fff,
	0x7fff,0x7fff,0x7fff,0x7fff,0x7fff,0x7fff,0x7fff,0x7fff,0x7fff,0x7fff,0x7fff,0x7fff,0x7fff,0x7fff,0x7fff,0x7fff,
	0x7fff,0x7fff,0x7fff,0x7fff,0x7fff,0x7fff,0x7fff,0x7fff,0x7fff,0x7fff,0x7fff,0x7fff,0x7fff,0x7fff,0x7fff,0x7fff,
	0x7fff,0x7fff,0x7fff,0x7fff,0x7fff,0x7fff,0x7fff,0x7fff,0x7fff,0x7fff,0x7fff,0x7fff,0x7fff,0x7fff,0x7fff,0x7fff,
	0x7fff,0x7fff,0x7fff,0x7fff,0x7fff,0x7fff,0x7fff,0x7fff,0x7fff,0x7fff,0x7fff,0x7fff,0x7fff,0x7fff,0x7fff,0x7fff,
	0x7fff,0x7fff,0x7fff,0x7fff,0x7fff,0x7fff,0x7fff,0x7fff,0x7fff,0x7fff,0x7fff,0x7fff,0x7fff,0x7fff,0x7fff,0x7fff,
	0x7fff,0x7fff,0x7fff,0x7fff,0x7fff,0x7fff,0x7fff,0x7fff,0x7fff,0x7fff,0x7fff,0x7fff,0x7fff,0x7fff,0x7fff,0x7fff,
	0x7fff,0x7fff,0x7fff,0x7fff,0x7fff,0x7fff,0x7fff,0x7fff,0x7fff,0x7fff,0x7fff,0x7fff,0x7fff,0x7fff,0x7fff,0x7fff,
	0x7fff,0x7fff,0x7fff,0x7fff,0x7fff,0x7fff,0x7fff,0x7fff,0x7fff,0x7fff,0x7fff,0x7fff,0x7fff,0x7fff,0x7fff,0x7fff,
	0x7fff,0x7fff,0x7fff,0x7fff,0x7fff,0x7fff,0x7fff,0x7fff,0x7fff,0x7fff,0x7fff,0x7fff,0x7fff,0x7fff,0x7fff,0x7fff,
	0x7fff,0x7fff,0x7fff,0x7fff,0x7fff,0x7fff,0x7fff,0x7fff,0x7fff,0x7fff,0x7fff,0x7fff,0x7fff,0x7fff,0x7fff,0x7fff,
	0x7fff,0x7fff,0x7fff,0x7fff,0x7fff,0x7fff,0x7fff,0x7fff,0x7fff,0x7fff,0x7fff,0x7fff,0x7fff,0x7fff,0x7fff,0x7fff,
	0x7fff,0x7fff,0x7fff,0x7fff,0x7fff,0x7fff,0x7fff,0x7fff,0x7fff,0x7fff,0x7fff,0x7fff,0x7fff,0x7fff,0x7fff,0x7fff,
	0x7fff,0x7fff,0x7fff,0x7fff,0x7fff,0x7fff,0x7fff,0x7fff,0x7fff,0x7fff,0x7fff,0x7fff,0x7fff,0x7fff,0x7fff,0x7fff,
	0x7fff,0x7fff,0x7fff,0x7fff,0x7fff,0x7fff,0x7fff,0x7fff,0x7fff,0x7fff,0x7fff,0x7fff,0x7fff,0x7fff,0x7fff,0x7fff,
	0x7fff,0x7fff,0x7fff,0x7fff,0x7fff,0x7fff,0x7fff,0x7fff,0x7fff,0x7fff,0x7fff,0x7fff,0x7fff,0x7fff,0x7fff,0x7fff,
	0x7fff,0x7fff,0x7fff,0x7fff,0x7fff,0x7fff,0x7fff,0x7fff,0x7fff,0x7fff,0x7fff,0x7fff,0x7fff,0x7fff,0x7fff,0x7fff,
	0x7fff,0x7fff,0x7fff,0x7fff,0x7fff,0x7fff,0x7fff,0x7fff,0x7fff,0x7fff,0x7fff,0x7fff,0x7fff,0x7fff,0x7fff,0x7fff,
	0x7fff,0x7fff,0x7fff,0x7fff,0x7fff,0x7fff,0x7fff,0x7fff,0x7fff,0x7fff,0x7fff,0x7fff,0x7fff,0x7fff,0x7fff,0x7fff,
	0x7fff,0x7fff,0x7fff,0x7fff,0x7fff,0x7fff,0x7fff,0x7fff,0x7fff,0x7fff,0x7fff,0x7fff,0x7fff,0x7fff,0x7fff,0x7fff,
	0x7fff,0x7fff,0x7fff,0x7fff,0x7fff,0x7fff,0x7fff,0x7fff,0x7fff,0x7fff,0x7fff,0x7fff,0x7fff,0x7fff,0x7fff,0x7fff,
	0x7fff,0x7fff,0x7fff,0x7fff,0x7fff,0x7fff,0x7fff,0x7fff,0x7fff,0x7fff,0x7fff,0x7fff,0x7fff,0x7fff,0x7fff,0x7fff,
	0x7fff,0x7fff,0x7fff,0x7fff,0x7fff,0x7fff,0x7fff,0x7fff,0x7fff,0x7fff,0x7fff,0x7fff,0x7fff,0x7fff,0x7fff,0x7fff,
	0x7fff,0x7fff,0x7fff,0x7fff,0x7fff,0x7fff,0x7fff,0x7fff,0x7fff,0x7fff,0x7fff,0x7fff,0x7fff,0x7fff,0x7fff,0x7fff,
	0x7fff,0x7fff,0x7fff,0x7fff,0x7fff,0x7fff,0x7fff,0x7fff,0x7fff,0x7fff,0x7fff,0x7fff,0x7fff,0x7fff,0x7fff,0x7fff,
	0x7fff,0x7fff,0x7fff,0x7fff,0x7fff,0x7fff,0x7fff,0x7fff,0x7fff,0x7fff,0x7fff,0x7fff,0x7fff,0x7fff,0x7fff,0x7fff,
	0x7fff,0x7fff,0x7fff,0x7fff,0x7fff,0x7fff,0x7fff,0x7fff,0x7fff,0x7fff,0x7fff,0x7fff,0x7fff,0x7fff,0x7fff,0x7fff,
	0x7fff,0x7fff,0x7fff,0x7fff,0x7fff,0x7fff,0x7fff,0x7fff,0x7fff,0x7fff,0x7fff,0x7fff,0x7fff,0x7fff,0x7fff,0x7fff,
	0x7fff,0x7fff,0x7fff,0x7fff,0x7fff,0x7fff,0x7fff,0x7fff,0x7fff,0x7fff,0x7fff,0x7fff,0x7fff,0x7fff,0x7fff,0x7fff,
	0x7fff,0x7fff,0x7fff,0x7fff,0x7fff,0x7fff,0x7fff,0x7fff,0x7fff,0x7fff,0x7fff,0x7fff,0x7fff,0x7fff,0x7fff,0x7fff,
	0x7fff,0x7fff,0x7fff,0x7fff,0x7fff,0x7fff,0x7fff,0x7fff,0x7fff,0x7fff,0x7fff,0x7fff,0x7fff,0x7fff,0x7fff,0x7fff,
	0x7fff,0x7fff,0x7fff,0x7fff,0x7fff,0x7fff,0x7fff,0x7fff,0x7fff,0x7fff,0x7fff,0x7fff,0x7fff,0x7fff,0x7fff,0x7fff,
	0x7fff,0x7fff,0x7fff,0x7fff,0x7fff,0x7fff,0x7fff,0x7fff,0x7fff,0x7fff,0x7fff,0x7fff,0x7fff,0x7fff,0x7fff,0x7fff,
	0x7fff,0x7fff,0x7fff,0x7fff,0x7fff,0x7fff,0x7fff,0x7fff,0x7fff,0x7fff,0x7fff,0x7fff,0x7fff,0x7fff,0x7fff,0x7fff,
	0x7fff,0x7fff,0x7fff,0x7fff,0x7fff,0x7fff,0x7fff,0x7fff,0x7fff,0x7fff,0x7fff,0x7fff,0x7fff,0x7fff,0x7fff,0x7fff,
	0x7fff,0x7fff,0x7fff,0x7fff,0x7fff,0x7fff,0x7fff,0x7fff,0x7fff,0x7fff,0x7fff,0x7fff,0x7fff,0x7fff,0x7fff,0x7fff,
	0x7fff,0x7fff,0x7fff,0x7fff,0x7fff,0x7fff,0x7fff,0x7fff,0x7fff,0x7fff,0x7fff,0x7fff,0x7fff,0x7fff,0x7fff,0x7fff,
	0x7fff,0x7fff,0x7fff,0x7fff,0x7fff,0x7fff,0x7fff,0x7fff,0x7fff,0x7fff,0x7fff,0x7fff,0x7fff,0x7fff,0x7fff,0x7fff,
	0x7fff,0x7fff,0x7fff,0x7fff,0x7fff,0x7fff,0x7fff,0x7fff,0x7fff,0x7fff,0x7fff,0x7fff,0x7fff,0x7fff,0x7fff,0x7fff,
	0x7fff,0x7fff,0x7fff,0x7fff,0x7fff,0x7fff,0x7fff,0x7fff,0x7fff,0x7fff,0x7fff,0x7fff,0x7fff,0x7fff,0x7fff,0x7fff,
	0x7fff,0x7fff,0x7fff,0x7fff,0x7fff,0x7fff,0x7fff,0x7fff,0x7fff,0x7fff,0x7fff,0x7fff,0x7fff,0x7fff,0x7fff,0x7fff,
	0x7fff,0x7fff,0x7fff,0x7fff,0x7fff,0x7fff,0x7fff,0x7fff,0x7fff,0x7fff,0x7fff,0x7fff,0x7fff,0x7fff,0x7fff,0x7fff,
	0x7fff,0x7fff,0x7fff,0x7fff,0x7fff,0x7fff,0x7fff,0x7fff,0x7fff,0x7fff,0x7fff,0x7fff,0x7fff,0x7fff,0x7fff,0x7fff,
	0x7fff,0x7fff,0x7fff,0x7fff,0x7fff,0x7fff,0x7fff,0x7fff,0x7fff,0x7fff,0x7fff,0x7fff,0x7fff,0x7fff,0x7fff,0x7fff,
	0x7fff,0x7fff,0x7fff,0x7fff,0x7fff,0x7fff,0x7fff,0x7fff,0x7fff,0x7fff,0x7fff,0x7fff,0x7fff,0x7fff,0x7fff,0x7fff,
	0x7fff,0x7fff,0x7fff,0x7fff,0x7fff,0x7fff,0x7fff,0x7fff,0x7fff,0x7fff,0x7fff,0x7fff,0x7fff,0x7fff,0x7fff,0x7fff,
	0x7fff,0x7fff,0x7fff,0x7fff,0x7fff,0x7fff,0x7fff,0x7fff,0x7fff,0x7fff,0x7fff,0x7fff,0x7fff,0x7fff,0x7fff,0x7fff,
	0x7fff,0x7fff,0x7fff,0x7fff,0x7fff,0x7fff,0x7fff,0x7fff,0x7fff,0x7fff,0x7fff,0x7fff,0x7fff,0x7fff,0x7fff,0x7fff,
	0x7fff,0x7fff,0x7fff,0x7fff,0x7fff,0x7fff,0x7fff,0x7fff,0x7fff,0x7fff,0x7fff,0x7fff,0x7fff,0x7fff,0x7fff,0x7fff,
	0x7fff,0x7fff,0x7fff,0x7fff,0x7fff,0x7fff,0x7fff,0x7fff,0x7fff,0x7fff,0x7fff,0x7fff,0x7fff,0x7fff,0x7fff,0x7fff,
	0x7fff,0x7fff,0x7fff,0x7fff,0x7fff,0x7fff,0x7fff,0x7fff,0x7fff,0x7fff,0x7fff,0x7fff,0x7fff,0x7fff,0x7fff,0x7fff,
	0x7fff,0x7fff,0x7fff,0x7fff,0x7fff,0x7fff,0x7fff,0x7fff,0x7fff,0x7fff,0x7fff,0x7fff,0x7fff,0x7fff,0x7fff,0x7fff,
	0x7fff,0x7fff,0x7fff,0x7fff,0x7fff,0x7fff,0x7fff,0x7fff,0x7fff,0x7fff,0x7fff,0x7fff,0x7fff,0x7fff,0x7fff,0x7fff,
	0x7fff,0x7fff,0x7fff,0x7fff,0x7fff,0x7fff,0x7fff,0x7fff,0x7fff,0x7fff,0x7fff,0x7fff,0x7fff,0x7fff,0x7fff,0x7fff,
	0x7fff,0x7fff,0x7fff,0x7fff,0x7fff,0x7fff,0x7fff,0x7fff,0x7fff,0x7fff,0x7fff,0x7fff,0x7fff,0x7fff,0x7fff,0x7fff,
	0x7fff,0x7fff,0x7fff,0x7fff,0x7fff,0x7fff,0x7fff,0x7fff,0x7fff,0x7fff,0x7fff,0x7fff,0x7fff,0x7fff,0x7fff,0x7fff,
	0x7fff,0x7fff,0x7fff,0x7fff,0x7fff,0x7fff,0x7fff,0x7fff,0x7fff,0x7fff,0x7fff,0x7fff,0x7fff,0x7fff,0x7fff,0x7fff,
	0x7fff,0x7fff,0x7fff,0x7fff,0x7fff,0x7fff,0x7fff,0x7fff,0x7fff,0x7fff,0x7fff,0x7fff,0x7fff,0x7fff,0x7fff,0x7fff,
	0x7fff,0x7fff,0x7fff,0x7fff,0x7fff,0x7fff,0x7fff,0x7fff,0x7fff,0x7fff,0x7fff,0x7fff,0x7fff,0x7fff,0x7fff,0x7fff,
	0x7fff,0x7fff,0x7fff,0x7fff,0x7fff,0x7fff,0x7fff,0x7fff,0x7fff,0x7fff,0x7fff,0x7fff,0x7fff,0x7fff,0x7fff,0x7fff,
	0x7fff,0x7fff,0x7fff,0x7fff,0x7fff,0x7fff,0x7fff,0x7fff,0x7fff,0x7fff,0x7fff,0x7fff,0x7fff,0x7fff,0x7fff,0x7fff,
	0x7fff,0x7fff,0x7fff,0x7fff,0x7fff,0x7fff,0x7fff,0x7fff,0x7fff,0x7fff,0x7fff,0x7fff,0x7fff,0x7fff,0x7fff,0x7fff,
	0x7fff,0x7fff,0x7fff,0x7fff,0x7fff,0x7fff,0x7fff,0x7fff,0x7fff,0x7fff,0x7fff,0x7fff,0x7fff,0x7fff,0x7fff,0x7fff,
	0x7fff,0x7fff,0x7fff,0x7fff,0x7fff,0x7fff,0x7fff,0x7fff,0x7fff,0x7fff,0x7fff,0x7fff,0x7fff,0x7fff,0x7fff,0x7fff,
	0x7fff,0x7fff,0x7fff,0x7fff,0x7fff,0x7fff,0x7fff,0x7fff,0x7fff,0x7fff,0x7fff,0x7fff,0x7fff,0x7fff,0x7fff,0x7fff,
	0x7fff,0x7fff,0x7fff,0x7fff,0x7fff,0x7fff,0x7fff,0x7fff,0x7fff,0x7fff,0x7fff,0x7fff,0x7fff,0x7fff,0x7fff,0x7fff,
	0x7fff,0x7fff,0x7fff,0x7fff,0x7fff,0x7fff,0x7fff,0x7fff,0x7fff,0x7fff,0x7fff,0x7fff,0x7fff,0x7fff,0x7fff,0x7fff,
	0x7fff,0x7fff,0x7fff,0x7fff,0x7fff,0x7fff,0x7fff,0x7fff,0x7fff,0x7fff,0x7fff,0x7fff,0x7fff,0x7fff,0x7fff,0x7fff,
	0x7fff,0x7fff,0x7fff,0x7fff,0x7fff,0x7fff,0x7fff,0x7fff,0x7fff,0x7fff,0x7fff,0x7fff,0x7fff,0x7fff,0x7fff,0x7fff,
	0x7fff,0x7fff,0x7fff,0x7fff,0x7fff,0x7fff,0x7fff,0x7fff,0x7fff,0x7fff,0x7fff,0x7fff,0x7fff,0x7fff,0x7fff,0x7fff,
	0x7fff,0x7fff,0x7fff,0x7fff,0x7fff,0x7fff,0x7fff,0x7fff,0x7fff,0x7fff,0x7fff,0x7fff,0x7fff,0x7fff,0x7fff,0x7fff,
	0x7fff,0x7fff,0x7fff,0x7fff,0x7fff,0x7fff,0x7fff,0x7fff,0x7fff,0x7fff,0x7fff,0x7fff,0x7fff,0x7fff,0x7fff,0x7fff,
	0x7fff,0x7fff,0x7fff,0x7fff,0x7fff,0x7fff,0x7fff,0x7fff,0x7fff,0x7fff,0x7fff,0x7fff,0x7fff,0x7fff,0x7fff,0x7fff,
	0x7fff,0x7fff,0x7fff,0x7fff,0x7fff,0x7fff,0x7fff,0x7fff,0x7fff,0x7fff,0x7fff,0x7fff,0x7fff,0x7fff,0x7fff,0x7fff,
	0x7fff,0x7fff,0x7fff,0x7fff,0x7fff,0x7fff,0x7fff,0x7fff,0x7fff,0x7fff,0x7fff,0x7fff,0x7fff,0x7fff,0x7fff,0x7fff,
	0x7fff,0x7fff,0x7fff,0x7fff,0x7fff,0x7fff,0x7fff,0x7fff,0x7fff,0x7fff,0x7fff,0x7fff,0x7fff,0x7fff,0x7fff,0x7fff,
	0x7fff,0x7fff,0x7fff,0x7fff,0x7fff,0x7fff,0x7fff,0x7fff,0x7fff,0x7fff,0x7fff,0x7fff,0x7fff,0x7fff,0x7fff,0x7fff,
	0x7fff,0x7fff,0x7fff,0x7fff,0x7fff,0x7fff,0x7fff,0x7fff,0x7fff,0x7fff,0x7fff,0x7fff,0x7fff,0x7fff,0x7fff,0x7fff,
	0x7fff,0x7fff,0x7fff,0x7fff,0x7fff,0x7fff,0x7fff,0x7fff,0x7fff,0x7fff,0x7fff,0x7fff,0x7fff,0x7fff,0x7fff,0x7fff,
	0x7fff,0x7fff,0x7fff,0x7fff,0x7fff,0x7fff,0x7fff,0x7fff,0x7fff,0x7fff,0x7fff,0x7fff,0x7fff,0x7fff,0x7fff,0x7fff,
	0x7fff,0x7fff,0x7fff,0x7fff,0x7fff,0x7fff,0x7fff,0x7fff,0x7fff,0x7fff,0x7fff,0x7fff,0x7fff,0x7fff,0x7fff,0x7fff,
	0x7fff,0x7fff,0x7fff,0x7fff,0x7fff,0x7fff,0x7fff,0x7fff,0x7fff,0x7fff,0x7fff,0x7fff,0x7fff,0x7fff,0x7fff,0x7fff,
	0x7fff,0x7fff,0x7fff,0x7fff,0x7fff,0x7fff,0x7fff,0x7fff,0x7fff,0x7fff,0x7fff,0x7fff,0x7fff,0x7fff,0x7fff,0x7fff,
	0x7fff,0x7fff,0x7fff,0x7fff,0x7fff,0x7fff,0x7fff,0x7fff,0x7fff,0x7fff,0x7fff,0x7fff,0x7fff,0x7fff,0x7fff,0x7fff,
	0x7fff,0x7fff,0x7fff,0x7fff,0x7fff,0x7fff,0x7fff,0x7fff,0x7fff,0x7fff,0x7fff,0x7fff,0x7fff,0x7fff,0x7fff,0x7fff,
	0x7fff,0x7fff,0x7fff,0x7fff,0x7fff,0x7fff,0x7fff,0x7fff,0x7fff,0x7fff,0x7fff,0x7fff,0x7fff,0x7fff,0x7fff,0x7fff,
	0x7fff,0x7fff,0x7fff,0x7fff,0x7fff,0x7fff,0x7fff,0x7fff,0x7fff,0x7fff,0x7fff,0x7fff,0x7fff,0x7fff,0x7fff,0x7fff,
	0x7fff,0x7fff,0x7fff,0x7fff,0x7fff,0x7fff,0x7fff,0x7fff,0x7fff,0x7fff,0x7fff,0x7fff,0x7fff,0x7fff,0x7fff,0x7fff,
	0x7fff,0x7fff,0x7fff,0x7fff,0x7fff,0x7fff,0x7fff,0x7fff,0x7fff,0x7fff,0x7fff,0x7fff,0x7fff,0x7fff,0x7fff,0x7fff,
	0x7fff,0x7fff,0x7fff,0x7fff,0x7fff,0x7fff,0x7fff,0x7fff,0x7fff,0x7fff,0x7fff,0x7fff,0x7fff,0x7fff,0x7fff,0x7fff,
	0x7fff,0x7fff,0x7fff,0x7fff,0x7fff,0x7fff,0x7fff,0x7fff,0x7fff,0x7fff,0x7fff,0x7fff,0x7fff,0x7fff,0x7fff,0x7fff,
	0x7fff,0x7fff,0x7fff,0x7fff,0x7fff,0x7fff,0x7fff,0x7fff,0x7fff,0x7fff,0x7fff,0x7fff,0x7fff,0x7fff,0x7fff,0x7fff,
	0x7fff,0x7fff,0x7fff,0x7fff,0x7fff,0x7fff,0x7fff,0x7fff,0x7fff,0x7fff,0x7fff,0x7fff,0x7fff,0x7fff,0x7fff,0x7fff,
	0x7fff,0x7fff,0x7fff,0x7fff,0x7fff,0x7fff,0x7fff,0x7fff,0x7fff,0x7fff,0x7fff,0x7fff,0x7fff,0x7fff,0x7fff,0x7fff,
	0x7fff,0x7fff,0x7fff,0x7fff,0x7fff,0x7fff,0x7fff,0x7fff,0x7fff,0x7fff,0x7fff,0x7fff,0x7fff,0x7fff,0x7fff,0x7fff,
	0x7fff,0x7fff,0x7fff,0x7fff,0x7fff,0x7fff,0x7fff,0x7fff,0x7fff,0x7fff,0x7fff,0x7fff,0x7fff,0x7fff,0x7fff,0x7fff,
	0x7fff,0x7fff,0x7fff,0x7fff,0x7fff,0x7fff,0x7fff,0x7fff,0x7fff,0x7fff,0x7fff,0x7fff,0x7fff,0x7fff,0x7fff,0x7fff,
	0x7fff,0x7fff,0x7fff,0x7fff,0x7fff,0x7fff,0x7fff,0x7fff,0x7fff,0x7fff,0x7fff,0x7fff,0x7fff,0x7fff,0x7fff,0x7fff,
	0x7fff,0x7fff,0x7fff,0x7fff,0x7fff,0x7fff,0x7fff,0x7fff,0x7fff,0x7fff,0x7fff,0x7fff,0x7fff,0x7fff,0x7fff,0x7fff,
	0x7fff,0x7fff,0x7fff,0x7fff,0x7fff,0x7fff,0x7fff,0x7fff,0x7fff,0x7fff,0x7fff,0x7fff,0x7fff,0x7fff,0x7fff,0x7fff,
	0x7fff,0x7fff,0x7fff,0x7fff,0x7fff,0x7fff,0x7fff,0x7fff,0x7fff,0x7fff,0x7fff,0x7fff,0x7fff,0x7fff,0x7fff,0x7fff,
	0x7fff,0x7fff,0x7fff,0x7fff,0x7fff,0x7fff,0x7fff,0x7fff,0x7fff,0x7fff,0x7fff,0x7fff,0x7fff,0x7fff,0x7fff,0x7fff,
	0x7fff,0x7fff,0x7fff,0x7fff,0x7fff,0x7fff,0x7fff,0x7fff,0x7fff,0x7fff,0x7fff,0x7fff,0x7fff,0x7fff,0x7fff,0x7fff,
	0x7fff,0x7fff,0x7fff,0x7fff,0x7fff,0x7fff,0x7fff,0x7fff,0x7fff,0x7fff,0x7fff,0x7fff,0x7fff,0x7fff,0x7fff,0x7fff,
	0x7fff,0x7fff,0x7fff,0x7fff,0x7fff,0x7fff,0x7fff,0x7fff,0x7fff,0x7fff,0x7fff,0x7fff,0x7fff,0x7fff,0x7fff,0x7fff,
	0x7fff,0x7fff,0x7fff,0x7fff,0x7fff,0x7fff,0x7fff,0x7fff,0x7fff,0x7fff,0x7fff,0x7fff,0x7fff,0x7fff,0x7fff,0x7fff,
	0x7fff,0x7fff,0x7fff,0x7fff,0x7fff,0x7fff,0x7fff,0x7fff,0x7fff,0x7fff,0x7fff,0x7fff,0x7fff,0x7fff,0x7fff,0x7fff,
	0x7fff,0x7fff,0x7fff,0x7fff,0x7fff,0x7fff,0x7fff,0x7fff,0x7fff,0x7fff,0x7fff,0x7fff,0x7fff,0x7fff,0x7fff,0x7fff,
	0x7fff,0x7fff,0x7fff,0x7fff,0x7fff,0x7fff,0x7fff,0x7fff,0x7fff,0x7fff,0x7fff,0x7fff,0x7fff,0x7fff,0x7fff,0x7fff,
	0x7fff,0x7fff,0x7fff,0x7fff,0x7fff,0x7fff,0x7fff,0x7fff,0x7fff,0x7fff,0x7fff,0x7fff,0x7fff,0x7fff,0x7fff,0x7fff,
	0x7fff,0x7fff,0x7fff,0x7fff,0x7fff,0x7fff,0x7fff,0x7fff,0x7fff,0x7fff,0x7fff,0x7fff,0x7fff,0x7fff,0x7fff,0x7fff,
	0x7fff,0x7fff,0x7fff,0x7fff,0x7fff,0x7fff,0x7fff,0x7fff,0x7fff,0x7fff,0x7fff,0x7fff,0x7fff,0x7fff,0x7fff,0x7fff,
	0x7fff,0x7fff,0x7fff,0x7fff,0x7fff,0x7fff,0x7fff,0x7fff,0x7fff,0x7fff,0x7fff,0x7fff,0x7fff,0x7fff,0x7fff,0x7fff,
	0x7fff,0x7fff,0x7fff,0x7fff,0x7fff,0x7fff,0x7fff,0x7fff,0x7fff,0x7fff,0x7fff,0x7fff,0x7fff,0x7fff,0x7fff,0x7fff,
	0x7fff,0x7fff,0x7fff,0x7fff,0x7fff,0x7fff,0x7fff,0x7fff,0x7fff,0x7fff,0x7fff,0x7fff,0x7fff,0x7fff,0x7fff,0x7fff,
	0x7fff,0x7fff,0x7fff,0x7fff,0x7fff,0x7fff,0x7fff,0x7fff,0x7fff,0x7fff,0x7fff,0x7fff,0x7fff,0x7fff,0x7fff,0x7fff,
	0x7fff,0x7fff,0x7fff,0x7fff,0x7fff,0x7fff,0x7fff,0x7fff,0x7fff,0x7fff,0x7fff,0x7fff,0x7fff,0x7fff,0x7fff,0x7fff,
	0x7fff,0x7fff,0x7fff,0x7fff,0x7fff,0x7fff,0x7fff,0x7fff,0x7fff,0x7fff,0x7fff,0x7fff,0x7fff,0x7fff,0x7fff,0x7fff,
	0x7fff,0x7fff,0x7fff,0x7fff,0x7fff,0x7fff,0x7fff,0x7fff,0x7fff,0x7fff,0x7fff,0x7fff,0x7fff,0x7fff,0x7fff,0x7fff,
	0x7fff,0x7fff,0x7fff,0x7fff,0x7fff,0x7fff,0x7fff,0x7fff,0x7fff,0x7fff,0x7fff,0x7fff,0x7fff,0x7fff,0x7fff,0x7fff,
	0x7fff,0x7fff,0x7fff,0x7fff,0x7fff,0x7fff,0x7fff,0x7fff,0x7fff,0x7fff,0x7fff,0x7fff,0x7fff,0x7fff,0x7fff,0x7fff,
	0x7fff,0x7fff,0x7fff,0x7fff,0x7fff,0x7fff,0x7fff,0x7fff,0x7fff,0x7fff,0x7fff,0x7fff,0x7fff,0x7fff,0x7fff,0x7fff,
	0x7fff,0x7fff,0x7fff,0x7fff,0x7fff,0x7fff,0x7fff,0x7fff,0x7fff,0x7fff,0x7fff,0x7fff,0x7fff,0x7fff,0x7fff,0x7fff,
	0x7fff,0x7fff,0x7fff,0x7fff,0x7fff,0x7fff,0x7fff,0x7fff,0x7fff,0x7fff,0x7fff,0x7fff,0x7fff,0x7fff,0x7fff,0x7fff,
	0x7fff,0x7fff,0x7fff,0x7fff,0x7fff,0x7fff,0x7fff,0x7fff,0x7fff,0x7fff,0x7fff,0x7fff,0x7fff,0x7fff,0x7fff,0x7fff,
	0x7fff,0x7fff,0x7fff,0x7fff,0x7fff,0x7fff,0x7fff,0x7fff,0x7fff,0x7fff,0x7fff,0x7fff,0x7fff,0x7fff,0x7fff,0x7fff,
	0x7fff,0x7fff,0x7fff,0x7fff,0x7fff,0x7fff,0x7fff,0x7fff,0x7fff,0x7fff,0x7fff,0x7fff,0x7fff,0x7fff,0x7fff,0x7fff,
	0x7fff,0x7fff,0x7fff,0x7fff,0x7fff,0x7fff,0x7fff,0x7fff,0x7fff,0x7fff,0x7fff,0x7fff,0x7fff,0x7fff,0x7fff,0x7fff,
	0x7fff,0x7fff,0x7fff,0x7fff,0x7fff,0x7fff,0x7fff,0x7fff,0x7fff,0x7fff,0x7fff,0x7fff,0x7fff,0x7fff,0x7fff,0x7fff,
	0x7fff,0x7fff,0x7fff,0x7fff,0x7fff,0x7fff,0x7fff,0x7fff,0x7fff,0x7fff,0x7fff,0x7fff,0x7fff,0x7fff,0x7fff,0x7fff,
	0x7fff,0x7fff,0x7fff,0x7fff,0x7fff,0x7fff,0x7fff,0x7fff,0x7fff,0x7fff,0x7fff,0x7fff,0x7fff,0x7fff,0x7fff,0x7fff,
	0x7fff,0x7fff,0x7fff,0x7fff,0x7fff,0x7fff,0x7fff,0x7fff,0x7fff,0x7fff,0x7fff,0x7fff,0x7fff,0x7fff,0x7fff,0x7fff,
	0x7fff,0x7fff,0x7fff,0x7fff,0x7fff,0x7fff,0x7fff,0x7fff,0x7fff,0x7fff,0x7fff,0x7fff,0x7fff,0x7fff,0x7fff,0x7fff,
	0x7fff,0x7fff,0x7fff,0x7fff,0x7fff,0x7fff,0x7fff,0x7fff,0x7fff,0x7fff,0x7fff,0x7fff,0x7fff,0x7fff,0x7fff,0x7fff,
	0x7fff,0x7fff,0x7fff,0x7fff,0x7fff,0x7fff,0x7fff,0x7fff,0x7fff,0x7fff,0x7fff,0x7fff,0x7fff,0x7fff,0x7fff,0x7fff,
	0x7fff,0x7fff,0x7fff,0x7fff,0x7fff,0x7fff,0x7fff,0x7fff,0x7fff,0x7fff,0x7fff,0x7fff,0x7fff,0x7fff,0x7fff,0x7fff,
	0x7fff,0x7fff,0x7fff,0x7fff,0x7fff,0x7fff,0x7fff,0x7fff,0x7fff,0x7fff,0x7fff,0x7fff,0x7fff,0x7fff,0x7fff,0x7fff,
	0x7fff,0x7fff,0x7fff,0x7fff,0x7fff,0x7fff,0x7fff,0x7fff,0x7fff,0x7fff,0x7fff,0x7fff,0x7fff,0x7fff,0x7fff,0x7fff,
	0x7fff,0x7fff,0x7fff,0x7fff,0x7fff,0x7fff,0x7fff,0x7fff,0x7fff,0x7fff,0x7fff,0x7fff,0x7fff,0x7fff,0x7fff,0x7fff,
	0x7fff,0x7fff,0x7fff,0x7fff,0x7fff,0x7fff,0x7fff,0x7fff,0x7fff,0x7fff,0x7fff,0x7fff,0x7fff,0x7fff,0x7fff,0x7fff,
	0x7fff,0x7fff,0x7fff,0x7fff,0x7fff,0x7fff,0x7fff,0x7fff,0x7fff,0x7fff,0x7fff,0x7fff,0x7fff,0x7fff,0x7fff,0x7fff,
	0x7fff,0x7fff,0x7fff,0x7fff,0x7fff,0x7fff,0x7fff,0x7fff,0x7fff,0x7fff,0x7fff,0x7fff,0x7fff,0x7fff,0x7fff,0x7fff,
	0x7fff,0x7fff,0x7fff,0x7fff,0x7fff,0x7fff,0x7fff,0x7fff,0x7fff,0x7fff,0x7fff,0x7fff,0x7fff,0x7fff,0x7fff,0x7fff,
	0x7fff,0x7fff,0x7fff,0x7fff,0x7fff,0x7fff,0x7fff,0x7fff,0x7fff,0x7fff,0x7fff,0x7fff,0x7fff,0x7fff,0x7fff,0x7fff,
	0x7fff,0x7fff,0x7fff,0x7fff,0x7fff,0x7fff,0x7fff,0x7fff,0x7fff,0x7fff,0x7fff,0x7fff,0x7fff,0x7fff,0x7fff,0x7fff,
	0x7fff,0x7fff,0x7fff,0x7fff,0x7fff,0x7fff,0x7fff,0x7fff,0x7fff,0x7fff,0x7fff,0x7fff,0x7fff,0x7fff,0x7fff,0x7fff,
	0x7fff,0x7fff,0x7fff,0x7fff,0x7fff,0x7fff,0x7fff,0x7fff,0x7fff,0x7fff,0x7fff,0x7fff,0x7fff,0x7fff,0x7fff,0x7fff,
	0x7fff,0x7fff,0x7fff,0x7fff,0x7fff,0x7fff,0x7fff,0x7fff,0x7fff,0x7fff,0x7fff,0x7fff,0x7fff,0x7fff,0x7fff,0x7fff,
	0x7fff,0x7fff,0x7fff,0x7fff,0x7fff,0x7fff,0x7fff,0x7fff,0x7fff,0x7fff,0x7fff,0x7fff,0x7fff,0x7fff,0x7fff,0x7fff,
	0x7fff,0x7fff,0x7fff,0x7fff,0x7fff,0x7fff,0x7fff,0x7fff,0x7fff,0x7fff,0x7fff,0x7fff,0x7fff,0x7fff,0x7fff,0x7fff,
	0x7fff,0x7fff,0x7fff,0x7fff,0x7fff,0x7fff,0x7fff,0x7fff,0x7fff,0x7fff,0x7fff,0x7fff,0x7fff,0x7fff,0x7fff,0x7fff,
	0x7fff,0x7fff,0x7fff,0x7fff,0x7fff,0x7fff,0x7fff,0x7fff,0x7fff,0x7fff,0x7fff,0x7fff,0x7fff,0x7fff,0x7fff,0x7fff,
	0x7fff,0x7fff,0x7fff,0x7fff,0x7fff,0x7fff,0x7fff,0x7fff,0x7fff,0x7fff,0x7fff,0x7fff,0x7fff,0x7fff,0x7fff,0x7fff,
	0x7fff,0x7fff,0x7fff,0x7fff,0x7fff,0x7fff,0x7fff,0x7fff,0x7fff,0x7fff,0x7fff,0x7fff,0x7fff,0x7fff,0x7fff,0x7fff,
	0x7fff,0x7fff,0x7fff,0x7fff,0x7fff,0x7fff,0x7fff,0x7fff,0x7fff,0x7fff,0x7fff,0x7fff,0x7fff,0x7fff,0x7fff,0x7fff,
	0x7fff,0x7fff,0x7fff,0x7fff,0x7fff,0x7fff,0x7fff,0x7fff,0x7fff,0x7fff,0x7fff,0x7fff,0x7fff,0x7fff,0x7fff,0x7fff,
	0x7fff,0x7fff,0x7fff,0x7fff,0x7fff,0x7fff,0x7fff,0x7fff,0x7fff,0x7fff,0x7fff,0x7fff,0x7fff,0x7fff,0x7fff,0x7fff,
	0x7fff,0x7fff,0x7fff,0x7fff,0x7fff,0x7fff,0x7fff,0x7fff,0x7fff,0x7fff,0x7fff,0x7fff,0x7fff,0x7fff,0x7fff,0x7fff,
	0x7fff,0x7fff,0x7fff,0x7fff,0x7fff,0x7fff,0x7fff,0x7fff,0x7fff,0x7fff,0x7fff,0x7fff,0x7fff,0x7fff,0x7fff,0x7fff,
	0x7fff,0x7fff,0x7fff,0x7fff,0x7fff,0x7fff,0x7fff,0x7fff,0x7fff,0x7fff,0x7fff,0x7fff,0x7fff,0x7fff,0x7fff,0x7fff,
	0x7fff,0x7fff,0x7fff,0x7fff,0x7fff,0x7fff,0x7fff,0x7fff,0x7fff,0x7fff,0x7fff,0x7fff,0x7fff,0x7fff,0x7fff,0x7fff,
	0x7fff,0x7fff,0x7fff,0x7fff,0x7fff,0x7fff,0x7fff,0x7fff,0x7fff,0x7fff,0x7fff,0x7fff,0x7fff,0x7fff,0x7fff,0x7fff,
	0x7fff,0x7fff,0x7fff,0x7fff,0x7fff,0x7fff,0x7fff,0x7fff,0x7fff,0x7fff,0x7fff,0x7fff,0x7fff,0x7fff,0x7fff,0x7fff,
	0x7fff,0x7fff,0x7fff,0x7fff,0x7fff,0x7fff,0x7fff,0x7fff,0x7fff,0x7fff,0x7fff,0x7fff,0x7fff,0x7fff,0x7fff,0x7fff,
	0x7fff,0x7fff,0x7fff,0x7fff,0x7fff,0x7fff,0x7fff,0x7fff,0x7fff,0x7fff,0x7fff,0x7fff,0x7fff,0x7fff,0x7fff,0x7fff,
	0x7fff,0x7fff,0x7fff,0x7fff,0x7fff,0x7fff,0x7fff,0x7fff,0x7fff,0x7fff,0x7fff,0x7fff,0x7fff,0x7fff,0x7fff,0x7fff,
	0x7fff,0x7fff,0x7fff,0x7fff,0x7fff,0x7fff,0x7fff,0x7fff,0x7fff,0x7fff,0x7fff,0x7fff,0x7fff,0x7fff,0x7fff,0x7fff,
	0x7fff,0x7fff,0x7fff,0x7fff,0x7fff,0x7fff,0x7fff,0x7fff,0x7fff,0x7fff,0x7fff,0x7fff,0x7fff,0x7fff,0x7fff,0x7fff,
	0x7fff,0x7fff,0x7fff,0x7fff,0x7fff,0x7fff,0x7fff,0x7fff,0x7fff,0x7fff,0x7fff,0x7fff,0x7fff,0x7fff,0x7fff,0x7fff,
	0x7fff,0x7fff,0x7fff,0x7fff,0x7fff,0x7fff,0x7fff,0x7fff,0x7fff,0x7fff,0x7fff,0x7fff,0x7fff,0x7fff,0x7fff,0x7fff,
	0x7fff,0x7fff,0x7fff,0x7fff,0x7fff,0x7fff,0x7fff,0x7fff,0x7fff,0x7fff,0x7fff,0x7fff,0x7fff,0x7fff,0x7fff,0x7fff,
	0x7fff,0x7fff,0x7fff,0x7fff,0x7fff,0x7fff,0x7fff,0x7fff,0x7fff,0x7fff,0x7fff,0x7fff,0x7fff,0x7fff,0x7fff,0x7fff,
	0x7fff,0x7fff,0x7fff,0x7fff,0x7fff,0x7fff,0x7fff,0x7fff,0x7fff,0x7fff,0x7fff,0x7fff,0x7fff,0x7fff,0x7fff,0x7fff,
	0x7fff,0x7fff,0x7fff,0x7fff,0x7fff,0x7fff,0x7fff,0x7fff,0x7fff,0x7fff,0x7fff,0x7fff,0x7fff,0x7fff,0x7fff,0x7fff,
	0x7fff,0x7fff,0x7fff,0x7fff,0x7fff,0x7fff,0x7fff,0x7fff,0x7fff,0x7fff,0x7fff,0x7fff,0x7fff,0x7fff,0x7fff,0x7fff,
	0x7fff,0x7fff,0x7fff,0x7fff,0x7fff,0x7fff,0x7fff,0x7fff,0x7fff,0x7fff,0x7fff,0x7fff,0x7fff,0x7fff,0x7fff,0x7fff,
	0x7fff,0x7fff,0x7fff,0x7fff,0x7fff,0x7fff,0x7fff,0x7fff,0x7fff,0x7fff,0x7fff,0x7fff,0x7fff,0x7fff,0x7fff,0x7fff,
	0x7fff,0x7fff,0x7fff,0x7fff,0x7fff,0x7fff,0x7fff,0x7fff,0x7fff,0x7fff,0x7fff,0x7fff,0x7fff,0x7fff,0x7fff,0x7fff,
	0x7fff,0x7fff,0x7fff,0x7fff,0x7fff,0x7fff,0x7fff,0x7fff,0x7fff,0x7fff,0x7fff,0x7fff,0x7fff,0x7fff,0x7fff,0x7fff,
	0x7fff,0x7fff,0x7fff,0x7fff,0x7fff,0x7fff,0x7fff,0x7fff,0x7fff,0x7fff,0x7fff,0x7fff,0x7fff,0x7fff,0x7fff,0x7fff,
	0x7fff,0x7fff,0x7fff,0x7fff,0x7fff,0x7fff,0x7fff,0x7fff,0x7fff,0x7fff,0x7fff,0x7fff,0x7fff,0x7fff,0x7fff,0x7fff,
	0x7fff,0x7fff,0x7fff,0x7fff,0x7fff,0x7fff,0x7fff,0x7fff,0x7fff,0x7fff,0x7fff,0x7fff,0x7fff,0x7fff,0x7fff,0x7fff,
	0x7fff,0x7fff,0x7fff,0x7fff,0x7fff,0x7fff,0x7fff,0x7fff,0x7fff,0x7fff,0x7fff,0x7fff,0x7fff,0x7fff,0x7fff,0x7fff,
	0x7fff,0x7fff,0x7fff,0x7fff,0x7fff,0x7fff,0x7fff,0x7fff,0x7fff,0x7fff,0x7fff,0x7fff,0x7fff,0x7fff,0x7fff,0x7fff,
	0x7fff,0x7fff,0x7fff,0x7fff,0x7fff,0x7fff,0x7fff,0x7fff,0x7fff,0x7fff,0x7fff,0x7fff,0x7fff,0x7fff,0x7fff,0x7fff,
	0x7fff,0x7fff,0x7fff,0x7fff,0x7fff,0x7fff,0x7fff,0x7fff,0x7fff,0x7fff,0x7fff,0x7fff,0x7fff,0x7fff,0x7fff,0x7fff,
	0x7fff,0x7fff,0x7fff,0x7fff,0x7fff,0x7fff,0x7fff,0x7fff,0x7fff,0x7fff,0x7fff,0x7fff,0x7fff,0x7fff,0x7fff,0x7fff,
	0x7fff,0x7fff,0x7fff,0x7fff,0x7fff,0x7fff,0x7fff,0x7fff,0x7fff,0x7fff,0x7fff,0x7fff,0x7fff,0x7fff,0x7fff,0x7fff,
	0x7fff,0x7fff,0x7fff,0x7fff,0x7fff,0x7fff,0x7fff,0x7fff,0x7fff,0x7fff,0x7fff,0x7fff,0x7fff,0x7fff,0x7fff,0x7fff,
	0x7fff,0x7fff,0x7fff,0x7fff,0x7fff,0x7fff,0x7fff,0x7fff,0x7fff,0x7fff,0x7fff,0x7fff,0x7fff,0x7fff,0x7fff,0x7fff,
	0x7fff,0x7fff,0x7fff,0x7fff,0x7fff,0x7fff,0x7fff,0x7fff,0x7fff,0x7fff,0x7fff,0x7fff,0x7fff,0x7fff,0x7fff,0x7fff,
	0x7fff,0x7fff,0x7fff,0x7fff,0x7fff,0x7fff,0x7fff,0x7fff,0x7fff,0x7fff,0x7fff,0x7fff,0x7fff,0x7fff,0x7fff,0x7fff,
	0x7fff,0x7fff,0x7fff,0x7fff,0x7fff,0x7fff,0x7fff,0x7fff,0x7fff,0x7fff,0x7fff,0x7fff,0x7fff,0x7fff,0x7fff,0x7fff,
	0x7fff,0x7fff,0x7fff,0x7fff,0x7fff,0x7fff,0x7fff,0x7fff,0x7fff,0x7fff,0x7fff,0x7fff,0x7fff,0x7fff,0x7fff,0x7fff,
	0x7fff,0x7fff,0x7fff,0x7fff,0x7fff,0x7fff,0x7fff,0x7fff,0x7fff,0x7fff,0x7fff,0x7fff,0x7fff,0x7fff,0x7fff,0x7fff,
	0x7fff,0x7fff,0x7fff,0x7fff,0x7fff,0x7fff,0x7fff,0x7fff,0x7fff,0x7fff,0x7fff,0x7fff,0x7fff,0x7fff,0x7fff,0x7fff,
	0x7fff,0x7fff,0x7fff,0x7fff,0x7fff,0x7fff,0x7fff,0x7fff,0x7fff,0x7fff,0x7fff,0x7fff,0x7fff,0x7fff,0x7fff,0x7fff,
	0x7fff,0x7fff,0x7fff,0x7fff,0x7fff,0x7fff,0x7fff,0x7fff,0x7fff,0x7fff,0x7fff,0x7fff,0x7fff,0x7fff,0x7fff,0x7fff,
	0x7fff,0x7fff,0x7fff,0x7fff,0x7fff,0x7fff,0x7fff,0x7fff,0x7fff,0x7fff,0x7fff,0x7fff,0x7fff,0x7fff,0x7fff,0x7fff,
	0x7fff,0x7fff,0x7fff,0x7fff,0x7fff,0x7fff,0x7fff,0x7fff,0x7fff,0x7fff,0x7fff,0x7fff,0x7fff,0x7fff,0x7fff,0x7fff,
	0x7fff,0x7fff,0x7fff,0x7fff,0x7fff,0x7fff,0x7fff,0x7fff,0x7fff,0x7fff,0x7fff,0x7fff,0x7fff,0x7fff,0x7fff,0x7fff,
	0x7fff,0x7fff,0x7fff,0x7fff,0x7fff,0x7fff,0x7fff,0x7fff,0x7fff,0x7fff,0x7fff,0x7fff,0x7fff,0x7fff,0x7fff,0x7fff,
	0x7fff,0x7fff,0x7fff,0x7fff,0x7fff,0x7fff,0x7fff,0x7fff,0x7fff,0x7fff,0x7fff,0x7fff,0x7fff,0x7fff,0x7fff,0x7fff,
	0x7fff,0x7fff,0x7fff,0x7fff,0x7fff,0x7fff,0x7fff,0x7fff,0x7fff,0x7fff,0x7fff,0x7fff,0x7fff,0x7fff,0x7fff,0x7fff,
	0x7fff,0x7fff,0x7fff,0x7fff,0x7fff,0x7fff,0x7fff,0x7fff,0x7fff,0x7fff,0x7fff,0x7fff,0x7fff,0x7fff,0x7fff,0x7fff,
	0x7fff,0x7fff,0x7fff,0x7fff,0x7fff,0x7fff,0x7fff,0x7fff,0x7fff,0x7fff,0x7fff,0x7fff,0x7fff,0x7fff,0x7fff,0x7fff,
	0x7fff,0x7fff,0x7fff,0x7fff,0x7fff,0x7fff,0x7fff,0x7fff,0x7fff,0x7fff,0x7fff,0x7fff,0x7fff,0x7fff,0x7fff,0x7fff,
	0x7fff,0x7fff,0x7fff,0x7fff,0x7fff,0x7fff,0x7fff,0x7fff,0x7fff,0x7fff,0x7fff,0x7fff,0x7fff,0x7fff,0x7fff,0x7fff,
	0x7fff,0x7fff,0x7fff,0x7fff,0x7fff,0x7fff,0x7fff,0x7fff,0x7fff,0x7fff,0x7fff,0x7fff,0x7fff,0x7fff,0x7fff,0x7fff,
	0x7fff,0x7fff,0x7fff,0x7fff,0x7fff,0x7fff,0x7fff,0x7fff,0x7fff,0x7fff,0x7fff,0x7fff,0x7fff,0x7fff,0x7fff,0x7fff,
	0x7fff,0x7fff,0x7fff,0x7fff,0x7fff,0x7fff,0x7fff,0x7fff,0x7fff,0x7fff,0x7fff,0x7fff,0x7fff,0x7fff,0x7fff,0x7fff,
	0x7fff,0x7fff,0x7fff,0x7fff,0x7fff,0x7fff,0x7fff,0x7fff,0x7fff,0x7fff,0x7fff,0x7fff,0x7fff,0x7fff,0x7fff,0x7fff,
	0x7fff,0x7fff,0x7fff,0x7fff,0x7fff,0x7fff,0x7fff,0x7fff,0x7fff,0x7fff,0x7fff,0x7fff,0x7fff,0x7fff,0x7fff,0x7fff,
	0x7fff,0x7fff,0x7fff,0x7fff,0x7fff,0x7bde,0x7fff,0x7fff,0x7fff,0x7fff,0x7fff,0x7fff,0x7fff,0x7fff,0x7fff,0x7fff,
	0x7fff,0x7fff,0x7fff,0x7fff,0x7fff,0x7fff,0x7fff,0x7fff,0x7fff,0x7fff,0x7fff,0x7fff,0x7fff,0x7fff,0x7fff,0x7fff,
	0x7fff,0x7fff,0x7fff,0x7fff,0x7fff,0x7fff,0x7fff,0x7fff,0x7fff,0x7fff,0x7fff,0x7fff,0x7fff,0x7fff,0x7fff,0x7fff,
	0x7fff,0x7fff,0x7fff,0x7fff,0x7fff,0x7fff,0x7fff,0x7fff,0x7fff,0x7fff,0x7fff,0x7fff,0x7fff,0x7fff,0x7fff,0x7fff,
	0x7fff,0x7fff,0x7fff,0x7fff,0x7fff,0x7fff,0x7fff,0x7fff,0x7fff,0x7fff,0x7fff,0x7fff,0x7fff,0x7fff,0x7fff,0x7fff,
	0x7fff,0x7fff,0x7fff,0x7fff,0x7fff,0x7fff,0x7fff,0x7fff,0x7fff,0x7fff,0x7fff,0x7fff,0x7fff,0x7fff,0x7fff,0x7fff,
	0x7fff,0x7fff,0x7fff,0x7fff,0x7fff,0x7fff,0x7fff,0x7fff,0x7fff,0x7fff,0x7fff,0x7fff,0x7fff,0x7fff,0x7fff,0x7fff,
	0x7fff,0x7fff,0x7fff,0x7fff,0x7fff,0x7fff,0x7fff,0x7fff,0x7fff,0x7fff,0x7fff,0x7fff,0x7fff,0x7fff,0x7fff,0x7fff,
	0x7fff,0x7fff,0x7fff,0x7fff,0x7fff,0x7fff,0x7fff,0x7fff,0x7fff,0x7fff,0x7fff,0x7fff,0x7fff,0x7fff,0x7fff,0x7fff,
	0x7fff,0x7fff,0x7fff,0x7fff,0x7fff,0x7fff,0x7fff,0x7fff,0x7fff,0x7fff,0x7fff,0x7fff,0x7fff,0x7fff,0x7fff,0x7fff,
	0x7fff,0x7fff,0x7fff,0x7fff,0x7fff,0x7fff,0x7fff,0x7fff,0x7fff,0x7fff,0x7fff,0x7fff,0x7fff,0x7fff,0x7fff,0x7fff,
	0x7bde,0x6b5a,0x7bde,0x7fff,0x7fff,0x7fff,0x7fff,0x7fff,0x7fff,0x7fff,0x7fff,0x7fff,0x7fff,0x7fff,0x7fff,0x7fff,
	0x7fff,0x7fff,0x7fff,0x7fff,0x7fff,0x7fff,0x7fff,0x7fff,0x7fff,0x7fff,0x7fff,0x7fff,0x7fff,0x7fff,0x7fff,0x7fff,
	0x7fff,0x7fff,0x7fff,0x7fff,0x7fff,0x7fff,0x7fff,0x7fff,0x7fff,0x7fff,0x7fff,0x7fff,0x7fff,0x7fff,0x7fff,0x7fff,
	0x7fff,0x7fff,0x7fff,0x7fff,0x7fff,0x7fff,0x7fff,0x7fff,0x7fff,0x7fff,0x7fff,0x7fff,0x7fff,0x6b5a,0x6f7b,0x739c,
	0x5ef7,0x4a52,0x35ad,0x294a,0x2108,0x1ce7,0x2108,0x2d6b,0x39ce,0x5294,0x6f7b,0x7fff,0x7fff,0x7fff,0x7fff,0x739c,
	0x6739,0x6b5a,0x739c,0x77bd,0x7bde,0x7fff,0x7fff,0x7fff,0x7fff,0x7fff,0x7fff,0x7fff,0x7fff,0x7fff,0x7fff,0x7fff,
	0x7fff,0x7fff,0x6b5a,0x6739,0x6f7b,0x739c,0x7bde,0x7fff,0x7fff,0x7fff,0x7fff,0x7fff,0x7fff,0x7fff,0x7fff,0x7fff,
	0x7fff,0x7fff,0x7fff,0x7fff,0x77bd,0x6739,0x6b5a,0x6f7b,0x77bd,0x7bde,0x7fff,0x7fff,0x7fff,0x7fff,0x7fff,0x7fff,
	0x7fff,0x7fff,0x7fff,0x7fff,0x7fff,0x7fff,0x56b5,0x2108,0x4e73,0x7fff,0x7fff,0x7fff,0x7fff,0x5294,0x2108,0x4e73,
	0x7fff,0x7fff,0x7fff,0x7fff,0x7fff,0x7fff,0x7fff,0x7fff,0x7fff,0x7fff,0x7fff,0x7fff,0x7fff,0x7fff,0x7fff,0x7fff,
	0x7fff,0x7fff,0x7fff,0x7fff,0x7fff,0x7fff,0x7fff,0x7fff,0x7fff,0x7fff,0x7fff,0x7fff,0x7fff,0x7fff,0x7fff,0x7fff,
	0x7fff,0x7fff,0x7fff,0x7fff,0x7fff,0x7fff,0x7fff,0x7fff,0x7fff,0x7fff,0x7fff,0x7fff,0x7fff,0x7fff,0x7fff,0x7fff,
	0x7fff,0x7fff,0x7fff,0x7fff,0x7fff,0x7fff,0x7fff,0x7fff,0x7fff,0x7fff,0x7fff,0x7fff,0x7fff,0x7fff,0x7fff,0x7fff,
	0x7fff,0x7fff,0x7fff,0x7fff,0x7fff,0x7fff,0x7fff,0x7fff,0x7fff,0x7fff,0x7fff,0x7fff,0x7fff,0x7fff,0x7fff,0x7fff,
	0x7fff,0x7fff,0x7fff,0x7fff,0x7fff,0x7fff,0x7fff,0x7fff,0x7fff,0x7fff,0x7fff,0x7fff,0x7fff,0x7fff,0x7fff,0x7fff,
	0x35ad,0x0421,0x35ad,0x7fff,0x7fff,0x7fff,0x7fff,0x7fff,0x7fff,0x7fff,0x7fff,0x7fff,0x7fff,0x7fff,0x7fff,0x7fff,
	0x7fff,0x7fff,0x7fff,0x7fff,0x7fff,0x7fff,0x7fff,0x77bd,0x6318,0x4a52,0x3def,0x3def,0x4631,0x5294,0x6739,0x7bde,
	0x7fff,0x7fff,0x7fff,0x7fff,0x7fff,0x7fff,0x7fff,0x7fff,0x7fff,0x7fff,0x7fff,0x7fff,0x7fff,0x7fff,0x7fff,0x7fff,
	0x7fff,0x7bde,0x7bde,0x7bde,0x7fff,0x7fff,0x7fff,0x7fff,0x7fff,0x7fff,0x7fff,0x7fff,0x5294,0x0842,0x1084,0x1084,
	0x0421,0x0000,0x0000,0x0000,0x0000,0x0000,0x0000,0x0000,0x0000,0x0000,0x1084,0x5ad6,0x7fff,0x7fff,0x6f7b,0x1ce7,
	0x0421,0x0842,0x1084,0x14a5,0x2108,0x39ce,0x5ad6,0x7bde,0x7fff,0x7fff,0x7fff,0x7fff,0x7fff,0x7fff,0x7fff,0x7fff,
	0x7fff,0x4631,0x0842,0x0842,0x0c63,0x14a5,0x18c6,0x294a,0x4a52,0x6f7b,0x7fff,0x7fff,0x7fff,0x7fff,0x7fff,0x7fff,
	0x7fff,0x7fff,0x7fff,0x739c,0x2108,0x0421,0x0842,0x1084,0x14a5,0x2108,0x35ad,0x5ad6,0x77bd,0x7fff,0x7fff,0x7fff,
	0x7fff,0x7fff,0x7fff,0x7fff,0x7fff,0x7fff,0x2529,0x0000,0x2108,0x7bde,0x7fff,0x7fff,0x7fff,0x2529,0x0000,0x2108,
	0x7bde,0x7fff,0x7fff,0x7fff,0x7fff,0x7fff,0x7fff,0x7fff,0x7fff,0x7fff,0x7fff,0x7fff,0x7fff,0x7fff,0x7fff,0x7fff,
	0x7fff,0x7fff,0x7fff,0x7fff,0x7fff,0x7fff,0x7fff,0x7fff,0x7fff,0x7fff,0x7fff,0x7fff,0x7fff,0x7fff,0x7fff,0x7fff,
	0x7fff,0x7fff,0x7fff,0x7fff,0x7fff,0x7fff,0x7fff,0x7fff,0x7fff,0x7fff,0x7fff,0x7fff,0x7fff,0x7fff,0x7fff,0x7fff,
	0x7fff,0x7fff,0x7fff,0x7fff,0x7fff,0x7fff,0x7fff,0x7fff,0x7fff,0x7fff,0x7fff,0x7fff,0x7fff,0x7fff,0x7fff,0x7fff,
	0x7fff,0x7fff,0x7fff,0x7fff,0x7fff,0x7fff,0x7fff,0x7fff,0x7fff,0x7fff,0x7fff,0x7fff,0x7fff,0x7fff,0x7fff,0x7fff,
	0x7fff,0x7fff,0x7fff,0x7fff,0x7fff,0x7fff,0x7fff,0x7fff,0x7fff,0x7fff,0x7fff,0x7fff,0x7fff,0x7fff,0x7fff,0x77bd,
	0x14a5,0x0000,0x14a5,0x77bd,0x7fff,0x7fff,0x7fff,0x7fff,0x7fff,0x7fff,0x7fff,0x7fff,0x7fff,0x7fff,0x7fff,0x7fff,
	0x7fff,0x7fff,0x7fff,0x7fff,0x7fff,0x7bde,0x4e73,0x1ce7,0x0421,0x0000,0x0000,0x0000,0x0000,0x0000,0x0842,0x1ce7,
	0x4e73,0x77bd,0x7fff,0x7fff,0x7fff,0x7fff,0x7fff,0x7fff,0x7fff,0x7fff,0x7fff,0x7fff,0x7fff,0x7fff,0x6b5a,0x4631,
	0x294a,0x18c6,0x18c6,0x2529,0x39ce,0x56b5,0x739c,0x7fff,0x7fff,0x7fff,0x7fff,0x7fff,0x39ce,0x0000,0x0000,0x0000,
	0x0000,0x0000,0x0421,0x0421,0x0842,0x0842,0x0421,0x0421,0x0000,0x0000,0x0000,0x4210,0x7fff,0x7fff,0x4e73,0x0000,
	0x0000,0x0000,0x0000,0x0000,0x0000,0x0000,0x0421,0x2529,0x5ef7,0x7fff,0x7fff,0x7fff,0x7fff,0x7fff,0x7fff,0x7fff,
	0x77bd,0x14a5,0x0000,0x0000,0x0000,0x0000,0x0000,0x0000,0x0000,0x1084,0x4210,0x77bd,0x7fff,0x7fff,0x7fff,0x7fff,
	0x7fff,0x7fff,0x7fff,0x5294,0x0000,0x0000,0x0000,0x0000,0x0000,0x0000,0x0000,0x0421,0x2108,0x5ef7,0x7fff,0x7fff,
	0x7fff,0x7fff,0x7fff,0x7fff,0x7fff,0x7fff,0x2108,0x0000,0x1ce7,0x7bde,0x7fff,0x7fff,0x7bde,0x2108,0x0000,0x1ce7,
	0x7bde,0x7fff,0x7fff,0x7fff,0x7fff,0x7fff,0x7fff,0x7fff,0x7fff,0x7fff,0x7fff,0x7fff,0x7fff,0x7fff,0x7fff,0x7fff,
	0x7fff,0x7fff,0x7fff,0x7fff,0x7fff,0x7fff,0x7fff,0x7fff,0x7fff,0x7fff,0x7fff,0x7fff,0x7fff,0x7fff,0x7fff,0x7fff,
	0x7fff,0x7fff,0x7fff,0x7fff,0x7fff,0x7fff,0x7fff,0x7fff,0x7fff,0x7fff,0x7fff,0x7fff,0x7fff,0x7fff,0x7fff,0x7fff,
	0x7fff,0x7fff,0x7fff,0x7fff,0x7fff,0x7fff,0x7fff,0x7fff,0x7fff,0x7fff,0x7fff,0x7fff,0x7fff,0x7fff,0x7fff,0x7fff,
	0x7fff,0x7fff,0x7fff,0x7fff,0x7fff,0x7fff,0x7fff,0x7fff,0x7fff,0x7fff,0x7fff,0x7fff,0x7fff,0x7fff,0x7fff,0x7fff,
	0x7fff,0x7fff,0x7fff,0x7fff,0x7fff,0x7fff,0x7fff,0x7fff,0x7fff,0x7fff,0x7fff,0x7fff,0x7fff,0x7fff,0x7fff,0x739c,
	0x1084,0x0000,0x14a5,0x739c,0x7fff,0x7fff,0x7fff,0x7fff,0x7fff,0x7fff,0x7fff,0x7fff,0x7fff,0x7fff,0x7fff,0x7fff,
	0x7fff,0x7fff,0x7fff,0x7fff,0x6f7b,0x2d6b,0x0000,0x0000,0x0000,0x0000,0x0000,0x0000,0x0000,0x0000,0x0000,0x0000,
	0x0000,0x294a,0x739c,0x7fff,0x7fff,0x7fff,0x7fff,0x7fff,0x7fff,0x7fff,0x7fff,0x7fff,0x739c,0x3def,0x0c63,0x0000,
	0x0000,0x0000,0x0000,0x0000,0x0000,0x0000,0x14a5,0x5ef7,0x7fff,0x7fff,0x7fff,0x7fff,0x39ce,0x0000,0x0000,0x18c6,
	0x3def,0x4e73,0x5ef7,0x6739,0x6b5a,0x6b5a,0x6739,0x5ad6,0x4a52,0x318c,0x318c,0x6f7b,0x7fff,0x7fff,0x4210,0x0000,
	0x0000,0x14a5,0x2108,0x18c6,0x0842,0x0000,0x0000,0x0000,0x0842,0x4210,0x7bde,0x7fff,0x7fff,0x7fff,0x7fff,0x7fff,
	0x739c,0x1084,0x0000,0x0421,0x1ce7,0x1ce7,0x1084,0x0421,0x0000,0x0000,0x0000,0x2108,0x6739,0x7fff,0x7fff,0x7fff,
	0x7fff,0x7fff,0x7fff,0x4a52,0x0000,0x0000,0x1084,0x2108,0x18c6,0x0c63,0x0000,0x0000,0x0000,0x0842,0x3def,0x77bd,
	0x7fff,0x7fff,0x7fff,0x7fff,0x7fff,0x7fff,0x2108,0x0000,0x1ce7,0x7bde,0x7fff,0x7fff,0x7bde,0x2108,0x0000,0x1ce7,
	0x7bde,0x7fff,0x7fff,0x7fff,0x7fff,0x7fff,0x7fff,0x7fff,0x7fff,0x7fff,0x7fff,0x7fff,0x7fff,0x7fff,0x7fff,0x7fff,
	0x7fff,0x7fff,0x7fff,0x7fff,0x7fff,0x7fff,0x7fff,0x7fff,0x7fff,0x7fff,0x7fff,0x7fff,0x7fff,0x7fff,0x7fff,0x7fff,
	0x7fff,0x7fff,0x7fff,0x7fff,0x7fff,0x7fff,0x7fff,0x7fff,0x7fff,0x7fff,0x7fff,0x7fff,0x7fff,0x7fff,0x7fff,0x7fff,
	0x7fff,0x7fff,0x7fff,0x7fff,0x7fff,0x7fff,0x7fff,0x7fff,0x7fff,0x7fff,0x7fff,0x7fff,0x7fff,0x7fff,0x7fff,0x7fff,
	0x7fff,0x7fff,0x7fff,0x7fff,0x7fff,0x7fff,0x7fff,0x7fff,0x7fff,0x7fff,0x7fff,0x7fff,0x7fff,0x7fff,0x7fff,0x7fff,
	0x7fff,0x7fff,0x7fff,0x7fff,0x7fff,0x7fff,0x7fff,0x7fff,0x7fff,0x7fff,0x7fff,0x7fff,0x7fff,0x7fff,0x7fff,0x739c,
	0x1084,0x0000,0x14a5,0x739c,0x7fff,0x7fff,0x7fff,0x7fff,0x7fff,0x7fff,0x7fff,0x7fff,0x7fff,0x7fff,0x7fff,0x7fff,
	0x7fff,0x7fff,0x7fff,0x6f7b,0x2108,0x0000,0x0000,0x0000,0x18c6,0x39ce,0x4e73,0x4e73,0x4631,0x35ad,0x18c6,0x0000,
	0x0000,0x0000,0x2d6b,0x7bde,0x7fff,0x7fff,0x7fff,0x7fff,0x7fff,0x7fff,0x7fff,0x6739,0x2108,0x0000,0x0000,0x0000,
	0x0421,0x0c63,0x0c63,0x0842,0x0000,0x0000,0x0000,0x39ce,0x7fff,0x7fff,0x7fff,0x7fff,0x4631,0x0000,0x0000,0x4210,
	0x7fff,0x7fff,0x7fff,0x7fff,0x7fff,0x7fff,0x7fff,0x7fff,0x7fff,0x7fff,0x7fff,0x7fff,0x7fff,0x7fff,0x4a52,0x0000,
	0x0000,0x3def,0x7bde,0x77bd,0x6b5a,0x4a52,0x18c6,0x0000,0x0000,0x0000,0x35ad,0x77bd,0x7fff,0x7fff,0x7fff,0x7fff,
	0x77bd,0x14a5,0x0000,0x1084,0x6f7b,0x7bde,0x739c,0x5ef7,0x318c,0x0842,0x0000,0x0000,0x1084,0x5ef7,0x7fff,0x7fff,
	0x7fff,0x7fff,0x7fff,0x5294,0x0000,0x0000,0x39ce,0x7bde,0x77bd,0x6b5a,0x4e73,0x1ce7,0x0000,0x0000,0x0000,0x2d6b,
	0x77bd,0x7fff,0x7fff,0x7fff,0x7fff,0x7fff,0x2108,0x0000,0x1ce7,0x7bde,0x7fff,0x7fff,0x7bde,0x2108,0x0000,0x1ce7,
	0x7bde,0x7fff,0x7fff,0x7fff,0x7fff,0x7fff,0x7fff,0x7fff,0x7fff,0x7fff,0x7fff,0x7fff,0x7fff,0x7fff,0x7fff,0x7fff,
	0x7fff,0x7fff,0x7fff,0x7fff,0x7fff,0x7fff,0x7fff,0x7fff,0x7fff,0x7fff,0x7fff,0x7fff,0x7fff,0x7fff,0x7fff,0x7fff,
	0x7fff,0x7fff,0x7fff,0x7fff,0x7fff,0x7fff,0x7fff,0x7fff,0x7fff,0x7fff,0x7fff,0x7fff,0x7fff,0x7fff,0x7fff,0x7fff,
	0x7fff,0x7fff,0x7fff,0x7fff,0x7fff,0x7fff,0x7fff,0x7fff,0x7fff,0x7fff,0x7fff,0x7fff,0x7fff,0x7fff,0x7fff,0x7fff,
	0x7fff,0x7fff,0x7fff,0x7fff,0x7fff,0x7fff,0x7fff,0x7fff,0x7fff,0x7fff,0x7fff,0x7fff,0x7fff,0x7fff,0x7fff,0x7fff,
	0x7fff,0x7fff,0x7fff,0x7fff,0x7fff,0x7fff,0x7fff,0x7fff,0x7fff,0x7fff,0x7fff,0x7fff,0x7fff,0x7fff,0x7fff,0x739c,
	0x1084,0x0000,0x14a5,0x739c,0x7fff,0x7fff,0x7fff,0x7fff,0x7fff,0x7fff,0x7fff,0x7fff,0x7fff,0x7fff,0x7fff,0x7fff,
	0x7fff,0x7fff,0x77bd,0x294a,0x0000,0x0000,0x0842,0x4631,0x77bd,0x7fff,0x7fff,0x7fff,0x7fff,0x7fff,0x77bd,0x4631,
	0x0842,0x0000,0x0000,0x5294,0x7fff,0x7fff,0x7fff,0x7fff,0x7fff,0x7fff,0x6b5a,0x18c6,0x0000,0x0000,0x14a5,0x4210,
	0x6318,0x6f7b,0x6f7b,0x6739,0x5294,0x39ce,0x35ad,0x6739,0x7fff,0x7fff,0x7fff,0x7fff,0x4e73,0x0000,0x0000,0x39ce,
	0x7fff,0x7fff,0x7fff,0x7fff,0x7fff,0x7fff,0x7fff,0x7fff,0x7fff,0x7fff,0x7fff,0x7fff,0x7fff,0x7fff,0x5294,0x0000,
	0x0000,0x39ce,0x7fff,0x7fff,0x7fff,0x7fff,0x739c,0x39ce,0x0421,0x0000,0x0000,0x39ce,0x7fff,0x7fff,0x7fff,0x7fff,
	0x7bde,0x1ce7,0x0000,0x0c63,0x6b5a,0x7fff,0x7fff,0x7fff,0x7fff,0x5ef7,0x18c6,0x0000,0x0000,0x14a5,0x6739,0x7fff,
	0x7fff,0x7fff,0x7fff,0x5ad6,0x0000,0x0000,0x318c,0x7fff,0x7fff,0x7fff,0x7fff,0x77bd,0x3def,0x0421,0x0000,0x0000,
	0x35ad,0x7fff,0x7fff,0x7fff,0x7fff,0x7fff,0x2108,0x0000,0x1ce7,0x7bde,0x7fff,0x7fff,0x7bde,0x2108,0x0000,0x1ce7,
	0x7bde,0x7fff,0x7fff,0x7fff,0x7fff,0x7fff,0x7fff,0x7fff,0x7fff,0x7fff,0x7fff,0x7fff,0x7fff,0x7fff,0x7fff,0x7fff,
	0x7fff,0x7fff,0x7fff,0x7fff,0x7fff,0x7fff,0x7fff,0x7fff,0x7fff,0x7fff,0x7fff,0x7fff,0x7fff,0x7fff,0x7fff,0x7fff,
	0x7fff,0x7fff,0x7fff,0x7fff,0x7fff,0x7fff,0x7fff,0x7fff,0x7fff,0x7fff,0x7fff,0x7fff,0x7fff,0x7fff,0x7fff,0x7fff,
	0x7fff,0x7fff,0x7fff,0x7fff,0x7fff,0x7fff,0x7fff,0x7fff,0x7fff,0x7fff,0x7fff,0x7fff,0x7fff,0x7fff,0x7fff,0x7fff,
	0x7fff,0x7fff,0x7fff,0x7fff,0x7fff,0x7fff,0x7fff,0x7fff,0x7fff,0x7fff,0x7fff,0x7fff,0x7fff,0x7fff,0x7fff,0x7fff,
	0x7fff,0x7fff,0x7fff,0x7fff,0x7fff,0x7fff,0x7fff,0x7fff,0x7fff,0x7fff,0x7fff,0x7fff,0x7fff,0x7fff,0x7fff,0x739c,
	0x1084,0x0000,0x14a5,0x739c,0x7fff,0x7fff,0x7fff,0x7fff,0x7fff,0x7fff,0x7fff,0x7fff,0x7fff,0x7fff,0x7fff,0x7fff,
	0x7fff,0x7fff,0x4210,0x0000,0x0000,0x0842,0x56b5,0x7fff,0x7fff,0x7fff,0x7fff,0x7fff,0x7fff,0x7fff,0x7fff,0x7fff,
	0x4210,0x0000,0x0000,0x2529,0x7bde,0x7fff,0x7fff,0x7fff,0x7fff,0x7bde,0x294a,0x0000,0x0000,0x294a,0x6f7b,0x7fff,
	0x7fff,0x7fff,0x7fff,0x7fff,0x7fff,0x7fff,0x7fff,0x7fff,0x7fff,0x7fff,0x7fff,0x7fff,0x5294,0x0000,0x0000,0x39ce,
	0x7fff,0x7fff,0x7fff,0x7fff,0x7fff,0x7fff,0x7fff,0x7fff,0x7fff,0x7fff,0x7fff,0x7fff,0x7fff,0x7fff,0x5ad6,0x0421,
	0x0000,0x318c,0x7fff,0x7fff,0x7fff,0x7fff,0x7fff,0x7fff,0x4a52,0x0421,0x0000,0x0842,0x5ef7,0x7fff,0x7fff,0x7fff,
	0x7fff,0x2529,0x0000,0x0421,0x6739,0x7fff,0x7fff,0x7fff,0x7fff,0x7fff,0x6f7b,0x2108,0x0000,0x0000,0x2d6b,0x7bde,
	0x7fff,0x7fff,0x7fff,0x6318,0x0421,0x0000,0x294a,0x7fff,0x7fff,0x7fff,0x7fff,0x7fff,0x7fff,0x4e73,0x0842,0x0000,
	0x0421,0x56b5,0x7fff,0x7fff,0x7fff,0x7fff,0x2108,0x0000,0x1ce7,0x7bde,0x7fff,0x7fff,0x7bde,0x2108,0x0000,0x1ce7,
	0x7bde,0x7fff,0x7fff,0x7fff,0x7fff,0x7fff,0x7fff,0x7fff,0x7fff,0x7fff,0x7fff,0x7fff,0x7fff,0x7fff,0x7fff,0x7fff,
	0x7fff,0x7fff,0x7fff,0x7fff,0x7fff,0x7fff,0x7fff,0x7fff,0x7fff,0x7fff,0x7fff,0x7fff,0x7fff,0x7fff,0x7fff,0x7fff,
	0x7fff,0x7fff,0x7fff,0x7fff,0x7fff,0x7fff,0x7fff,0x7fff,0x7fff,0x7fff,0x7fff,0x7fff,0x7fff,0x7fff,0x7fff,0x7fff,
	0x7fff,0x7fff,0x7fff,0x7fff,0x7fff,0x7fff,0x7fff,0x7fff,0x7fff,0x7fff,0x7fff,0x7fff,0x7fff,0x7fff,0x7fff,0x7fff,
	0x7fff,0x7fff,0x7fff,0x7fff,0x7fff,0x7fff,0x7fff,0x7fff,0x7fff,0x7fff,0x7fff,0x7fff,0x7fff,0x7fff,0x7fff,0x7fff,
	0x7fff,0x7fff,0x7fff,0x7fff,0x7fff,0x7fff,0x7fff,0x7fff,0x7fff,0x7fff,0x7fff,0x7fff,0x7fff,0x7fff,0x7fff,0x739c,
	0x1084,0x0000,0x14a5,0x77bd,0x7fff,0x7fff,0x7fff,0x7fff,0x7fff,0x7fff,0x7fff,0x7fff,0x7fff,0x7fff,0x7fff,0x7fff,
	0x7fff,0x6739,0x0c63,0x0000,0x0000,0x4a52,0x7fff,0x7fff,0x7fff,0x7fff,0x7fff,0x7fff,0x7fff,0x7fff,0x7fff,0x7fff,
	0x6f7b,0x1084,0x0000,0x0c63,0x6f7b,0x7fff,0x7fff,0x7fff,0x7fff,0x5ef7,0x0421,0x0000,0x1084,0x6f7b,0x7fff,0x7fff,
	0x7fff,0x7fff,0x7fff,0x7fff,0x7fff,0x7fff,0x7fff,0x7fff,0x7fff,0x7fff,0x7fff,0x7fff,0x5294,0x0000,0x0000,0x4210,
	0x7fff,0x7fff,0x7fff,0x7fff,0x7fff,0x7fff,0x7fff,0x7fff,0x7fff,0x7fff,0x7fff,0x7fff,0x7fff,0x7fff,0x6318,0x0421,
	0x0000,0x2d6b,0x7fff,0x7fff,0x7fff,0x7fff,0x7fff,0x7fff,0x7fff,0x39ce,0x0000,0x0000,0x2d6b,0x7fff,0x7fff,0x7fff,
	0x7fff,0x294a,0x0000,0x0421,0x6739,0x7fff,0x7fff,0x7fff,0x7fff,0x7fff,0x7fff,0x6739,0x0c63,0x0000,0x0842,0x6318,
	0x7fff,0x7fff,0x7fff,0x6739,0x0842,0x0000,0x294a,0x7fff,0x7fff,0x7fff,0x7fff,0x7fff,0x7fff,0x7fff,0x3def,0x0000,
	0x0000,0x294a,0x7fff,0x7fff,0x7fff,0x7fff,0x2108,0x0000,0x1ce7,0x7bde,0x7fff,0x7fff,0x7bde,0x2108,0x0000,0x1ce7,
	0x7bde,0x7fff,0x7fff,0x7fff,0x7fff,0x7fff,0x7fff,0x7fff,0x7fff,0x7fff,0x7fff,0x7fff,0x7fff,0x7fff,0x7fff,0x7fff,
	0x7fff,0x7fff,0x7fff,0x7fff,0x7fff,0x7fff,0x7fff,0x7fff,0x7fff,0x7fff,0x7fff,0x7fff,0x7fff,0x7fff,0x7fff,0x7fff,
	0x7fff,0x7fff,0x7fff,0x7fff,0x7fff,0x7fff,0x7fff,0x7fff,0x7fff,0x7fff,0x7fff,0x7fff,0x7fff,0x7fff,0x7fff,0x7fff,
	0x7fff,0x7fff,0x7fff,0x7fff,0x7fff,0x7fff,0x7fff,0x7fff,0x7fff,0x7fff,0x7fff,0x7fff,0x7fff,0x7fff,0x7fff,0x7fff,
	0x7fff,0x7fff,0x7fff,0x7fff,0x7fff,0x7fff,0x7fff,0x7fff,0x7fff,0x7fff,0x7fff,0x7fff,0x7fff,0x7fff,0x7fff,0x7fff,
	0x7fff,0x7fff,0x7fff,0x7fff,0x7fff,0x7fff,0x7fff,0x7fff,0x7fff,0x7fff,0x7fff,0x7fff,0x7fff,0x7fff,0x7fff,0x739c,
	0x1084,0x0000,0x18c6,0x7bde,0x7fff,0x7fff,0x7fff,0x7fff,0x7fff,0x7fff,0x7fff,0x7fff,0x7fff,0x7fff,0x7fff,0x7fff,
	0x7fff,0x318c,0x0000,0x0000,0x294a,0x7bde,0x7fff,0x7fff,0x7fff,0x7fff,0x7fff,0x7fff,0x7fff,0x7fff,0x7fff,0x7fff,
	0x7fff,0x294a,0x0000,0x0000,0x5ad6,0x7fff,0x7fff,0x7fff,0x7fff,0x4631,0x0000,0x0000,0x294a,0x7fff,0x7fff,0x7fff,
	0x7fff,0x7fff,0x7fff,0x7fff,0x7fff,0x7fff,0x7fff,0x7fff,0x7fff,0x7fff,0x7fff,0x7fff,0x4e73,0x0000,0x0000,0x4631,
	0x7fff,0x7fff,0x7fff,0x7fff,0x7fff,0x7fff,0x7fff,0x7fff,0x7fff,0x7fff,0x7fff,0x7fff,0x7fff,0x7fff,0x5ef7,0x0421,
	0x0000,0x318c,0x7fff,0x7fff,0x7fff,0x7fff,0x7fff,0x7fff,0x7fff,0x6b5a,0x0c63,0x0000,0x1084,0x739c,0x7fff,0x7fff,
	0x7fff,0x294a,0x0000,0x0421,0x6739,0x7fff,0x7fff,0x7fff,0x7fff,0x7fff,0x7fff,0x7fff,0x39ce,0x0000,0x0000,0x4631,
	0x7fff,0x7fff,0x7fff,0x6318,0x0421,0x0000,0x294a,0x7fff,0x7fff,0x7fff,0x7fff,0x7fff,0x7fff,0x7fff,0x6f7b,0x1084,
	0x0000,0x0c63,0x6f7b,0x7fff,0x7fff,0x7fff,0x2108,0x0000,0x1ce7,0x7bde,0x7fff,0x7fff,0x7bde,0x2108,0x0000,0x1ce7,
	0x7bde,0x7fff,0x7fff,0x7fff,0x7fff,0x7fff,0x7fff,0x7fff,0x7fff,0x7fff,0x7fff,0x7fff,0x7fff,0x7fff,0x7fff,0x7fff,
	0x7fff,0x7fff,0x7fff,0x7fff,0x7fff,0x7fff,0x7fff,0x7fff,0x7fff,0x7fff,0x7fff,0x7fff,0x7fff,0x7fff,0x7fff,0x7fff,
	0x7fff,0x7fff,0x7fff,0x7fff,0x7fff,0x7fff,0x7fff,0x7fff,0x7fff,0x7fff,0x7fff,0x7fff,0x7fff,0x7fff,0x7fff,0x7fff,
	0x7fff,0x7fff,0x7fff,0x7fff,0x7fff,0x7fff,0x7fff,0x7fff,0x7fff,0x7fff,0x7fff,0x7fff,0x7fff,0x7fff,0x7fff,0x7fff,
	0x7fff,0x7fff,0x7fff,0x7fff,0x7fff,0x7fff,0x7fff,0x7fff,0x7fff,0x7fff,0x7fff,0x7fff,0x7fff,0x7fff,0x7fff,0x7fff,
	0x7fff,0x7fff,0x7fff,0x7fff,0x7fff,0x7fff,0x7fff,0x7fff,0x7fff,0x7fff,0x7fff,0x7fff,0x7fff,0x7fff,0x7fff,0x739c,
	0x1084,0x0000,0x18c6,0x7bde,0x7fff,0x7fff,0x7fff,0x7fff,0x7fff,0x7fff,0x7fff,0x7fff,0x7fff,0x7fff,0x7fff,0x7fff,
	0x6b5a,0x0c63,0x0000,0x0842,0x6318,0x7fff,0x7fff,0x7fff,0x7fff,0x7fff,0x7fff,0x7fff,0x7fff,0x7fff,0x7fff,0x7fff,
	0x7fff,0x39ce,0x0000,0x0000,0x4e73,0x7fff,0x7fff,0x7fff,0x7fff,0x4631,0x0000,0x0000,0x14a5,0x6739,0x7fff,0x7fff,
	0x7fff,0x7fff,0x7fff,0x7fff,0x7fff,0x7fff,0x7fff,0x7fff,0x7fff,0x7fff,0x7fff,0x7fff,0x4631,0x0000,0x0000,0x4a52,
	0x7fff,0x7fff,0x7fff,0x7fff,0x7fff,0x7fff,0x7fff,0x7fff,0x7fff,0x7fff,0x7fff,0x7fff,0x7fff,0x7fff,0x5ad6,0x0000,
	0x0000,0x35ad,0x7fff,0x7fff,0x7fff,0x7fff,0x7fff,0x7fff,0x7fff,0x7bde,0x1ce7,0x0000,0x0842,0x6b5a,0x7fff,0x7fff,
	0x7bde,0x2108,0x0000,0x0842,0x6b5a,0x7fff,0x7fff,0x7fff,0x7fff,0x7fff,0x7fff,0x7fff,0x5294,0x0000,0x0000,0x39ce,
	0x7fff,0x7fff,0x7fff,0x5ef7,0x0000,0x0000,0x318c,0x7fff,0x7fff,0x7fff,0x7fff,0x7fff,0x7fff,0x7fff,0x7bde,0x2108,
	0x0000,0x0842,0x6739,0x7fff,0x7fff,0x7fff,0x2108,0x0000,0x1ce7,0x7bde,0x7fff,0x7fff,0x7bde,0x2108,0x0000,0x1ce7,
	0x7bde,0x7fff,0x7fff,0x7fff,0x7fff,0x7fff,0x7fff,0x7fff,0x7fff,0x7fff,0x7fff,0x7fff,0x7fff,0x7fff,0x7fff,0x7fff,
	0x7fff,0x7fff,0x7fff,0x7fff,0x7fff,0x7fff,0x7fff,0x7fff,0x7fff,0x7fff,0x7fff,0x7fff,0x7fff,0x7fff,0x7fff,0x7fff,
	0x7fff,0x7fff,0x7fff,0x7fff,0x7fff,0x7fff,0x7fff,0x7fff,0x7fff,0x7fff,0x7fff,0x7fff,0x7fff,0x7fff,0x7fff,0x7fff,
	0x7fff,0x7fff,0x7fff,0x7fff,0x7fff,0x7fff,0x7fff,0x7fff,0x7fff,0x7fff,0x7fff,0x7fff,0x7fff,0x7fff,0x7fff,0x7fff,
	0x7fff,0x7fff,0x7fff,0x7fff,0x7fff,0x7fff,0x7fff,0x7fff,0x7fff,0x7fff,0x7fff,0x7fff,0x7fff,0x7fff,0x7fff,0x7fff,
	0x7fff,0x7fff,0x7fff,0x7fff,0x7fff,0x7fff,0x7fff,0x7fff,0x7fff,0x7fff,0x7fff,0x7fff,0x7fff,0x7fff,0x7fff,0x6f7b,
	0x0c63,0x0000,0x18c6,0x7bde,0x7fff,0x7fff,0x7fff,0x7fff,0x7fff,0x7fff,0x7fff,0x7fff,0x7fff,0x7fff,0x7fff,0x7fff,
	0x4a52,0x0000,0x0000,0x294a,0x7fff,0x7fff,0x7fff,0x7fff,0x7fff,0x7fff,0x7fff,0x7fff,0x7fff,0x7fff,0x7fff,0x7fff,
	0x7fff,0x3def,0x0000,0x0000,0x4e73,0x7fff,0x7fff,0x7fff,0x7fff,0x5ad6,0x0421,0x0000,0x0000,0x0c63,0x2d6b,0x4631,
	0x5294,0x5ad6,0x6318,0x739c,0x7fff,0x7fff,0x7fff,0x7fff,0x7fff,0x7fff,0x7fff,0x7fff,0x4210,0x0000,0x0000,0x4e73,
	0x7fff,0x7bde,0x77bd,0x6f7b,0x6739,0x5ef7,0x5294,0x4631,0x39ce,0x4631,0x77bd,0x7fff,0x7fff,0x7fff,0x4e73,0x0000,
	0x0000,0x4210,0x7fff,0x7fff,0x7fff,0x7fff,0x7fff,0x7fff,0x7fff,0x6f7b,0x1084,0x0000,0x0c63,0x6f7b,0x7fff,0x7fff,
	0x77bd,0x18c6,0x0000,0x1084,0x739c,0x7fff,0x7fff,0x7fff,0x7fff,0x7fff,0x7fff,0x7fff,0x3def,0x0000,0x0000,0x3def,
	0x7fff,0x7fff,0x7fff,0x56b5,0x0000,0x0000,0x39ce,0x7fff,0x7fff,0x7fff,0x7fff,0x7fff,0x7fff,0x7fff,0x739c,0x14a5,
	0x0000,0x0842,0x6b5a,0x7fff,0x7fff,0x7fff,0x2108,0x0000,0x1ce7,0x7bde,0x7fff,0x7fff,0x7bde,0x2108,0x0000,0x1ce7,
	0x7bde,0x7fff,0x7fff,0x7fff,0x7fff,0x7fff,0x7fff,0x7fff,0x7fff,0x7fff,0x7fff,0x7fff,0x7fff,0x7fff,0x7fff,0x7fff,
	0x7fff,0x7fff,0x7fff,0x7fff,0x7fff,0x7fff,0x7fff,0x7fff,0x7fff,0x7fff,0x7fff,0x7fff,0x7fff,0x7fff,0x7fff,0x7fff,
	0x7fff,0x7fff,0x7fff,0x7fff,0x7fff,0x7fff,0x7fff,0x7fff,0x7fff,0x7fff,0x7fff,0x7fff,0x7fff,0x7fff,0x7fff,0x7fff,
	0x7fff,0x7fff,0x7fff,0x7fff,0x7fff,0x7fff,0x7fff,0x7fff,0x7fff,0x7fff,0x7fff,0x7fff,0x7fff,0x7fff,0x7fff,0x7fff,
	0x7fff,0x7fff,0x7fff,0x7fff,0x7fff,0x7fff,0x7fff,0x7fff,0x7fff,0x7fff,0x7fff,0x7fff,0x7fff,0x7fff,0x7fff,0x7fff,
	0x7fff,0x7fff,0x7fff,0x7fff,0x7fff,0x7fff,0x7fff,0x7fff,0x7fff,0x7fff,0x7fff,0x7fff,0x7fff,0x7fff,0x7fff,0x6f7b,
	0x0c63,0x0000,0x1ce7,0x7bde,0x7fff,0x7fff,0x7fff,0x7fff,0x7fff,0x7fff,0x7fff,0x7fff,0x7fff,0x7fff,0x7fff,0x7fff,
	0x294a,0x0000,0x0000,0x5294,0x7fff,0x7fff,0x7fff,0x7fff,0x7fff,0x7fff,0x7fff,0x7fff,0x7fff,0x7fff,0x7fff,0x7fff,
	0x7fff,0x3def,0x0000,0x0000,0x4e73,0x7fff,0x7fff,0x7fff,0x7fff,0x7bde,0x2d6b,0x0000,0x0000,0x0000,0x0000,0x0000,
	0x0000,0x0000,0x0421,0x1084,0x2d6b,0x5ef7,0x7fff,0x7fff,0x7fff,0x7fff,0x7fff,0x7fff,0x39ce,0x0000,0x0000,0x2108,
	0x294a,0x1ce7,0x14a5,0x0c63,0x0842,0x0000,0x0000,0x0000,0x0000,0x0000,0x4a52,0x7fff,0x7fff,0x7fff,0x4631,0x0000,
	0x0000,0x4e73,0x7fff,0x7fff,0x7fff,0x7fff,0x7fff,0x7fff,0x77bd,0x2d6b,0x0000,0x0000,0x2529,0x7bde,0x7fff,0x7fff,
	0x739c,0x1084,0x0000,0x18c6,0x77bd,0x7fff,0x7fff,0x7fff,0x7fff,0x7fff,0x7fff,0x56b5,0x0842,0x0000,0x0421,0x5ad6,
	0x7fff,0x7fff,0x7fff,0x4a52,0x0000,0x0000,0x4631,0x7fff,0x7fff,0x7fff,0x7fff,0x7fff,0x7fff,0x77bd,0x318c,0x0000,
	0x0000,0x2108,0x7bde,0x7fff,0x7fff,0x7fff,0x2108,0x0000,0x1ce7,0x7bde,0x7fff,0x7fff,0x7bde,0x2108,0x0000,0x1ce7,
	0x7bde,0x7fff,0x7fff,0x7fff,0x7fff,0x7fff,0x7fff,0x7fff,0x7fff,0x7fff,0x7fff,0x7fff,0x7fff,0x7fff,0x7fff,0x7fff,
	0x7fff,0x7fff,0x7fff,0x7fff,0x7fff,0x7fff,0x7fff,0x7fff,0x7fff,0x7fff,0x7fff,0x7fff,0x7fff,0x7fff,0x7fff,0x7fff,
	0x7fff,0x7fff,0x7fff,0x7fff,0x7fff,0x7fff,0x7fff,0x7fff,0x7fff,0x7fff,0x7fff,0x7fff,0x7fff,0x7fff,0x7fff,0x7fff,
	0x7fff,0x7fff,0x7fff,0x7fff,0x7fff,0x7fff,0x7fff,0x7fff,0x7fff,0x7fff,0x7fff,0x7fff,0x7fff,0x7fff,0x7fff,0x7fff,
	0x7fff,0x7fff,0x7fff,0x7fff,0x7fff,0x7fff,0x7fff,0x7fff,0x7fff,0x7fff,0x7fff,0x7fff,0x7fff,0x7fff,0x7fff,0x7fff,
	0x7fff,0x7fff,0x7fff,0x7fff,0x7fff,0x7fff,0x7fff,0x7fff,0x7fff,0x7fff,0x7fff,0x7fff,0x7fff,0x7fff,0x7fff,0x6b5a,
	0x0c63,0x0000,0x2108,0x7bde,0x7fff,0x7fff,0x7fff,0x7fff,0x7fff,0x7fff,0x7fff,0x7fff,0x7fff,0x7fff,0x7fff,0x77bd,
	0x14a5,0x0000,0x0842,0x6b5a,0x7fff,0x7fff,0x7fff,0x7fff,0x7fff,0x7fff,0x7fff,0x7fff,0x7fff,0x7fff,0x7fff,0x7fff,
	0x7fff,0x35ad,0x0000,0x0000,0x5294,0x7fff,0x7fff,0x7fff,0x7fff,0x7fff,0x77bd,0x39ce,0x0c63,0x0000,0x0000,0x0000,
	0x0000,0x0000,0x0000,0x0000,0x0000,0x0842,0x3def,0x7bde,0x7fff,0x7fff,0x7fff,0x7fff,0x294a,0x0000,0x0000,0x0000,
	0x0000,0x0000,0x0000,0x0000,0x0000,0x0000,0x0000,0x0000,0x0000,0x0421,0x4e73,0x7fff,0x7fff,0x7fff,0x39ce,0x0000,
	0x0000,0x56b5,0x7fff,0x7fff,0x7fff,0x7fff,0x7bde,0x5ef7,0x2529,0x0000,0x0000,0x0842,0x5ad6,0x7fff,0x7fff,0x7fff,
	0x6b5a,0x0c63,0x0000,0x2108,0x7bde,0x7fff,0x7fff,0x7fff,0x7fff,0x739c,0x4210,0x0842,0x0000,0x0000,0x2d6b,0x7bde,
	0x7fff,0x7fff,0x7fff,0x3def,0x0000,0x0000,0x5294,0x7fff,0x7fff,0x7fff,0x7fff,0x7bde,0x6318,0x2529,0x0000,0x0000,
	0x0421,0x56b5,0x7fff,0x7fff,0x7fff,0x7fff,0x2108,0x0000,0x1ce7,0x7bde,0x7fff,0x7fff,0x7bde,0x2108,0x0000,0x1ce7,
	0x7bde,0x7fff,0x7fff,0x7fff,0x7fff,0x7fff,0x7fff,0x7fff,0x7fff,0x7fff,0x7fff,0x7fff,0x7fff,0x7fff,0x7fff,0x7fff,
	0x7fff,0x7fff,0x7fff,0x7fff,0x7fff,0x7fff,0x7fff,0x7fff,0x7fff,0x7fff,0x7fff,0x7fff,0x7fff,0x7fff,0x7fff,0x7fff,
	0x7fff,0x7fff,0x7fff,0x7fff,0x7fff,0x7fff,0x7fff,0x7fff,0x7fff,0x7fff,0x7fff,0x7fff,0x7fff,0x7fff,0x7fff,0x7fff,
	0x7fff,0x7fff,0x7fff,0x7fff,0x7fff,0x7fff,0x7fff,0x7fff,0x7fff,0x7fff,0x7fff,0x7fff,0x7fff,0x7fff,0x7fff,0x7fff,
	0x7fff,0x7fff,0x7fff,0x7fff,0x7fff,0x7fff,0x7fff,0x7fff,0x7fff,0x7fff,0x7fff,0x7fff,0x7fff,0x7fff,0x7fff,0x7fff,
	0x7fff,0x7fff,0x7fff,0x7fff,0x7fff,0x7fff,0x7fff,0x7fff,0x7fff,0x7fff,0x7fff,0x7fff,0x7fff,0x7fff,0x7fff,0x6739,
	0x0842,0x0000,0x2529,0x7bde,0x7fff,0x7fff,0x7fff,0x7fff,0x7fff,0x7fff,0x7fff,0x7fff,0x7fff,0x7fff,0x7fff,0x6b5a,
	0x0c63,0x0000,0x18c6,0x77bd,0x7fff,0x7fff,0x7fff,0x7fff,0x7fff,0x7fff,0x7fff,0x7fff,0x7fff,0x7fff,0x7fff,0x7fff,
	0x7fff,0x2529,0x0000,0x0421,0x5ef7,0x7fff,0x7fff,0x7fff,0x7fff,0x7fff,0x7fff,0x7fff,0x6b5a,0x4e73,0x39ce,0x2d6b,
	0x294a,0x18c6,0x0842,0x0000,0x0000,0x0000,0x0000,0x4210,0x7fff,0x7fff,0x7fff,0x7bde,0x1ce7,0x0000,0x0000,0x0000,
	0x0842,0x0c63,0x1084,0x1ce7,0x2529,0x2d6b,0x39ce,0x4210,0x4e73,0x5ef7,0x7bde,0x7fff,0x7fff,0x7fff,0x2d6b,0x0000,
	0x0000,0x39ce,0x5294,0x4e73,0x4631,0x35ad,0x1ce7,0x0421,0x0000,0x0000,0x0842,0x4e73,0x7fff,0x7fff,0x7fff,0x7fff,
	0x6318,0x0421,0x0000,0x18c6,0x4e73,0x5294,0x4a52,0x3def,0x294a,0x1084,0x0000,0x0000,0x0000,0x2529,0x6f7b,0x7fff,
	0x7fff,0x7fff,0x7fff,0x35ad,0x0000,0x0000,0x35ad,0x5294,0x4e73,0x4631,0x35ad,0x2108,0x0842,0x0000,0x0000,0x0842,
	0x4631,0x7fff,0x7fff,0x7fff,0x7fff,0x7fff,0x2108,0x0000,0x1ce7,0x7bde,0x7fff,0x7fff,0x7bde,0x2108,0x0000,0x1ce7,
	0x7bde,0x7fff,0x7fff,0x7fff,0x7fff,0x7fff,0x7fff,0x7fff,0x7fff,0x7fff,0x7fff,0x7fff,0x7fff,0x7fff,0x7fff,0x7fff,
	0x7fff,0x7fff,0x7fff,0x7fff,0x7fff,0x7fff,0x7fff,0x7fff,0x7fff,0x7fff,0x7fff,0x7fff,0x7fff,0x7fff,0x7fff,0x7fff,
	0x7fff,0x7fff,0x7fff,0x7fff,0x7fff,0x7fff,0x7fff,0x7fff,0x7fff,0x7fff,0x7fff,0x7fff,0x7fff,0x7fff,0x7fff,0x7fff,
	0x7fff,0x7fff,0x7fff,0x7fff,0x7fff,0x7fff,0x7fff,0x7fff,0x7fff,0x7fff,0x7fff,0x7fff,0x7fff,0x7fff,0x7fff,0x7fff,
	0x7fff,0x7fff,0x7fff,0x7fff,0x7fff,0x7fff,0x7fff,0x7fff,0x7fff,0x7fff,0x7fff,0x7fff,0x7fff,0x7fff,0x7fff,0x7fff,
	0x7fff,0x7fff,0x7fff,0x7fff,0x7fff,0x7fff,0x7fff,0x7fff,0x7fff,0x7fff,0x7fff,0x7fff,0x7fff,0x7fff,0x7fff,0x6739,
	0x0421,0x0000,0x294a,0x7fff,0x7fff,0x7fff,0x7fff,0x7fff,0x7fff,0x7fff,0x7fff,0x7fff,0x7fff,0x7fff,0x7fff,0x6318,
	0x0421,0x0000,0x2108,0x7bde,0x7fff,0x7fff,0x7fff,0x7fff,0x7fff,0x7fff,0x7fff,0x7fff,0x7fff,0x7fff,0x7fff,0x7fff,
	0x739c,0x1084,0x0000,0x0c63,0x6f7b,0x7fff,0x7fff,0x7fff,0x7fff,0x7fff,0x7fff,0x7fff,0x7fff,0x7fff,0x7fff,0x7fff,
	0x7fff,0x77bd,0x6739,0x3def,0x0c63,0x0000,0x0000,0x0c63,0x6739,0x7fff,0x7fff,0x7fff,0x2529,0x0000,0x0421,0x4e73,
	0x6739,0x6f7b,0x739c,0x7bde,0x7bde,0x7fff,0x7fff,0x7fff,0x7fff,0x7fff,0x7fff,0x7fff,0x7fff,0x7fff,0x2529,0x0000,
	0x0000,0x0000,0x0000,0x0000,0x0000,0x0000,0x0000,0x0000,0x0000,0x1ce7,0x5ad6,0x7fff,0x7fff,0x7fff,0x7fff,0x7fff,
	0x5ad6,0x0000,0x0000,0x0000,0x0000,0x0000,0x0000,0x0000,0x0000,0x0000,0x0000,0x0c63,0x3def,0x77bd,0x7fff,0x7fff,
	0x7fff,0x7fff,0x7fff,0x2d6b,0x0000,0x0000,0x0000,0x0000,0x0000,0x0000,0x0000,0x0000,0x0000,0x0000,0x1ce7,0x5ad6,
	0x7fff,0x7fff,0x7fff,0x7fff,0x7fff,0x7fff,0x2108,0x0000,0x1ce7,0x7bde,0x7fff,0x7fff,0x7bde,0x2108,0x0000,0x1ce7,
	0x7bde,0x7fff,0x7fff,0x7fff,0x7fff,0x7fff,0x7fff,0x7fff,0x7fff,0x7fff,0x7fff,0x7fff,0x7fff,0x7fff,0x7fff,0x7fff,
	0x7fff,0x7fff,0x7fff,0x7fff,0x7fff,0x7fff,0x7fff,0x7fff,0x7fff,0x7fff,0x7fff,0x7fff,0x7fff,0x7fff,0x7fff,0x7fff,
	0x7fff,0x7fff,0x7fff,0x7fff,0x7fff,0x7fff,0x7fff,0x7fff,0x7fff,0x7fff,0x7fff,0x7fff,0x7fff,0x7fff,0x7fff,0x7fff,
	0x7fff,0x7fff,0x7fff,0x7fff,0x7fff,0x7fff,0x7fff,0x7fff,0x7fff,0x7fff,0x7fff,0x7fff,0x7fff,0x7fff,0x7fff,0x7fff,
	0x7fff,0x7fff,0x7fff,0x7fff,0x7fff,0x7fff,0x7fff,0x7fff,0x7fff,0x7fff,0x7fff,0x7fff,0x7fff,0x7fff,0x7fff,0x7fff,
	0x7fff,0x7fff,0x7fff,0x7fff,0x7fff,0x7fff,0x7fff,0x7fff,0x7fff,0x7fff,0x7fff,0x7fff,0x7fff,0x7fff,0x7fff,0x6318,
	0x0000,0x0000,0x2d6b,0x7fff,0x7fff,0x7fff,0x7fff,0x7fff,0x7fff,0x7fff,0x7fff,0x7fff,0x7fff,0x7fff,0x7fff,0x6318,
	0x0421,0x0000,0x2529,0x7fff,0x7fff,0x7fff,0x7fff,0x7fff,0x7fff,0x7fff,0x7fff,0x7fff,0x7fff,0x7fff,0x7fff,0x7fff,
	0x5ad6,0x0421,0x0000,0x2108,0x7bde,0x7fff,0x7fff,0x7fff,0x7fff,0x7fff,0x7fff,0x7fff,0x7fff,0x7fff,0x7fff,0x7fff,
	0x7fff,0x7fff,0x7fff,0x7fff,0x6318,0x1084,0x0000,0x0000,0x4210,0x7fff,0x7fff,0x7bde,0x1ce7,0x0000,0x0842,0x6b5a,
	0x7fff,0x7fff,0x7fff,0x7fff,0x7fff,0x7fff,0x7fff,0x7fff,0x7fff,0x7fff,0x7fff,0x7fff,0x7fff,0x7bde,0x2108,0x0000,
	0x0000,0x0000,0x0000,0x0000,0x0000,0x0000,0x0000,0x1ce7,0x5294,0x77bd,0x7fff,0x7fff,0x7fff,0x7fff,0x7fff,0x7fff,
	0x56b5,0x0000,0x0000,0x0000,0x0000,0x0000,0x0000,0x0000,0x0000,0x0842,0x39ce,0x6739,0x7fff,0x7fff,0x7fff,0x7fff,
	0x7fff,0x7fff,0x7fff,0x294a,0x0000,0x0000,0x0000,0x0000,0x0000,0x0000,0x0000,0x0000,0x18c6,0x5294,0x77bd,0x7fff,
	0x7fff,0x7fff,0x7fff,0x7fff,0x7fff,0x7fff,0x2108,0x0000,0x1ce7,0x7bde,0x7fff,0x7fff,0x7bde,0x2108,0x0000,0x1ce7,
	0x7bde,0x7fff,0x7fff,0x7fff,0x7fff,0x7fff,0x7fff,0x7fff,0x7fff,0x7fff,0x7fff,0x7fff,0x7fff,0x7fff,0x7fff,0x7fff,
	0x7fff,0x7fff,0x7fff,0x7fff,0x7fff,0x7fff,0x7fff,0x7fff,0x7fff,0x7fff,0x7fff,0x7fff,0x7fff,0x7fff,0x7fff,0x7fff,
	0x7fff,0x7fff,0x7fff,0x7fff,0x7fff,0x7fff,0x7fff,0x7fff,0x7fff,0x7fff,0x7fff,0x7fff,0x7fff,0x7fff,0x7fff,0x7fff,
	0x7fff,0x7fff,0x7fff,0x7fff,0x7fff,0x7fff,0x7fff,0x7fff,0x7fff,0x7fff,0x7fff,0x7fff,0x7fff,0x7fff,0x7fff,0x7fff,
	0x7fff,0x7fff,0x7fff,0x7fff,0x7fff,0x7fff,0x7fff,0x7fff,0x7fff,0x7fff,0x7fff,0x7fff,0x7fff,0x7fff,0x7fff,0x7fff,
	0x7fff,0x7fff,0x7fff,0x7fff,0x7fff,0x7fff,0x7fff,0x7fff,0x7fff,0x7fff,0x7fff,0x7fff,0x7fff,0x7fff,0x7fff,0x5ad6,
	0x0000,0x0000,0x318c,0x7fff,0x7fff,0x7fff,0x7fff,0x7fff,0x7fff,0x7fff,0x7fff,0x7fff,0x7fff,0x7fff,0x7fff,0x6739,
	0x0842,0x0000,0x1ce7,0x7bde,0x7fff,0x7fff,0x7fff,0x7fff,0x7fff,0x7fff,0x7fff,0x7fff,0x7fff,0x7fff,0x7fff,0x7fff,
	0x318c,0x0000,0x0000,0x4210,0x7fff,0x7fff,0x7fff,0x7fff,0x7fff,0x7fff,0x7fff,0x7fff,0x7fff,0x7fff,0x7fff,0x7fff,
	0x7fff,0x7fff,0x7fff,0x7fff,0x7fff,0x4631,0x0000,0x0000,0x2d6b,0x7fff,0x7fff,0x7bde,0x1ce7,0x0000,0x0c63,0x6f7b,
	0x7fff,0x7fff,0x7fff,0x7fff,0x7fff,0x7fff,0x7fff,0x7fff,0x7fff,0x7fff,0x7fff,0x7fff,0x7fff,0x7bde,0x2108,0x0000,
	0x0000,0x2108,0x1084,0x0000,0x0000,0x0000,0x0000,0x14a5,0x56b5,0x7fff,0x7fff,0x7fff,0x7fff,0x7fff,0x7fff,0x7fff,
	0x56b5,0x0000,0x0000,0x14a5,0x1ce7,0x0421,0x0000,0x0000,0x0000,0x0421,0x35ad,0x739c,0x7fff,0x7fff,0x7fff,0x7fff,
	0x7fff,0x7fff,0x7fff,0x2529,0x0000,0x0000,0x2108,0x1084,0x0000,0x0000,0x0000,0x0000,0x14a5,0x5294,0x7bde,0x7fff,
	0x7fff,0x7fff,0x7fff,0x7fff,0x7fff,0x7fff,0x2108,0x0000,0x1ce7,0x7bde,0x7fff,0x7fff,0x7bde,0x2108,0x0000,0x1ce7,
	0x7bde,0x7fff,0x7fff,0x7fff,0x7fff,0x7fff,0x7fff,0x7fff,0x7fff,0x7fff,0x7fff,0x7fff,0x7fff,0x7fff,0x7fff,0x7fff,
	0x7fff,0x7fff,0x7fff,0x7fff,0x7fff,0x7fff,0x7fff,0x7fff,0x7fff,0x7fff,0x7fff,0x7fff,0x7fff,0x7fff,0x7fff,0x7fff,
	0x7fff,0x7fff,0x7fff,0x7fff,0x7fff,0x7fff,0x7fff,0x7fff,0x7fff,0x7fff,0x7fff,0x7fff,0x7fff,0x7fff,0x7fff,0x7fff,
	0x7fff,0x7fff,0x7fff,0x7fff,0x7fff,0x7fff,0x7fff,0x7fff,0x7fff,0x7fff,0x7fff,0x7fff,0x7fff,0x7fff,0x7fff,0x7fff,
	0x7fff,0x7fff,0x7fff,0x7fff,0x7fff,0x7fff,0x7fff,0x7fff,0x7fff,0x7fff,0x7fff,0x7fff,0x7fff,0x7fff,0x7fff,0x7fff,
	0x7fff,0x7fff,0x7fff,0x7fff,0x7fff,0x7fff,0x7fff,0x7fff,0x7fff,0x7fff,0x7fff,0x7fff,0x7fff,0x7fff,0x7fff,0x56b5,
	0x0000,0x0000,0x35ad,0x7fff,0x7fff,0x7fff,0x7fff,0x7fff,0x7fff,0x7fff,0x7fff,0x7fff,0x7fff,0x7fff,0x7fff,0x739c,
	0x1084,0x0000,0x0c63,0x6f7b,0x7fff,0x7fff,0x7fff,0x7fff,0x7fff,0x7fff,0x7fff,0x7fff,0x7fff,0x7fff,0x7fff,0x6739,
	0x0c63,0x0000,0x0842,0x6739,0x7fff,0x7fff,0x7fff,0x7fff,0x7fff,0x7fff,0x7fff,0x7fff,0x7fff,0x7fff,0x7fff,0x7fff,
	0x7fff,0x7fff,0x7fff,0x7fff,0x7fff,0x5ad6,0x0000,0x0000,0x294a,0x7fff,0x7fff,0x77bd,0x18c6,0x0000,0x0c63,0x6f7b,
	0x7fff,0x7fff,0x7fff,0x7fff,0x7fff,0x7fff,0x7fff,0x7fff,0x7fff,0x7fff,0x7fff,0x7fff,0x7fff,0x7bde,0x2529,0x0000,
	0x0421,0x6739,0x6f7b,0x4631,0x14a5,0x0000,0x0000,0x0000,0x0421,0x35ad,0x739c,0x7fff,0x7fff,0x7fff,0x7fff,0x7fff,
	0x5ad6,0x0000,0x0000,0x318c,0x7bde,0x5ef7,0x2d6b,0x0842,0x0000,0x0000,0x0000,0x18c6,0x5ad6,0x7fff,0x7fff,0x7fff,
	0x7fff,0x7fff,0x7fff,0x294a,0x0000,0x0421,0x5ef7,0x739c,0x4a52,0x18c6,0x0000,0x0000,0x0000,0x0421,0x318c,0x739c,
	0x7fff,0x7fff,0x7fff,0x7fff,0x7fff,0x7fff,0x2108,0x0000,0x1ce7,0x7bde,0x7fff,0x7fff,0x7bde,0x2108,0x0000,0x1ce7,
	0x7bde,0x7fff,0x7fff,0x7fff,0x7fff,0x7fff,0x7fff,0x7fff,0x7fff,0x7fff,0x7fff,0x7fff,0x7fff,0x7fff,0x7fff,0x7fff,
	0x7fff,0x7fff,0x7fff,0x7fff,0x7fff,0x7fff,0x7fff,0x7fff,0x7fff,0x7fff,0x7fff,0x7fff,0x7fff,0x7fff,0x7fff,0x7fff,
	0x7fff,0x7fff,0x7fff,0x7fff,0x7fff,0x7fff,0x7fff,0x7fff,0x7fff,0x7fff,0x7fff,0x7fff,0x7fff,0x7fff,0x7fff,0x7fff,
	0x7fff,0x7fff,0x7fff,0x7fff,0x7fff,0x7fff,0x7fff,0x7fff,0x7fff,0x7fff,0x7fff,0x7fff,0x7fff,0x7fff,0x7fff,0x7fff,
	0x7fff,0x7fff,0x7fff,0x7fff,0x7fff,0x7fff,0x7fff,0x7fff,0x7fff,0x7fff,0x7fff,0x7fff,0x7fff,0x7fff,0x7fff,0x7fff,
	0x7fff,0x7fff,0x7fff,0x7fff,0x7fff,0x7fff,0x7fff,0x7fff,0x7fff,0x7fff,0x7fff,0x7fff,0x7fff,0x7fff,0x7fff,0x5294,
	0x0000,0x0000,0x3def,0x7fff,0x7fff,0x7fff,0x7fff,0x7fff,0x7fff,0x7fff,0x7fff,0x7fff,0x7fff,0x7fff,0x7fff,0x7fff,
	0x294a,0x0000,0x0000,0x4631,0x7fff,0x7fff,0x7fff,0x7fff,0x7fff,0x7fff,0x7fff,0x7fff,0x7fff,0x7fff,0x7bde,0x294a,
	0x0000,0x0000,0x318c,0x7fff,0x7fff,0x7fff,0x7fff,0x7fff,0x6b5a,0x6739,0x7fff,0x7fff,0x7fff,0x7fff,0x7fff,0x7fff,
	0x7fff,0x7fff,0x7fff,0x7fff,0x7fff,0x4e73,0x0000,0x0000,0x35ad,0x7fff,0x7fff,0x77bd,0x18c6,0x0000,0x0c63,0x6f7b,
	0x7fff,0x7fff,0x7fff,0x7fff,0x7fff,0x7fff,0x7fff,0x7fff,0x7fff,0x7fff,0x7fff,0x7fff,0x7fff,0x7fff,0x294a,0x0000,
	0x0421,0x6318,0x7fff,0x7fff,0x739c,0x4210,0x0c63,0x0000,0x0000,0x0000,0x2108,0x6b5a,0x7fff,0x7fff,0x7fff,0x7fff,
	0x5ef7,0x0000,0x0000,0x2d6b,0x7fff,0x7fff,0x7fff,0x5ef7,0x2108,0x0000,0x0000,0x0000,0x0842,0x4631,0x7bde,0x7fff,
	0x7fff,0x7fff,0x7fff,0x318c,0x0000,0x0000,0x5ad6,0x7fff,0x7fff,0x739c,0x4631,0x0c63,0x0000,0x0000,0x0000,0x1ce7,
	0x6739,0x7fff,0x7fff,0x7fff,0x7fff,0x7fff,0x318c,0x0000,0x294a,0x7bde,0x7fff,0x7fff,0x7fff,0x2d6b,0x0000,0x294a,
	0x7fff,0x7fff,0x7fff,0x7fff,0x7fff,0x7fff,0x7fff,0x7fff,0x7fff,0x7fff,0x7fff,0x7fff,0x7fff,0x7fff,0x7fff,0x7fff,
	0x7fff,0x7fff,0x7fff,0x7fff,0x7fff,0x7fff,0x7fff,0x7fff,0x7fff,0x7fff,0x7fff,0x7fff,0x7fff,0x7fff,0x7fff,0x7fff,
	0x7fff,0x7fff,0x7fff,0x7fff,0x7fff,0x7fff,0x7fff,0x7fff,0x7fff,0x7fff,0x7fff,0x7fff,0x7fff,0x7fff,0x7fff,0x7fff,
	0x7fff,0x7fff,0x7fff,0x7fff,0x7fff,0x7fff,0x7fff,0x7fff,0x7fff,0x7fff,0x7fff,0x7fff,0x7fff,0x7fff,0x7fff,0x7fff,
	0x7fff,0x7fff,0x7fff,0x7fff,0x7fff,0x7fff,0x7fff,0x7fff,0x7fff,0x7fff,0x7fff,0x7fff,0x7fff,0x7fff,0x7fff,0x7fff,
	0x7fff,0x7fff,0x7fff,0x7fff,0x7fff,0x7fff,0x7fff,0x7fff,0x7fff,0x7fff,0x7fff,0x7fff,0x7fff,0x7fff,0x7fff,0x4a52,
	0x0000,0x0000,0x4631,0x7fff,0x7fff,0x7fff,0x7fff,0x7fff,0x7fff,0x7fff,0x7fff,0x7fff,0x7fff,0x7fff,0x7fff,0x7fff,
	0x5294,0x0000,0x0000,0x1084,0x6318,0x7fff,0x7fff,0x7fff,0x7fff,0x7fff,0x7fff,0x7fff,0x7fff,0x7fff,0x4631,0x0000,
	0x0000,0x0c63,0x6739,0x7fff,0x7fff,0x7fff,0x7fff,0x6318,0x0c63,0x0c63,0x5ad6,0x7fff,0x7fff,0x7fff,0x7fff,0x7fff,
	0x7fff,0x7fff,0x7fff,0x7fff,0x739c,0x1ce7,0x0000,0x0000,0x5294,0x7fff,0x7fff,0x77bd,0x18c6,0x0000,0x0c63,0x6f7b,
	0x7fff,0x7fff,0x7fff,0x7fff,0x7fff,0x7fff,0x7fff,0x7fff,0x7fff,0x7fff,0x7fff,0x7fff,0x7fff,0x7fff,0x2d6b,0x0000,
	0x0421,0x5ef7,0x7fff,0x7fff,0x7fff,0x7fff,0x6318,0x2108,0x0000,0x0000,0x0000,0x14a5,0x6318,0x7fff,0x7fff,0x7fff,
	0x6318,0x0421,0x0000,0x2d6b,0x7fff,0x7fff,0x7fff,0x7fff,0x77bd,0x4210,0x0842,0x0000,0x0000,0x0421,0x39ce,0x7bde,
	0x7fff,0x7fff,0x7fff,0x318c,0x0000,0x0000,0x5ad6,0x7fff,0x7fff,0x7fff,0x7fff,0x6739,0x2529,0x0000,0x0000,0x0000,
	0x1084,0x5ef7,0x7fff,0x7fff,0x7fff,0x7fff,0x6f7b,0x4e73,0x6b5a,0x7fff,0x7fff,0x7fff,0x7fff,0x6f7b,0x4e73,0x6b5a,
	0x7fff,0x7fff,0x7fff,0x7fff,0x7fff,0x7fff,0x7fff,0x7fff,0x7fff,0x7fff,0x7fff,0x7fff,0x7fff,0x7fff,0x7fff,0x7fff,
	0x7fff,0x7fff,0x7fff,0x7fff,0x7fff,0x7fff,0x7fff,0x7fff,0x7fff,0x7fff,0x7fff,0x7fff,0x7fff,0x7fff,0x7fff,0x7fff,
	0x7fff,0x7fff,0x7fff,0x7fff,0x7fff,0x7fff,0x7fff,0x7fff,0x7fff,0x7fff,0x7fff,0x7fff,0x7fff,0x7fff,0x7fff,0x7fff,
	0x7fff,0x7fff,0x7fff,0x7fff,0x7fff,0x7fff,0x7fff,0x7fff,0x7fff,0x7fff,0x7fff,0x7fff,0x7fff,0x7fff,0x7fff,0x7fff,
	0x7fff,0x7fff,0x7fff,0x7fff,0x7fff,0x7fff,0x7fff,0x7fff,0x7fff,0x7fff,0x7fff,0x7fff,0x7fff,0x7fff,0x7fff,0x7fff,
	0x7fff,0x7fff,0x7fff,0x7fff,0x7fff,0x7fff,0x7fff,0x7fff,0x7fff,0x7fff,0x7fff,0x7fff,0x7fff,0x7fff,0x7fff,0x4631,
	0x0000,0x0000,0x5294,0x7fff,0x7fff,0x7fff,0x7fff,0x7fff,0x7fff,0x7fff,0x7bde,0x6318,0x5ef7,0x7bde,0x7fff,0x7fff,
	0x7bde,0x2529,0x0000,0x0000,0x14a5,0x5ad6,0x7fff,0x7fff,0x7fff,0x7fff,0x7fff,0x7fff,0x7bde,0x4631,0x0421,0x0000,
	0x0000,0x4631,0x7fff,0x7fff,0x7fff,0x7fff,0x7fff,0x5294,0x0000,0x0000,0x18c6,0x6b5a,0x7fff,0x7fff,0x7fff,0x7fff,
	0x7fff,0x7fff,0x7fff,0x6739,0x2529,0x0000,0x0000,0x1ce7,0x77bd,0x7fff,0x7fff,0x7bde,0x2108,0x0000,0x0842,0x6f7b,
	0x7fff,0x7fff,0x7fff,0x7fff,0x7fff,0x7fff,0x7fff,0x7fff,0x7fff,0x7fff,0x7fff,0x7fff,0x7fff,0x7fff,0x318c,0x0000,
	0x0421,0x5ef7,0x7fff,0x7fff,0x7fff,0x7fff,0x7fff,0x77bd,0x35ad,0x0421,0x0000,0x0000,0x14a5,0x6739,0x7fff,0x7fff,
	0x6739,0x0842,0x0000,0x2529,0x7fff,0x7fff,0x7fff,0x7fff,0x7fff,0x7fff,0x5ad6,0x14a5,0x0000,0x0000,0x0000,0x3def,
	0x7fff,0x7fff,0x7fff,0x35ad,0x0000,0x0000,0x56b5,0x7fff,0x7fff,0x7fff,0x7fff,0x7fff,0x77bd,0x39ce,0x0421,0x0000,
	0x0000,0x1084,0x6318,0x7fff,0x7fff,0x7fff,0x7fff,0x7fff,0x7fff,0x7fff,0x7fff,0x7fff,0x7fff,0x7fff,0x7fff,0x7fff,
	0x7fff,0x7fff,0x7fff,0x7fff,0x7fff,0x7fff,0x7fff,0x7fff,0x7fff,0x7fff,0x7fff,0x7fff,0x7fff,0x7fff,0x7fff,0x7fff,
	0x7fff,0x7fff,0x7fff,0x7fff,0x7fff,0x7fff,0x7fff,0x7fff,0x7fff,0x7fff,0x7fff,0x7fff,0x7fff,0x7fff,0x7fff,0x7fff,
	0x7fff,0x7fff,0x7fff,0x7fff,0x7fff,0x7fff,0x7fff,0x7fff,0x7fff,0x7fff,0x7fff,0x7fff,0x7fff,0x7fff,0x7fff,0x7fff,
	0x7fff,0x7fff,0x7fff,0x7fff,0x7fff,0x7fff,0x7fff,0x7fff,0x7fff,0x7fff,0x7fff,0x7fff,0x7fff,0x7fff,0x7fff,0x7fff,
	0x7fff,0x7fff,0x7fff,0x7fff,0x7fff,0x7fff,0x7fff,0x7fff,0x7fff,0x7fff,0x7fff,0x7fff,0x7fff,0x7fff,0x7fff,0x7fff,
	0x7fff,0x7fff,0x7fff,0x7fff,0x7fff,0x7fff,0x7fff,0x7fff,0x7fff,0x7fff,0x7fff,0x7fff,0x7fff,0x7fff,0x7fff,0x3def,
	0x0000,0x0000,0x56b5,0x7fff,0x7fff,0x7fff,0x7bde,0x6f7b,0x56b5,0x39ce,0x1ce7,0x0842,0x0421,0x4a52,0x7fff,0x7fff,
	0x7fff,0x6b5a,0x14a5,0x0000,0x0000,0x0842,0x2d6b,0x5294,0x6739,0x6f7b,0x6b5a,0x5294,0x2529,0x0000,0x0000,0x0000,
	0x318c,0x7bde,0x7fff,0x7fff,0x7fff,0x7fff,0x7fff,0x6b5a,0x0c63,0x0000,0x0000,0x14a5,0x4631,0x6318,0x6f7b,0x6f7b,
	0x6739,0x5294,0x318c,0x0842,0x0000,0x0000,0x0c63,0x5ef7,0x7fff,0x7fff,0x7fff,0x7fff,0x294a,0x0000,0x0421,0x6318,
	0x7fff,0x7fff,0x7fff,0x7fff,0x7fff,0x7fff,0x7fff,0x7fff,0x7fff,0x7fff,0x7fff,0x7fff,0x7fff,0x7fff,0x318c,0x0000,
	0x0000,0x5ad6,0x7fff,0x7fff,0x7fff,0x7fff,0x7fff,0x7fff,0x7bde,0x4210,0x0421,0x0000,0x0000,0x2108,0x77bd,0x7fff,
	0x6739,0x0842,0x0000,0x2108,0x7fff,0x7fff,0x7fff,0x7fff,0x7fff,0x7fff,0x7fff,0x6739,0x1ce7,0x0000,0x0000,0x0421,
	0x56b5,0x7fff,0x7fff,0x39ce,0x0000,0x0000,0x5294,0x7fff,0x7fff,0x7fff,0x7fff,0x7fff,0x7fff,0x7fff,0x4a52,0x0842,
	0x0000,0x0000,0x1ce7,0x739c,0x7fff,0x7fff,0x6739,0x5ef7,0x7fff,0x7fff,0x7fff,0x7fff,0x7fff,0x6739,0x5ef7,0x7fff,
	0x7fff,0x7fff,0x7fff,0x7fff,0x7fff,0x7fff,0x7fff,0x7fff,0x7fff,0x7fff,0x7fff,0x7fff,0x7fff,0x7fff,0x7fff,0x7fff,
	0x7fff,0x7fff,0x7fff,0x7fff,0x7fff,0x7fff,0x7fff,0x7fff,0x7fff,0x7fff,0x7fff,0x7fff,0x7fff,0x7fff,0x7fff,0x7fff,
	0x7fff,0x7fff,0x7fff,0x7fff,0x7fff,0x7fff,0x7fff,0x7fff,0x7fff,0x7fff,0x7fff,0x7fff,0x7fff,0x7fff,0x7fff,0x7fff,
	0x7fff,0x7fff,0x7fff,0x7fff,0x7fff,0x7fff,0x7fff,0x7fff,0x7fff,0x7fff,0x7fff,0x7fff,0x7fff,0x7fff,0x7fff,0x7fff,
	0x7fff,0x7fff,0x7fff,0x7fff,0x7fff,0x7fff,0x7fff,0x7fff,0x7fff,0x7fff,0x7fff,0x7fff,0x7fff,0x7fff,0x7fff,0x7fff,
	0x7fff,0x7fff,0x7fff,0x7fff,0x7fff,0x7fff,0x7fff,0x7fff,0x7fff,0x7fff,0x7fff,0x7fff,0x7fff,0x7fff,0x7fff,0x39ce,
	0x0000,0x0000,0x35ad,0x4a52,0x3def,0x2d6b,0x1ce7,0x0c63,0x0000,0x0000,0x0000,0x0000,0x0000,0x39ce,0x7fff,0x7fff,
	0x7fff,0x7fff,0x6739,0x1ce7,0x0000,0x0000,0x0000,0x0000,0x0842,0x0c63,0x0842,0x0000,0x0000,0x0000,0x0000,0x318c,
	0x77bd,0x7fff,0x7fff,0x7fff,0x7fff,0x7fff,0x7fff,0x7fff,0x4631,0x0421,0x0000,0x0000,0x0000,0x0421,0x0842,0x0c63,
	0x0842,0x0000,0x0000,0x0000,0x0000,0x14a5,0x5ad6,0x7fff,0x7fff,0x7fff,0x7fff,0x7fff,0x4210,0x0000,0x0000,0x35ad,
	0x6739,0x6b5a,0x6b5a,0x6b5a,0x6b5a,0x6b5a,0x6b5a,0x6739,0x5294,0x5ef7,0x7fff,0x7fff,0x7fff,0x7fff,0x39ce,0x0000,
	0x0000,0x5ad6,0x7fff,0x7fff,0x7fff,0x7fff,0x7fff,0x7fff,0x7fff,0x7fff,0x4631,0x0421,0x0000,0x0842,0x6739,0x7fff,
	0x6b5a,0x0c63,0x0000,0x2108,0x7fff,0x7fff,0x7fff,0x7fff,0x7fff,0x7fff,0x7fff,0x7fff,0x6b5a,0x1ce7,0x0000,0x0000,
	0x318c,0x7fff,0x7fff,0x3def,0x0000,0x0000,0x5294,0x7fff,0x7fff,0x7fff,0x7fff,0x7fff,0x7fff,0x7fff,0x7fff,0x4e73,
	0x0421,0x0000,0x0421,0x6318,0x7fff,0x6f7b,0x1084,0x0421,0x5294,0x7fff,0x7fff,0x7fff,0x6f7b,0x1084,0x0421,0x5294,
	0x7fff,0x7fff,0x7fff,0x7fff,0x7fff,0x7fff,0x7fff,0x7fff,0x7fff,0x7fff,0x7fff,0x7fff,0x7fff,0x7fff,0x7fff,0x7fff,
	0x7fff,0x7fff,0x7fff,0x7fff,0x7fff,0x7fff,0x7fff,0x7fff,0x7fff,0x7fff,0x7fff,0x7fff,0x7fff,0x7fff,0x7fff,0x7fff,
	0x7fff,0x7fff,0x7fff,0x7fff,0x7fff,0x7fff,0x7fff,0x7fff,0x7fff,0x7fff,0x7fff,0x7fff,0x7fff,0x7fff,0x7fff,0x7fff,
	0x7fff,0x7fff,0x7fff,0x7fff,0x7fff,0x7fff,0x7fff,0x7fff,0x7fff,0x7fff,0x7fff,0x7fff,0x7fff,0x7fff,0x7fff,0x7fff,
	0x7fff,0x7fff,0x7fff,0x7fff,0x7fff,0x7fff,0x7fff,0x7fff,0x7fff,0x7fff,0x7fff,0x7fff,0x7fff,0x7fff,0x7fff,0x7fff,
	0x7fff,0x7fff,0x7fff,0x7fff,0x7fff,0x7fff,0x7fff,0x7fff,0x7fff,0x7fff,0x7fff,0x7fff,0x7fff,0x7fff,0x7fff,0x3def,
	0x0000,0x0000,0x0000,0x0000,0x0000,0x0000,0x0000,0x0000,0x0000,0x0000,0x0000,0x1084,0x318c,0x6f7b,0x7fff,0x7fff,
	0x7fff,0x7fff,0x7fff,0x739c,0x3def,0x0c63,0x0000,0x0000,0x0000,0x0000,0x0000,0x0000,0x0000,0x1084,0x4631,0x7bde,
	0x7fff,0x7fff,0x7fff,0x7fff,0x7fff,0x7fff,0x7fff,0x7fff,0x7fff,0x56b5,0x1ce7,0x0421,0x0000,0x0000,0x0000,0x0000,
	0x0000,0x0000,0x0000,0x0c63,0x35ad,0x6f7b,0x7fff,0x7fff,0x7fff,0x7fff,0x7fff,0x7fff,0x6318,0x0842,0x0000,0x0000,
	0x0421,0x0842,0x0842,0x0842,0x0842,0x0842,0x0842,0x0421,0x0000,0x0842,0x6318,0x7fff,0x7fff,0x7fff,0x4631,0x0000,
	0x0842,0x6739,0x7fff,0x7fff,0x7fff,0x7fff,0x7fff,0x7fff,0x7fff,0x7fff,0x7fff,0x4631,0x0842,0x2108,0x77bd,0x7fff,
	0x739c,0x14a5,0x0000,0x318c,0x7fff,0x7fff,0x7fff,0x7fff,0x7fff,0x7fff,0x7fff,0x7fff,0x7fff,0x6b5a,0x1ce7,0x0842,
	0x5294,0x7fff,0x7fff,0x4e73,0x0000,0x0421,0x5ef7,0x7fff,0x7fff,0x7fff,0x7fff,0x7fff,0x7fff,0x7fff,0x7fff,0x7fff,
	0x4a52,0x0842,0x1ce7,0x739c,0x7fff,0x6b5a,0x0c63,0x0000,0x2108,0x7bde,0x7fff,0x7fff,0x6b5a,0x0c63,0x0000,0x2529,
	0x7fff,0x7fff,0x7fff,0x7fff,0x7fff,0x7fff,0x7fff,0x7fff,0x7fff,0x7fff,0x7fff,0x7fff,0x7fff,0x7fff,0x7fff,0x7fff,
	0x7fff,0x7fff,0x7fff,0x7fff,0x7fff,0x7fff,0x7fff,0x7fff,0x7fff,0x7fff,0x7fff,0x7fff,0x7fff,0x7fff,0x7fff,0x7fff,
	0x7fff,0x7fff,0x7fff,0x7fff,0x7fff,0x7fff,0x7fff,0x7fff,0x7fff,0x7fff,0x7fff,0x7fff,0x7fff,0x7fff,0x7fff,0x7fff,
	0x7fff,0x7fff,0x7fff,0x7fff,0x7fff,0x7fff,0x7fff,0x7fff,0x7fff,0x7fff,0x7fff,0x7fff,0x7fff,0x7fff,0x7fff,0x7fff,
	0x7fff,0x7fff,0x7fff,0x7fff,0x7fff,0x7fff,0x7fff,0x7fff,0x7fff,0x7fff,0x7fff,0x7fff,0x7fff,0x7fff,0x7fff,0x7fff,
	0x7fff,0x7fff,0x7fff,0x7fff,0x7fff,0x7fff,0x7fff,0x7fff,0x7fff,0x7fff,0x7fff,0x7fff,0x7fff,0x7fff,0x7fff,0x6318,
	0x0c63,0x0000,0x0000,0x0000,0x0000,0x0000,0x0842,0x14a5,0x2529,0x39ce,0x56b5,0x6f7b,0x7fff,0x7fff,0x7fff,0x7fff,
	0x7fff,0x7fff,0x7fff,0x7fff,0x7fff,0x6f7b,0x4e73,0x318c,0x2108,0x18c6,0x1ce7,0x2d6b,0x4e73,0x6f7b,0x7fff,0x7fff,
	0x7fff,0x7fff,0x7fff,0x7fff,0x7fff,0x7fff,0x7fff,0x7fff,0x7fff,0x7fff,0x77bd,0x5ad6,0x3def,0x294a,0x1ce7,0x18c6,
	0x2108,0x318c,0x4e73,0x6b5a,0x7fff,0x7fff,0x7fff,0x7fff,0x7fff,0x7fff,0x7fff,0x7fff,0x7fff,0x3def,0x0842,0x0000,
	0x0000,0x0000,0x0000,0x0000,0x0000,0x0000,0x0000,0x0000,0x0000,0x0421,0x5ef7,0x7fff,0x7fff,0x7fff,0x77bd,0x4a52,
	0x56b5,0x7fff,0x7fff,0x7fff,0x7fff,0x7fff,0x7fff,0x7fff,0x7fff,0x7fff,0x7fff,0x7fff,0x6739,0x739c,0x7fff,0x7fff,
	0x7fff,0x5ef7,0x4631,0x6f7b,0x7fff,0x7fff,0x7fff,0x7fff,0x7fff,0x7fff,0x7fff,0x7fff,0x7fff,0x7fff,0x739c,0x6739,
	0x7fff,0x7fff,0x7fff,0x77bd,0x4a52,0x5294,0x7fff,0x7fff,0x7fff,0x7fff,0x7fff,0x7fff,0x7fff,0x7fff,0x7fff,0x7fff,
	0x7fff,0x6b5a,0x739c,0x7fff,0x7fff,0x7fff,0x4210,0x0842,0x39ce,0x7fff,0x7fff,0x7fff,0x7fff,0x4210,0x0842,0x39ce,
	0x7fff,0x7fff,0x7fff,0x7fff,0x7fff,0x7fff,0x7fff,0x7fff,0x7fff,0x7fff,0x7fff,0x7fff,0x7fff,0x7fff,0x7fff,0x7fff,
	0x7fff,0x7fff,0x7fff,0x7fff,0x7fff,0x7fff,0x7fff,0x7fff,0x7fff,0x7fff,0x7fff,0x7fff,0x7fff,0x7fff,0x7fff,0x7fff,
	0x7fff,0x7fff,0x7fff,0x7fff,0x7fff,0x7fff,0x7fff,0x7fff,0x7fff,0x7fff,0x7fff,0x7fff,0x7fff,0x7fff,0x7fff,0x7fff,
	0x7fff,0x7fff,0x7fff,0x7fff,0x7fff,0x7fff,0x7fff,0x7fff,0x7fff,0x7fff,0x7fff,0x7fff,0x7fff,0x7fff,0x7fff,0x7fff,
	0x7fff,0x7fff,0x7fff,0x7fff,0x7fff,0x7fff,0x7fff,0x7fff,0x7fff,0x7fff,0x7fff,0x7fff,0x7fff,0x7fff,0x7fff,0x7fff,
	0x7fff,0x7fff,0x7fff,0x7fff,0x7fff,0x7fff,0x7fff,0x7fff,0x7fff,0x7fff,0x7fff,0x7fff,0x7fff,0x7fff,0x7fff,0x7fff,
	0x6739,0x4a52,0x4210,0x4631,0x5294,0x5ad6,0x6b5a,0x77bd,0x7fff,0x7fff,0x7fff,0x7fff,0x7fff,0x7fff,0x7fff,0x7fff,
	0x7fff,0x7fff,0x7fff,0x7fff,0x7fff,0x7fff,0x7fff,0x7fff,0x7bde,0x7bde,0x7bde,0x7fff,0x7fff,0x7fff,0x7fff,0x7fff,
	0x7fff,0x7fff,0x7fff,0x7fff,0x7fff,0x7fff,0x7fff,0x7fff,0x7fff,0x7fff,0x7fff,0x7fff,0x7fff,0x7fff,0x7bde,0x7bde,
	0x7fff,0x7fff,0x7fff,0x7fff,0x7fff,0x7fff,0x7fff,0x7fff,0x7fff,0x7fff,0x7fff,0x7fff,0x7fff,0x7fff,0x6318,0x4210,
	0x318c,0x2529,0x1ce7,0x1ce7,0x1ce7,0x1ce7,0x2529,0x294a,0x35ad,0x5294,0x7bde,0x7fff,0x7fff,0x7fff,0x7fff,0x7fff,
	0x7fff,0x7fff,0x7fff,0x7fff,0x7fff,0x7fff,0x7fff,0x7fff,0x7fff,0x7fff,0x7fff,0x7fff,0x7fff,0x7fff,0x7fff,0x7fff,
	0x7fff,0x7fff,0x7fff,0x7fff,0x7fff,0x7fff,0x7fff,0x7fff,0x7fff,0x7fff,0x7fff,0x7fff,0x7fff,0x7fff,0x7fff,0x7fff,
	0x7fff,0x7fff,0x7fff,0x7fff,0x7fff,0x7fff,0x7fff,0x7fff,0x7fff,0x7fff,0x7fff,0x7fff,0x7fff,0x7fff,0x7fff,0x7fff,
	0x7fff,0x7fff,0x7fff,0x7fff,0x7fff,0x7fff,0x7bde,0x6b5a,0x7bde,0x7fff,0x7fff,0x7fff,0x7fff,0x7bde,0x6b5a,0x7bde,
	0x7fff,0x7fff,0x7fff,0x7fff,0x7fff,0x7fff,0x7fff,0x7fff,0x7fff,0x7fff,0x7fff,0x7fff,0x7fff,0x7fff,0x7fff,0x7fff,
	0x7fff,0x7fff,0x7fff,0x7fff,0x7fff,0x7fff,0x7fff,0x7fff,0x7fff,0x7fff,0x7fff,0x7fff,0x7fff,0x7fff,0x7fff,0x7fff,
	0x7fff,0x7fff,0x7fff,0x7fff,0x7fff,0x7fff,0x7fff,0x7fff,0x7fff,0x7fff,0x7fff,0x7fff,0x7fff,0x7fff,0x7fff,0x7fff,
	0x7fff,0x7fff,0x7fff,0x7fff,0x7fff,0x7fff,0x7fff,0x7fff,0x7fff,0x7fff,0x7fff,0x7fff,0x7fff,0x7fff,0x7fff,0x7fff,
	0x7fff,0x7fff,0x7fff,0x7fff,0x7fff,0x7fff,0x7fff,0x7fff,0x7fff,0x7fff,0x7fff,0x7fff,0x7fff,0x7fff,0x7fff,0x7fff,
	0x7fff,0x7fff,0x7fff,0x7fff,0x7fff,0x7fff,0x7fff,0x7fff,0x7fff,0x7fff,0x7fff,0x7fff,0x7fff,0x7fff,0x7fff,0x7fff,
	0x7fff,0x7fff,0x7fff,0x7fff,0x7fff,0x7fff,0x7fff,0x7fff,0x7fff,0x7fff,0x7fff,0x7fff,0x7fff,0x7fff,0x7fff,0x7fff,
	0x7fff,0x7fff,0x7fff,0x7fff,0x7fff,0x7fff,0x7fff,0x7fff,0x7fff,0x7fff,0x7fff,0x7fff,0x7fff,0x7fff,0x7fff,0x7fff,
	0x7fff,0x7fff,0x7fff,0x7fff,0x7fff,0x7fff,0x7fff,0x7fff,0x7fff,0x7fff,0x7fff,0x7fff,0x7fff,0x7fff,0x7fff,0x7fff,
	0x7fff,0x7fff,0x7fff,0x7fff,0x7fff,0x7fff,0x7fff,0x7fff,0x7fff,0x7fff,0x7fff,0x7fff,0x7fff,0x7fff,0x7fff,0x7fff,
	0x7fff,0x7fff,0x7bde,0x7bde,0x7bde,0x7fff,0x7fff,0x7fff,0x7fff,0x7fff,0x7fff,0x7fff,0x7fff,0x7fff,0x7fff,0x7fff,
	0x7fff,0x7fff,0x7fff,0x7fff,0x7fff,0x7fff,0x7fff,0x7fff,0x7fff,0x7fff,0x7fff,0x7fff,0x7fff,0x7fff,0x7fff,0x7fff,
	0x7fff,0x7fff,0x7fff,0x7fff,0x7fff,0x7fff,0x7fff,0x7fff,0x7fff,0x7fff,0x7fff,0x7fff,0x7fff,0x7fff,0x7fff,0x7fff,
	0x7fff,0x7fff,0x7fff,0x7fff,0x7fff,0x7fff,0x7fff,0x7fff,0x7fff,0x7fff,0x7fff,0x7fff,0x7fff,0x7fff,0x7fff,0x7fff,
	0x7fff,0x7fff,0x7fff,0x7fff,0x7fff,0x7fff,0x7fff,0x7fff,0x7fff,0x7fff,0x7fff,0x7fff,0x7fff,0x7fff,0x7fff,0x7fff,
	0x7fff,0x7fff,0x7fff,0x7fff,0x7fff,0x7fff,0x7fff,0x7fff,0x7fff,0x7fff,0x7fff,0x7fff,0x7fff,0x7fff,0x7fff,0x7fff,
	0x7fff,0x7fff,0x7fff,0x7fff,0x7fff,0x7fff,0x7fff,0x7fff,0x7fff,0x7fff,0x7fff,0x7fff,0x7fff,0x7fff,0x7fff,0x7fff,
	0x7fff,0x7fff,0x7fff,0x7fff,0x7fff,0x7fff,0x7fff,0x7fff,0x7fff,0x7fff,0x7fff,0x7fff,0x7fff,0x7fff,0x7fff,0x7fff,
	0x7fff,0x7fff,0x7fff,0x7fff,0x7fff,0x7fff,0x7fff,0x7fff,0x7fff,0x7fff,0x7fff,0x7fff,0x7fff,0x7fff,0x7fff,0x7fff,
	0x7fff,0x7fff,0x7fff,0x7fff,0x7fff,0x7fff,0x7fff,0x7fff,0x7fff,0x7fff,0x7fff,0x7fff,0x7fff,0x7fff,0x7fff,0x7fff,
	0x7fff,0x7fff,0x7fff,0x7fff,0x7fff,0x7fff,0x7fff,0x7fff,0x7fff,0x7fff,0x7fff,0x7fff,0x7fff,0x7fff,0x7fff,0x7fff,
	0x7fff,0x7fff,0x7fff,0x7fff,0x7fff,0x7fff,0x7fff,0x7fff,0x7fff,0x7fff,0x7fff,0x7fff,0x7fff,0x7fff,0x7fff,0x7fff,
	0x7fff,0x7fff,0x7fff,0x7fff,0x7fff,0x7fff,0x7fff,0x7fff,0x7fff,0x7fff,0x7fff,0x7fff,0x7fff,0x7fff,0x7fff,0x7fff,
	0x7fff,0x7fff,0x7fff,0x7fff,0x7fff,0x7fff,0x7fff,0x7fff,0x7fff,0x7fff,0x7fff,0x7fff,0x7fff,0x7fff,0x7fff,0x7fff,
	0x7fff,0x7fff,0x7fff,0x7fff,0x7fff,0x7fff,0x7fff,0x7fff,0x7fff,0x7fff,0x7fff,0x7fff,0x7fff,0x7fff,0x7fff,0x7fff,
	0x7fff,0x7fff,0x7fff,0x7fff,0x7fff,0x7fff,0x7fff,0x7fff,0x7fff,0x7fff,0x7fff,0x7fff,0x7fff,0x7fff,0x7fff,0x7fff,
	0x7fff,0x7fff,0x7fff,0x7fff,0x7fff,0x7fff,0x7fff,0x7fff,0x7fff,0x7fff,0x7fff,0x7fff,0x7fff,0x7fff,0x7fff,0x7fff,
	0x7fff,0x7fff,0x7fff,0x7fff,0x7fff,0x7fff,0x7fff,0x7fff,0x7fff,0x7fff,0x7fff,0x7fff,0x7fff,0x7fff,0x7fff,0x7fff,
	0x7fff,0x7fff,0x7fff,0x7fff,0x7fff,0x7fff,0x7fff,0x7fff,0x7fff,0x7fff,0x7fff,0x7fff,0x7fff,0x7fff,0x7fff,0x7fff,
	0x7fff,0x7fff,0x7fff,0x7fff,0x7fff,0x7fff,0x7fff,0x7fff,0x7fff,0x7fff,0x7fff,0x7fff,0x7fff,0x7fff,0x7fff,0x7fff,
	0x7fff,0x7fff,0x7fff,0x7fff,0x7fff,0x7fff,0x7fff,0x7fff,0x7fff,0x7fff,0x7fff,0x7fff,0x7fff,0x7fff,0x7fff,0x7fff,
	0x7fff,0x7fff,0x7fff,0x7fff,0x7fff,0x7fff,0x7fff,0x7fff,0x7fff,0x7fff,0x7fff,0x7fff,0x7fff,0x7fff,0x7fff,0x7fff,
	0x7fff,0x7fff,0x7fff,0x7fff,0x7fff,0x7fff,0x7fff,0x7fff,0x7fff,0x7fff,0x7fff,0x7fff,0x7fff,0x7fff,0x7fff,0x7fff,
	0x7fff,0x7fff,0x7fff,0x7fff,0x7fff,0x7fff,0x7fff,0x7fff,0x7fff,0x7fff,0x7fff,0x7fff,0x7fff,0x7fff,0x7fff,0x7fff,
	0x7fff,0x7fff,0x7fff,0x7fff,0x7fff,0x7fff,0x7fff,0x7fff,0x7fff,0x7fff,0x7fff,0x7fff,0x7fff,0x7fff,0x7fff,0x7fff,
	0x7fff,0x7fff,0x7fff,0x7fff,0x7fff,0x7fff,0x7fff,0x7fff,0x7fff,0x7fff,0x7fff,0x7fff,0x7fff,0x7fff,0x7fff,0x7fff,
	0x7fff,0x7fff,0x7fff,0x7fff,0x7fff,0x7fff,0x7fff,0x7fff,0x7fff,0x7fff,0x7fff,0x7fff,0x7fff,0x7fff,0x7fff,0x7fff,
	0x7fff,0x7fff,0x7fff,0x7fff,0x7fff,0x7fff,0x7fff,0x7fff,0x7fff,0x7fff,0x7fff,0x7fff,0x7fff,0x7fff,0x7fff,0x7fff,
	0x7fff,0x7fff,0x7fff,0x7fff,0x7fff,0x7fff,0x7fff,0x7fff,0x7fff,0x7fff,0x7fff,0x7fff,0x7fff,0x7fff,0x7fff,0x7fff,
	0x7fff,0x7fff,0x7fff,0x7fff,0x7fff,0x7fff,0x7fff,0x7fff,0x7fff,0x7fff,0x7fff,0x7fff,0x7fff,0x7fff,0x7fff,0x7fff,
	0x7fff,0x7fff,0x7fff,0x7fff,0x7fff,0x7fff,0x7fff,0x7fff,0x7fff,0x7fff,0x7fff,0x7fff,0x7fff,0x7fff,0x7fff,0x7fff,
	0x7fff,0x7fff,0x7fff,0x7fff,0x7fff,0x7fff,0x7fff,0x7fff,0x7fff,0x7fff,0x7fff,0x7fff,0x7fff,0x7fff,0x7fff,0x7fff,
	0x7fff,0x7fff,0x7fff,0x7fff,0x7fff,0x7fff,0x7fff,0x7fff,0x7fff,0x7fff,0x7fff,0x7fff,0x7fff,0x7fff,0x7fff,0x7fff,
	0x7fff,0x7fff,0x7fff,0x7fff,0x7fff,0x7fff,0x7fff,0x7fff,0x7fff,0x7fff,0x7fff,0x7fff,0x7fff,0x7fff,0x7fff,0x7fff,
	0x7fff,0x7fff,0x7fff,0x7fff,0x7fff,0x7fff,0x7fff,0x7fff,0x7fff,0x7fff,0x7fff,0x7fff,0x7fff,0x7fff,0x7fff,0x7fff,
	0x7fff,0x7fff,0x7fff,0x7fff,0x7fff,0x7fff,0x7fff,0x7fff,0x7fff,0x7fff,0x7fff,0x7fff,0x7fff,0x7fff,0x7fff,0x7fff,
	0x7fff,0x7fff,0x7fff,0x7fff,0x7fff,0x7fff,0x7fff,0x7fff,0x7fff,0x7fff,0x7fff,0x7fff,0x7fff,0x7fff,0x7fff,0x7fff,
	0x7fff,0x7fff,0x7fff,0x7fff,0x7fff,0x7fff,0x7fff,0x7fff,0x7fff,0x7fff,0x7fff,0x7fff,0x7fff,0x7fff,0x7fff,0x7fff,
	0x7fff,0x7fff,0x7fff,0x7fff,0x7fff,0x7fff,0x7fff,0x7fff,0x7fff,0x7fff,0x7fff,0x7fff,0x7fff,0x7fff,0x7fff,0x7fff,
	0x7fff,0x7fff,0x7fff,0x7fff,0x7fff,0x7fff,0x7fff,0x7fff,0x7fff,0x7fff,0x7fff,0x7fff,0x7fff,0x7fff,0x7fff,0x7fff,
	0x7fff,0x7fff,0x7fff,0x7fff,0x7fff,0x7fff,0x7fff,0x7fff,0x7fff,0x7fff,0x7fff,0x7fff,0x7fff,0x7fff,0x7fff,0x7fff,
	0x7fff,0x7fff,0x7fff,0x7fff,0x7fff,0x7fff,0x7fff,0x7fff,0x7fff,0x7fff,0x7fff,0x7fff,0x7fff,0x7fff,0x7fff,0x7fff,
	0x7fff,0x7fff,0x7fff,0x7fff,0x7fff,0x7fff,0x7fff,0x7fff,0x7fff,0x7fff,0x7fff,0x7fff,0x7fff,0x7fff,0x7fff,0x7fff,
	0x7fff,0x7fff,0x7fff,0x7fff,0x7fff,0x7fff,0x7fff,0x7fff,0x7fff,0x7fff,0x7fff,0x7fff,0x7fff,0x7fff,0x7fff,0x7fff,
	0x7fff,0x7fff,0x7fff,0x7fff,0x7fff,0x7fff,0x7fff,0x7fff,0x7fff,0x7fff,0x7fff,0x7fff,0x7fff,0x7fff,0x7fff,0x7fff,
	0x7fff,0x7fff,0x7fff,0x7fff,0x7fff,0x7fff,0x7fff,0x7fff,0x7fff,0x7fff,0x7fff,0x7fff,0x7fff,0x7fff,0x7fff,0x7fff,
	0x7fff,0x7fff,0x7fff,0x7fff,0x7fff,0x7fff,0x7fff,0x7fff,0x7fff,0x7fff,0x7fff,0x7fff,0x7fff,0x7fff,0x7fff,0x7fff,
	0x7fff,0x7fff,0x7fff,0x7fff,0x7fff,0x7fff,0x7fff,0x7fff,0x7fff,0x7fff,0x7fff,0x7fff,0x7fff,0x7fff,0x7fff,0x7fff,
	0x7fff,0x7fff,0x7fff,0x7fff,0x7fff,0x7fff,0x7fff,0x7fff,0x7fff,0x7fff,0x7fff,0x7fff,0x7fff,0x7fff,0x7fff,0x7fff,
	0x7fff,0x7fff,0x7fff,0x7fff,0x7fff,0x7fff,0x7fff,0x7fff,0x7fff,0x7fff,0x7fff,0x7fff,0x7fff,0x7fff,0x7fff,0x7fff,
	0x7fff,0x7fff,0x7fff,0x7fff,0x7fff,0x7fff,0x7fff,0x7fff,0x7fff,0x7fff,0x7fff,0x7fff,0x7fff,0x7fff,0x7fff,0x7fff,
	0x7fff,0x7fff,0x7fff,0x7fff,0x7fff,0x7fff,0x7fff,0x7fff,0x7fff,0x7fff,0x7fff,0x7fff,0x7fff,0x7fff,0x7fff,0x7fff,
	0x7fff,0x7fff,0x7fff,0x7fff,0x7fff,0x7fff,0x7fff,0x7fff,0x7fff,0x7fff,0x7fff,0x7fff,0x7fff,0x7fff,0x7fff,0x7fff,
	0x7fff,0x7fff,0x7fff,0x7fff,0x7fff,0x7fff,0x7fff,0x7fff,0x7fff,0x7fff,0x7fff,0x7fff,0x7fff,0x7fff,0x7fff,0x7fff,
	0x7fff,0x7fff,0x7fff,0x7fff,0x7fff,0x7fff,0x7fff,0x7fff,0x7fff,0x7fff,0x7fff,0x7fff,0x7fff,0x7fff,0x7fff,0x7fff,
	0x7fff,0x7fff,0x7fff,0x7fff,0x7fff,0x7fff,0x7fff,0x7fff,0x7fff,0x7fff,0x7fff,0x7fff,0x7fff,0x7fff,0x7fff,0x7fff,
	0x7fff,0x7fff,0x7fff,0x7fff,0x7fff,0x7fff,0x7fff,0x7fff,0x7fff,0x7fff,0x7fff,0x7fff,0x7fff,0x7fff,0x7fff,0x7fff,
	0x7fff,0x7fff,0x7fff,0x7fff,0x7fff,0x7fff,0x7fff,0x7fff,0x7fff,0x7fff,0x7fff,0x7fff,0x7fff,0x7fff,0x7fff,0x7fff,
	0x7fff,0x7fff,0x7fff,0x7fff,0x7fff,0x7fff,0x7fff,0x7fff,0x7fff,0x7fff,0x7fff,0x7fff,0x7fff,0x7fff,0x7fff,0x7fff,
	0x7fff,0x7fff,0x7fff,0x7fff,0x7fff,0x7fff,0x7fff,0x7fff,0x7fff,0x7fff,0x7fff,0x7fff,0x7fff,0x7fff,0x7fff,0x7fff,
	0x7fff,0x7fff,0x7fff,0x7fff,0x7fff,0x7fff,0x7fff,0x7fff,0x7fff,0x7fff,0x7fff,0x7fff,0x7fff,0x7fff,0x7fff,0x7fff,
	0x7fff,0x7fff,0x7fff,0x7fff,0x7fff,0x7fff,0x7fff,0x7fff,0x7fff,0x7fff,0x7fff,0x7fff,0x7fff,0x7fff,0x7fff,0x7fff,
	0x7fff,0x7fff,0x7fff,0x7fff,0x7fff,0x7fff,0x7fff,0x7fff,0x7fff,0x7fff,0x7fff,0x7fff,0x7fff,0x7fff,0x7fff,0x7fff,
	0x7fff,0x7fff,0x7fff,0x7fff,0x7fff,0x7fff,0x7fff,0x7fff,0x7fff,0x7fff,0x7fff,0x7fff,0x7fff,0x7fff,0x7fff,0x7fff,
	0x7fff,0x7fff,0x7fff,0x7fff,0x7fff,0x7fff,0x7fff,0x7fff,0x7fff,0x7fff,0x7fff,0x7fff,0x7fff,0x7fff,0x7fff,0x7fff,
	0x7fff,0x7fff,0x7fff,0x7fff,0x7fff,0x7fff,0x7fff,0x7fff,0x7fff,0x7fff,0x7fff,0x7fff,0x7fff,0x7fff,0x7fff,0x7fff,
	0x7fff,0x7fff,0x7fff,0x7fff,0x7fff,0x7fff,0x7fff,0x7fff,0x7fff,0x7fff,0x7fff,0x7fff,0x7fff,0x7fff,0x7fff,0x7fff,
	0x7fff,0x7fff,0x7fff,0x7fff,0x7fff,0x7fff,0x7fff,0x7fff,0x7fff,0x7fff,0x7fff,0x7fff,0x7fff,0x7fff,0x7fff,0x7fff,
	0x7fff,0x7fff,0x7fff,0x7fff,0x7fff,0x7fff,0x7fff,0x7fff,0x7fff,0x7fff,0x7fff,0x7fff,0x7fff,0x7fff,0x7fff,0x7fff,
	0x7fff,0x7fff,0x7fff,0x7fff,0x7fff,0x7fff,0x7fff,0x7fff,0x7fff,0x7fff,0x7fff,0x7fff,0x7fff,0x7fff,0x7fff,0x7fff,
	0x7fff,0x7fff,0x7fff,0x7fff,0x7fff,0x7fff,0x7fff,0x7fff,0x7fff,0x7fff,0x7fff,0x7fff,0x7fff,0x7fff,0x7fff,0x7fff,
	0x7fff,0x7fff,0x7fff,0x7fff,0x7fff,0x7fff,0x7fff,0x7fff,0x7fff,0x7fff,0x7fff,0x7fff,0x7fff,0x7fff,0x7fff,0x7fff,
	0x7fff,0x7fff,0x7fff,0x7fff,0x7fff,0x7fff,0x7fff,0x7fff,0x7fff,0x7fff,0x7fff,0x7fff,0x7fff,0x7fff,0x7fff,0x7fff,
	0x7fff,0x7fff,0x7fff,0x7fff,0x7fff,0x7fff,0x7fff,0x7fff,0x7fff,0x7fff,0x7fff,0x7fff,0x7fff,0x7fff,0x7fff,0x7fff,
	0x7fff,0x7fff,0x7fff,0x7fff,0x7fff,0x7fff,0x7fff,0x7fff,0x7fff,0x7fff,0x7fff,0x7fff,0x7fff,0x7fff,0x7fff,0x7fff,
	0x7fff,0x7fff,0x7fff,0x7fff,0x7fff,0x7fff,0x7fff,0x7fff,0x7fff,0x7fff,0x7fff,0x7fff,0x7fff,0x7fff,0x7fff,0x7fff,
	0x7fff,0x7fff,0x7fff,0x7fff,0x7fff,0x7fff,0x7fff,0x7fff,0x7fff,0x7fff,0x7fff,0x7fff,0x7fff,0x7fff,0x7fff,0x7fff,
	0x7fff,0x7fff,0x7fff,0x7fff,0x7fff,0x7fff,0x7fff,0x7fff,0x7fff,0x7fff,0x7fff,0x7fff,0x7fff,0x7fff,0x7fff,0x7fff,
	0x7fff,0x7fff,0x7fff,0x7fff,0x7fff,0x7fff,0x7fff,0x7fff,0x7fff,0x7fff,0x7fff,0x7fff,0x7fff,0x7fff,0x7fff,0x7fff,
	0x7fff,0x7fff,0x7fff,0x7fff,0x7fff,0x7fff,0x7fff,0x7fff,0x7fff,0x7fff,0x7fff,0x7fff,0x7fff,0x7fff,0x7fff,0x7fff,
	0x7fff,0x7fff,0x7fff,0x7fff,0x7fff,0x7fff,0x7fff,0x7fff,0x7fff,0x7fff,0x7fff,0x7fff,0x7fff,0x7fff,0x7fff,0x7fff,
	0x7fff,0x7fff,0x7fff,0x7fff,0x7fff,0x7fff,0x7fff,0x7fff,0x7fff,0x7fff,0x7fff,0x7fff,0x7fff,0x7fff,0x7fff,0x7fff,
	0x7fff,0x7fff,0x7fff,0x7fff,0x7fff,0x7fff,0x7fff,0x7fff,0x7fff,0x7fff,0x7fff,0x7fff,0x7fff,0x7fff,0x7fff,0x7fff,
	0x7fff,0x7fff,0x7fff,0x7fff,0x7fff,0x7fff,0x7fff,0x7fff,0x7fff,0x7fff,0x7fff,0x7fff,0x7fff,0x7fff,0x7fff,0x7fff,
	0x7fff,0x7fff,0x7fff,0x7fff,0x7fff,0x7fff,0x7fff,0x7fff,0x7fff,0x7fff,0x7fff,0x7fff,0x7fff,0x7fff,0x7fff,0x7fff,
	0x7fff,0x7fff,0x7fff,0x7fff,0x7fff,0x7fff,0x7fff,0x7fff,0x7fff,0x7fff,0x7fff,0x7fff,0x7fff,0x7fff,0x7fff,0x7fff,
	0x7fff,0x7fff,0x7fff,0x7fff,0x7fff,0x7fff,0x7fff,0x7fff,0x7fff,0x7fff,0x7fff,0x7fff,0x7fff,0x7fff,0x7fff,0x7fff,
	0x7fff,0x7fff,0x7fff,0x7fff,0x7fff,0x7fff,0x7fff,0x7fff,0x7fff,0x7fff,0x7fff,0x7fff,0x7fff,0x7fff,0x7fff,0x7fff,
	0x7fff,0x7fff,0x7fff,0x7fff,0x7fff,0x7fff,0x7fff,0x7fff,0x7fff,0x7fff,0x7fff,0x7fff,0x7fff,0x7fff,0x7fff,0x7fff,
	0x7fff,0x7fff,0x7fff,0x7fff,0x7fff,0x7fff,0x7fff,0x7fff,0x7fff,0x7fff,0x7fff,0x7fff,0x7fff,0x7fff,0x7fff,0x7fff,
	0x7fff,0x7fff,0x7fff,0x7fff,0x7fff,0x7fff,0x7fff,0x7fff,0x7fff,0x7fff,0x7fff,0x7fff,0x7fff,0x7fff,0x7fff,0x7fff,
	0x7fff,0x7fff,0x7fff,0x7fff,0x7fff,0x7fff,0x7fff,0x7fff,0x7fff,0x7fff,0x7fff,0x7fff,0x7fff,0x7fff,0x7fff,0x7fff,
	0x7fff,0x7fff,0x7fff,0x7fff,0x7fff,0x7fff,0x7fff,0x7fff,0x7fff,0x7fff,0x7fff,0x7fff,0x7fff,0x7fff,0x7fff,0x7fff,
	0x7fff,0x7fff,0x7fff,0x7fff,0x7fff,0x7fff,0x7fff,0x7fff,0x7fff,0x7fff,0x7fff,0x7fff,0x7fff,0x7fff,0x7fff,0x7fff,
	0x7fff,0x7fff,0x7fff,0x7fff,0x7fff,0x7fff,0x7fff,0x7fff,0x7fff,0x7fff,0x7fff,0x7fff,0x7fff,0x7fff,0x7fff,0x7fff,
	0x7fff,0x7fff,0x7fff,0x7fff,0x7fff,0x7fff,0x7fff,0x7fff,0x7fff,0x7fff,0x7fff,0x7fff,0x7fff,0x7fff,0x7fff,0x7fff,
	0x7fff,0x7fff,0x7fff,0x7fff,0x7fff,0x7fff,0x7fff,0x7fff,0x7fff,0x7fff,0x7fff,0x7fff,0x7fff,0x7fff,0x7fff,0x7fff,
	0x7fff,0x7fff,0x7fff,0x7fff,0x7fff,0x7fff,0x7fff,0x7fff,0x7fff,0x7fff,0x7fff,0x7fff,0x7fff,0x7fff,0x7fff,0x7fff,
	0x7fff,0x7fff,0x7fff,0x7fff,0x7fff,0x7fff,0x7fff,0x7fff,0x7fff,0x7fff,0x7fff,0x7fff,0x7fff,0x7fff,0x7fff,0x7fff,
	0x7fff,0x7fff,0x7fff,0x7fff,0x7fff,0x7fff,0x7fff,0x7fff,0x7fff,0x7fff,0x7fff,0x7fff,0x7fff,0x7fff,0x7fff,0x7fff,
	0x7fff,0x7fff,0x7fff,0x7fff,0x7fff,0x7fff,0x7fff,0x7fff,0x7fff,0x7fff,0x7fff,0x7fff,0x7fff,0x7fff,0x7fff,0x7fff,
	0x7fff,0x7fff,0x7fff,0x7fff,0x7fff,0x7fff,0x7fff,0x7fff,0x7fff,0x7fff,0x7fff,0x7fff,0x7fff,0x7fff,0x7fff,0x7fff,
	0x7fff,0x7fff,0x7fff,0x7fff,0x7fff,0x7fff,0x7fff,0x7fff,0x7fff,0x7fff,0x7fff,0x7fff,0x7fff,0x7fff,0x7fff,0x7fff,
	0x7fff,0x7fff,0x7fff,0x7fff,0x7fff,0x7fff,0x7fff,0x7fff,0x7fff,0x7fff,0x7fff,0x7fff,0x7fff,0x7fff,0x7fff,0x7fff,
	0x7fff,0x7fff,0x7fff,0x7fff,0x7fff,0x7fff,0x7fff,0x7fff,0x7fff,0x7fff,0x7fff,0x7fff,0x7fff,0x7fff,0x7fff,0x7fff,
	0x7fff,0x7fff,0x7fff,0x7fff,0x7fff,0x7fff,0x7fff,0x7fff,0x7fff,0x7fff,0x7fff,0x7fff,0x7fff,0x7fff,0x7fff,0x7fff,
	0x7fff,0x7fff,0x7fff,0x7fff,0x7fff,0x7fff,0x7fff,0x7fff,0x7fff,0x7fff,0x7fff,0x7fff,0x7fff,0x7fff,0x7fff,0x7fff,
	0x7fff,0x7fff,0x7fff,0x7fff,0x7fff,0x7fff,0x7fff,0x7fff,0x7fff,0x7fff,0x7fff,0x7fff,0x7fff,0x7fff,0x7fff,0x7fff,
	0x7fff,0x7fff,0x7fff,0x7fff,0x7fff,0x7fff,0x7fff,0x7fff,0x7fff,0x7fff,0x7fff,0x7fff,0x7fff,0x7fff,0x7fff,0x7fff,
	0x7fff,0x7fff,0x7fff,0x7fff,0x7fff,0x7fff,0x7fff,0x7fff,0x7fff,0x7fff,0x7fff,0x7fff,0x7fff,0x7fff,0x7fff,0x7fff,
	0x7fff,0x7fff,0x7fff,0x7fff,0x7fff,0x7fff,0x7fff,0x7fff,0x7fff,0x7fff,0x7fff,0x7fff,0x7fff,0x7fff,0x7fff,0x7fff,
	0x7fff,0x7fff,0x7fff,0x7fff,0x7fff,0x7fff,0x7fff,0x7fff,0x7fff,0x7fff,0x7fff,0x7fff,0x7fff,0x7fff,0x7fff,0x7fff,
	0x7fff,0x7fff,0x7fff,0x7fff,0x7fff,0x7fff,0x7fff,0x7fff,0x7fff,0x7fff,0x7fff,0x7fff,0x7fff,0x7fff,0x7fff,0x7fff,
	0x7fff,0x7fff,0x7fff,0x7fff,0x7fff,0x7fff,0x7fff,0x7fff,0x7fff,0x7fff,0x7fff,0x7fff,0x7fff,0x7fff,0x7fff,0x7fff,
	0x7fff,0x7fff,0x7fff,0x7fff,0x7fff,0x7fff,0x7fff,0x7fff,0x7fff,0x7fff,0x7fff,0x7fff,0x7fff,0x7fff,0x7fff,0x7fff,
	0x7fff,0x7fff,0x7fff,0x7fff,0x7fff,0x7fff,0x7fff,0x7fff,0x7fff,0x7fff,0x7fff,0x7fff,0x7fff,0x7fff,0x7fff,0x7fff,
	0x7fff,0x7fff,0x7fff,0x7fff,0x7fff,0x7fff,0x7fff,0x7fff,0x7fff,0x7fff,0x7fff,0x7fff,0x7fff,0x7fff,0x7fff,0x7fff,
	0x7fff,0x7fff,0x7fff,0x7fff,0x7fff,0x7fff,0x7fff,0x7fff,0x7fff,0x7fff,0x7fff,0x7fff,0x7fff,0x7fff,0x7fff,0x7fff,
	0x7fff,0x7fff,0x7fff,0x7fff,0x7fff,0x7fff,0x7fff,0x7fff,0x7fff,0x7fff,0x7fff,0x7fff,0x7fff,0x7fff,0x7fff,0x7fff,
	0x7fff,0x7fff,0x7fff,0x7fff,0x7fff,0x7fff,0x7fff,0x7fff,0x7fff,0x7fff,0x7fff,0x7fff,0x7fff,0x7fff,0x7fff,0x7fff,
	0x7fff,0x7fff,0x7fff,0x7fff,0x7fff,0x7fff,0x7fff,0x7fff,0x7fff,0x7fff,0x7fff,0x7fff,0x7fff,0x7fff,0x7fff,0x7fff,
	0x7fff,0x7fff,0x7fff,0x7fff,0x7fff,0x7fff,0x7fff,0x7fff,0x7fff,0x7fff,0x7fff,0x7fff,0x7fff,0x7fff,0x7fff,0x7fff,
	0x7fff,0x7fff,0x7fff,0x7fff,0x7fff,0x7fff,0x7fff,0x7fff,0x7fff,0x7fff,0x7fff,0x7fff,0x7fff,0x7fff,0x7fff,0x7fff,
	0x7fff,0x7fff,0x7fff,0x7fff,0x7fff,0x7fff,0x7fff,0x7fff,0x7fff,0x7fff,0x7fff,0x7fff,0x7fff,0x7fff,0x7fff,0x7fff,
	0x7fff,0x7fff,0x7fff,0x7fff,0x7fff,0x7fff,0x7fff,0x7fff,0x7fff,0x7fff,0x7fff,0x7fff,0x7fff,0x7fff,0x7fff,0x7fff,
	0x7fff,0x7fff,0x7fff,0x7fff,0x7fff,0x7fff,0x7fff,0x7fff,0x7fff,0x7fff,0x7fff,0x7fff,0x7fff,0x7fff,0x7fff,0x7fff,
	0x7fff,0x7fff,0x7fff,0x7fff,0x7fff,0x7fff,0x7fff,0x7fff,0x7fff,0x7fff,0x7fff,0x7fff,0x7fff,0x7fff,0x7fff,0x7fff,
	0x7fff,0x7fff,0x7fff,0x7fff,0x7fff,0x7fff,0x7fff,0x7fff,0x7fff,0x7fff,0x7fff,0x7fff,0x7fff,0x7fff,0x7fff,0x7fff,
	0x7fff,0x7fff,0x7fff,0x7fff,0x7fff,0x7fff,0x7fff,0x7fff,0x7fff,0x7fff,0x7fff,0x7fff,0x7fff,0x7fff,0x7fff,0x7fff,
	0x7fff,0x7fff,0x7fff,0x7fff,0x7fff,0x7fff,0x7fff,0x7fff,0x7fff,0x7fff,0x7fff,0x7fff,0x7fff,0x7fff,0x7fff,0x7fff,
	0x7fff,0x7fff,0x7fff,0x7fff,0x7fff,0x7fff,0x7fff,0x7fff,0x7fff,0x7fff,0x7fff,0x7fff,0x7fff,0x7fff,0x7fff,0x7fff,
	0x7fff,0x7fff,0x7fff,0x7fff,0x7fff,0x7fff,0x7fff,0x7fff,0x7fff,0x7fff,0x7fff,0x7fff,0x7fff,0x7fff,0x7fff,0x7fff,
	0x7fff,0x7fff,0x7fff,0x7fff,0x7fff,0x7fff,0x7fff,0x7fff,0x7fff,0x7fff,0x7fff,0x7fff,0x7fff,0x7fff,0x7fff,0x7fff,
	0x7fff,0x7fff,0x7fff,0x7fff,0x7fff,0x7fff,0x7fff,0x7fff,0x7fff,0x7fff,0x7fff,0x7fff,0x7fff,0x7fff,0x7fff,0x7fff,
	0x7fff,0x7fff,0x7fff,0x7fff,0x7fff,0x7fff,0x7fff,0x7fff,0x7fff,0x7fff,0x7fff,0x7fff,0x7fff,0x7fff,0x7fff,0x7fff,
	0x7fff,0x7fff,0x7fff,0x7fff,0x7fff,0x7fff,0x7fff,0x7fff,0x7fff,0x7fff,0x7fff,0x7fff,0x7fff,0x7fff,0x7fff,0x7fff,
	0x7fff,0x7fff,0x7fff,0x7fff,0x7fff,0x7fff,0x7fff,0x7fff,0x7fff,0x7fff,0x7fff,0x7fff,0x7fff,0x7fff,0x7fff,0x7fff,
	0x7fff,0x7fff,0x7fff,0x7fff,0x7fff,0x7fff,0x7fff,0x7fff,0x7fff,0x7fff,0x7fff,0x7fff,0x7fff,0x7fff,0x7fff,0x7fff,
	0x7fff,0x7fff,0x7fff,0x7fff,0x7fff,0x7fff,0x7fff,0x7fff,0x7fff,0x7fff,0x7fff,0x7fff,0x7fff,0x7fff,0x7fff,0x7fff,
	0x7fff,0x7fff,0x7fff,0x7fff,0x7fff,0x7fff,0x7fff,0x7fff,0x7fff,0x7fff,0x7fff,0x7fff,0x7fff,0x7fff,0x7fff,0x7fff,
	0x7fff,0x7fff,0x7fff,0x7fff,0x7fff,0x7fff,0x7fff,0x7fff,0x7fff,0x7fff,0x7fff,0x7fff,0x7fff,0x7fff,0x7fff,0x7fff,
	0x7fff,0x7fff,0x7fff,0x7fff,0x7fff,0x7fff,0x7fff,0x7fff,0x7fff,0x7fff,0x7fff,0x7fff,0x7fff,0x7fff,0x7fff,0x7fff,
	0x7fff,0x7fff,0x7fff,0x7fff,0x7fff,0x7fff,0x7fff,0x7fff,0x7fff,0x7fff,0x7fff,0x7fff,0x7fff,0x7fff,0x7fff,0x7fff,
	0x7fff,0x7fff,0x7fff,0x7fff,0x7fff,0x7fff,0x7fff,0x7fff,0x7fff,0x7fff,0x7fff,0x7fff,0x7fff,0x7fff,0x7fff,0x7fff,
	0x7fff,0x7fff,0x7fff,0x7fff,0x7fff,0x7fff,0x7fff,0x7fff,0x7fff,0x7fff,0x7fff,0x7fff,0x7fff,0x7fff,0x7fff,0x7fff,
	0x7fff,0x7fff,0x7fff,0x7fff,0x7fff,0x7fff,0x7fff,0x7fff,0x7fff,0x7fff,0x7fff,0x7fff,0x7fff,0x7fff,0x7fff,0x7fff,
	0x7fff,0x7fff,0x7fff,0x7fff,0x7fff,0x7fff,0x7fff,0x7fff,0x7fff,0x7fff,0x7fff,0x7fff,0x7fff,0x7fff,0x7fff,0x7fff,
	0x7fff,0x7fff,0x7fff,0x7fff,0x7fff,0x7fff,0x7fff,0x7fff,0x7fff,0x7fff,0x7fff,0x7fff,0x7fff,0x7fff,0x7fff,0x7fff,
	0x7fff,0x7fff,0x7fff,0x7fff,0x7fff,0x7fff,0x7fff,0x7fff,0x7fff,0x7fff,0x7fff,0x7fff,0x7fff,0x7fff,0x7fff,0x7fff,
	0x7fff,0x7fff,0x7fff,0x7fff,0x7fff,0x7fff,0x7fff,0x7fff,0x7fff,0x7fff,0x7fff,0x7fff,0x7fff,0x7fff,0x7fff,0x7fff,
	0x7fff,0x7fff,0x7fff,0x7fff,0x7fff,0x7fff,0x7fff,0x7fff,0x7fff,0x7fff,0x7fff,0x7fff,0x7fff,0x7fff,0x7fff,0x7fff,
	0x7fff,0x7fff,0x7fff,0x7fff,0x7fff,0x7fff,0x7fff,0x7fff,0x7fff,0x7fff,0x7fff,0x7fff,0x7fff,0x7fff,0x7fff,0x7fff,
	0x7fff,0x7fff,0x7fff,0x7fff,0x7fff,0x7fff,0x7fff,0x7fff,0x7fff,0x7fff,0x7fff,0x7fff,0x7fff,0x7fff,0x7fff,0x7fff,
	0x7fff,0x7fff,0x7fff,0x7fff,0x7fff,0x7fff,0x7fff,0x7fff,0x7fff,0x7fff,0x7fff,0x7fff,0x7fff,0x7fff,0x7fff,0x7fff,
	0x7fff,0x7fff,0x7fff,0x7fff,0x7fff,0x7fff,0x7fff,0x7fff,0x7fff,0x7fff,0x7fff,0x7fff,0x7fff,0x7fff,0x7fff,0x7fff,
	0x7fff,0x7fff,0x7fff,0x7fff,0x7fff,0x7fff,0x7fff,0x7fff,0x7fff,0x7fff,0x7fff,0x7fff,0x7fff,0x7fff,0x7fff,0x7fff,
	0x7fff,0x7fff,0x7fff,0x7fff,0x7fff,0x7fff,0x7fff,0x7fff,0x7fff,0x7fff,0x7fff,0x7fff,0x7fff,0x7fff,0x7fff,0x7fff,
	0x7fff,0x7fff,0x7fff,0x7fff,0x7fff,0x7fff,0x7fff,0x7fff,0x7fff,0x7fff,0x7fff,0x7fff,0x7fff,0x7fff,0x7fff,0x7fff,
	0x7fff,0x7fff,0x7fff,0x7fff,0x7fff,0x7fff,0x7fff,0x7fff,0x7fff,0x7fff,0x7fff,0x7fff,0x7fff,0x7fff,0x7fff,0x7fff,
	0x7fff,0x7fff,0x7fff,0x7fff,0x7fff,0x7fff,0x7fff,0x7fff,0x7fff,0x7fff,0x7fff,0x7fff,0x7fff,0x7fff,0x7fff,0x7fff,
	0x7fff,0x7fff,0x7fff,0x7fff,0x7fff,0x7fff,0x7fff,0x7fff,0x7fff,0x7fff,0x7fff,0x7fff,0x7fff,0x7fff,0x7fff,0x7fff,
	0x7fff,0x7fff,0x7fff,0x7fff,0x7fff,0x7fff,0x7fff,0x7fff,0x7fff,0x7fff,0x7fff,0x7fff,0x7fff,0x7fff,0x7fff,0x7fff,
	0x7fff,0x7fff,0x7fff,0x7fff,0x7fff,0x7fff,0x7fff,0x7fff,0x7fff,0x7fff,0x7fff,0x7fff,0x7fff,0x7fff,0x7fff,0x7fff,
	0x7fff,0x7fff,0x7fff,0x7fff,0x7fff,0x7fff,0x7fff,0x7fff,0x7fff,0x7fff,0x7fff,0x7fff,0x7fff,0x7fff,0x7fff,0x7fff,
	0x7fff,0x7fff,0x7fff,0x7fff,0x7fff,0x7fff,0x7fff,0x7fff,0x7fff,0x7fff,0x7fff,0x7fff,0x7fff,0x7fff,0x7fff,0x7fff,
	0x7fff,0x7fff,0x7fff,0x7fff,0x7fff,0x7fff,0x7fff,0x7fff,0x7fff,0x7fff,0x7fff,0x7fff,0x7fff,0x7fff,0x7fff,0x7fff,
	0x7fff,0x7fff,0x7fff,0x7fff,0x7fff,0x7fff,0x7fff,0x7fff,0x7fff,0x7fff,0x7fff,0x7fff,0x7fff,0x7fff,0x7fff,0x7fff,
	0x7fff,0x7fff,0x7fff,0x7fff,0x7fff,0x7fff,0x7fff,0x7fff,0x7fff,0x7fff,0x7fff,0x7fff,0x7fff,0x7fff,0x7fff,0x7fff,
	0x7fff,0x7fff,0x7fff,0x7fff,0x7fff,0x7fff,0x7fff,0x7fff,0x7fff,0x7fff,0x7fff,0x7fff,0x7fff,0x7fff,0x7fff,0x7fff,
	0x7fff,0x7fff,0x7fff,0x7fff,0x7fff,0x7fff,0x7fff,0x7fff,0x7fff,0x7fff,0x7fff,0x7fff,0x7fff,0x7fff,0x7fff,0x7fff,
	0x7fff,0x7fff,0x7fff,0x7fff,0x7fff,0x7fff,0x7fff,0x7fff,0x7fff,0x7fff,0x7fff,0x7fff,0x7fff,0x7fff,0x7fff,0x7fff,
	0x7fff,0x7fff,0x7fff,0x7fff,0x7fff,0x7fff,0x7fff,0x7fff,0x7fff,0x7fff,0x7fff,0x7fff,0x7fff,0x7fff,0x7fff,0x7fff,
	0x7fff,0x7fff,0x7fff,0x7fff,0x7fff,0x7fff,0x7fff,0x7fff,0x7fff,0x7fff,0x7fff,0x7fff,0x7fff,0x7fff,0x7fff,0x7fff,
	0x7fff,0x7fff,0x7fff,0x7fff,0x7fff,0x7fff,0x7fff,0x7fff,0x7fff,0x7fff,0x7fff,0x7fff,0x7fff,0x7fff,0x7fff,0x7fff,
	0x7fff,0x7fff,0x7fff,0x7fff,0x7fff,0x7fff,0x7fff,0x7fff,0x7fff,0x7fff,0x7fff,0x7fff,0x7fff,0x7fff,0x7fff,0x7fff,
	0x7fff,0x7fff,0x7fff,0x7fff,0x7fff,0x7fff,0x7fff,0x7fff,0x7fff,0x7fff,0x7fff,0x7fff,0x7fff,0x7fff,0x7fff,0x7fff,
	0x7fff,0x7fff,0x7fff,0x7fff,0x7fff,0x7fff,0x7fff,0x7fff,0x7fff,0x7fff,0x7fff,0x7fff,0x7fff,0x7fff,0x7fff,0x7fff,
	0x7fff,0x7fff,0x7fff,0x7fff,0x7fff,0x7fff,0x7fff,0x7fff,0x7fff,0x7fff,0x7fff,0x7fff,0x7fff,0x7fff,0x7fff,0x7fff,
	0x7fff,0x7fff,0x7fff,0x7fff,0x7fff,0x7fff,0x7fff,0x7fff,0x7fff,0x7fff,0x7fff,0x7fff,0x7fff,0x7fff,0x7fff,0x7fff,
	0x7fff,0x7fff,0x7fff,0x7fff,0x7fff,0x7fff,0x7fff,0x7fff,0x7fff,0x7fff,0x7fff,0x7fff,0x7fff,0x7fff,0x7fff,0x7fff,
	0x7fff,0x7fff,0x7fff,0x7fff,0x7fff,0x7fff,0x7fff,0x7fff,0x7fff,0x7fff,0x7fff,0x7fff,0x7fff,0x7fff,0x7fff,0x7fff,
	0x7fff,0x7fff,0x7fff,0x7fff,0x7fff,0x7fff,0x7fff,0x7fff,0x7fff,0x7fff,0x7fff,0x7fff,0x7fff,0x7fff,0x7fff,0x7fff,
	0x7fff,0x7fff,0x7fff,0x7fff,0x7fff,0x7fff,0x7fff,0x7fff,0x7fff,0x7fff,0x7fff,0x7fff,0x7fff,0x7fff,0x7fff,0x7fff,
	0x7fff,0x7fff,0x7fff,0x7fff,0x7fff,0x7fff,0x7fff,0x7fff,0x7fff,0x7fff,0x7fff,0x7fff,0x7fff,0x7fff,0x7fff,0x7fff,
	0x7fff,0x7fff,0x7fff,0x7fff,0x7fff,0x7fff,0x7fff,0x7fff,0x7fff,0x7fff,0x7fff,0x7fff,0x7fff,0x7fff,0x7fff,0x7fff,
	0x7fff,0x7fff,0x7fff,0x7fff,0x7fff,0x7fff,0x7fff,0x7fff,0x7fff,0x7fff,0x7fff,0x7fff,0x7fff,0x7fff,0x7fff,0x7fff,
	0x7fff,0x7fff,0x7fff,0x7fff,0x7fff,0x7fff,0x7fff,0x7fff,0x7fff,0x7fff,0x7fff,0x7fff,0x7fff,0x7fff,0x7fff,0x7fff,
	0x7fff,0x7fff,0x7fff,0x7fff,0x7fff,0x7fff,0x7fff,0x7fff,0x7fff,0x7fff,0x7fff,0x7fff,0x7fff,0x7fff,0x7fff,0x7fff,
	0x7fff,0x7fff,0x7fff,0x7fff,0x7fff,0x7fff,0x7fff,0x7fff,0x7fff,0x7fff,0x7fff,0x7fff,0x7fff,0x7fff,0x7fff,0x7fff,
	0x7fff,0x7fff,0x7fff,0x7fff,0x7fff,0x7fff,0x7fff,0x7fff,0x7fff,0x7fff,0x7fff,0x7fff,0x7fff,0x7fff,0x7fff,0x7fff,
	0x7fff,0x7fff,0x7fff,0x7fff,0x7fff,0x7fff,0x7fff,0x7fff,0x7fff,0x7fff,0x7fff,0x7fff,0x7fff,0x7fff,0x7fff,0x7fff,
	0x7fff,0x7fff,0x7fff,0x7fff,0x7fff,0x7fff,0x7fff,0x7fff,0x7fff,0x7fff,0x7fff,0x7fff,0x7fff,0x7fff,0x7fff,0x7fff,
	0x7fff,0x7fff,0x7fff,0x7fff,0x7fff,0x7fff,0x7fff,0x7fff,0x7fff,0x7fff,0x7fff,0x7fff,0x7fff,0x7fff,0x7fff,0x7fff,
	0x7fff,0x7fff,0x7fff,0x7fff,0x7fff,0x7fff,0x7fff,0x7fff,0x7fff,0x7fff,0x7fff,0x7fff,0x7fff,0x7fff,0x7fff,0x7fff,
	0x7fff,0x7fff,0x7fff,0x7fff,0x7fff,0x7fff,0x7fff,0x7fff,0x7fff,0x7fff,0x7fff,0x7fff,0x7fff,0x7fff,0x7fff,0x7fff,
	0x7fff,0x7fff,0x7fff,0x7fff,0x7fff,0x7fff,0x7fff,0x7fff,0x7fff,0x7fff,0x7fff,0x7fff,0x7fff,0x7fff,0x7fff,0x7fff,
	0x7fff,0x7fff,0x7fff,0x7fff,0x7fff,0x7fff,0x7fff,0x7fff,0x7fff,0x7fff,0x7fff,0x7fff,0x7fff,0x7fff,0x7fff,0x7fff,
	0x7fff,0x7fff,0x7fff,0x7fff,0x7fff,0x7fff,0x7fff,0x7fff,0x7fff,0x7fff,0x7fff,0x7fff,0x7fff,0x7fff,0x7fff,0x7fff,
	0x7fff,0x7fff,0x7fff,0x7fff,0x7fff,0x7fff,0x7fff,0x7fff,0x7fff,0x7fff,0x7fff,0x7fff,0x7fff,0x7fff,0x7fff,0x7fff,
	0x7fff,0x7fff,0x7fff,0x7fff,0x7fff,0x7fff,0x7fff,0x7fff,0x7fff,0x7fff,0x7fff,0x7fff,0x7fff,0x7fff,0x7fff,0x7fff,
	0x7fff,0x7fff,0x7fff,0x7fff,0x7fff,0x7fff,0x7fff,0x7fff,0x7fff,0x7fff,0x7fff,0x7fff,0x7fff,0x7fff,0x7fff,0x7fff,
	0x7fff,0x7fff,0x7fff,0x7fff,0x7fff,0x7fff,0x7fff,0x7fff,0x7fff,0x7fff,0x7fff,0x7fff,0x7fff,0x7fff,0x7fff,0x7fff,
	0x7fff,0x7fff,0x7fff,0x7fff,0x7fff,0x7fff,0x7fff,0x7fff,0x7fff,0x7fff,0x7fff,0x7fff,0x7fff,0x7fff,0x7fff,0x7fff,
	0x7fff,0x7fff,0x7fff,0x7fff,0x7fff,0x7fff,0x7fff,0x7fff,0x7fff,0x7fff,0x7fff,0x7fff,0x7fff,0x7fff,0x7fff,0x7fff,
	0x7fff,0x7fff,0x7fff,0x7fff,0x7fff,0x7fff,0x7fff,0x7fff,0x7fff,0x7fff,0x7fff,0x7fff,0x7fff,0x7fff,0x7fff,0x7fff,
	0x7fff,0x7fff,0x7fff,0x7fff,0x7fff,0x7fff,0x7fff,0x7fff,0x7fff,0x7fff,0x7fff,0x7fff,0x7fff,0x7fff,0x7fff,0x7fff,
	0x7fff,0x7fff,0x7fff,0x7fff,0x7fff,0x7fff,0x7fff,0x7fff,0x7fff,0x7fff,0x7fff,0x7fff,0x7fff,0x7fff,0x7fff,0x7fff,
	0x7fff,0x7fff,0x7fff,0x7fff,0x7fff,0x7fff,0x7fff,0x7fff,0x7fff,0x7fff,0x7fff,0x7fff,0x7fff,0x7fff,0x7fff,0x7fff,
	0x7fff,0x7fff,0x7fff,0x7fff,0x7fff,0x7fff,0x7fff,0x7fff,0x7fff,0x7fff,0x7fff,0x7fff,0x7fff,0x7fff,0x7fff,0x7fff,
	0x7fff,0x7fff,0x7fff,0x7fff,0x7fff,0x7fff,0x7fff,0x7fff,0x7fff,0x7fff,0x7fff,0x7fff,0x7fff,0x7fff,0x7fff,0x7fff,
	0x7fff,0x7fff,0x7fff,0x7fff,0x7fff,0x7fff,0x7fff,0x7fff,0x7fff,0x7fff,0x7fff,0x7fff,0x7fff,0x7fff,0x7fff,0x7fff,
	0x7fff,0x7fff,0x7fff,0x7fff,0x7fff,0x7fff,0x7fff,0x7fff,0x7fff,0x7fff,0x7fff,0x7fff,0x7fff,0x7fff,0x7fff,0x7fff,
	0x7fff,0x7fff,0x7fff,0x7fff,0x7fff,0x7fff,0x7fff,0x7fff,0x7fff,0x7fff,0x7fff,0x7fff,0x7fff,0x7fff,0x7fff,0x7fff,
	0x7fff,0x7fff,0x7fff,0x7fff,0x7fff,0x7fff,0x7fff,0x7fff,0x7fff,0x7fff,0x7fff,0x7fff,0x7fff,0x7fff,0x7fff,0x7fff,
	0x7fff,0x7fff,0x7fff,0x7fff,0x7fff,0x7fff,0x7fff,0x7fff,0x7fff,0x7fff,0x7fff,0x7fff,0x7fff,0x7fff,0x7fff,0x7fff,
	0x7fff,0x7fff,0x7fff,0x7fff,0x7fff,0x7fff,0x7fff,0x7fff,0x7fff,0x7fff,0x7fff,0x7fff,0x7fff,0x7fff,0x7fff,0x7fff,
	0x7fff,0x7fff,0x7fff,0x7fff,0x7fff,0x7fff,0x7fff,0x7fff,0x7fff,0x7fff,0x7fff,0x7fff,0x7fff,0x7fff,0x7fff,0x7fff,
	0x7fff,0x7fff,0x7fff,0x7fff,0x7fff,0x7fff,0x7fff,0x7fff,0x7fff,0x7fff,0x7fff,0x7fff,0x7fff,0x7fff,0x7fff,0x7fff,
	0x7fff,0x7fff,0x7fff,0x7fff,0x7fff,0x7fff,0x7fff,0x7fff,0x7fff,0x7fff,0x7fff,0x7fff,0x7fff,0x7fff,0x7fff,0x7fff,
	0x7fff,0x7fff,0x7fff,0x7fff,0x7fff,0x7fff,0x7fff,0x7fff,0x7fff,0x7fff,0x7fff,0x7fff,0x7fff,0x7fff,0x7fff,0x7fff,
	0x7fff,0x7fff,0x7fff,0x7fff,0x7fff,0x7fff,0x7fff,0x7fff,0x7fff,0x7fff,0x7fff,0x7fff,0x7fff,0x7fff,0x7fff,0x7fff,
	0x7fff,0x7fff,0x7fff,0x7fff,0x7fff,0x7fff,0x7fff,0x7fff,0x7fff,0x7fff,0x7fff,0x7fff,0x7fff,0x7fff,0x7fff,0x7fff,
	0x7fff,0x7fff,0x7fff,0x7fff,0x7fff,0x7fff,0x7fff,0x7fff,0x7fff,0x7fff,0x7fff,0x7fff,0x7fff,0x7fff,0x7fff,0x7fff,
	0x7fff,0x7fff,0x7fff,0x7fff,0x7fff,0x7fff,0x7fff,0x7fff,0x7fff,0x7fff,0x7fff,0x7fff,0x7fff,0x7fff,0x7fff,0x7fff,
	0x7fff,0x7fff,0x7fff,0x7fff,0x7fff,0x7fff,0x7fff,0x7fff,0x7fff,0x7fff,0x7fff,0x7fff,0x7fff,0x7fff,0x7fff,0x7fff,
	0x7fff,0x7fff,0x7fff,0x7fff,0x7fff,0x7fff,0x7fff,0x7fff,0x7fff,0x7fff,0x7fff,0x7fff,0x7fff,0x7fff,0x7fff,0x7fff,
	0x7fff,0x7fff,0x7fff,0x7fff,0x7fff,0x7fff,0x7fff,0x7fff,0x7fff,0x7fff,0x7fff,0x7fff,0x7fff,0x7fff,0x7fff,0x7fff,
	0x7fff,0x7fff,0x7fff,0x7fff,0x7fff,0x7fff,0x7fff,0x7fff,0x7fff,0x7fff,0x7fff,0x7fff,0x7fff,0x7fff,0x7fff,0x7fff,
	0x7fff,0x7fff,0x7fff,0x7fff,0x7fff,0x7fff,0x7fff,0x7fff,0x7fff,0x7fff,0x7fff,0x7fff,0x7fff,0x7fff,0x7fff,0x7fff,
	0x7fff,0x7fff,0x7fff,0x7fff,0x7fff,0x7fff,0x7fff,0x7fff,0x7fff,0x7fff,0x7fff,0x7fff,0x7fff,0x7fff,0x7fff,0x7fff,
	0x7fff,0x7fff,0x7fff,0x7fff,0x7fff,0x7fff,0x7fff,0x7fff,0x7fff,0x7fff,0x7fff,0x7fff,0x7fff,0x7fff,0x7fff,0x7fff,
	0x7fff,0x7fff,0x7fff,0x7fff,0x7fff,0x7fff,0x7fff,0x7fff,0x7fff,0x7fff,0x7fff,0x7fff,0x7fff,0x7fff,0x7fff,0x7fff,
	0x7fff,0x7fff,0x7fff,0x7fff,0x7fff,0x7fff,0x7fff,0x7fff,0x7fff,0x7fff,0x7fff,0x7fff,0x7fff,0x7fff,0x7fff,0x7fff,
	0x7fff,0x7fff,0x7fff,0x7fff,0x7fff,0x7fff,0x7fff,0x7fff,0x7fff,0x7fff,0x7fff,0x7fff,0x7fff,0x7fff,0x7fff,0x7fff,
	0x7fff,0x7fff,0x7fff,0x7fff,0x7fff,0x7fff,0x7fff,0x7fff,0x7fff,0x7fff,0x7fff,0x7fff,0x7fff,0x7fff,0x7fff,0x7fff,
	0x7fff,0x7fff,0x7fff,0x7fff,0x7fff,0x7fff,0x7fff,0x7fff,0x7fff,0x7fff,0x7fff,0x7fff,0x7fff,0x7fff,0x7fff,0x7fff,
	0x7fff,0x7fff,0x7fff,0x7fff,0x7fff,0x7fff,0x7fff,0x7fff,0x7fff,0x7fff,0x7fff,0x7fff,0x7fff,0x7fff,0x7fff,0x7fff,
	0x7fff,0x7fff,0x7fff,0x7fff,0x7fff,0x7fff,0x7fff,0x7fff,0x7fff,0x7fff,0x7fff,0x7fff,0x7fff,0x7fff,0x7fff,0x7fff,
	0x7fff,0x7fff,0x7fff,0x7fff,0x7fff,0x7fff,0x7fff,0x7fff,0x7fff,0x7fff,0x7fff,0x7fff,0x7fff,0x7fff,0x7fff,0x7fff,
	0x7fff,0x7fff,0x7fff,0x7fff,0x7fff,0x7fff,0x7fff,0x7fff,0x7fff,0x7fff,0x7fff,0x7fff,0x7fff,0x7fff,0x7fff,0x7fff,
	0x7fff,0x7fff,0x7fff,0x7fff,0x7fff,0x7fff,0x7fff,0x7fff,0x7fff,0x7fff,0x7fff,0x7fff,0x7fff,0x7fff,0x7fff,0x7fff,
	0x7fff,0x7fff,0x7fff,0x7fff,0x7fff,0x7fff,0x7fff,0x7fff,0x7fff,0x7fff,0x7fff,0x7fff,0x7fff,0x7fff,0x7fff,0x7fff,
	0x7fff,0x7fff,0x7fff,0x7fff,0x7fff,0x7fff,0x7fff,0x7fff,0x7fff,0x7fff,0x7fff,0x7fff,0x7fff,0x7fff,0x7fff,0x7fff,
	0x7fff,0x7fff,0x7fff,0x7fff,0x7fff,0x7fff,0x7fff,0x7fff,0x7fff,0x7fff,0x7fff,0x7fff,0x7fff,0x7fff,0x7fff,0x7fff,
	0x7fff,0x7fff,0x7fff,0x7fff,0x7fff,0x7fff,0x7fff,0x7fff,0x7fff,0x7fff,0x7fff,0x7fff,0x7fff,0x7fff,0x7fff,0x7fff,
	0x7fff,0x7fff,0x7fff,0x7fff,0x7fff,0x7fff,0x7fff,0x7fff,0x7fff,0x7fff,0x7fff,0x7fff,0x7fff,0x7fff,0x7fff,0x7fff,
	0x7fff,0x7fff,0x7fff,0x7fff,0x7fff,0x7fff,0x7fff,0x7fff,0x7fff,0x7fff,0x7fff,0x7fff,0x7fff,0x7fff,0x7fff,0x7fff,
	0x7fff,0x7fff,0x7fff,0x7fff,0x7fff,0x7fff,0x7fff,0x7fff,0x7fff,0x7fff,0x7fff,0x7fff,0x7fff,0x7fff,0x7fff,0x7fff,
	0x7fff,0x7fff,0x7fff,0x7fff,0x7fff,0x7fff,0x7fff,0x7fff,0x7fff,0x7fff,0x7fff,0x7fff,0x7fff,0x7fff,0x7fff,0x7fff,
	0x7fff,0x7fff,0x7fff,0x7fff,0x7fff,0x7fff,0x7fff,0x7fff,0x7fff,0x7fff,0x7fff,0x7fff,0x7fff,0x7fff,0x7fff,0x7fff,
	0x7fff,0x7fff,0x7fff,0x7fff,0x7fff,0x7fff,0x7fff,0x7fff,0x7fff,0x7fff,0x7fff,0x7fff,0x7fff,0x7fff,0x7fff,0x7fff,
	0x7fff,0x7fff,0x7fff,0x7fff,0x7fff,0x7fff,0x7fff,0x7fff,0x7fff,0x7fff,0x7fff,0x7fff,0x7fff,0x7fff,0x7fff,0x7fff,
	0x7fff,0x7fff,0x7fff,0x7fff,0x7fff,0x7fff,0x7fff,0x7fff,0x7fff,0x7fff,0x7fff,0x7fff,0x7fff,0x7fff,0x7fff,0x7fff,
	0x7fff,0x7fff,0x7fff,0x7fff,0x7fff,0x7fff,0x7fff,0x7fff,0x7fff,0x7fff,0x7fff,0x7fff,0x7fff,0x7fff,0x7fff,0x7fff,
	0x7fff,0x7fff,0x7fff,0x7fff,0x7fff,0x7fff,0x7fff,0x7fff,0x7fff,0x7fff,0x7fff,0x7fff,0x7fff,0x7fff,0x7fff,0x7fff,
	0x7fff,0x7fff,0x7fff,0x7fff,0x7fff,0x7fff,0x7fff,0x7fff,0x7fff,0x7fff,0x7fff,0x7fff,0x7fff,0x7fff,0x7fff,0x7fff,
	0x7fff,0x7fff,0x7fff,0x7fff,0x7fff,0x7fff,0x7fff,0x7fff,0x7fff,0x7fff,0x7fff,0x7fff,0x7fff,0x7fff,0x7fff,0x7fff,
	0x7fff,0x7fff,0x7fff,0x7fff,0x7fff,0x7fff,0x7fff,0x7fff,0x7fff,0x7fff,0x7fff,0x7fff,0x7fff,0x7fff,0x7fff,0x7fff,
	0x7fff,0x7fff,0x7fff,0x7fff,0x7fff,0x7fff,0x7fff,0x7fff,0x7fff,0x7fff,0x7fff,0x7fff,0x7fff,0x7fff,0x7fff,0x7fff,
	0x7fff,0x7fff,0x7fff,0x7fff,0x7fff,0x7fff,0x7fff,0x7fff,0x7fff,0x7fff,0x7fff,0x7fff,0x7fff,0x7fff,0x7fff,0x7fff,
	0x7fff,0x7fff,0x7fff,0x7fff,0x7fff,0x7fff,0x7fff,0x7fff,0x7fff,0x7fff,0x7fff,0x7fff,0x7fff,0x7fff,0x7fff,0x7fff,
	0x7fff,0x7fff,0x7fff,0x7fff,0x7fff,0x7fff,0x7fff,0x7fff,0x7fff,0x7fff,0x7fff,0x7fff,0x7fff,0x7fff,0x7fff,0x7fff,
	0x7fff,0x7fff,0x7fff,0x7fff,0x7fff,0x7fff,0x7fff,0x7fff,0x7fff,0x7fff,0x7fff,0x7fff,0x7fff,0x7fff,0x7fff,0x7fff,
	0x7fff,0x7fff,0x7fff,0x7fff,0x7fff,0x7fff,0x7fff,0x7fff,0x7fff,0x7fff,0x7fff,0x7fff,0x7fff,0x7fff,0x7fff,0x7fff,
	0x7fff,0x7fff,0x7fff,0x7fff,0x7fff,0x7fff,0x7fff,0x7fff,0x7fff,0x7fff,0x7fff,0x7fff,0x7fff,0x7fff,0x7fff,0x7fff,
	0x7fff,0x7fff,0x7fff,0x7fff,0x7fff,0x7fff,0x7fff,0x7fff,0x7fff,0x7fff,0x7fff,0x7fff,0x7fff,0x7fff,0x7fff,0x7fff,
	0x7fff,0x7fff,0x7fff,0x7fff,0x7fff,0x7fff,0x7fff,0x7fff,0x7fff,0x7fff,0x7fff,0x7fff,0x7fff,0x7fff,0x7fff,0x7fff,
	0x7fff,0x7fff,0x7fff,0x7fff,0x7fff,0x7fff,0x7fff,0x7fff,0x7fff,0x7fff,0x7fff,0x7fff,0x7fff,0x7fff,0x7fff,0x7fff,
	0x7fff,0x7fff,0x7fff,0x7fff,0x7fff,0x7fff,0x7fff,0x7fff,0x7fff,0x7fff,0x7fff,0x7fff,0x7fff,0x7fff,0x7fff,0x7fff,
	0x7fff,0x7fff,0x7fff,0x7fff,0x7fff,0x7fff,0x7fff,0x7fff,0x7fff,0x7fff,0x7fff,0x7fff,0x7fff,0x7fff,0x7fff,0x7fff,
	0x7fff,0x7fff,0x7fff,0x7fff,0x7fff,0x7fff,0x7fff,0x7fff,0x7fff,0x7fff,0x7fff,0x7fff,0x7fff,0x7fff,0x7fff,0x7fff,
	0x7fff,0x7fff,0x7fff,0x7fff,0x7fff,0x7fff,0x7fff,0x7fff,0x7fff,0x7fff,0x7fff,0x7fff,0x7fff,0x7fff,0x7fff,0x7fff,
	0x7fff,0x7fff,0x7fff,0x7fff,0x7fff,0x7fff,0x7fff,0x7fff,0x7fff,0x7fff,0x7fff,0x7fff,0x7fff,0x7fff,0x7fff,0x7fff,
	0x7fff,0x7fff,0x7fff,0x7fff,0x7fff,0x7fff,0x7fff,0x7fff,0x7fff,0x7fff,0x7fff,0x7fff,0x7fff,0x7fff,0x7fff,0x7fff,
	0x7fff,0x7fff,0x7fff,0x7fff,0x7fff,0x7fff,0x7fff,0x7fff,0x7fff,0x7fff,0x7fff,0x7fff,0x7fff,0x7fff,0x7fff,0x7fff,
	0x7fff,0x7fff,0x7fff,0x7fff,0x7fff,0x7fff,0x7fff,0x7fff,0x7fff,0x7fff,0x7fff,0x7fff,0x7fff,0x7fff,0x7fff,0x7fff
};

