/*
 * Exported with nin10kit v1.8
 * Invocation command was nin10kit --mode=3 --resize=240x160 player_sprite player_sprite.png 
 * Time-stamp: Monday 04/07/2025, 02:24:56
 * 
 * Image Information
 * -----------------
 * player_sprite.png 240@160
 * 
 * All bug reports / feature requests are to be filed here https://github.com/TricksterGuy/nin10kit/issues
 */

#include "player_sprite.h"

const unsigned short player_sprite[38400] =
{
	0x421c,0x421c,0x421e,0x421f,0x421f,0x421f,0x421f,0x421e,0x421c,0x421c,0x421c,0x421c,0x421d,0x421f,0x421f,0x421f,
	0x421f,0x421f,0x421d,0x421c,0x421c,0x421c,0x421c,0x421f,0x421f,0x421f,0x421f,0x421f,0x421e,0x421c,0x421d,0x421d,
	0x421c,0x421d,0x421f,0x421f,0x421f,0x421f,0x421f,0x421d,0x421c,0x421c,0x421c,0x421c,0x421f,0x421f,0x421f,0x421f,
	0x421f,0x421e,0x421c,0x421c,0x421c,0x421c,0x421d,0x421f,0x421f,0x421f,0x421f,0x421f,0x421c,0x421c,0x421c,0x421c,
	0x421c,0x421f,0x421f,0x421f,0x421f,0x421f,0x421d,0x421c,0x421c,0x421c,0x421c,0x421e,0x421f,0x421f,0x421f,0x421f,
	0x421f,0x421c,0x421c,0x421c,0x421c,0x421c,0x421f,0x421f,0x421f,0x421f,0x421f,0x421d,0x421c,0x421c,0x421c,0x421c,
	0x421e,0x421f,0x421f,0x421f,0x421f,0x421e,0x421c,0x421c,0x421c,0x421c,0x421d,0x421f,0x421f,0x421f,0x421f,0x421f,
	0x421d,0x421c,0x421c,0x421c,0x421c,0x421e,0x421f,0x421f,0x421f,0x421f,0x421e,0x421c,0x421c,0x421c,0x421c,0x421d,
	0x421f,0x421f,0x421f,0x421f,0x421f,0x421d,0x421c,0x421c,0x421c,0x421c,0x421f,0x421f,0x421f,0x421f,0x421f,0x421e,
	0x421c,0x421c,0x421c,0x421c,0x421d,0x421f,0x421f,0x421f,0x421f,0x421f,0x421c,0x421c,0x421c,0x421c,0x421c,0x421f,
	0x421f,0x421f,0x421f,0x421f,0x421d,0x421c,0x421c,0x421c,0x421c,0x421e,0x421f,0x421f,0x421f,0x421f,0x421f,0x421c,
	0x421d,0x421d,0x421c,0x421c,0x421f,0x421f,0x421f,0x421f,0x421f,0x421d,0x421c,0x421c,0x421c,0x421c,0x421e,0x421f,
	0x421f,0x421f,0x421f,0x421f,0x421c,0x421c,0x421c,0x421c,0x421d,0x421f,0x421f,0x421f,0x421f,0x421f,0x421d,0x421c,
	0x421c,0x421c,0x421c,0x421e,0x421f,0x421f,0x421f,0x421f,0x421e,0x421c,0x421c,0x421c,0x421c,0x421d,0x421f,0x421f,
	0x421f,0x421f,0x421f,0x421d,0x421c,0x421c,0x421c,0x421c,0x421e,0x421f,0x421f,0x421f,0x421f,0x421e,0x421c,0x421c,
	0x421c,0x421c,0x421e,0x421f,0x421f,0x421f,0x421f,0x421e,0x421c,0x421c,0x421c,0x421c,0x421d,0x421f,0x421f,0x421f,
	0x421f,0x421f,0x421d,0x421c,0x421c,0x421c,0x421c,0x421f,0x421f,0x421f,0x421f,0x421f,0x421e,0x421c,0x421d,0x421d,
	0x421c,0x421d,0x421f,0x421f,0x421f,0x421f,0x421f,0x421d,0x421c,0x421c,0x421c,0x421c,0x421f,0x421f,0x421f,0x421f,
	0x421f,0x421e,0x421c,0x421c,0x421c,0x421c,0x421d,0x421f,0x421f,0x421f,0x421f,0x421f,0x421c,0x421c,0x421c,0x421c,
	0x421c,0x421f,0x421f,0x421f,0x421f,0x421f,0x421d,0x421c,0x421c,0x421c,0x421c,0x421e,0x421f,0x421f,0x421f,0x421f,
	0x421f,0x421c,0x421c,0x421c,0x421c,0x421d,0x421f,0x421f,0x421f,0x421f,0x421f,0x421d,0x421c,0x421c,0x421c,0x421c,
	0x421e,0x421f,0x421f,0x421f,0x421f,0x421e,0x421c,0x421c,0x421c,0x421c,0x421d,0x421f,0x421f,0x421f,0x421f,0x421f,
	0x421d,0x421c,0x421c,0x421c,0x421c,0x421e,0x421f,0x421f,0x421f,0x421f,0x421e,0x421c,0x421c,0x421c,0x421c,0x421d,
	0x421f,0x421f,0x421f,0x421f,0x421f,0x421d,0x421c,0x421c,0x421c,0x421c,0x421f,0x421f,0x421f,0x421f,0x421f,0x421e,
	0x421c,0x421c,0x421c,0x421c,0x421d,0x421f,0x421f,0x421f,0x421f,0x421f,0x421d,0x421c,0x421c,0x421c,0x421c,0x421f,
	0x421f,0x421f,0x421f,0x421f,0x421d,0x421c,0x421c,0x421c,0x421c,0x421e,0x421f,0x421f,0x421f,0x421f,0x421f,0x421c,
	0x421d,0x421d,0x421c,0x421c,0x421f,0x421f,0x421f,0x421f,0x421f,0x421d,0x421c,0x421d,0x421c,0x421c,0x421e,0x421f,
	0x421f,0x421f,0x421f,0x421f,0x421c,0x421c,0x421c,0x421c,0x421d,0x421f,0x421f,0x421f,0x421f,0x421f,0x421d,0x421c,
	0x421c,0x421c,0x421c,0x421e,0x421f,0x421f,0x421f,0x421f,0x421e,0x421c,0x421c,0x421c,0x421c,0x421d,0x421f,0x421f,
	0x421f,0x421f,0x421f,0x421d,0x421c,0x421c,0x421c,0x421c,0x421e,0x421f,0x421f,0x421f,0x421f,0x421e,0x421c,0x421c,
	0x421c,0x421c,0x421e,0x421f,0x421f,0x421f,0x421f,0x421e,0x421c,0x421c,0x421c,0x421c,0x421d,0x421f,0x421f,0x421f,
	0x421f,0x421f,0x421d,0x421c,0x421c,0x421c,0x421c,0x421f,0x421f,0x421f,0x421f,0x421f,0x421e,0x421c,0x421c,0x421c,
	0x421c,0x421d,0x421f,0x421f,0x421f,0x421f,0x421f,0x421c,0x421c,0x421c,0x421c,0x421c,0x421f,0x421f,0x421f,0x421f,
	0x421f,0x421e,0x421c,0x421c,0x421c,0x421c,0x421d,0x421f,0x421f,0x421f,0x421f,0x421f,0x421c,0x421c,0x421c,0x421c,
	0x421c,0x421f,0x421f,0x421f,0x421f,0x421f,0x421d,0x421c,0x421c,0x421c,0x421c,0x421e,0x421f,0x421f,0x421f,0x421f,
	0x421f,0x421c,0x421c,0x421c,0x421c,0x421c,0x421f,0x421f,0x421f,0x421f,0x421f,0x421d,0x421c,0x421c,0x421c,0x421c,
	0x421e,0x421f,0x421f,0x421f,0x421f,0x421e,0x421c,0x421c,0x421c,0x421c,0x421d,0x421f,0x421f,0x421f,0x421f,0x421f,
	0x421d,0x421c,0x421c,0x421c,0x421c,0x421e,0x421f,0x421f,0x421f,0x421f,0x421e,0x421c,0x421c,0x421c,0x421c,0x421d,
	0x421f,0x421f,0x421f,0x421f,0x421f,0x421d,0x421c,0x421c,0x421c,0x421c,0x421f,0x421f,0x421f,0x421f,0x421f,0x421e,
	0x421c,0x421c,0x421c,0x421c,0x421d,0x421f,0x421f,0x421f,0x421f,0x421f,0x421c,0x421c,0x421c,0x421c,0x421c,0x421f,
	0x421f,0x421f,0x421f,0x421f,0x421d,0x421c,0x421c,0x421c,0x421c,0x421d,0x421f,0x421f,0x421f,0x421f,0x421f,0x421c,
	0x421c,0x421c,0x421c,0x421c,0x421f,0x421f,0x421f,0x421f,0x421f,0x421e,0x421c,0x421c,0x421c,0x421c,0x421e,0x421f,
	0x421f,0x421f,0x421f,0x421f,0x421c,0x421c,0x421c,0x421c,0x421d,0x421f,0x421f,0x421f,0x421f,0x421f,0x421d,0x421c,
	0x421c,0x421c,0x421c,0x421e,0x421f,0x421f,0x421f,0x421f,0x421e,0x421c,0x421c,0x421c,0x421c,0x421d,0x421f,0x421f,
	0x421f,0x421f,0x421f,0x421d,0x421c,0x421c,0x421c,0x421c,0x421e,0x421f,0x421f,0x421f,0x421f,0x421e,0x421c,0x421c,
	0x421e,0x421e,0x421d,0x421d,0x421d,0x421d,0x421d,0x421e,0x421e,0x421f,0x421e,0x421f,0x421e,0x421d,0x421e,0x421e,
	0x421e,0x421e,0x421e,0x421e,0x421e,0x421e,0x421e,0x421e,0x421d,0x421d,0x421d,0x421d,0x421e,0x421e,0x421e,0x421e,
	0x421e,0x421e,0x421d,0x421d,0x421d,0x421d,0x421e,0x421e,0x421e,0x421e,0x421f,0x421e,0x421e,0x421d,0x421d,0x421d,
	0x421d,0x421e,0x421e,0x421e,0x421e,0x421e,0x421e,0x421d,0x421d,0x421d,0x421d,0x421e,0x421e,0x421f,0x421f,0x421f,
	0x421e,0x421e,0x421e,0x421d,0x421d,0x421d,0x421e,0x421e,0x421e,0x421e,0x421e,0x421e,0x421d,0x421d,0x421d,0x421d,
	0x421e,0x421f,0x421e,0x421e,0x421e,0x421e,0x421d,0x421d,0x421d,0x421d,0x421d,0x421e,0x421e,0x421e,0x421e,0x421e,
	0x421e,0x421d,0x421d,0x421d,0x421d,0x421e,0x421e,0x421e,0x421e,0x421f,0x421e,0x421d,0x421d,0x421d,0x421d,0x421d,
	0x421e,0x421e,0x421e,0x421e,0x421e,0x421e,0x421e,0x421d,0x421d,0x421d,0x421e,0x421e,0x421e,0x421e,0x421e,0x421e,
	0x421d,0x421e,0x421e,0x421d,0x421e,0x421e,0x421e,0x421e,0x421e,0x421e,0x421e,0x421d,0x421d,0x421d,0x421d,0x421e,
	0x421e,0x421e,0x421e,0x421e,0x421e,0x421d,0x421d,0x421d,0x421d,0x421d,0x421e,0x421e,0x421e,0x421e,0x421e,0x421e,
	0x421d,0x421d,0x421d,0x421d,0x421e,0x421e,0x421e,0x421e,0x421e,0x421e,0x421d,0x421d,0x421d,0x421d,0x421e,0x421e,
	0x421e,0x421e,0x421e,0x421e,0x421d,0x421d,0x421d,0x421d,0x421d,0x421e,0x421e,0x421e,0x421e,0x421e,0x421e,0x421d,
	0x421d,0x421e,0x421d,0x421e,0x421e,0x421e,0x421e,0x421e,0x421e,0x421d,0x421d,0x421d,0x421d,0x421d,0x421e,0x421e,
	0x421e,0x421e,0x421e,0x421e,0x421d,0x421d,0x421d,0x421d,0x421e,0x421e,0x421e,0x421e,0x421e,0x421e,0x421d,0x421d,
	0x421d,0x421d,0x421d,0x421e,0x421e,0x421f,0x421f,0x421f,0x421e,0x421d,0x421d,0x421d,0x421d,0x421e,0x421e,0x421e,
	0x421f,0x421f,0x421d,0x421c,0x421c,0x421c,0x421c,0x421e,0x421f,0x421f,0x421f,0x421f,0x421f,0x421c,0x421c,0x421c,
	0x421c,0x421d,0x421f,0x421f,0x421f,0x421f,0x421f,0x421d,0x421c,0x421c,0x421c,0x421c,0x421e,0x421f,0x421f,0x421f,
	0x421f,0x421f,0x421c,0x421c,0x421c,0x421c,0x421d,0x421f,0x421f,0x421f,0x421f,0x421f,0x421d,0x421c,0x421c,0x421c,
	0x421c,0x421e,0x421f,0x421f,0x421f,0x421f,0x421e,0x421c,0x421c,0x421c,0x421c,0x421d,0x421f,0x421f,0x421f,0x421f,
	0x421f,0x421d,0x421c,0x421c,0x421c,0x421c,0x421f,0x421f,0x421f,0x421f,0x421f,0x421e,0x421c,0x421c,0x421c,0x421c,
	0x421d,0x421f,0x421f,0x421f,0x421f,0x421f,0x421c,0x421c,0x421c,0x421c,0x421c,0x421f,0x421f,0x421f,0x421f,0x421f,
	0x421e,0x421c,0x421c,0x421c,0x421c,0x421e,0x421f,0x421f,0x421f,0x421f,0x421f,0x421c,0x421c,0x421c,0x421c,0x421c,
	0x421f,0x421f,0x421f,0x421f,0x421f,0x421d,0x421c,0x421c,0x421c,0x421c,0x421e,0x421f,0x421f,0x421f,0x421f,0x421f,
	0x421c,0x421c,0x421c,0x421c,0x421d,0x421f,0x421f,0x421f,0x421f,0x421f,0x421d,0x421c,0x421c,0x421c,0x421c,0x421e,
	0x421f,0x421f,0x421f,0x421f,0x421f,0x421c,0x421c,0x421c,0x421c,0x421c,0x421f,0x421f,0x421f,0x421f,0x421f,0x421d,
	0x421c,0x421c,0x421c,0x421c,0x421e,0x421f,0x421f,0x421f,0x421f,0x421e,0x421c,0x421c,0x421c,0x421c,0x421d,0x421f,
	0x421f,0x421f,0x421f,0x421f,0x421d,0x421c,0x421c,0x421c,0x421c,0x421f,0x421f,0x421f,0x421f,0x421f,0x421e,0x421c,
	0x421c,0x421c,0x421c,0x421d,0x421f,0x421f,0x421f,0x421f,0x421f,0x421c,0x421c,0x421c,0x421c,0x421c,0x421f,0x421f,
	0x421f,0x421f,0x421f,0x421d,0x421c,0x421c,0x421c,0x421c,0x421e,0x421f,0x421f,0x421f,0x421f,0x421f,0x421c,0x421c,
	0x421c,0x421c,0x421c,0x421f,0x421f,0x421f,0x421f,0x421f,0x421d,0x421c,0x421c,0x421c,0x421c,0x421e,0x421f,0x421f,
	0x421f,0x421f,0x421d,0x421c,0x421c,0x421c,0x421c,0x421e,0x421f,0x421f,0x421f,0x421f,0x421f,0x421c,0x421c,0x421c,
	0x421c,0x421c,0x421f,0x421f,0x421f,0x421f,0x421f,0x421d,0x421c,0x421c,0x421c,0x421c,0x421e,0x421f,0x421f,0x421f,
	0x421f,0x421f,0x421c,0x421c,0x421c,0x421c,0x421d,0x421f,0x421f,0x421f,0x421f,0x421f,0x421d,0x421c,0x421c,0x421c,
	0x421c,0x421e,0x421f,0x421f,0x421f,0x421f,0x421e,0x421c,0x421c,0x421c,0x421c,0x421d,0x421f,0x421f,0x421f,0x421f,
	0x421f,0x421d,0x421c,0x421c,0x421c,0x421c,0x421f,0x421f,0x421f,0x421f,0x421f,0x421e,0x421c,0x421c,0x421c,0x421c,
	0x421d,0x421f,0x421f,0x421f,0x421f,0x421f,0x421c,0x421c,0x421c,0x421c,0x421c,0x421f,0x421f,0x421f,0x421f,0x421f,
	0x421e,0x421c,0x421c,0x421c,0x421c,0x421e,0x421f,0x421f,0x421f,0x421f,0x421f,0x421c,0x421c,0x421c,0x421c,0x421c,
	0x421f,0x421f,0x421f,0x421f,0x421f,0x421d,0x421c,0x421c,0x421c,0x421c,0x421e,0x421f,0x421f,0x421f,0x421f,0x421f,
	0x421c,0x421c,0x421c,0x421c,0x421d,0x421f,0x421f,0x421f,0x421f,0x421f,0x421d,0x421c,0x421c,0x421c,0x421c,0x421e,
	0x421f,0x421f,0x421f,0x421f,0x421f,0x421c,0x421c,0x421c,0x421c,0x421d,0x421f,0x421f,0x421f,0x421f,0x421f,0x421d,
	0x421c,0x421c,0x421c,0x421c,0x421e,0x421f,0x421f,0x421f,0x421f,0x421e,0x421c,0x421c,0x421c,0x421c,0x421d,0x421f,
	0x421f,0x421f,0x421f,0x421f,0x421d,0x421c,0x421c,0x421c,0x421c,0x421f,0x421f,0x421f,0x421f,0x421f,0x421e,0x421c,
	0x421c,0x421c,0x421c,0x421d,0x421f,0x421f,0x421f,0x421f,0x421f,0x421c,0x421c,0x421c,0x421c,0x421c,0x421f,0x421f,
	0x421f,0x421f,0x421f,0x421e,0x421c,0x421c,0x421c,0x421c,0x421e,0x421f,0x421f,0x421f,0x421f,0x421f,0x421c,0x421c,
	0x421c,0x421c,0x421c,0x421f,0x421f,0x421f,0x421f,0x421f,0x421d,0x421c,0x421c,0x421c,0x421c,0x421e,0x421f,0x421f,
	0x421f,0x421f,0x421e,0x421d,0x421d,0x421d,0x421d,0x421e,0x421f,0x421f,0x421f,0x421f,0x421e,0x421d,0x421d,0x421d,
	0x421d,0x421d,0x421f,0x421f,0x421f,0x421f,0x421f,0x421d,0x421d,0x421d,0x421d,0x421d,0x421e,0x421f,0x421f,0x421f,
	0x421f,0x421e,0x421d,0x421d,0x421d,0x421d,0x421d,0x421f,0x421f,0x421f,0x421f,0x421f,0x421d,0x421d,0x421d,0x421d,
	0x421d,0x421e,0x421f,0x421f,0x421f,0x421f,0x421e,0x421d,0x421d,0x421d,0x421d,0x421d,0x421f,0x421f,0x421f,0x421f,
	0x421f,0x421d,0x421d,0x421d,0x421d,0x421d,0x421e,0x421f,0x421f,0x421f,0x421f,0x421e,0x421d,0x421d,0x421d,0x421d,
	0x421d,0x421f,0x421f,0x421f,0x421f,0x421f,0x421d,0x421d,0x421d,0x421d,0x421d,0x421e,0x421f,0x421f,0x421f,0x421f,
	0x421e,0x421d,0x421d,0x421d,0x421d,0x421e,0x421f,0x421f,0x421f,0x421f,0x421f,0x421d,0x421d,0x421d,0x421d,0x421d,
	0x421e,0x421f,0x421f,0x421f,0x421f,0x421e,0x421d,0x421d,0x421d,0x421d,0x421e,0x421f,0x421f,0x421f,0x421f,0x421e,
	0x421d,0x421d,0x421d,0x421d,0x421d,0x421f,0x421f,0x421f,0x421f,0x421f,0x421d,0x421d,0x421d,0x421d,0x421d,0x421e,
	0x421f,0x421f,0x421f,0x421f,0x421e,0x421d,0x421d,0x421d,0x421d,0x421d,0x421f,0x421f,0x421f,0x421f,0x421f,0x421d,
	0x421d,0x421d,0x421d,0x421d,0x421e,0x421f,0x421f,0x421f,0x421f,0x421e,0x421d,0x421d,0x421d,0x421d,0x421d,0x421f,
	0x421f,0x421f,0x421f,0x421f,0x421d,0x421d,0x421d,0x421d,0x421d,0x421e,0x421f,0x421f,0x421f,0x421f,0x421e,0x421d,
	0x421d,0x421d,0x421d,0x421e,0x421f,0x421f,0x421f,0x421f,0x421f,0x421d,0x421d,0x421d,0x421d,0x421d,0x421f,0x421f,
	0x421f,0x421f,0x421f,0x421e,0x421d,0x421d,0x421d,0x421d,0x421e,0x421f,0x421f,0x421f,0x421f,0x421e,0x421d,0x421d,
	0x421d,0x421d,0x421d,0x421f,0x421f,0x421f,0x421f,0x421f,0x421d,0x421d,0x421d,0x421d,0x421d,0x421e,0x421f,0x421f,
	0x421c,0x421c,0x421e,0x421f,0x421f,0x421f,0x421f,0x421e,0x421c,0x421c,0x421c,0x421c,0x421d,0x421f,0x421f,0x421f,
	0x421f,0x421f,0x421d,0x421c,0x421c,0x421c,0x421c,0x421f,0x421f,0x421f,0x421f,0x421f,0x421e,0x421c,0x421c,0x421c,
	0x421c,0x421d,0x421f,0x421f,0x421f,0x421f,0x421f,0x421c,0x421c,0x421c,0x421c,0x421c,0x421f,0x421f,0x421f,0x421f,
	0x421f,0x421e,0x421c,0x421c,0x421c,0x421c,0x421d,0x421f,0x421f,0x421f,0x421f,0x421f,0x421c,0x421c,0x421c,0x421c,
	0x421c,0x421f,0x421f,0x421f,0x421f,0x421f,0x421d,0x421c,0x421c,0x421c,0x421c,0x421e,0x421f,0x421f,0x421f,0x421f,
	0x421f,0x421c,0x421c,0x421c,0x421c,0x421c,0x421f,0x421f,0x421f,0x421f,0x421f,0x421d,0x421c,0x421c,0x421c,0x421c,
	0x421e,0x421f,0x421f,0x421f,0x421f,0x421e,0x421c,0x421c,0x421c,0x421c,0x421d,0x421f,0x421f,0x421f,0x421f,0x421f,
	0x421d,0x421c,0x421c,0x421c,0x421c,0x421e,0x421f,0x421f,0x421f,0x421f,0x421e,0x421c,0x421c,0x421c,0x421c,0x421d,
	0x421f,0x421f,0x421f,0x421f,0x421f,0x421c,0x421c,0x421c,0x421c,0x421c,0x421f,0x421f,0x421f,0x421f,0x421f,0x421e,
	0x421c,0x421c,0x421c,0x421c,0x421d,0x421f,0x421f,0x421f,0x421f,0x421f,0x421c,0x421c,0x421c,0x421c,0x421c,0x421f,
	0x421f,0x421f,0x421f,0x421f,0x421d,0x421c,0x421c,0x421c,0x421c,0x421d,0x421f,0x421f,0x421f,0x421f,0x421f,0x421c,
	0x421c,0x421c,0x421c,0x421c,0x421f,0x421f,0x421f,0x421f,0x421f,0x421d,0x421c,0x421c,0x421c,0x421c,0x421e,0x421f,
	0x421f,0x421f,0x421f,0x421f,0x421c,0x421c,0x421c,0x421c,0x421d,0x421f,0x421f,0x421f,0x421f,0x421f,0x421d,0x421c,
	0x421c,0x421c,0x421c,0x421e,0x421f,0x421f,0x421f,0x421f,0x421f,0x421c,0x421c,0x421c,0x421c,0x421d,0x421f,0x421f,
	0x421f,0x421f,0x421f,0x421d,0x421c,0x421c,0x421c,0x421c,0x421e,0x421f,0x421f,0x421f,0x421f,0x421e,0x421c,0x421c,
	0x421c,0x421c,0x421e,0x421f,0x421f,0x421f,0x421f,0x421e,0x421c,0x421c,0x421c,0x421c,0x421d,0x421f,0x421f,0x421f,
	0x421f,0x421f,0x421d,0x421c,0x421c,0x421c,0x421c,0x421f,0x421f,0x421f,0x421f,0x421f,0x421e,0x421c,0x421d,0x421d,
	0x421c,0x421d,0x421f,0x421f,0x421f,0x421f,0x421f,0x421d,0x421c,0x421c,0x421c,0x421c,0x421f,0x421f,0x421f,0x421f,
	0x421f,0x421e,0x421c,0x421c,0x421c,0x421c,0x421d,0x421f,0x421f,0x421f,0x421f,0x421f,0x421d,0x421d,0x421c,0x421c,
	0x421c,0x421f,0x421f,0x421f,0x421f,0x421f,0x421e,0x421c,0x421c,0x421c,0x421c,0x421e,0x421f,0x421f,0x421f,0x421f,
	0x421f,0x421c,0x421c,0x421c,0x421c,0x421d,0x421f,0x421f,0x421f,0x421f,0x421f,0x421d,0x421c,0x421c,0x421c,0x421c,
	0x421e,0x421f,0x421f,0x421f,0x421f,0x421e,0x421c,0x421c,0x421c,0x421c,0x421d,0x421f,0x421f,0x421f,0x421f,0x421f,
	0x421d,0x421c,0x421c,0x421c,0x421c,0x421e,0x421f,0x421f,0x421f,0x421f,0x421e,0x421c,0x421c,0x421c,0x421c,0x421d,
	0x421f,0x421f,0x421f,0x421f,0x421f,0x421d,0x421c,0x421c,0x421c,0x421c,0x421f,0x421f,0x421f,0x421f,0x421f,0x421e,
	0x421c,0x421c,0x421c,0x421c,0x421d,0x421f,0x421f,0x421f,0x421f,0x421f,0x421c,0x421c,0x421c,0x421c,0x421c,0x421f,
	0x421f,0x421f,0x421f,0x421f,0x421e,0x421c,0x421c,0x421c,0x421c,0x421d,0x421f,0x421f,0x421f,0x421f,0x421f,0x421c,
	0x421c,0x421c,0x421c,0x421c,0x421f,0x421f,0x421f,0x421f,0x421f,0x421d,0x421c,0x421c,0x421c,0x421c,0x421e,0x421f,
	0x421f,0x421f,0x421f,0x421f,0x421c,0x421c,0x421c,0x421c,0x421d,0x421f,0x421f,0x421f,0x421f,0x421f,0x421d,0x421c,
	0x421c,0x421c,0x421c,0x421e,0x421f,0x421f,0x421f,0x421f,0x421f,0x421c,0x421c,0x421c,0x421c,0x421d,0x421f,0x421f,
	0x421f,0x421f,0x421f,0x421d,0x421c,0x421c,0x421c,0x421c,0x421e,0x421f,0x421f,0x421f,0x421f,0x421e,0x421c,0x421c,
	0x421c,0x421c,0x421e,0x421f,0x421f,0x421f,0x421f,0x421e,0x421c,0x421c,0x421c,0x421c,0x421d,0x421f,0x421f,0x421f,
	0x421f,0x421f,0x421d,0x421c,0x421c,0x421c,0x421c,0x421f,0x421f,0x421f,0x421f,0x421f,0x421e,0x421c,0x421c,0x421c,
	0x421c,0x421d,0x421f,0x421f,0x421f,0x421f,0x421f,0x421c,0x421c,0x421c,0x421c,0x421c,0x421f,0x421f,0x421f,0x421f,
	0x421f,0x421e,0x421c,0x421c,0x421c,0x421c,0x421d,0x421f,0x421f,0x421f,0x421f,0x421f,0x421c,0x421c,0x421c,0x421c,
	0x421c,0x421f,0x421f,0x421f,0x421f,0x421f,0x421e,0x421c,0x421c,0x421c,0x421c,0x421e,0x421f,0x421f,0x421f,0x421f,
	0x421f,0x421c,0x421c,0x421c,0x421c,0x421c,0x421f,0x421f,0x421f,0x421f,0x421f,0x421d,0x421c,0x421c,0x421c,0x421c,
	0x421e,0x421f,0x421f,0x421f,0x421f,0x421f,0x421c,0x421c,0x421c,0x421c,0x421c,0x421f,0x421f,0x421f,0x421f,0x421f,
	0x421d,0x421c,0x421c,0x421c,0x421c,0x421e,0x421f,0x421f,0x421f,0x421f,0x421e,0x421c,0x421c,0x421c,0x421c,0x421d,
	0x421f,0x421f,0x421f,0x421f,0x421f,0x421c,0x421c,0x421c,0x421c,0x421c,0x421f,0x421f,0x421f,0x421f,0x421f,0x421e,
	0x421c,0x421c,0x421c,0x421c,0x421d,0x421f,0x421f,0x421f,0x421f,0x421f,0x421c,0x421c,0x421c,0x421c,0x421c,0x421f,
	0x421f,0x421f,0x421f,0x421f,0x421e,0x421c,0x421c,0x421c,0x421c,0x421d,0x421f,0x421f,0x421f,0x421f,0x421f,0x421c,
	0x421c,0x421c,0x421c,0x421c,0x421f,0x421f,0x421f,0x421f,0x421f,0x421d,0x421c,0x421c,0x421c,0x421c,0x421e,0x421f,
	0x421f,0x421f,0x421f,0x421f,0x421c,0x421c,0x421c,0x421c,0x421d,0x421f,0x421f,0x421f,0x421f,0x421f,0x421d,0x421c,
	0x421c,0x421c,0x421c,0x421e,0x421f,0x421f,0x421f,0x421f,0x421f,0x421c,0x421c,0x421c,0x421c,0x421d,0x421f,0x421f,
	0x421f,0x421f,0x421f,0x421d,0x421c,0x421c,0x421c,0x421c,0x421f,0x421f,0x421f,0x421f,0x421f,0x421e,0x421c,0x421c,
	0x421e,0x421e,0x421e,0x421d,0x421d,0x421d,0x421d,0x421e,0x421e,0x421e,0x421e,0x421e,0x421e,0x421d,0x421d,0x421d,
	0x421d,0x421d,0x421e,0x421e,0x421e,0x421e,0x421f,0x421e,0x421d,0x421d,0x421d,0x421d,0x421e,0x421f,0x421e,0x421e,
	0x421e,0x421e,0x421d,0x421d,0x421d,0x421d,0x421e,0x421f,0x421f,0x421f,0x421f,0x421e,0x421d,0x421d,0x421d,0x421d,
	0x421d,0x421e,0x421f,0x421e,0x421e,0x421e,0x421e,0x421d,0x421d,0x421d,0x421d,0x421e,0x421f,0x421e,0x421e,0x421e,
	0x421e,0x421d,0x421d,0x421d,0x421d,0x421d,0x421e,0x421e,0x421e,0x421e,0x421e,0x421e,0x421d,0x421d,0x421d,0x421d,
	0x421e,0x421f,0x421f,0x421e,0x421f,0x421e,0x421d,0x421d,0x421d,0x421d,0x421d,0x421e,0x421f,0x421f,0x421f,0x421f,
	0x421e,0x421d,0x421d,0x421d,0x421d,0x421e,0x421f,0x421e,0x421e,0x421e,0x421e,0x421d,0x421d,0x421d,0x421d,0x421d,
	0x421e,0x421e,0x421e,0x421e,0x421e,0x421e,0x421d,0x421d,0x421d,0x421d,0x421e,0x421e,0x421e,0x421f,0x421f,0x421e,
	0x421d,0x421d,0x421d,0x421d,0x421d,0x421f,0x421e,0x421e,0x421e,0x421e,0x421e,0x421d,0x421d,0x421d,0x421d,0x421e,
	0x421e,0x421e,0x421e,0x421f,0x421e,0x421d,0x421d,0x421d,0x421d,0x421d,0x421e,0x421e,0x421e,0x421f,0x421e,0x421d,
	0x421d,0x421d,0x421d,0x421d,0x421e,0x421f,0x421f,0x421f,0x421e,0x421e,0x421d,0x421d,0x421d,0x421d,0x421d,0x421e,
	0x421e,0x421f,0x421e,0x421e,0x421d,0x421d,0x421d,0x421d,0x421d,0x421e,0x421e,0x421e,0x421e,0x421e,0x421e,0x421d,
	0x421d,0x421d,0x421d,0x421e,0x421e,0x421e,0x421e,0x421e,0x421e,0x421d,0x421d,0x421d,0x421d,0x421d,0x421e,0x421e,
	0x421e,0x421e,0x421f,0x421e,0x421d,0x421d,0x421d,0x421d,0x421e,0x421f,0x421e,0x421e,0x421e,0x421e,0x421d,0x421d,
	0x421d,0x421d,0x421d,0x421e,0x421f,0x421e,0x421f,0x421f,0x421e,0x421d,0x421d,0x421d,0x421d,0x421e,0x421f,0x421e,
	0x421f,0x421f,0x421d,0x421c,0x421c,0x421c,0x421c,0x421e,0x421f,0x421f,0x421f,0x421f,0x421f,0x421c,0x421c,0x421c,
	0x421c,0x421c,0x421f,0x421f,0x421f,0x421f,0x421f,0x421d,0x421c,0x421c,0x421c,0x421c,0x421e,0x421f,0x421f,0x421f,
	0x421f,0x421f,0x421c,0x421c,0x421c,0x421c,0x421d,0x421f,0x421f,0x421f,0x421f,0x421f,0x421d,0x421c,0x421c,0x421c,
	0x421c,0x421e,0x421f,0x421f,0x421f,0x421f,0x421e,0x421c,0x421c,0x421c,0x421c,0x421d,0x421f,0x421f,0x421f,0x421f,
	0x421f,0x421d,0x421c,0x421c,0x421c,0x421c,0x421f,0x421f,0x421f,0x421f,0x421f,0x421e,0x421c,0x421c,0x421c,0x421c,
	0x421d,0x421f,0x421f,0x421f,0x421f,0x421f,0x421c,0x421c,0x421c,0x421c,0x421c,0x421f,0x421f,0x421f,0x421f,0x421f,
	0x421e,0x421c,0x421c,0x421c,0x421c,0x421d,0x421f,0x421f,0x421f,0x421f,0x421f,0x421c,0x421c,0x421c,0x421c,0x421c,
	0x421f,0x421f,0x421f,0x421f,0x421f,0x421d,0x421c,0x421c,0x421c,0x421c,0x421e,0x421f,0x421f,0x421f,0x421f,0x421f,
	0x421c,0x421c,0x421c,0x421c,0x421c,0x421f,0x421f,0x421f,0x421f,0x421f,0x421d,0x421c,0x421c,0x421c,0x421c,0x421e,
	0x421f,0x421f,0x421f,0x421f,0x421e,0x421c,0x421c,0x421c,0x421c,0x421d,0x421f,0x421f,0x421f,0x421f,0x421f,0x421d,
	0x421c,0x421c,0x421c,0x421c,0x421e,0x421f,0x421f,0x421f,0x421f,0x421e,0x421c,0x421c,0x421c,0x421c,0x421d,0x421f,
	0x421f,0x421f,0x421f,0x421f,0x421d,0x421c,0x421c,0x421c,0x421c,0x421f,0x421f,0x421f,0x421f,0x421f,0x421e,0x421c,
	0x421c,0x421c,0x421c,0x421d,0x421f,0x421f,0x421f,0x421f,0x421f,0x421c,0x421c,0x421c,0x421c,0x421c,0x421f,0x421f,
	0x421f,0x421f,0x421f,0x421e,0x421c,0x421c,0x421c,0x421c,0x421e,0x421f,0x421f,0x421f,0x421f,0x421f,0x421c,0x421c,
	0x421c,0x421c,0x421c,0x421f,0x421f,0x421f,0x421f,0x421f,0x421d,0x421c,0x421c,0x421c,0x421c,0x421e,0x421f,0x421f,
	0x421f,0x421f,0x421d,0x421c,0x421c,0x421c,0x421c,0x421e,0x421f,0x421f,0x421f,0x421f,0x421f,0x421c,0x421c,0x421c,
	0x421c,0x421c,0x421f,0x421f,0x421f,0x421f,0x421f,0x421d,0x421c,0x421c,0x421c,0x421c,0x421e,0x421f,0x421f,0x421f,
	0x421f,0x421f,0x421c,0x421c,0x421c,0x421c,0x421d,0x421f,0x421f,0x421f,0x421f,0x421f,0x421d,0x421c,0x421c,0x421c,
	0x421c,0x421e,0x421f,0x421f,0x421f,0x421f,0x421e,0x421c,0x421c,0x421c,0x421c,0x421d,0x421f,0x421f,0x421f,0x421f,
	0x421f,0x421d,0x421c,0x421c,0x421c,0x421c,0x421f,0x421f,0x421f,0x421f,0x421f,0x421e,0x421c,0x421c,0x421c,0x421c,
	0x421d,0x421f,0x421f,0x421f,0x421f,0x421f,0x421c,0x421c,0x421c,0x421c,0x421c,0x421f,0x421f,0x421f,0x421f,0x421f,
	0x421e,0x421c,0x421c,0x421c,0x421c,0x421d,0x421f,0x421f,0x421f,0x421f,0x421f,0x421c,0x421c,0x421c,0x421c,0x421c,
	0x421f,0x421f,0x421f,0x421f,0x421f,0x421d,0x421c,0x421c,0x421c,0x421c,0x421e,0x421f,0x421f,0x421f,0x421f,0x421f,
	0x421c,0x421c,0x421c,0x421c,0x421c,0x421f,0x421f,0x421f,0x421f,0x421f,0x421d,0x421c,0x421c,0x421c,0x421c,0x421e,
	0x421f,0x421f,0x421f,0x421f,0x421e,0x421c,0x421c,0x421c,0x421c,0x421d,0x421f,0x421f,0x421f,0x421f,0x421f,0x421d,
	0x421c,0x421c,0x421c,0x421c,0x421e,0x421f,0x421f,0x421f,0x421f,0x421e,0x421c,0x421c,0x421c,0x421c,0x421d,0x421f,
	0x421f,0x421f,0x421f,0x421f,0x421d,0x421c,0x421c,0x421c,0x421c,0x421f,0x421f,0x421f,0x421f,0x421f,0x421e,0x421c,
	0x421c,0x421c,0x421c,0x421d,0x421f,0x421f,0x421f,0x421f,0x421f,0x421c,0x421c,0x421c,0x421c,0x421c,0x421f,0x421f,
	0x421f,0x421f,0x421f,0x421e,0x421c,0x421c,0x421c,0x421c,0x421e,0x421f,0x421f,0x421f,0x421f,0x421f,0x421c,0x421c,
	0x421c,0x421c,0x421c,0x421f,0x421f,0x421f,0x421f,0x421f,0x421d,0x421c,0x421c,0x421c,0x421c,0x421e,0x421f,0x421f,
	0x421f,0x421f,0x421e,0x421d,0x421d,0x421d,0x421d,0x421e,0x421f,0x421f,0x421f,0x421f,0x421e,0x421d,0x421d,0x421d,
	0x421d,0x421d,0x421e,0x421f,0x421f,0x421f,0x421f,0x421d,0x421d,0x421d,0x421d,0x421d,0x421e,0x421f,0x421f,0x421f,
	0x421f,0x421e,0x421d,0x421d,0x421d,0x421d,0x421d,0x421f,0x421f,0x421f,0x421f,0x421f,0x421d,0x421d,0x421d,0x421d,
	0x421d,0x421e,0x421f,0x421f,0x421f,0x421f,0x421e,0x421d,0x421d,0x421d,0x421d,0x421d,0x421f,0x421f,0x421f,0x421f,
	0x421f,0x421d,0x421d,0x421d,0x421d,0x421d,0x421e,0x421f,0x421f,0x421f,0x421f,0x421e,0x421d,0x421d,0x421d,0x421d,
	0x421e,0x421f,0x421f,0x421f,0x421f,0x421f,0x421d,0x421d,0x421d,0x421d,0x421d,0x421e,0x421f,0x421f,0x421f,0x421f,
	0x421e,0x421d,0x421d,0x421d,0x421d,0x421e,0x421f,0x421f,0x421f,0x421f,0x421e,0x421d,0x421d,0x421d,0x421d,0x421d,
	0x421e,0x421f,0x421f,0x421f,0x421f,0x421e,0x421d,0x41fd,0x421d,0x421d,0x41fe,0x41ff,0x41ff,0x421f,0x421f,0x41fe,
	0x41fd,0x41fd,0x41fd,0x41fd,0x41fd,0x41ff,0x41ff,0x41ff,0x41ff,0x421f,0x421d,0x421d,0x421d,0x421d,0x421d,0x421e,
	0x421f,0x421f,0x421f,0x421f,0x421e,0x421d,0x421d,0x421d,0x421d,0x421d,0x421f,0x421f,0x421f,0x421f,0x421f,0x421d,
	0x421d,0x421d,0x421d,0x421d,0x421e,0x421f,0x421f,0x421f,0x421f,0x421e,0x421d,0x421d,0x421d,0x421d,0x421d,0x421f,
	0x421f,0x421f,0x421f,0x421f,0x421d,0x421d,0x421d,0x421d,0x421d,0x421e,0x421f,0x421f,0x421f,0x421f,0x421e,0x421d,
	0x421d,0x421d,0x421d,0x421d,0x421f,0x421f,0x421f,0x421f,0x421f,0x421d,0x421d,0x421d,0x421d,0x421d,0x421e,0x421f,
	0x421f,0x421f,0x421f,0x421e,0x421d,0x421d,0x421d,0x421d,0x421e,0x421f,0x421f,0x421f,0x421f,0x421e,0x421d,0x421d,
	0x421d,0x421d,0x421d,0x421e,0x421f,0x421f,0x421f,0x421f,0x421d,0x421d,0x421d,0x421d,0x421d,0x421e,0x421f,0x421f,
	0x421c,0x421c,0x421e,0x421f,0x421f,0x421f,0x421f,0x421e,0x421c,0x421c,0x421c,0x421c,0x421d,0x421f,0x421f,0x421f,
	0x421f,0x421f,0x421d,0x421c,0x421c,0x421c,0x421c,0x421e,0x421f,0x421f,0x421f,0x421f,0x421e,0x421c,0x421c,0x421c,
	0x421c,0x421d,0x421f,0x421f,0x421f,0x421f,0x421f,0x421c,0x421c,0x421c,0x421c,0x421c,0x421f,0x421f,0x421f,0x421f,
	0x421f,0x421e,0x421c,0x421c,0x421c,0x421c,0x421e,0x421f,0x421f,0x421f,0x421f,0x421f,0x421c,0x421c,0x421c,0x421c,
	0x421c,0x421f,0x421f,0x421f,0x421f,0x421f,0x421d,0x421c,0x421c,0x421c,0x421c,0x421e,0x421f,0x421f,0x421f,0x421f,
	0x421f,0x421c,0x421c,0x421c,0x421c,0x421d,0x421f,0x421f,0x421f,0x421f,0x421f,0x421d,0x421c,0x421c,0x421c,0x421c,
	0x421e,0x421f,0x421f,0x421f,0x421f,0x421f,0x421c,0x421c,0x421c,0x421c,0x421d,0x421f,0x421f,0x421f,0x421f,0x421f,
	0x421d,0x421c,0x421c,0x41fc,0x421c,0x421e,0x421f,0x3e1f,0x3e1f,0x3e1f,0x3e1f,0x3e1c,0x3e1c,0x421c,0x3e1c,0x3e1d,
	0x3e1f,0x3e1f,0x3e1f,0x3e1f,0x3e1f,0x3e1d,0x3e1c,0x3e1c,0x3e1c,0x421c,0x41ff,0x41ff,0x41ff,0x421f,0x421f,0x421e,
	0x421c,0x421c,0x421c,0x421c,0x421d,0x421f,0x421f,0x421f,0x421f,0x421f,0x421c,0x421c,0x421c,0x421c,0x421c,0x421f,
	0x421f,0x421f,0x421f,0x421f,0x421d,0x421c,0x421c,0x421c,0x421c,0x421e,0x421f,0x421f,0x421f,0x421f,0x421f,0x421c,
	0x421c,0x421c,0x421c,0x421c,0x421f,0x421f,0x421f,0x421f,0x421f,0x421d,0x421c,0x421c,0x421c,0x421c,0x421e,0x421f,
	0x421f,0x421f,0x421f,0x421f,0x421c,0x421c,0x421c,0x421c,0x421d,0x421f,0x421f,0x421f,0x421f,0x421f,0x421d,0x421c,
	0x421c,0x421c,0x421c,0x421e,0x421f,0x421f,0x421f,0x421f,0x421e,0x421c,0x421c,0x421c,0x421c,0x421d,0x421f,0x421f,
	0x421f,0x421f,0x421f,0x421c,0x421c,0x421c,0x421c,0x421c,0x421e,0x421f,0x421f,0x421f,0x421f,0x421e,0x421c,0x421c,
	0x421d,0x421c,0x421e,0x421f,0x421f,0x421f,0x421f,0x421e,0x421c,0x421c,0x421c,0x421c,0x421d,0x421f,0x421f,0x421f,
	0x421f,0x421f,0x421d,0x421c,0x421c,0x421c,0x421c,0x421e,0x421f,0x421f,0x421f,0x421f,0x421e,0x421c,0x421c,0x421c,
	0x421c,0x421d,0x421f,0x421f,0x421f,0x421f,0x421f,0x421c,0x421c,0x421c,0x421c,0x421c,0x421f,0x421f,0x421f,0x421f,
	0x421f,0x421e,0x421c,0x421d,0x421c,0x421c,0x421e,0x421f,0x421f,0x421f,0x421f,0x421f,0x421c,0x421c,0x421c,0x421c,
	0x421d,0x421f,0x421f,0x421f,0x421f,0x421f,0x421d,0x421c,0x421c,0x421c,0x421c,0x421d,0x421f,0x421f,0x421f,0x421f,
	0x421f,0x421c,0x421c,0x421c,0x421c,0x421d,0x421f,0x421f,0x421f,0x421f,0x421f,0x421d,0x421c,0x421c,0x421c,0x421c,
	0x421e,0x421f,0x421f,0x421f,0x421f,0x421f,0x421c,0x421c,0x421c,0x421c,0x421d,0x421f,0x421f,0x421f,0x421f,0x421f,
	0x421d,0x421c,0x3e1c,0x3e1c,0x421c,0x421e,0x41ff,0x41de,0x41de,0x41be,0x45bd,0x459c,0x459c,0x457c,0x459c,0x459c,
	0x459d,0x459d,0x459d,0x457d,0x459d,0x45bc,0x41bc,0x41dc,0x41fc,0x3dfc,0x3e1e,0x3e1f,0x3e1f,0x3e1f,0x421f,0x41fe,
	0x421c,0x421c,0x421c,0x421c,0x421d,0x421f,0x421f,0x421f,0x421f,0x421f,0x421d,0x421c,0x421c,0x421c,0x421c,0x421f,
	0x421f,0x421f,0x421f,0x421f,0x421d,0x421c,0x421c,0x421c,0x421c,0x421e,0x421f,0x421f,0x421f,0x421f,0x421f,0x421c,
	0x421c,0x421c,0x421c,0x421c,0x421f,0x421f,0x421f,0x421f,0x421f,0x421d,0x421c,0x421d,0x421c,0x421c,0x421e,0x421f,
	0x421f,0x421f,0x421f,0x421f,0x421c,0x421c,0x421c,0x421c,0x421d,0x421f,0x421f,0x421f,0x421f,0x421f,0x421d,0x421c,
	0x421c,0x421c,0x421c,0x421e,0x421f,0x421f,0x421f,0x421f,0x421e,0x421c,0x421c,0x421c,0x421c,0x421d,0x421f,0x421f,
	0x421f,0x421f,0x421f,0x421d,0x421c,0x421c,0x421c,0x421c,0x421e,0x421f,0x421f,0x421f,0x421f,0x421e,0x421c,0x421d,
	0x421c,0x421c,0x421e,0x421f,0x421f,0x421f,0x421f,0x421e,0x421c,0x421c,0x421c,0x421c,0x421d,0x421f,0x421f,0x421f,
	0x421f,0x421f,0x421d,0x421c,0x421c,0x421c,0x421c,0x421f,0x421f,0x421f,0x421f,0x421f,0x421e,0x421c,0x421c,0x421c,
	0x421c,0x421d,0x421f,0x421f,0x421f,0x421f,0x421f,0x421c,0x421c,0x421c,0x421c,0x421c,0x421f,0x421f,0x421f,0x421f,
	0x421f,0x421e,0x421c,0x421c,0x421c,0x421c,0x421d,0x421f,0x421f,0x421f,0x421f,0x421f,0x421c,0x421c,0x421c,0x421c,
	0x421c,0x421f,0x421f,0x421f,0x421f,0x421f,0x421d,0x421c,0x421c,0x421c,0x421c,0x421e,0x421f,0x421f,0x421f,0x421f,
	0x421f,0x421c,0x421c,0x421c,0x421c,0x421c,0x421f,0x421f,0x421f,0x421f,0x421f,0x421d,0x421c,0x421c,0x421c,0x421c,
	0x421e,0x421f,0x421f,0x421f,0x421f,0x421e,0x421c,0x421c,0x421c,0x421c,0x421d,0x421f,0x421f,0x41ff,0x421f,0x3e1f,
	0x3e1d,0x421c,0x41dc,0x45bc,0x459c,0x459c,0x457c,0x497c,0x497c,0x495c,0x497c,0x497c,0x497c,0x497c,0x497c,0x497c,
	0x497c,0x497c,0x497c,0x495c,0x495c,0x495c,0x495c,0x495c,0x495c,0x457c,0x457c,0x459d,0x41be,0x41ff,0x3e1f,0x3e1e,
	0x3e1c,0x421c,0x41fc,0x3dfc,0x3e1d,0x3e1f,0x421f,0x421f,0x421f,0x421f,0x3e1c,0x3e1c,0x3e1c,0x3e1c,0x3e1c,0x421f,
	0x421f,0x421f,0x421f,0x421f,0x421d,0x421c,0x421c,0x421c,0x421c,0x421e,0x421f,0x421f,0x421f,0x421f,0x421f,0x421c,
	0x421c,0x421c,0x421c,0x421c,0x421f,0x421f,0x421f,0x421f,0x421f,0x421d,0x421c,0x421c,0x421c,0x421c,0x421e,0x421f,
	0x421f,0x421f,0x421f,0x421f,0x421c,0x421c,0x421c,0x421c,0x421d,0x421f,0x421f,0x421f,0x421f,0x421f,0x421d,0x421c,
	0x421c,0x421c,0x421c,0x421e,0x421f,0x421f,0x421f,0x421f,0x421e,0x421c,0x421c,0x421c,0x421c,0x421d,0x421f,0x421f,
	0x421f,0x421f,0x421f,0x421d,0x421c,0x421c,0x421c,0x421c,0x421e,0x421f,0x421f,0x421f,0x421f,0x421e,0x421c,0x421c,
	0x421f,0x421f,0x421e,0x421d,0x421d,0x421d,0x421d,0x421e,0x421f,0x421f,0x421f,0x421f,0x421e,0x421d,0x421d,0x421d,
	0x421d,0x421d,0x421e,0x421f,0x421f,0x421f,0x421e,0x421d,0x421d,0x421d,0x421d,0x421d,0x421e,0x421f,0x421f,0x421f,
	0x421f,0x421e,0x421d,0x421d,0x421d,0x421d,0x421e,0x421f,0x421f,0x421f,0x421f,0x421f,0x421d,0x421d,0x421d,0x421d,
	0x421d,0x421e,0x421f,0x421f,0x421f,0x421f,0x421e,0x421d,0x421d,0x421d,0x421d,0x421e,0x421e,0x421f,0x421f,0x421f,
	0x421f,0x421d,0x421d,0x421d,0x421d,0x421d,0x421e,0x421f,0x421f,0x421f,0x421f,0x421e,0x421d,0x421d,0x421d,0x421d,
	0x421e,0x421f,0x421f,0x421f,0x421f,0x421e,0x421d,0x421d,0x421d,0x421d,0x421d,0x421e,0x421f,0x421f,0x421f,0x421f,
	0x421e,0x421d,0x421d,0x421d,0x421d,0x421e,0x421f,0x421f,0x421f,0x421f,0x421e,0x421d,0x421d,0x3e1d,0x41fd,0x41dd,
	0x45bd,0x499c,0x497c,0x497c,0x497c,0x497c,0x497c,0x497c,0x497c,0x497c,0x497c,0x497c,0x497c,0x497d,0x497d,0x497d,
	0x497d,0x497d,0x497d,0x497d,0x497d,0x497d,0x497d,0x497c,0x495c,0x495c,0x495c,0x495c,0x493b,0x495c,0x457c,0x45bd,
	0x41de,0x3e1f,0x3e1f,0x3e1f,0x3dfe,0x3e1d,0x3e1d,0x421d,0x421d,0x421d,0x421f,0x421e,0x421e,0x421f,0x421f,0x421d,
	0x421d,0x421d,0x421d,0x421d,0x421e,0x421f,0x421f,0x421f,0x421f,0x421e,0x421d,0x421d,0x421d,0x421d,0x421e,0x421f,
	0x421f,0x421f,0x421f,0x421f,0x421d,0x421d,0x421d,0x421d,0x421d,0x421e,0x421f,0x421f,0x421f,0x421f,0x421e,0x421d,
	0x421d,0x421d,0x421d,0x421e,0x421f,0x421f,0x421f,0x421f,0x421e,0x421d,0x421d,0x421d,0x421d,0x421d,0x421e,0x421f,
	0x421f,0x421f,0x421f,0x421e,0x421d,0x421d,0x421d,0x421d,0x421e,0x421f,0x421f,0x421f,0x421f,0x421e,0x421d,0x421d,
	0x421d,0x421d,0x421d,0x421e,0x421f,0x421f,0x421f,0x421f,0x421d,0x421d,0x421d,0x421d,0x421d,0x421e,0x421f,0x421f,
	0x421f,0x421f,0x421d,0x421c,0x421c,0x421c,0x421c,0x421e,0x421f,0x421f,0x421f,0x421f,0x421f,0x421c,0x421c,0x421c,
	0x421c,0x421d,0x421f,0x421f,0x421f,0x421f,0x421f,0x421d,0x421c,0x421c,0x421c,0x421c,0x421e,0x421f,0x421f,0x421f,
	0x421f,0x421f,0x421c,0x421c,0x421c,0x421c,0x421d,0x421f,0x421f,0x421f,0x421f,0x421f,0x421d,0x421c,0x421c,0x421c,
	0x421c,0x421e,0x421f,0x421f,0x421f,0x421f,0x421e,0x421c,0x421c,0x421c,0x421c,0x421d,0x421f,0x421f,0x421f,0x421f,
	0x421f,0x421d,0x421c,0x421c,0x421c,0x421c,0x421f,0x421f,0x421f,0x421f,0x421f,0x421e,0x421c,0x421c,0x421c,0x421c,
	0x421d,0x421f,0x421f,0x421f,0x421f,0x421f,0x421d,0x421c,0x421c,0x421c,0x421c,0x421f,0x421f,0x421f,0x421f,0x421f,
	0x421e,0x421c,0x421c,0x421c,0x421c,0x421d,0x421f,0x421f,0x41ff,0x3e1f,0x3e1f,0x421c,0x41fc,0x45dc,0x459c,0x497c,
	0x497c,0x497c,0x497c,0x497c,0x497c,0x497c,0x497c,0x497c,0x497c,0x497c,0x497c,0x497c,0x497c,0x497c,0x497c,0x497c,
	0x497c,0x497c,0x497c,0x497c,0x497d,0x497d,0x497d,0x497c,0x497c,0x497c,0x457c,0x457c,0x495c,0x495c,0x495c,0x495b,
	0x493c,0x497c,0x45be,0x41ff,0x3e1f,0x3e1c,0x41fc,0x421c,0x421c,0x421d,0x421f,0x421f,0x421f,0x421f,0x421f,0x421d,
	0x421c,0x421c,0x421c,0x421c,0x421e,0x421f,0x421f,0x421f,0x421f,0x421e,0x421c,0x421c,0x421c,0x421c,0x421d,0x421f,
	0x421f,0x421f,0x421f,0x421f,0x421c,0x421c,0x421c,0x421c,0x421c,0x421f,0x421f,0x421f,0x421f,0x421f,0x421e,0x421c,
	0x421c,0x421c,0x421c,0x421d,0x421f,0x421f,0x421f,0x421f,0x421f,0x421c,0x421c,0x421c,0x421c,0x421c,0x421f,0x421f,
	0x421f,0x421f,0x421f,0x421e,0x421c,0x421c,0x421c,0x421c,0x421e,0x421f,0x421f,0x421f,0x421f,0x421f,0x421c,0x421c,
	0x421c,0x421c,0x421c,0x421f,0x421f,0x421f,0x421f,0x421f,0x421d,0x421c,0x421c,0x421c,0x421c,0x421e,0x421f,0x421f,
	0x421f,0x421f,0x421d,0x421c,0x421c,0x421c,0x421c,0x421e,0x421f,0x421f,0x421f,0x421f,0x421f,0x421c,0x421c,0x421c,
	0x421c,0x421c,0x421f,0x421f,0x421f,0x421f,0x421f,0x421d,0x421c,0x421c,0x421c,0x421c,0x421e,0x421f,0x421f,0x421f,
	0x421f,0x421f,0x421c,0x421c,0x421c,0x421c,0x421d,0x421f,0x421f,0x421f,0x421f,0x421f,0x421d,0x421c,0x421c,0x421c,
	0x421c,0x421e,0x421f,0x421f,0x421f,0x421f,0x421e,0x421c,0x421c,0x421c,0x421c,0x421d,0x421f,0x421f,0x421f,0x421f,
	0x421f,0x421d,0x421c,0x421c,0x421c,0x421c,0x421e,0x421f,0x421f,0x421f,0x421f,0x421e,0x421c,0x421c,0x421c,0x421c,
	0x421d,0x421f,0x421f,0x421f,0x421f,0x421f,0x421c,0x421c,0x421c,0x421c,0x421c,0x421f,0x421f,0x421f,0x421f,0x421f,
	0x421e,0x421c,0x421c,0x421c,0x421c,0x421d,0x421f,0x421f,0x3e1f,0x3dff,0x41fe,0x45bd,0x459c,0x459c,0x499c,0x499c,
	0x497c,0x497c,0x497b,0x497b,0x495b,0x495b,0x495b,0x495b,0x495b,0x495b,0x495b,0x495b,0x495b,0x495b,0x495c,0x495c,
	0x497c,0x497c,0x497c,0x497c,0x497c,0x497c,0x497c,0x497c,0x497c,0x497c,0x497c,0x497c,0x495c,0x495c,0x495c,0x497c,
	0x495c,0x493b,0x493b,0x495c,0x459d,0x41fc,0x421d,0x421c,0x41fc,0x421d,0x421f,0x421f,0x421f,0x421f,0x421f,0x421d,
	0x421c,0x421c,0x421c,0x421c,0x421e,0x421f,0x421f,0x421f,0x421f,0x421e,0x421c,0x421c,0x421c,0x421c,0x421d,0x421f,
	0x421f,0x421f,0x421f,0x421f,0x421c,0x421c,0x421c,0x421c,0x421c,0x421f,0x421f,0x421f,0x421f,0x421f,0x421e,0x421c,
	0x421c,0x421c,0x421c,0x421d,0x421f,0x421f,0x421f,0x421f,0x421f,0x421c,0x421c,0x421c,0x421c,0x421c,0x421f,0x421f,
	0x421f,0x421f,0x421f,0x421e,0x421c,0x421c,0x421c,0x421c,0x421e,0x421f,0x421f,0x421f,0x421f,0x421f,0x421c,0x421c,
	0x421c,0x421c,0x421c,0x421f,0x421f,0x421f,0x421f,0x421f,0x421d,0x421c,0x421c,0x421c,0x421c,0x421e,0x421f,0x421f,
	0x421f,0x421f,0x421e,0x421d,0x421d,0x421d,0x421d,0x421e,0x421f,0x421f,0x421f,0x421f,0x421e,0x421d,0x421d,0x421d,
	0x421d,0x421d,0x421e,0x421f,0x421f,0x421f,0x421f,0x421d,0x421d,0x421d,0x421d,0x421d,0x421e,0x421f,0x421f,0x421f,
	0x421f,0x421e,0x421d,0x421d,0x421d,0x421d,0x421d,0x421e,0x421f,0x421f,0x421f,0x421f,0x421d,0x421d,0x421d,0x421d,
	0x421d,0x421e,0x421f,0x421f,0x421f,0x421f,0x421e,0x421d,0x421d,0x421d,0x421d,0x421d,0x421f,0x421f,0x421f,0x421f,
	0x421f,0x421d,0x421d,0x421d,0x421d,0x421d,0x421e,0x421f,0x421f,0x421f,0x421f,0x421e,0x421d,0x421d,0x421d,0x421d,
	0x421e,0x421f,0x421f,0x421f,0x421f,0x421f,0x421d,0x421d,0x421d,0x421d,0x421d,0x421e,0x421f,0x421e,0x421e,0x421e,
	0x421e,0x421d,0x421d,0x421d,0x421d,0x3e1e,0x3e1f,0x3e1f,0x41ff,0x41de,0x45bd,0x459c,0x499c,0x499c,0x497b,0x497b,
	0x497b,0x4d5b,0x4d5b,0x4d5b,0x4d5b,0x4d5b,0x4d5a,0x4d5a,0x4d5b,0x4d5b,0x4d5b,0x4d5b,0x4d5b,0x4d5b,0x4d5b,0x495b,
	0x495b,0x495b,0x495b,0x495c,0x495c,0x495c,0x495c,0x495c,0x495c,0x497c,0x497c,0x497c,0x495c,0x495c,0x495c,0x495c,
	0x495c,0x495c,0x495c,0x495b,0x493b,0x493b,0x459c,0x41fd,0x421d,0x41fd,0x421e,0x421f,0x421f,0x421f,0x421f,0x421d,
	0x421d,0x421d,0x421d,0x421d,0x421e,0x421f,0x421e,0x421e,0x421f,0x421e,0x421d,0x421d,0x421d,0x421d,0x421d,0x421f,
	0x421f,0x421f,0x421f,0x421f,0x421d,0x421d,0x421d,0x421d,0x421d,0x421e,0x421f,0x421f,0x421f,0x421f,0x421e,0x421d,
	0x421d,0x421d,0x421d,0x421e,0x421f,0x421f,0x421f,0x421f,0x421e,0x421d,0x421d,0x421d,0x421d,0x421d,0x421e,0x421f,
	0x421f,0x421f,0x421f,0x421e,0x421d,0x421d,0x421d,0x421d,0x421e,0x421e,0x421f,0x421f,0x421f,0x421e,0x421d,0x421d,
	0x421d,0x421d,0x421d,0x421e,0x421f,0x421f,0x421f,0x421f,0x421e,0x421d,0x421d,0x421d,0x421d,0x421e,0x421f,0x421f,
	0x421c,0x421c,0x421e,0x421f,0x421f,0x421f,0x421f,0x421e,0x421c,0x421c,0x421c,0x421c,0x421d,0x421f,0x421f,0x421f,
	0x421f,0x421f,0x421d,0x421c,0x421c,0x421c,0x421c,0x421e,0x421f,0x421f,0x421f,0x421f,0x421e,0x421c,0x421c,0x421c,
	0x421c,0x421d,0x421f,0x421f,0x421f,0x421f,0x421f,0x421c,0x421c,0x421c,0x421c,0x421c,0x421f,0x421f,0x421f,0x421f,
	0x421f,0x421e,0x421c,0x421c,0x421c,0x421c,0x421d,0x421f,0x421f,0x421f,0x421f,0x421f,0x421c,0x421c,0x421c,0x421c,
	0x421c,0x421f,0x421f,0x421f,0x421f,0x421f,0x421d,0x421c,0x421c,0x421c,0x421c,0x421e,0x421f,0x421f,0x421f,0x421f,
	0x421f,0x421c,0x421c,0x421c,0x421c,0x421c,0x421f,0x421f,0x421f,0x421f,0x421f,0x421d,0x421c,0x421c,0x421c,0x421c,
	0x421e,0x421f,0x421f,0x421f,0x421f,0x3e1e,0x41fc,0x41fd,0x45bd,0x45bd,0x45bc,0x499c,0x499b,0x497b,0x4d7b,0x4d7b,
	0x4d5a,0x4d5a,0x4d5a,0x4d5a,0x4d5a,0x4d5a,0x4d3a,0x4d3a,0x4d3a,0x4d3a,0x4d3a,0x4d3a,0x4d3a,0x4d3a,0x4d3a,0x4d3a,
	0x4d5b,0x4d5b,0x4d5b,0x4d5b,0x495b,0x495b,0x495b,0x495b,0x495c,0x495c,0x495c,0x495c,0x495c,0x495c,0x495c,0x495c,
	0x495c,0x495c,0x495c,0x495c,0x495c,0x493b,0x493b,0x495c,0x41de,0x3e1f,0x421c,0x41fc,0x421c,0x421c,0x421c,0x421f,
	0x421f,0x421f,0x421f,0x421f,0x421e,0x421c,0x421c,0x421c,0x421c,0x421d,0x421f,0x421f,0x421f,0x421f,0x421f,0x421c,
	0x421c,0x421c,0x421c,0x421c,0x421f,0x421f,0x421f,0x421f,0x421f,0x421d,0x421c,0x421c,0x421c,0x421c,0x421e,0x421f,
	0x421f,0x421f,0x421f,0x421f,0x421c,0x421c,0x421c,0x421c,0x421d,0x421f,0x421f,0x421f,0x421f,0x421f,0x421d,0x421c,
	0x421c,0x421c,0x421c,0x421e,0x421f,0x421f,0x421f,0x421f,0x421e,0x421c,0x421c,0x421c,0x421c,0x421d,0x421f,0x421f,
	0x421f,0x421f,0x421f,0x421d,0x421c,0x421c,0x421c,0x421c,0x421f,0x421f,0x421f,0x421f,0x421f,0x421e,0x421c,0x421c,
	0x421d,0x421c,0x421e,0x421f,0x421f,0x421f,0x421f,0x421e,0x421c,0x421c,0x421c,0x421c,0x421d,0x421f,0x421f,0x421f,
	0x421f,0x421f,0x421d,0x421c,0x421c,0x421c,0x421c,0x421f,0x421f,0x421f,0x421f,0x421f,0x421e,0x421c,0x421c,0x421c,
	0x421c,0x421d,0x421f,0x421f,0x421f,0x421f,0x421f,0x421d,0x421c,0x421c,0x421c,0x421c,0x421f,0x421f,0x421f,0x421f,
	0x421f,0x421e,0x421c,0x421c,0x421c,0x421c,0x421e,0x421f,0x421f,0x421f,0x421f,0x421f,0x421c,0x421d,0x421d,0x421d,
	0x421c,0x421f,0x421f,0x421f,0x421f,0x421f,0x421e,0x421c,0x421c,0x421c,0x421c,0x421e,0x421f,0x421f,0x421f,0x421f,
	0x421f,0x421c,0x421c,0x421c,0x421c,0x421d,0x421f,0x421f,0x421f,0x421f,0x421f,0x421e,0x421c,0x421c,0x421d,0x421c,
	0x421e,0x421f,0x421f,0x421f,0x421f,0x41ff,0x45dd,0x45bd,0x45bd,0x499c,0x499b,0x499b,0x497b,0x4d7a,0x4d5a,0x4d5a,
	0x4d5a,0x4d59,0x4d39,0x4d39,0x4d39,0x4d39,0x5139,0x5139,0x5139,0x5139,0x513a,0x4d3a,0x4d3a,0x4d3a,0x4d3a,0x4d3a,
	0x4d3a,0x4d3a,0x4d3a,0x4d3a,0x4d3b,0x4d3b,0x4d3b,0x4d5b,0x4d5b,0x4d5b,0x495b,0x495b,0x495b,0x495b,0x495b,0x495b,
	0x495c,0x495c,0x495c,0x495c,0x495c,0x495c,0x495c,0x493c,0x493b,0x457d,0x41fd,0x3e1d,0x41fc,0x41fc,0x41fc,0x421f,
	0x421f,0x421f,0x421f,0x421f,0x421e,0x421c,0x421d,0x421d,0x421c,0x421d,0x421f,0x421f,0x421f,0x421f,0x421f,0x421c,
	0x421c,0x421c,0x421c,0x421c,0x421f,0x421f,0x421f,0x421f,0x421f,0x421e,0x421c,0x421c,0x421c,0x421c,0x421e,0x421f,
	0x421f,0x421f,0x421f,0x421e,0x421c,0x421c,0x421c,0x421c,0x421d,0x421f,0x421f,0x421f,0x421f,0x421f,0x421d,0x421c,
	0x421c,0x421c,0x421c,0x421e,0x421f,0x421f,0x421f,0x421f,0x421e,0x421c,0x421c,0x421c,0x421c,0x421d,0x421f,0x421f,
	0x421f,0x421f,0x421f,0x421d,0x421c,0x421c,0x421c,0x421c,0x421e,0x421f,0x421f,0x421f,0x421f,0x421e,0x421c,0x421d,
	0x421c,0x421c,0x421e,0x421f,0x421f,0x421f,0x421f,0x421e,0x421c,0x421c,0x421c,0x421c,0x421d,0x421f,0x421f,0x421f,
	0x421f,0x421f,0x421d,0x421c,0x421c,0x421c,0x421c,0x421f,0x421f,0x421f,0x421f,0x421f,0x421e,0x421c,0x421c,0x421c,
	0x421c,0x421d,0x421f,0x421f,0x421f,0x421f,0x421f,0x421c,0x421c,0x421c,0x421c,0x421c,0x421f,0x421f,0x421f,0x421f,
	0x421f,0x421e,0x421c,0x421c,0x421c,0x421c,0x421e,0x421f,0x421f,0x421f,0x421f,0x421f,0x421c,0x421d,0x421c,0x421c,
	0x421c,0x421f,0x421f,0x421f,0x421f,0x421f,0x421e,0x421c,0x421c,0x421c,0x421c,0x421e,0x421f,0x421f,0x421f,0x421f,
	0x421f,0x421c,0x421c,0x421c,0x421c,0x421d,0x421f,0x421f,0x421f,0x421f,0x421f,0x421d,0x421c,0x421c,0x421c,0x421c,
	0x421e,0x421f,0x421f,0x421f,0x41ff,0x41de,0x45dd,0x45bc,0x49bc,0x499b,0x497b,0x4d7a,0x4d7a,0x4d5a,0x4d59,0x4d59,
	0x5139,0x5139,0x5139,0x5139,0x5139,0x5139,0x5139,0x5139,0x5119,0x5119,0x5119,0x5119,0x5119,0x5119,0x5119,0x5139,
	0x5139,0x4d3a,0x4d3a,0x4d3a,0x4d3a,0x4d3a,0x4d3a,0x4d3a,0x4d3b,0x4d3b,0x4d3b,0x4d3b,0x4d3b,0x4d3b,0x4d3b,0x493b,
	0x495b,0x495b,0x495c,0x495c,0x495c,0x495c,0x495c,0x495c,0x495c,0x491b,0x495b,0x41fc,0x3e1d,0x41fc,0x41fc,0x421f,
	0x421f,0x421f,0x421f,0x421f,0x421e,0x421c,0x421c,0x421c,0x421c,0x421e,0x421f,0x421f,0x421f,0x421f,0x421f,0x421c,
	0x421c,0x421c,0x421c,0x421c,0x421f,0x421f,0x421f,0x421f,0x421f,0x421e,0x421c,0x421c,0x421c,0x421c,0x421e,0x421f,
	0x421f,0x421f,0x421f,0x421f,0x421c,0x421c,0x421c,0x421c,0x421d,0x421f,0x421f,0x421f,0x421f,0x421f,0x421d,0x421c,
	0x421c,0x421c,0x421c,0x421e,0x421f,0x421f,0x421f,0x421f,0x421f,0x421c,0x421c,0x421c,0x421c,0x421d,0x421f,0x421f,
	0x421f,0x421f,0x421f,0x421d,0x421c,0x421c,0x421c,0x421c,0x421f,0x421f,0x421f,0x421f,0x421f,0x421e,0x421c,0x421c,
	0x421f,0x421f,0x421e,0x421d,0x421d,0x421d,0x421d,0x421e,0x421f,0x421f,0x421f,0x421f,0x421e,0x421d,0x421d,0x421d,
	0x421d,0x421d,0x421f,0x421f,0x421f,0x421f,0x421f,0x421e,0x421d,0x421d,0x421d,0x421d,0x421e,0x421f,0x421f,0x421f,
	0x421f,0x421e,0x421d,0x421d,0x421d,0x421d,0x421d,0x421f,0x421f,0x421f,0x421f,0x421f,0x421e,0x421d,0x421d,0x421d,
	0x421d,0x421e,0x421f,0x421f,0x421f,0x421f,0x421e,0x421d,0x421d,0x421d,0x421d,0x421d,0x421f,0x421f,0x421f,0x421f,
	0x421f,0x421d,0x421d,0x421d,0x421d,0x421d,0x421e,0x421f,0x421f,0x421f,0x421f,0x421e,0x421d,0x421d,0x421d,0x421d,
	0x421e,0x421f,0x421f,0x421f,0x421f,0x421f,0x421d,0x421d,0x421d,0x421d,0x421d,0x421e,0x421f,0x421f,0x421f,0x421f,
	0x421e,0x421d,0x421d,0x41fd,0x41de,0x45dd,0x45bc,0x49bb,0x499b,0x499a,0x4d7a,0x4d5a,0x4d59,0x5159,0x5138,0x5138,
	0x5138,0x5138,0x5138,0x5118,0x5118,0x5118,0x5118,0x5118,0x5118,0x5118,0x5118,0x5118,0x5118,0x5118,0x5119,0x5119,
	0x5119,0x5119,0x5119,0x5119,0x4d19,0x4d1a,0x4d3a,0x4d3a,0x4d3a,0x4d3a,0x4d3a,0x4d3a,0x4d3a,0x4d3b,0x4d3b,0x4d3b,
	0x4d3b,0x493b,0x495b,0x495c,0x495c,0x495c,0x495c,0x495c,0x495c,0x495c,0x495b,0x495b,0x41de,0x3e1f,0x41ff,0x421d,
	0x421d,0x421d,0x421d,0x421d,0x421e,0x421f,0x421f,0x421f,0x421f,0x421e,0x421d,0x421d,0x421d,0x421d,0x421d,0x421f,
	0x421f,0x421f,0x421f,0x421f,0x421d,0x421d,0x421d,0x421d,0x421d,0x421e,0x421f,0x421f,0x421f,0x421f,0x421e,0x421d,
	0x421d,0x421d,0x421d,0x421d,0x421f,0x421f,0x421f,0x421f,0x421f,0x421d,0x421d,0x421d,0x421d,0x421d,0x421e,0x421f,
	0x421f,0x421f,0x421f,0x421e,0x421d,0x421d,0x421d,0x421d,0x421e,0x421f,0x421f,0x421f,0x421f,0x421e,0x421d,0x421d,
	0x421d,0x421d,0x421d,0x421f,0x421f,0x421f,0x421f,0x421f,0x421e,0x421d,0x421d,0x421d,0x421d,0x421e,0x421f,0x421f,
	0x421f,0x421f,0x421e,0x421c,0x421c,0x421c,0x421c,0x421e,0x421f,0x421f,0x421f,0x421f,0x421f,0x421c,0x421c,0x421c,
	0x421c,0x421c,0x421f,0x421f,0x421f,0x421f,0x421f,0x421d,0x421c,0x421c,0x421c,0x421c,0x421e,0x421f,0x421f,0x421f,
	0x421f,0x421f,0x421c,0x421c,0x421c,0x421c,0x421c,0x421f,0x421f,0x421f,0x421f,0x421f,0x421d,0x421c,0x421c,0x421c,
	0x421c,0x421e,0x421f,0x421f,0x421f,0x421f,0x421e,0x421c,0x421c,0x421c,0x421c,0x421d,0x421f,0x421f,0x421f,0x421f,
	0x421f,0x421d,0x421c,0x421c,0x421c,0x421c,0x421f,0x421f,0x421f,0x421f,0x421f,0x421e,0x421c,0x421c,0x421c,0x421c,
	0x421d,0x421f,0x421f,0x421f,0x421f,0x421f,0x421d,0x421c,0x421c,0x421c,0x421c,0x421f,0x421f,0x421f,0x421f,0x421f,
	0x421e,0x421c,0x41fd,0x41fd,0x45dd,0x45bc,0x49bb,0x499b,0x4d9a,0x4d79,0x4d79,0x4d59,0x5138,0x5138,0x5138,0x5118,
	0x5118,0x5118,0x5117,0x5117,0x5117,0x5117,0x5517,0x5117,0x5117,0x5117,0x5118,0x5118,0x5118,0x5118,0x5118,0x5118,
	0x5118,0x5118,0x5118,0x5119,0x5119,0x5119,0x5119,0x5119,0x511a,0x4d1a,0x4d1a,0x4d3a,0x4d3a,0x4d3a,0x4d3a,0x4d3b,
	0x4d3b,0x4d3b,0x4d3b,0x495b,0x495c,0x495c,0x495c,0x497c,0x497c,0x497c,0x495c,0x495b,0x495b,0x41de,0x421f,0x421d,
	0x421c,0x421c,0x421c,0x421c,0x421e,0x421f,0x421f,0x421f,0x421f,0x421e,0x421c,0x421c,0x421c,0x421c,0x421d,0x421f,
	0x421f,0x421f,0x421f,0x421f,0x421d,0x421c,0x421c,0x421c,0x421c,0x421e,0x421f,0x421f,0x421f,0x421f,0x421e,0x421c,
	0x421c,0x421c,0x421c,0x421d,0x421f,0x421f,0x421f,0x421f,0x421f,0x421c,0x421c,0x421c,0x421c,0x421c,0x421f,0x421f,
	0x421f,0x421f,0x421f,0x421e,0x421c,0x421c,0x421c,0x421c,0x421d,0x421f,0x421f,0x421f,0x421f,0x421f,0x421c,0x421c,
	0x421c,0x421c,0x421c,0x421f,0x421f,0x421f,0x421f,0x421f,0x421d,0x421c,0x421c,0x421c,0x421c,0x421e,0x421f,0x421f,
	0x421f,0x421f,0x421e,0x421c,0x421c,0x421c,0x421c,0x421d,0x421f,0x421f,0x421f,0x421f,0x421f,0x421c,0x421c,0x421c,
	0x421c,0x421c,0x421f,0x421f,0x421f,0x421f,0x421f,0x421d,0x421c,0x421c,0x421c,0x421c,0x421e,0x421f,0x421f,0x421f,
	0x421f,0x421f,0x421c,0x421c,0x421c,0x421c,0x421c,0x421f,0x421f,0x421f,0x421f,0x421f,0x421d,0x421c,0x421c,0x421c,
	0x421c,0x421e,0x421f,0x421f,0x421f,0x421f,0x421e,0x421c,0x421c,0x421c,0x421c,0x421d,0x421f,0x421f,0x421f,0x421f,
	0x421f,0x421d,0x421c,0x421c,0x421c,0x421c,0x421f,0x421f,0x421f,0x421f,0x421f,0x421e,0x421c,0x421c,0x421c,0x421c,
	0x421d,0x421f,0x421f,0x421f,0x421f,0x421f,0x421d,0x421c,0x421c,0x421c,0x421c,0x421f,0x421f,0x421f,0x421f,0x421f,
	0x41fe,0x41fc,0x41fd,0x45dd,0x45bc,0x49bb,0x499b,0x4d9a,0x4d79,0x4d79,0x5158,0x5138,0x5138,0x5137,0x5117,0x5117,
	0x5117,0x5117,0x5517,0x5517,0x5517,0x5517,0x54f7,0x54f7,0x54f7,0x54f7,0x54f7,0x54f7,0x54f7,0x54f7,0x50f7,0x50f7,
	0x5118,0x5118,0x5118,0x5118,0x5118,0x5118,0x5119,0x5119,0x5119,0x5119,0x5119,0x4d1a,0x4d3a,0x4d3a,0x4d3a,0x4d3a,
	0x4d3a,0x4d3b,0x4d3b,0x4d3b,0x495b,0x495c,0x495c,0x495c,0x497c,0x497c,0x495c,0x495c,0x495b,0x495b,0x41df,0x421d,
	0x421c,0x421c,0x421c,0x421c,0x421e,0x421f,0x421f,0x421f,0x421f,0x421e,0x421c,0x421c,0x421c,0x421c,0x421d,0x421f,
	0x421f,0x421f,0x421f,0x421f,0x421d,0x421c,0x421c,0x421c,0x421c,0x421e,0x421f,0x421f,0x421f,0x421f,0x421e,0x421c,
	0x421c,0x421c,0x421c,0x421d,0x421f,0x421f,0x421f,0x421f,0x421f,0x421c,0x421c,0x421c,0x421c,0x421c,0x421f,0x421f,
	0x421f,0x421f,0x421f,0x421e,0x421c,0x421c,0x421c,0x421c,0x421d,0x421f,0x421f,0x421f,0x421f,0x421f,0x421c,0x421c,
	0x421c,0x421c,0x421c,0x421f,0x421f,0x421f,0x421f,0x421f,0x421d,0x421c,0x421c,0x421c,0x421c,0x421e,0x421f,0x421f,
	0x421e,0x421e,0x421e,0x421d,0x421d,0x421d,0x421d,0x421e,0x421e,0x421f,0x421e,0x421f,0x421e,0x421d,0x421d,0x421d,
	0x421d,0x421d,0x421e,0x421e,0x421e,0x421e,0x421e,0x421e,0x421d,0x421d,0x421d,0x421d,0x421e,0x421e,0x421e,0x421e,
	0x421e,0x421e,0x421d,0x421d,0x421d,0x421d,0x421d,0x421e,0x421e,0x421e,0x421f,0x421f,0x421e,0x421d,0x421d,0x421d,
	0x421d,0x421e,0x421e,0x421e,0x421e,0x421e,0x421e,0x421d,0x421d,0x421d,0x421d,0x421e,0x421e,0x421e,0x421e,0x421e,
	0x421e,0x421d,0x421d,0x421d,0x421d,0x421d,0x421e,0x421e,0x421e,0x421e,0x421e,0x421e,0x421d,0x421d,0x421d,0x421d,
	0x421e,0x421f,0x421f,0x421e,0x421e,0x421e,0x421d,0x421d,0x421d,0x421d,0x421d,0x421e,0x421e,0x421e,0x421e,0x3e1e,
	0x41fe,0x41fd,0x45dd,0x45bc,0x49bb,0x499a,0x4d9a,0x4d79,0x4d59,0x5158,0x5137,0x5137,0x5137,0x5117,0x5517,0x5517,
	0x5516,0x54f6,0x54f6,0x54f6,0x54f6,0x54f6,0x54f6,0x54f6,0x54f6,0x54f6,0x54f6,0x54f7,0x54f7,0x54f7,0x54f7,0x54f7,
	0x54f7,0x54f7,0x54f7,0x50f7,0x50f8,0x50f8,0x5118,0x5118,0x5118,0x5119,0x5119,0x5119,0x5119,0x5119,0x4d3a,0x4d3a,
	0x4d3a,0x4d3a,0x4d3b,0x4d3b,0x4d5b,0x495b,0x495c,0x495c,0x495c,0x495c,0x495c,0x495c,0x495c,0x493b,0x495c,0x41fd,
	0x3e1d,0x41fd,0x421d,0x421d,0x421e,0x421e,0x421e,0x421e,0x421e,0x421e,0x421d,0x421d,0x421d,0x421d,0x421d,0x421f,
	0x421e,0x421e,0x421e,0x421e,0x421d,0x421d,0x421d,0x421d,0x421d,0x421e,0x421e,0x421e,0x421e,0x421e,0x421e,0x421d,
	0x421d,0x421d,0x421d,0x421e,0x421f,0x421e,0x421e,0x421e,0x421e,0x421d,0x421d,0x421d,0x421d,0x421d,0x421e,0x421f,
	0x421e,0x421e,0x421e,0x421e,0x421d,0x421d,0x421d,0x421d,0x421e,0x421e,0x421e,0x421e,0x421e,0x421e,0x421d,0x421d,
	0x421d,0x421d,0x421d,0x421e,0x421e,0x421e,0x421e,0x421e,0x421e,0x421d,0x421d,0x421d,0x421d,0x421e,0x421e,0x421e,
	0x421c,0x421c,0x421e,0x421f,0x421f,0x421f,0x421f,0x421e,0x421c,0x421c,0x421c,0x421c,0x421d,0x421f,0x421f,0x421f,
	0x421f,0x421f,0x421d,0x421c,0x421c,0x421c,0x421c,0x421e,0x421f,0x421f,0x421f,0x421f,0x421e,0x421c,0x421c,0x421c,
	0x421c,0x421d,0x421f,0x421f,0x421f,0x421f,0x421f,0x421d,0x421c,0x421c,0x421c,0x421c,0x421f,0x421f,0x421f,0x421f,
	0x421f,0x421e,0x421c,0x421c,0x421c,0x421c,0x421d,0x421f,0x421f,0x421f,0x421f,0x421f,0x421c,0x421c,0x421c,0x421c,
	0x421c,0x421f,0x421f,0x421f,0x421f,0x421f,0x421e,0x421c,0x421c,0x421c,0x421c,0x421e,0x421f,0x421f,0x421f,0x421f,
	0x421f,0x421c,0x421c,0x421c,0x421c,0x421c,0x421f,0x421f,0x421f,0x421f,0x421f,0x421d,0x421c,0x421c,0x3e1c,0x3e1c,
	0x41fd,0x41fd,0x45dc,0x49bb,0x499a,0x4d99,0x4d79,0x4d78,0x5158,0x5137,0x5137,0x5137,0x5116,0x5516,0x5516,0x54f6,
	0x54f6,0x54f6,0x54f6,0x54f6,0x54f6,0x54f6,0x54f6,0x54f6,0x54f6,0x54f6,0x54f6,0x54f6,0x54f6,0x54f6,0x54f6,0x54f6,
	0x54f7,0x54f7,0x54f7,0x54f7,0x54f7,0x54f7,0x54f7,0x50f8,0x50f8,0x50f8,0x5118,0x5118,0x5119,0x5119,0x5119,0x5119,
	0x4d3a,0x4d3a,0x4d3a,0x4d3a,0x4d3b,0x4d5b,0x495b,0x495c,0x495c,0x495c,0x495c,0x495c,0x495c,0x495c,0x493b,0x459d,
	0x3e1f,0x41ff,0x41ff,0x421f,0x421e,0x421c,0x421c,0x421c,0x421c,0x421d,0x421f,0x421f,0x421f,0x421f,0x421f,0x421c,
	0x421c,0x421c,0x421c,0x421c,0x421f,0x421f,0x421f,0x421f,0x421f,0x421d,0x421c,0x421c,0x421c,0x421c,0x421e,0x421f,
	0x421f,0x421f,0x421f,0x421f,0x421c,0x421c,0x421c,0x421c,0x421c,0x421f,0x421f,0x421f,0x421f,0x421f,0x421d,0x421c,
	0x421c,0x421c,0x421c,0x421e,0x421f,0x421f,0x421f,0x421f,0x421e,0x421c,0x421c,0x421c,0x421c,0x421d,0x421f,0x421f,
	0x421f,0x421f,0x421f,0x421d,0x421c,0x421c,0x421c,0x421c,0x421e,0x421f,0x421f,0x421f,0x421f,0x421e,0x421c,0x421c,
	0x421d,0x421c,0x421e,0x421f,0x421f,0x421f,0x421f,0x421e,0x421c,0x421c,0x421c,0x421c,0x421d,0x421f,0x421f,0x421f,
	0x421f,0x421f,0x421d,0x421c,0x421c,0x421c,0x421c,0x421e,0x421f,0x421f,0x421f,0x421f,0x421e,0x421c,0x421c,0x421c,
	0x421c,0x421d,0x421f,0x421f,0x421f,0x421f,0x421f,0x421d,0x421c,0x421c,0x421c,0x421c,0x421f,0x421f,0x421f,0x421f,
	0x421f,0x421e,0x421c,0x421c,0x421c,0x421c,0x421e,0x421f,0x421f,0x421f,0x421f,0x421f,0x421c,0x421c,0x421c,0x421c,
	0x421c,0x421f,0x421f,0x421f,0x421f,0x421f,0x421e,0x421c,0x421c,0x421c,0x421c,0x421e,0x421f,0x421f,0x421f,0x421f,
	0x421f,0x421d,0x421d,0x421c,0x421c,0x421d,0x421f,0x421f,0x421f,0x421f,0x421f,0x421e,0x421c,0x421d,0x3e1c,0x41fc,
	0x41fd,0x45dc,0x49bb,0x49ba,0x4d99,0x4d78,0x4d78,0x5157,0x5157,0x5137,0x5536,0x5516,0x5516,0x5516,0x5516,0x54f6,
	0x54f6,0x54f6,0x54f5,0x54f5,0x54f5,0x54f5,0x54f5,0x54d5,0x54d5,0x54d6,0x54d6,0x54d6,0x54d6,0x54f6,0x54d6,0x54f6,
	0x54f6,0x54f6,0x54f6,0x54f7,0x54f7,0x54f7,0x54f7,0x54f7,0x54f7,0x50f8,0x50f8,0x50f8,0x5118,0x5119,0x5119,0x5119,
	0x5119,0x4d3a,0x4d3a,0x4d3a,0x4d3b,0x4d3b,0x4d5b,0x495b,0x495c,0x495c,0x497c,0x497c,0x495c,0x495c,0x493c,0x493b,
	0x45de,0x3e1f,0x41ff,0x421f,0x421e,0x421c,0x421c,0x421c,0x421c,0x421d,0x421f,0x421f,0x421f,0x421f,0x421f,0x421c,
	0x421c,0x421c,0x421c,0x421c,0x421f,0x421f,0x421f,0x421f,0x421f,0x421d,0x421c,0x421c,0x421c,0x421c,0x421e,0x421f,
	0x421f,0x421f,0x421f,0x421f,0x421c,0x421c,0x421c,0x421c,0x421d,0x421f,0x421f,0x421f,0x421f,0x421f,0x421d,0x421c,
	0x421c,0x421c,0x421c,0x421e,0x421f,0x421f,0x421f,0x421f,0x421e,0x421c,0x421c,0x421c,0x421c,0x421d,0x421f,0x421f,
	0x421f,0x421f,0x421f,0x421d,0x421c,0x421d,0x421d,0x421c,0x421e,0x421f,0x421f,0x421f,0x421f,0x421e,0x421c,0x421c,
	0x421c,0x421c,0x421e,0x421f,0x421f,0x421f,0x421f,0x421e,0x421c,0x421c,0x421c,0x421c,0x421d,0x421f,0x421f,0x421f,
	0x421f,0x421f,0x421d,0x421c,0x421c,0x421c,0x421c,0x421e,0x421f,0x421f,0x421f,0x421f,0x421e,0x421c,0x421c,0x421c,
	0x421c,0x421d,0x421f,0x421f,0x421f,0x421f,0x421f,0x421d,0x421c,0x421c,0x421c,0x421c,0x421f,0x421f,0x421f,0x421f,
	0x421f,0x421e,0x421c,0x421c,0x421c,0x421c,0x421d,0x421f,0x421f,0x421f,0x421f,0x421f,0x421c,0x421c,0x421c,0x421c,
	0x421c,0x421f,0x421f,0x421f,0x421f,0x421f,0x421e,0x421c,0x421c,0x421c,0x421c,0x421e,0x421f,0x421f,0x421f,0x421f,
	0x421f,0x421c,0x421c,0x421c,0x421c,0x421c,0x421f,0x421f,0x421f,0x421f,0x421f,0x421d,0x421c,0x421c,0x421c,0x41fd,
	0x45dd,0x45dc,0x49ba,0x499a,0x4d99,0x4d78,0x5157,0x5157,0x5137,0x5536,0x5516,0x5516,0x5516,0x5515,0x54f5,0x54f5,
	0x54f5,0x54f5,0x54f5,0x54f5,0x54f5,0x54d5,0x54d5,0x54d5,0x54d5,0x58d5,0x58d5,0x58d5,0x54d5,0x54d5,0x54d5,0x54d6,
	0x54f6,0x54f6,0x54f6,0x54f6,0x54f6,0x54f6,0x54f7,0x54f7,0x54f7,0x54f7,0x54f7,0x54f8,0x50f8,0x5118,0x5118,0x5119,
	0x5119,0x5119,0x4d3a,0x4d3a,0x4d3a,0x4d3b,0x4d5b,0x495b,0x495c,0x495c,0x495c,0x497c,0x495c,0x495c,0x495b,0x493b,
	0x495c,0x41ff,0x421f,0x421f,0x421e,0x421c,0x421c,0x421c,0x421c,0x421d,0x421f,0x421f,0x421f,0x421f,0x421f,0x421c,
	0x421c,0x421c,0x421c,0x421c,0x421f,0x421f,0x421f,0x421f,0x421f,0x421d,0x421c,0x421c,0x421c,0x421c,0x421e,0x421f,
	0x421f,0x421f,0x421f,0x421f,0x421c,0x421c,0x421c,0x421c,0x421d,0x421f,0x421f,0x421f,0x421f,0x421f,0x421d,0x421c,
	0x421c,0x421c,0x421c,0x421e,0x421f,0x421f,0x421f,0x421f,0x421e,0x421c,0x421c,0x421c,0x421c,0x421d,0x421f,0x421f,
	0x421f,0x421f,0x421f,0x421d,0x421c,0x421c,0x421c,0x421c,0x421e,0x421f,0x421f,0x421f,0x421f,0x421e,0x421c,0x421c,
	0x421f,0x421f,0x421e,0x421d,0x421d,0x421d,0x421d,0x421e,0x421f,0x421f,0x421f,0x421f,0x421f,0x421d,0x421d,0x421d,
	0x421d,0x421d,0x421f,0x421f,0x421f,0x421f,0x421f,0x421e,0x421d,0x421d,0x421d,0x421d,0x421e,0x421f,0x421f,0x421f,
	0x421f,0x421e,0x421d,0x421d,0x421d,0x421d,0x421d,0x421f,0x421f,0x421f,0x421f,0x421f,0x421d,0x421d,0x421d,0x421d,
	0x421d,0x421e,0x421f,0x421f,0x421f,0x421f,0x421e,0x421d,0x421d,0x421d,0x421d,0x421d,0x421f,0x421f,0x421f,0x421f,
	0x421f,0x421d,0x421d,0x421d,0x421d,0x421d,0x421e,0x421f,0x421f,0x421f,0x421f,0x421e,0x421d,0x421d,0x421d,0x421d,
	0x421d,0x421f,0x421f,0x421f,0x421f,0x421f,0x421d,0x421d,0x421d,0x421d,0x421d,0x421e,0x421f,0x421f,0x421f,0x41fd,
	0x45dc,0x49db,0x49ba,0x4d99,0x4d78,0x5177,0x5157,0x5136,0x5536,0x5516,0x5515,0x5515,0x5515,0x54f5,0x54f5,0x54f5,
	0x54f5,0x54f5,0x54f5,0x58f5,0x58d5,0x58d5,0x58d5,0x58d5,0x58d5,0x58d5,0x58d5,0x58d5,0x58d5,0x58d5,0x54d5,0x54d5,
	0x54d5,0x54d5,0x54d6,0x54d6,0x54d6,0x54f6,0x54d6,0x54d6,0x54f6,0x54f7,0x54f7,0x54f7,0x54f7,0x50f8,0x50f8,0x5118,
	0x5119,0x5119,0x5119,0x4d3a,0x4d3a,0x4d3a,0x4d3b,0x4d5b,0x495b,0x495b,0x495c,0x495c,0x495c,0x495c,0x495b,0x495b,
	0x493b,0x45bc,0x3e1d,0x41fd,0x421e,0x421f,0x421f,0x421f,0x421f,0x421e,0x421d,0x421d,0x421d,0x421d,0x421d,0x421f,
	0x421f,0x421f,0x421f,0x421f,0x421d,0x421d,0x421d,0x421d,0x421d,0x421e,0x421f,0x421f,0x421f,0x421f,0x421e,0x421d,
	0x421d,0x421d,0x421d,0x421e,0x421f,0x421f,0x421f,0x421f,0x421f,0x421d,0x421d,0x421d,0x421d,0x421d,0x421e,0x421f,
	0x421f,0x421f,0x421f,0x421e,0x421d,0x421d,0x421d,0x421d,0x421e,0x421f,0x421f,0x421f,0x421f,0x421f,0x421d,0x421d,
	0x421d,0x421d,0x421d,0x421e,0x421f,0x421f,0x421f,0x421f,0x421e,0x421d,0x421d,0x421d,0x421d,0x421e,0x421f,0x421f,
	0x421f,0x421f,0x421e,0x421c,0x421c,0x421c,0x421c,0x421d,0x421f,0x421f,0x421f,0x421f,0x421f,0x421c,0x421c,0x421c,
	0x421c,0x421c,0x421f,0x421f,0x421f,0x421f,0x421f,0x421e,0x421c,0x421c,0x421c,0x421c,0x421e,0x421f,0x421f,0x421f,
	0x421f,0x421f,0x421c,0x421c,0x421c,0x421c,0x421c,0x421f,0x421f,0x421f,0x421f,0x421f,0x421d,0x421c,0x421c,0x421c,
	0x421c,0x421e,0x421f,0x421f,0x421f,0x421f,0x421e,0x421c,0x421c,0x421c,0x421c,0x421d,0x421f,0x421f,0x421f,0x421f,
	0x421f,0x421d,0x421c,0x421c,0x421c,0x421c,0x421e,0x421f,0x421f,0x421f,0x421f,0x421e,0x421c,0x421c,0x421c,0x421c,
	0x421d,0x421f,0x421f,0x421f,0x421f,0x421f,0x421d,0x421c,0x421c,0x421c,0x421c,0x421e,0x421f,0x421f,0x421f,0x45dd,
	0x45db,0x49ba,0x4999,0x4d78,0x4d77,0x5157,0x5156,0x5136,0x5536,0x5515,0x5515,0x5515,0x54f5,0x54f5,0x54f5,0x58f5,
	0x58f5,0x58f5,0x58f4,0x58f4,0x58d4,0x58d4,0x58d4,0x58d4,0x58d4,0x58d5,0x58d5,0x58d5,0x58d5,0x58d5,0x58d5,0x58d5,
	0x58d5,0x54d5,0x58d5,0x54d5,0x54d6,0x54d6,0x54d6,0x54d6,0x54d6,0x54f6,0x54f7,0x54f7,0x54f7,0x54f7,0x50f8,0x5118,
	0x5118,0x5119,0x5119,0x511a,0x4d3a,0x4d3a,0x4d3b,0x4d3b,0x4d5b,0x495b,0x495b,0x495c,0x495c,0x495c,0x495c,0x495b,
	0x4d3b,0x457b,0x3e1c,0x421c,0x421e,0x421f,0x421f,0x421f,0x421f,0x421e,0x421c,0x421c,0x421c,0x421c,0x421d,0x421f,
	0x421f,0x421f,0x421f,0x421f,0x421d,0x421c,0x421c,0x421c,0x421c,0x421e,0x421f,0x421f,0x421f,0x421f,0x421e,0x421c,
	0x421c,0x421c,0x421c,0x421d,0x421f,0x421f,0x421f,0x421f,0x421f,0x421c,0x421c,0x421c,0x421c,0x421c,0x421f,0x421f,
	0x421f,0x421f,0x421f,0x421e,0x421c,0x421c,0x421c,0x421c,0x421d,0x421f,0x421f,0x421f,0x421f,0x421f,0x421d,0x421c,
	0x421c,0x421c,0x421c,0x421f,0x421f,0x421f,0x421f,0x421f,0x421d,0x421c,0x421c,0x421c,0x421c,0x421e,0x421f,0x421f,
	0x421f,0x421f,0x421e,0x421c,0x421c,0x421c,0x421c,0x421d,0x421f,0x421f,0x421f,0x421f,0x421f,0x421c,0x421c,0x421c,
	0x421c,0x421c,0x421f,0x421f,0x421f,0x421f,0x421f,0x421e,0x421c,0x421c,0x421c,0x421c,0x421e,0x421f,0x421f,0x421f,
	0x421f,0x421f,0x421c,0x421c,0x421c,0x421c,0x421c,0x421f,0x421f,0x421f,0x421f,0x421f,0x421d,0x421c,0x421c,0x421c,
	0x421c,0x421e,0x421f,0x421f,0x421f,0x421f,0x421e,0x421c,0x421c,0x421c,0x421c,0x421d,0x421f,0x421f,0x421f,0x421f,
	0x421f,0x421d,0x421c,0x421c,0x421c,0x421c,0x421e,0x421f,0x421f,0x421f,0x421f,0x421e,0x421c,0x421c,0x421c,0x421c,
	0x421d,0x421f,0x421f,0x421f,0x421f,0x421f,0x421d,0x421c,0x421c,0x421c,0x421c,0x421e,0x3e1f,0x3e1f,0x41fe,0x45dc,
	0x45db,0x49b9,0x4d98,0x4d78,0x5177,0x5156,0x5156,0x5535,0x5535,0x5515,0x5515,0x54f4,0x54f4,0x58f4,0x58f4,0x58f4,
	0x58f4,0x58f4,0x58f4,0x58d4,0x58d4,0x58d4,0x58d4,0x58d4,0x58d4,0x58d4,0x58d4,0x58d4,0x58d4,0x58d4,0x58d5,0x58d5,
	0x58d5,0x58d5,0x58d5,0x58d5,0x54d5,0x54d5,0x54d5,0x54d6,0x54d6,0x54d6,0x54f6,0x54f7,0x54f7,0x54f7,0x54f7,0x50f8,
	0x5118,0x5118,0x5119,0x5119,0x513a,0x4d3a,0x4d3a,0x4d3b,0x4d5b,0x495b,0x495b,0x495b,0x495b,0x495b,0x495b,0x495b,
	0x4d3b,0x493b,0x41dc,0x421c,0x421e,0x421f,0x421f,0x421f,0x421f,0x421e,0x421c,0x421c,0x421c,0x421c,0x421d,0x421f,
	0x421f,0x421f,0x421f,0x421f,0x421d,0x421c,0x421c,0x421c,0x421c,0x421e,0x421f,0x421f,0x421f,0x421f,0x421e,0x421c,
	0x421c,0x421c,0x421c,0x421d,0x421f,0x421f,0x421f,0x421f,0x421f,0x421c,0x421c,0x421c,0x421c,0x421c,0x421f,0x421f,
	0x421f,0x421f,0x421f,0x421e,0x421c,0x421c,0x421c,0x421c,0x421d,0x421f,0x421f,0x421f,0x421f,0x421f,0x421d,0x421c,
	0x421c,0x421c,0x421c,0x421f,0x421f,0x421f,0x421f,0x421f,0x421e,0x421c,0x421c,0x421c,0x421c,0x421e,0x421f,0x421f,
	0x421f,0x421e,0x421e,0x421d,0x421d,0x421d,0x421d,0x421e,0x421e,0x421e,0x421e,0x421e,0x421e,0x421d,0x421d,0x421d,
	0x421d,0x421d,0x421e,0x421e,0x421e,0x421e,0x421e,0x421e,0x421d,0x421d,0x421d,0x421d,0x421e,0x421f,0x421e,0x421f,
	0x421f,0x421e,0x421d,0x421d,0x421d,0x421d,0x421d,0x421e,0x421e,0x421e,0x421e,0x421e,0x421e,0x421d,0x421d,0x421d,
	0x421d,0x421e,0x421e,0x421e,0x421e,0x421e,0x421e,0x421d,0x421d,0x421d,0x421d,0x421d,0x421f,0x421f,0x421e,0x421e,
	0x421e,0x421d,0x421d,0x421d,0x421d,0x421d,0x421e,0x421e,0x421e,0x421e,0x421e,0x421e,0x421d,0x421d,0x421d,0x421d,
	0x421e,0x421e,0x421f,0x421f,0x421f,0x421e,0x421d,0x421d,0x421d,0x421d,0x421d,0x421e,0x3e1f,0x3e1f,0x41fd,0x45db,
	0x45ba,0x4d99,0x4d98,0x4d77,0x5157,0x5156,0x5136,0x5535,0x5515,0x5515,0x5514,0x58f4,0x58f4,0x58f4,0x58f4,0x58f4,
	0x58f4,0x58f4,0x58f4,0x58f4,0x58d4,0x58d4,0x58d4,0x58d4,0x58d4,0x58d4,0x58d4,0x58d4,0x58d4,0x58d4,0x58d4,0x58d4,
	0x58d5,0x58d5,0x58d5,0x58d5,0x58d5,0x54d5,0x54d5,0x54d5,0x54d6,0x54d6,0x54d6,0x54d6,0x54f6,0x54f7,0x54f7,0x54f7,
	0x50f8,0x5118,0x5119,0x5119,0x5119,0x513a,0x4d3a,0x4d3a,0x4d3b,0x4d5b,0x4d5b,0x495b,0x495b,0x495b,0x495b,0x493b,
	0x4d3b,0x4d3b,0x45bc,0x3e1d,0x41fe,0x41fe,0x421e,0x421e,0x421e,0x421e,0x421d,0x421d,0x421d,0x421d,0x421e,0x421e,
	0x421e,0x421e,0x421e,0x421e,0x421d,0x421d,0x421d,0x421d,0x421d,0x421e,0x421e,0x421f,0x421f,0x421f,0x421e,0x421d,
	0x421d,0x421d,0x421d,0x421e,0x421e,0x421e,0x421e,0x421e,0x421e,0x421d,0x421d,0x421d,0x421d,0x421d,0x421e,0x421f,
	0x421f,0x421f,0x421f,0x421e,0x421d,0x421d,0x421d,0x421d,0x421e,0x421f,0x421e,0x421e,0x421e,0x421e,0x421d,0x421d,
	0x421d,0x421d,0x421d,0x421e,0x421e,0x421e,0x421e,0x421e,0x421e,0x421d,0x421d,0x421d,0x421d,0x421e,0x421e,0x421e,
	0x421c,0x421c,0x421e,0x421f,0x421f,0x421f,0x421f,0x421e,0x421c,0x421c,0x421c,0x421c,0x421d,0x421f,0x421f,0x421f,
	0x421f,0x421f,0x421d,0x421c,0x421c,0x421c,0x421c,0x421e,0x421f,0x421f,0x421f,0x421f,0x421e,0x421c,0x421c,0x421c,
	0x421c,0x421d,0x421f,0x421f,0x421f,0x421f,0x421f,0x421d,0x421c,0x421c,0x421c,0x421c,0x421f,0x421f,0x421f,0x421f,
	0x421f,0x421e,0x421c,0x421c,0x421c,0x421c,0x421d,0x421f,0x421f,0x421f,0x421f,0x421f,0x421c,0x421c,0x421c,0x421c,
	0x421c,0x421f,0x421f,0x421f,0x421f,0x421f,0x421e,0x421c,0x421c,0x421c,0x421c,0x421e,0x421f,0x421f,0x421f,0x421f,
	0x421f,0x421c,0x421c,0x421c,0x421c,0x421c,0x421f,0x421f,0x421f,0x421f,0x421f,0x421d,0x421c,0x3e1c,0x41fc,0x45db,
	0x49ba,0x4d98,0x4d78,0x5177,0x5156,0x5156,0x5535,0x5535,0x5514,0x5514,0x5914,0x58f4,0x58f4,0x58f4,0x58f4,0x58f4,
	0x58f4,0x58f4,0x58f4,0x58f4,0x58d4,0x58d4,0x58d4,0x58d4,0x58d4,0x58d4,0x58d4,0x58d4,0x58d4,0x58d4,0x58d4,0x58d4,
	0x58d4,0x58d5,0x58d5,0x58d5,0x58d5,0x58d5,0x58d5,0x58d5,0x54d5,0x54d6,0x54d6,0x54d6,0x54f6,0x54f6,0x54f7,0x54f7,
	0x54f7,0x5118,0x5118,0x5119,0x5119,0x5119,0x4d3a,0x4d3a,0x4d3a,0x4d3b,0x4d5b,0x4d5b,0x4d5b,0x4d5b,0x4d3b,0x4d3b,
	0x4d3b,0x4d1a,0x459d,0x3e1f,0x41fe,0x3dfc,0x41fc,0x41fc,0x41fc,0x421d,0x421f,0x421f,0x421f,0x421f,0x421f,0x421c,
	0x421c,0x421c,0x421c,0x421c,0x421f,0x421f,0x421f,0x421f,0x421f,0x421d,0x421c,0x421c,0x421c,0x421c,0x421e,0x421f,
	0x421f,0x421f,0x421f,0x421f,0x421c,0x421c,0x421c,0x421c,0x421c,0x421f,0x421f,0x421f,0x421f,0x421f,0x421d,0x421c,
	0x421c,0x421c,0x421c,0x421e,0x421f,0x421f,0x421f,0x421f,0x421f,0x421c,0x421c,0x421c,0x421c,0x421d,0x421f,0x421f,
	0x421f,0x421f,0x421f,0x421d,0x421c,0x421c,0x421c,0x421c,0x421e,0x421f,0x421f,0x421f,0x421f,0x421e,0x421c,0x421c,
	0x421d,0x421c,0x421e,0x421f,0x421f,0x421f,0x421f,0x421e,0x421c,0x421d,0x421d,0x421c,0x421d,0x421f,0x421f,0x421f,
	0x421f,0x421f,0x421d,0x421c,0x421c,0x421c,0x421c,0x421e,0x421f,0x421f,0x421f,0x421f,0x421e,0x421c,0x421c,0x421c,
	0x421c,0x421d,0x421f,0x421f,0x421f,0x421f,0x421f,0x421d,0x421c,0x421c,0x421c,0x421c,0x421f,0x421f,0x421f,0x421f,
	0x421f,0x421e,0x421c,0x421d,0x421c,0x421c,0x421d,0x421f,0x421f,0x421f,0x421f,0x421f,0x421c,0x421d,0x421c,0x421c,
	0x421c,0x421f,0x421f,0x421f,0x421f,0x421f,0x421e,0x421c,0x421c,0x421c,0x421c,0x421e,0x421f,0x421f,0x421f,0x421f,
	0x421f,0x421c,0x421c,0x421c,0x421c,0x421d,0x421f,0x421f,0x421f,0x421f,0x421f,0x421d,0x421c,0x3e1c,0x41fc,0x45db,
	0x49b9,0x4d98,0x4d77,0x5176,0x5156,0x5155,0x5535,0x5535,0x5514,0x5914,0x5914,0x5914,0x58f4,0x58f4,0x58f4,0x58f4,
	0x58f4,0x58f4,0x58f4,0x58f4,0x58f4,0x58d4,0x58d4,0x58d4,0x58d4,0x58d4,0x58d4,0x58d4,0x58d4,0x58d4,0x58d4,0x58d4,
	0x58d4,0x58d4,0x58d5,0x58d5,0x58d5,0x58d5,0x58d5,0x58d5,0x58d5,0x58d5,0x54d6,0x54d6,0x54f6,0x54f6,0x54f7,0x54f7,
	0x54f7,0x50f8,0x5118,0x5118,0x5119,0x5119,0x5139,0x4d3a,0x4d3a,0x4d3a,0x4d3b,0x4d5b,0x4d5b,0x4d3b,0x4d3b,0x4d3b,
	0x4d3b,0x4d1a,0x459d,0x3e1f,0x3dfe,0x3dfc,0x41fc,0x41fc,0x41fc,0x421d,0x421f,0x421f,0x421f,0x421f,0x421f,0x421c,
	0x421c,0x421c,0x421c,0x421c,0x421f,0x421f,0x421f,0x421f,0x421f,0x421d,0x421c,0x421d,0x421c,0x421c,0x421e,0x421f,
	0x421f,0x421f,0x421f,0x421f,0x421c,0x421c,0x421c,0x421c,0x421d,0x421f,0x421f,0x421f,0x421f,0x421f,0x421d,0x421c,
	0x421c,0x421c,0x421c,0x421e,0x421f,0x421f,0x421f,0x421f,0x421e,0x421c,0x421d,0x421c,0x421c,0x421d,0x421f,0x421f,
	0x421f,0x421f,0x421f,0x421d,0x421c,0x421c,0x421c,0x421c,0x421e,0x421f,0x421f,0x421f,0x421f,0x421e,0x421c,0x421c,
	0x421c,0x421c,0x421e,0x421f,0x421f,0x421f,0x421f,0x421e,0x421c,0x421c,0x421c,0x421c,0x421d,0x421f,0x421f,0x421f,
	0x421f,0x421f,0x421d,0x421c,0x421c,0x421c,0x421c,0x421e,0x421f,0x421f,0x421f,0x421f,0x421e,0x421c,0x421c,0x421c,
	0x421c,0x421d,0x421f,0x421f,0x421f,0x421f,0x421f,0x421d,0x421c,0x421c,0x421c,0x421c,0x421f,0x421f,0x421f,0x421f,
	0x421f,0x421e,0x421c,0x421c,0x421c,0x421c,0x421d,0x421f,0x421f,0x421f,0x421f,0x421f,0x421c,0x421c,0x421c,0x421c,
	0x421c,0x421f,0x421f,0x421f,0x421f,0x421f,0x421e,0x421c,0x421c,0x421c,0x421c,0x421e,0x421f,0x421f,0x421f,0x421f,
	0x421f,0x421c,0x421c,0x421c,0x421c,0x421d,0x421f,0x421f,0x421f,0x421f,0x421f,0x421d,0x41fc,0x3e1c,0x41fc,0x49da,
	0x49b9,0x4d98,0x4d77,0x5176,0x5155,0x5555,0x5535,0x5534,0x5514,0x5914,0x5914,0x5913,0x58f3,0x58f3,0x58f3,0x58f3,
	0x58f3,0x58f3,0x58f3,0x58f3,0x58f3,0x58d3,0x58d3,0x58d3,0x58d4,0x58d4,0x58d4,0x58d4,0x58d4,0x58d4,0x58d4,0x58d4,
	0x58d4,0x58d4,0x58d4,0x58d4,0x58d5,0x58d5,0x58d5,0x58d5,0x58d5,0x58d5,0x58d5,0x54d6,0x54d6,0x54f6,0x54f6,0x54f7,
	0x54f7,0x54f7,0x50f8,0x5118,0x5118,0x5119,0x5119,0x4d1a,0x4d3a,0x4d3a,0x4d3a,0x4d3a,0x4d3b,0x4d3b,0x4d3b,0x4d3a,
	0x4d3a,0x4d1a,0x459c,0x3e1f,0x3dfd,0x3dfc,0x41fc,0x41fc,0x41fc,0x421d,0x421f,0x421f,0x421f,0x421f,0x421f,0x421c,
	0x421c,0x421c,0x421c,0x421c,0x421f,0x421f,0x421f,0x421f,0x421f,0x421d,0x421c,0x421c,0x421c,0x421c,0x421e,0x421f,
	0x421f,0x421f,0x421f,0x421f,0x421c,0x421c,0x421c,0x421c,0x421c,0x421f,0x421f,0x421f,0x421f,0x421f,0x421d,0x421c,
	0x421c,0x421c,0x421c,0x421e,0x421f,0x421f,0x421f,0x421f,0x421e,0x421c,0x421c,0x421c,0x421c,0x421d,0x421f,0x421f,
	0x421f,0x421f,0x421f,0x421d,0x421c,0x421c,0x421c,0x421c,0x421e,0x421f,0x421f,0x421f,0x421f,0x421e,0x421c,0x421c,
	0x421f,0x421f,0x421e,0x421d,0x421d,0x421d,0x421d,0x421e,0x421f,0x421f,0x421f,0x421f,0x421e,0x421d,0x421d,0x421d,
	0x421d,0x421d,0x421f,0x421f,0x421f,0x421f,0x421f,0x421d,0x421d,0x421d,0x421d,0x421d,0x421e,0x421f,0x421f,0x421f,
	0x421f,0x421e,0x421d,0x421d,0x421d,0x421d,0x421d,0x421f,0x421f,0x421f,0x421f,0x421f,0x421d,0x421d,0x421d,0x421d,
	0x421d,0x421e,0x421f,0x421f,0x421f,0x421f,0x421e,0x421d,0x421d,0x421d,0x421d,0x421d,0x421f,0x421f,0x421f,0x421f,
	0x421f,0x421d,0x421d,0x421d,0x421d,0x421d,0x421e,0x421f,0x421f,0x421f,0x421f,0x421e,0x421d,0x421d,0x421d,0x421d,
	0x421e,0x421f,0x421f,0x421f,0x421f,0x421f,0x421d,0x421d,0x421d,0x421d,0x421d,0x421e,0x41ff,0x421f,0x41fd,0x49da,
	0x4db9,0x4d98,0x5177,0x5176,0x5155,0x5555,0x5534,0x5534,0x5534,0x5914,0x5913,0x5913,0x58f3,0x58f3,0x58f3,0x58f3,
	0x58f3,0x58f3,0x58f3,0x58f3,0x58f3,0x58f3,0x58d3,0x58d3,0x58d3,0x58d3,0x58d3,0x58d3,0x58d4,0x58d4,0x58d4,0x58d4,
	0x58d4,0x58d4,0x58d4,0x58d4,0x58d4,0x58d4,0x58d4,0x58d5,0x58d5,0x58d5,0x58d5,0x58d5,0x54d6,0x54f6,0x54f6,0x54f6,
	0x54f7,0x54f7,0x54f8,0x5118,0x5118,0x5119,0x5119,0x5119,0x4d3a,0x4d3a,0x4d3a,0x4d3a,0x4d3a,0x4d3a,0x4d3a,0x4d3a,
	0x4d3a,0x4d1a,0x459b,0x3e3d,0x421e,0x41ff,0x41ff,0x41ff,0x41ff,0x421e,0x421d,0x421d,0x421d,0x421d,0x421d,0x421f,
	0x421f,0x421f,0x421f,0x421f,0x421d,0x421d,0x421d,0x421d,0x421d,0x421e,0x421f,0x421f,0x421f,0x421f,0x421e,0x421d,
	0x421d,0x421d,0x421d,0x421e,0x421f,0x421f,0x421f,0x421f,0x421e,0x421d,0x421d,0x421d,0x421d,0x421d,0x421f,0x421f,
	0x421f,0x421f,0x421f,0x421e,0x421d,0x421d,0x421d,0x421d,0x421e,0x421f,0x421f,0x421f,0x421f,0x421e,0x421d,0x421d,
	0x421d,0x421d,0x421d,0x421f,0x421f,0x421f,0x421f,0x421f,0x421d,0x421d,0x421d,0x421d,0x421d,0x421e,0x421f,0x421f,
	0x421f,0x421f,0x421e,0x421c,0x421c,0x421c,0x421c,0x421e,0x421f,0x421f,0x421f,0x421f,0x421f,0x421c,0x421c,0x421c,
	0x421c,0x421c,0x421f,0x421f,0x421f,0x421f,0x421f,0x421d,0x421c,0x421c,0x421c,0x421c,0x421e,0x421f,0x421f,0x421f,
	0x421f,0x421f,0x421c,0x421c,0x421c,0x421c,0x421d,0x421f,0x421f,0x421f,0x421f,0x421f,0x421d,0x421c,0x421c,0x421c,
	0x421c,0x421e,0x421f,0x421f,0x421f,0x421f,0x421e,0x421c,0x421c,0x421c,0x421c,0x421d,0x421f,0x421f,0x421f,0x421f,
	0x421f,0x421d,0x421c,0x421c,0x421d,0x421c,0x421f,0x421f,0x421f,0x421f,0x421f,0x421e,0x421c,0x421c,0x421c,0x421c,
	0x421d,0x421f,0x421f,0x421f,0x421f,0x421f,0x421d,0x421c,0x421c,0x421c,0x421c,0x421f,0x421f,0x421f,0x41fe,0x49da,
	0x4db9,0x4d97,0x5176,0x5176,0x5155,0x5554,0x5534,0x5534,0x5533,0x5913,0x5913,0x5913,0x58f3,0x58f3,0x58f3,0x58f3,
	0x58f3,0x58f3,0x58f3,0x58f3,0x58f3,0x58f3,0x58f3,0x58f3,0x58f3,0x58f3,0x58d3,0x58d3,0x58d3,0x58d4,0x58d4,0x58d4,
	0x58d4,0x58d4,0x58d4,0x58d4,0x58d4,0x58d4,0x58d4,0x58d4,0x58d5,0x58d5,0x58d5,0x58d5,0x58d5,0x54d6,0x54f6,0x54f6,
	0x54f7,0x54f7,0x54f7,0x54f8,0x5118,0x5118,0x5119,0x5119,0x5119,0x4d3a,0x4d3a,0x4d3a,0x4d3a,0x4d3a,0x4d1a,0x4d1a,
	0x4d1a,0x511a,0x45bc,0x3e1c,0x421e,0x421f,0x421f,0x421f,0x421f,0x421e,0x421c,0x421c,0x421c,0x421c,0x421d,0x421f,
	0x421f,0x421f,0x421f,0x421f,0x421c,0x421c,0x421c,0x421c,0x421c,0x421f,0x421f,0x421f,0x421f,0x421f,0x421e,0x421c,
	0x421c,0x421c,0x421c,0x421d,0x421f,0x421f,0x421f,0x421f,0x421f,0x421c,0x421c,0x421c,0x421c,0x421c,0x421f,0x421f,
	0x421f,0x421f,0x421f,0x421d,0x421c,0x421c,0x421c,0x421c,0x421e,0x421f,0x421f,0x421f,0x421f,0x421f,0x421c,0x421c,
	0x421c,0x421c,0x421c,0x421f,0x421f,0x421f,0x421f,0x421f,0x421d,0x421c,0x421c,0x421c,0x421c,0x421e,0x421f,0x421f,
	0x421f,0x421f,0x421e,0x421c,0x421c,0x421c,0x421c,0x421e,0x421f,0x421f,0x421f,0x421f,0x421f,0x421c,0x421c,0x421c,
	0x421c,0x421c,0x421f,0x421f,0x421f,0x421f,0x421f,0x421d,0x421c,0x421c,0x421c,0x421c,0x421e,0x421f,0x421f,0x421f,
	0x421f,0x421f,0x421c,0x421c,0x421c,0x421c,0x421d,0x421f,0x421f,0x421f,0x421f,0x421f,0x421d,0x421c,0x421c,0x421c,
	0x421c,0x421f,0x421f,0x421f,0x421f,0x421f,0x421e,0x421c,0x421c,0x421c,0x421c,0x421d,0x421f,0x421f,0x421f,0x421f,
	0x421f,0x421d,0x421c,0x421c,0x421c,0x421c,0x421f,0x421f,0x421f,0x421f,0x421f,0x421e,0x421c,0x421c,0x421c,0x421c,
	0x421d,0x421f,0x421f,0x421f,0x421f,0x421f,0x421c,0x421c,0x421c,0x421c,0x421c,0x421f,0x421f,0x421f,0x41ff,0x45da,
	0x4db8,0x4d97,0x5176,0x5175,0x5155,0x5554,0x5534,0x5533,0x5533,0x5913,0x5913,0x5913,0x58f3,0x58f3,0x58f3,0x58f3,
	0x58f3,0x58f3,0x58f3,0x58f3,0x58f3,0x58f3,0x58f3,0x58d3,0x58d3,0x58f3,0x58d3,0x58d3,0x58d3,0x58d3,0x58d4,0x58d4,
	0x58d4,0x58d4,0x58d4,0x58d4,0x58d4,0x58d4,0x58d4,0x58d4,0x58d4,0x58d5,0x58d5,0x58d5,0x58d5,0x58d5,0x54f6,0x54f6,
	0x54f6,0x54f7,0x54f7,0x54f7,0x54f7,0x5118,0x5118,0x5119,0x5119,0x5119,0x5119,0x5119,0x511a,0x511a,0x5119,0x511a,
	0x50fa,0x4d19,0x41fc,0x3e1c,0x3e1e,0x421f,0x421f,0x421f,0x421f,0x421e,0x421c,0x421c,0x421c,0x421c,0x421d,0x421f,
	0x421f,0x421f,0x421f,0x421f,0x421c,0x421c,0x421c,0x421c,0x421c,0x421f,0x421f,0x421f,0x421f,0x421f,0x421e,0x421c,
	0x421c,0x421c,0x421c,0x421d,0x421f,0x421f,0x421f,0x421f,0x421f,0x421c,0x421c,0x421c,0x421c,0x421c,0x421f,0x421f,
	0x421f,0x421f,0x421f,0x421d,0x421c,0x421c,0x421c,0x421c,0x421e,0x421f,0x421f,0x421f,0x421f,0x421f,0x421c,0x421c,
	0x421c,0x421c,0x421c,0x421f,0x421f,0x421f,0x421f,0x421f,0x421d,0x421c,0x421c,0x421c,0x421c,0x421e,0x421f,0x421f,
	0x421e,0x421e,0x421e,0x421d,0x421d,0x421d,0x421d,0x421e,0x421e,0x421e,0x421f,0x421e,0x421e,0x421d,0x421d,0x421d,
	0x421d,0x421d,0x421e,0x421e,0x421e,0x421e,0x421e,0x421e,0x421d,0x421d,0x421d,0x421d,0x421e,0x421e,0x421e,0x421e,
	0x421e,0x421e,0x421d,0x421e,0x421e,0x421d,0x421e,0x421e,0x421e,0x421e,0x421e,0x421e,0x421e,0x421d,0x421d,0x421d,
	0x421d,0x421e,0x421e,0x421e,0x421e,0x421e,0x421e,0x421d,0x421e,0x421e,0x421d,0x421e,0x421e,0x421e,0x421e,0x421e,
	0x421e,0x421e,0x421d,0x421d,0x421d,0x421d,0x421e,0x421e,0x421e,0x421e,0x421e,0x421e,0x421d,0x421e,0x421e,0x421d,
	0x421e,0x421e,0x421e,0x421e,0x421e,0x421e,0x421d,0x421d,0x421d,0x421d,0x421d,0x421e,0x421e,0x421e,0x421f,0x45db,
	0x49b8,0x4d97,0x5196,0x5175,0x5154,0x5554,0x5533,0x5533,0x5533,0x5933,0x5913,0x5913,0x5913,0x58f3,0x58f3,0x58f3,
	0x58f3,0x58f3,0x58f3,0x58f3,0x58f3,0x58f3,0x58f3,0x58d3,0x58d3,0x58f3,0x58d3,0x58d3,0x58d3,0x58d3,0x58d3,0x58d3,
	0x58d3,0x58d3,0x58d3,0x58d4,0x58d4,0x58d4,0x58d4,0x58d4,0x58d4,0x58d4,0x58d5,0x58d5,0x58d5,0x58d5,0x54f6,0x54f6,
	0x54f6,0x54f7,0x54f7,0x54f7,0x54f7,0x54f7,0x5118,0x5118,0x5119,0x5119,0x5119,0x5119,0x5119,0x5119,0x5119,0x5119,
	0x50f9,0x495a,0x3e1e,0x3e1d,0x3e1e,0x421e,0x421f,0x421e,0x421e,0x421e,0x421d,0x421d,0x421d,0x421d,0x421e,0x421e,
	0x421e,0x421e,0x421e,0x421e,0x421d,0x421d,0x421d,0x421d,0x421e,0x421e,0x421e,0x421e,0x421e,0x421e,0x421e,0x421d,
	0x421e,0x421e,0x421d,0x421e,0x421e,0x421e,0x421e,0x421e,0x421e,0x421d,0x421e,0x421e,0x421e,0x421e,0x421e,0x421e,
	0x421e,0x421e,0x421e,0x421e,0x421d,0x421d,0x421d,0x421d,0x421e,0x421e,0x421e,0x421e,0x421e,0x421e,0x421d,0x421d,
	0x421d,0x421d,0x421d,0x421e,0x421e,0x421e,0x421e,0x421e,0x421e,0x421d,0x421e,0x421e,0x421d,0x421e,0x421e,0x421e,
	0x421c,0x421c,0x421e,0x421f,0x421f,0x421f,0x421f,0x421f,0x421c,0x421c,0x421c,0x421c,0x421d,0x421f,0x421f,0x421f,
	0x421f,0x421f,0x421d,0x421c,0x421c,0x421c,0x421c,0x421f,0x421f,0x421f,0x421f,0x421f,0x421e,0x421c,0x421c,0x421c,
	0x421c,0x421d,0x421f,0x421f,0x421f,0x421f,0x421f,0x421c,0x421c,0x421c,0x421c,0x421c,0x421f,0x421f,0x421f,0x421f,
	0x421f,0x421e,0x421c,0x421c,0x421c,0x421c,0x421d,0x421f,0x421f,0x421f,0x421f,0x421f,0x421c,0x421c,0x421c,0x421c,
	0x421c,0x421f,0x421f,0x421f,0x421f,0x421f,0x421d,0x421c,0x421c,0x421c,0x421c,0x421e,0x421f,0x421f,0x421f,0x421f,
	0x421f,0x421c,0x421c,0x421c,0x421c,0x421c,0x421f,0x421f,0x421f,0x421f,0x421f,0x421d,0x421c,0x421c,0x421c,0x41fc,
	0x49b8,0x4d97,0x5196,0x5175,0x5174,0x5554,0x5553,0x5533,0x5533,0x5932,0x5912,0x5912,0x5912,0x5912,0x58f2,0x58f2,
	0x58f2,0x58f2,0x58f2,0x58f2,0x58f2,0x58f2,0x58f2,0x58f2,0x58f3,0x58f3,0x58f3,0x58f3,0x58d3,0x58d3,0x58d3,0x58d3,
	0x58d3,0x58d3,0x58d3,0x58d3,0x58d4,0x58d4,0x58d4,0x58d4,0x58d4,0x58d4,0x58d4,0x58d5,0x58d5,0x58d5,0x54d5,0x54f5,
	0x54f6,0x54f6,0x54f6,0x54f7,0x54f7,0x54f7,0x54f7,0x50f8,0x50f8,0x5118,0x5119,0x5119,0x5119,0x5119,0x5119,0x5119,
	0x50f8,0x45dd,0x3e1f,0x421f,0x3e1d,0x3e1c,0x421c,0x421c,0x421c,0x421e,0x421f,0x421f,0x421f,0x421f,0x421f,0x421c,
	0x421c,0x421c,0x421c,0x421c,0x421f,0x421f,0x421f,0x421f,0x421f,0x421d,0x421c,0x421c,0x421c,0x421c,0x421e,0x421f,
	0x421f,0x421f,0x421f,0x421f,0x421c,0x421c,0x421c,0x421c,0x421c,0x421f,0x421f,0x421f,0x421f,0x421f,0x421d,0x421c,
	0x421c,0x421c,0x421c,0x421e,0x421f,0x421f,0x421f,0x421f,0x421e,0x421c,0x421c,0x421c,0x421c,0x421d,0x421f,0x421f,
	0x421f,0x421f,0x421f,0x421d,0x421c,0x421c,0x421c,0x421c,0x421e,0x421f,0x421f,0x421f,0x421f,0x421e,0x421c,0x421c,
	0x421c,0x421c,0x421e,0x421f,0x421f,0x421f,0x421f,0x421e,0x421c,0x421c,0x421c,0x421c,0x421d,0x421f,0x421f,0x421f,
	0x421f,0x421f,0x421d,0x421c,0x421c,0x421c,0x421c,0x421f,0x421f,0x421f,0x421f,0x421f,0x421e,0x421c,0x421c,0x421c,
	0x421c,0x421d,0x421f,0x421f,0x421f,0x421f,0x421f,0x421c,0x421c,0x421c,0x421c,0x421c,0x421f,0x421f,0x421f,0x421f,
	0x421f,0x421e,0x421c,0x421c,0x421c,0x421c,0x421d,0x421f,0x421f,0x421f,0x421f,0x421f,0x421c,0x421d,0x421c,0x421c,
	0x421c,0x421f,0x421f,0x421f,0x421f,0x421f,0x421d,0x421c,0x421c,0x421c,0x421c,0x421e,0x421f,0x421f,0x421f,0x421f,
	0x421f,0x421c,0x421c,0x421c,0x421c,0x421c,0x421f,0x421f,0x421f,0x421f,0x421f,0x421d,0x421c,0x421c,0x421c,0x421d,
	0x45da,0x4d96,0x5196,0x5175,0x5174,0x5553,0x5553,0x5553,0x5532,0x5932,0x5932,0x5912,0x5912,0x5912,0x5912,0x5912,
	0x58f2,0x58f2,0x58f2,0x58f2,0x58f2,0x58f2,0x58f2,0x58f2,0x58f2,0x58f2,0x58f3,0x58f3,0x58f3,0x58f3,0x58f3,0x58f3,
	0x58d3,0x58d3,0x58d3,0x58d3,0x58d3,0x58d4,0x58d4,0x58d4,0x58d4,0x58d4,0x58d4,0x58d4,0x58d5,0x58d5,0x58d5,0x54d5,
	0x54d5,0x54d6,0x54d6,0x54f6,0x54f7,0x54f7,0x54f7,0x54f7,0x50f8,0x50f8,0x50f8,0x50f8,0x50f8,0x50f8,0x54f8,0x54f8,
	0x4d3a,0x421f,0x3e1f,0x421f,0x3e1e,0x3e1c,0x421c,0x421c,0x421c,0x421e,0x421f,0x421f,0x421f,0x421f,0x421f,0x421c,
	0x421c,0x421c,0x421c,0x421d,0x421f,0x421f,0x421f,0x421f,0x421f,0x421d,0x421c,0x421c,0x421c,0x421c,0x421e,0x421f,
	0x421f,0x421f,0x421f,0x421f,0x421c,0x421c,0x421c,0x421c,0x421d,0x421f,0x421f,0x421f,0x421f,0x421f,0x421d,0x421c,
	0x421c,0x421c,0x421c,0x421e,0x421f,0x421f,0x421f,0x421f,0x421e,0x421c,0x421c,0x421c,0x421c,0x421d,0x421f,0x421f,
	0x421f,0x421f,0x421f,0x421d,0x421c,0x421c,0x421c,0x421c,0x421e,0x421f,0x421f,0x421f,0x421f,0x421e,0x421c,0x421c,
	0x421c,0x421c,0x421e,0x421f,0x421f,0x421f,0x421f,0x421e,0x421c,0x421c,0x421c,0x421c,0x421d,0x421f,0x421f,0x421f,
	0x421f,0x421f,0x421d,0x421c,0x421c,0x421c,0x421c,0x421f,0x421f,0x421f,0x421f,0x421f,0x421e,0x421c,0x421c,0x421c,
	0x421c,0x421d,0x421f,0x421f,0x421f,0x421f,0x421f,0x421c,0x421c,0x421c,0x421c,0x421c,0x421f,0x421f,0x421f,0x421f,
	0x421f,0x421e,0x421c,0x421c,0x421c,0x421c,0x421d,0x421f,0x421f,0x421f,0x421f,0x421f,0x421d,0x421d,0x421c,0x421c,
	0x421c,0x421f,0x421f,0x421f,0x421f,0x421f,0x421d,0x421c,0x421c,0x421c,0x421c,0x421e,0x421f,0x421f,0x421f,0x421f,
	0x421f,0x421c,0x421c,0x421c,0x421c,0x421d,0x421f,0x421f,0x421f,0x421f,0x421f,0x421d,0x421c,0x421c,0x421c,0x421c,
	0x3e1e,0x49b8,0x5195,0x5195,0x5174,0x5573,0x5553,0x5552,0x5532,0x5532,0x5932,0x5912,0x5912,0x5912,0x5912,0x5912,
	0x5912,0x5912,0x5912,0x58f2,0x58f2,0x58f2,0x58f2,0x58f2,0x58f2,0x58f2,0x58f2,0x58f2,0x58f2,0x58f2,0x58f2,0x58f3,
	0x58d3,0x58d3,0x58d3,0x58d3,0x58d3,0x58d3,0x58d3,0x58d3,0x58d4,0x58d4,0x58d4,0x58d4,0x58d4,0x58d4,0x58d5,0x58d5,
	0x58d5,0x58d5,0x58d6,0x54f6,0x54f6,0x54f7,0x54f7,0x54f7,0x54f7,0x54f8,0x54f8,0x54f8,0x54f8,0x54f8,0x54f8,0x50f8,
	0x45dd,0x3e1f,0x3dff,0x421f,0x3e1e,0x3e1c,0x421c,0x421c,0x421c,0x421e,0x421f,0x421f,0x421f,0x421f,0x421f,0x421c,
	0x421c,0x421c,0x421c,0x421d,0x421f,0x421f,0x421f,0x421f,0x421f,0x421e,0x421c,0x421c,0x421c,0x421c,0x421e,0x421f,
	0x421f,0x421f,0x421f,0x421e,0x421c,0x421c,0x421c,0x421c,0x421d,0x421f,0x421f,0x421f,0x421f,0x421f,0x421d,0x421c,
	0x421c,0x421c,0x421c,0x421e,0x421f,0x421f,0x421f,0x421f,0x421e,0x421c,0x421c,0x421c,0x421c,0x421d,0x421f,0x421f,
	0x421f,0x421f,0x421f,0x421d,0x421c,0x421c,0x421d,0x421c,0x421e,0x421f,0x421f,0x421f,0x421f,0x421e,0x421c,0x421c,
	0x421f,0x421f,0x421e,0x421d,0x421d,0x421d,0x421d,0x421e,0x421f,0x421f,0x421f,0x421f,0x421e,0x421d,0x421d,0x421d,
	0x421d,0x421d,0x421f,0x421f,0x421f,0x421f,0x421f,0x421d,0x421d,0x421d,0x421d,0x421d,0x421e,0x421f,0x421f,0x421f,
	0x421f,0x421e,0x421d,0x421d,0x421d,0x421d,0x421d,0x421f,0x421f,0x421f,0x421f,0x421f,0x421d,0x421d,0x421d,0x421d,
	0x421d,0x421e,0x421f,0x421f,0x421f,0x421f,0x421e,0x421d,0x421d,0x421d,0x421d,0x421d,0x421f,0x421f,0x421f,0x421f,
	0x421f,0x421d,0x421d,0x421d,0x421d,0x421d,0x421e,0x421f,0x421f,0x421f,0x421f,0x421e,0x421d,0x421d,0x421d,0x421d,
	0x421d,0x421f,0x421f,0x421f,0x421f,0x421f,0x421d,0x421d,0x421d,0x421d,0x421d,0x421f,0x421f,0x421f,0x421f,0x421f,
	0x3e1e,0x41fb,0x4db5,0x5195,0x5194,0x5573,0x5573,0x5552,0x5552,0x5531,0x5931,0x5931,0x5911,0x5911,0x5911,0x5911,
	0x5911,0x5911,0x5911,0x58f1,0x58f1,0x58f2,0x58f2,0x58f2,0x58f2,0x58f2,0x58f2,0x58f2,0x58f2,0x58f2,0x58f2,0x58f2,
	0x58d2,0x58d2,0x58d3,0x58d3,0x58d3,0x58d3,0x58d3,0x58d3,0x58d3,0x58d4,0x58d4,0x58d4,0x58d4,0x58d4,0x58d4,0x58d4,
	0x58d5,0x58d5,0x58d5,0x54d5,0x54f6,0x54f6,0x54f6,0x54f7,0x54f7,0x54f7,0x54f7,0x54f7,0x54d7,0x54d7,0x54d7,0x497a,
	0x3e1d,0x3dfd,0x3e1d,0x3e1d,0x3dfe,0x3dff,0x41ff,0x41ff,0x41ff,0x41fe,0x41fd,0x41fd,0x41fd,0x41fd,0x421d,0x421f,
	0x421f,0x421f,0x421f,0x421f,0x421d,0x421d,0x421d,0x421d,0x421d,0x421e,0x421f,0x421f,0x421f,0x421f,0x421e,0x421c,
	0x421d,0x421d,0x421d,0x421d,0x421f,0x421f,0x421f,0x421f,0x421f,0x421d,0x421d,0x421d,0x421d,0x421d,0x421e,0x421f,
	0x421f,0x421f,0x421f,0x421e,0x421d,0x421d,0x421d,0x421d,0x421e,0x421f,0x421f,0x421f,0x421f,0x421f,0x421d,0x421d,
	0x421d,0x421d,0x421d,0x421f,0x421f,0x421f,0x421f,0x421f,0x421e,0x421d,0x421d,0x421d,0x421d,0x421e,0x421f,0x421f,
	0x421f,0x421f,0x421d,0x421c,0x421c,0x421c,0x421c,0x421e,0x421f,0x421f,0x421f,0x421f,0x421f,0x421c,0x421c,0x421c,
	0x421c,0x421c,0x421f,0x421f,0x421f,0x421f,0x421f,0x421d,0x421c,0x421c,0x421c,0x421c,0x421e,0x421f,0x421f,0x421f,
	0x421f,0x421f,0x421c,0x421c,0x421c,0x421c,0x421d,0x421f,0x421f,0x421f,0x421f,0x421f,0x421d,0x421c,0x421c,0x421c,
	0x421c,0x421e,0x421f,0x421f,0x421f,0x421f,0x421e,0x421c,0x421c,0x421c,0x421c,0x421d,0x421f,0x421f,0x421f,0x421f,
	0x421f,0x421d,0x421c,0x421c,0x421c,0x421c,0x421f,0x421f,0x421f,0x421f,0x421f,0x421e,0x421c,0x421c,0x421c,0x421c,
	0x421d,0x421f,0x421f,0x421f,0x421f,0x421f,0x421c,0x421c,0x421c,0x421c,0x421c,0x421f,0x421f,0x421f,0x421f,0x421f,
	0x421d,0x3e1c,0x45fa,0x4d94,0x5194,0x5173,0x5172,0x5572,0x5552,0x5551,0x5551,0x5551,0x5931,0x5931,0x5911,0x5911,
	0x5911,0x5911,0x5911,0x5911,0x5911,0x58f1,0x58f1,0x58f1,0x58f1,0x58f1,0x58f2,0x58f2,0x58f2,0x58f2,0x58f2,0x58f2,
	0x58f2,0x58d2,0x58d2,0x58d3,0x58d3,0x58d3,0x58d3,0x58d3,0x58d3,0x58d3,0x58d3,0x58d4,0x58d4,0x58d4,0x58d4,0x58d4,
	0x58d4,0x58d5,0x58d5,0x58d5,0x54d5,0x54d6,0x54d6,0x54d6,0x54d6,0x54d6,0x54d6,0x54d7,0x58d7,0x58b6,0x4d59,0x3e1d,
	0x3e1c,0x3e1c,0x3e1c,0x3e1c,0x3dfe,0x41ff,0x41ff,0x41ff,0x41ff,0x41fe,0x41fc,0x41fc,0x41fc,0x41fc,0x41fd,0x421f,
	0x421f,0x421f,0x421f,0x421f,0x421d,0x421c,0x421c,0x421c,0x421c,0x421e,0x421f,0x421f,0x421f,0x421f,0x421e,0x421c,
	0x421c,0x421c,0x421c,0x421d,0x421f,0x421f,0x421f,0x421f,0x421f,0x421c,0x421c,0x421c,0x421c,0x421c,0x421f,0x421f,
	0x421f,0x421f,0x421f,0x421d,0x421c,0x421c,0x421c,0x421c,0x421e,0x421f,0x421f,0x421f,0x421f,0x421f,0x421c,0x421c,
	0x421c,0x421c,0x421c,0x421f,0x421f,0x421f,0x421f,0x421f,0x421d,0x421c,0x421c,0x421c,0x421c,0x421e,0x421f,0x421f,
	0x421f,0x421f,0x421d,0x421c,0x421c,0x421c,0x421c,0x421e,0x421f,0x421f,0x421f,0x421f,0x421f,0x421c,0x421c,0x421c,
	0x421c,0x421c,0x421f,0x421f,0x421f,0x421f,0x421f,0x421d,0x421c,0x421c,0x421c,0x421c,0x421e,0x421f,0x421f,0x421f,
	0x421f,0x421f,0x421c,0x421c,0x421c,0x421c,0x421d,0x421f,0x421f,0x421f,0x421f,0x421f,0x421d,0x421c,0x421c,0x421c,
	0x421c,0x421e,0x421f,0x421f,0x421f,0x421f,0x421e,0x421c,0x421c,0x421c,0x421c,0x421d,0x421f,0x421f,0x421f,0x421f,
	0x421f,0x421d,0x421c,0x421c,0x421c,0x421c,0x421f,0x421f,0x421f,0x421f,0x421f,0x421e,0x421c,0x421c,0x421c,0x421c,
	0x421d,0x421f,0x421f,0x421f,0x421f,0x421f,0x421c,0x421c,0x421c,0x421c,0x421c,0x421f,0x421f,0x421f,0x421f,0x421f,
	0x421e,0x421c,0x3e1d,0x45d9,0x5194,0x5193,0x5173,0x5172,0x5572,0x5551,0x5551,0x5550,0x5550,0x5930,0x5930,0x5910,
	0x5910,0x5910,0x5910,0x5910,0x5910,0x5911,0x5911,0x58f1,0x58f1,0x58f1,0x58f1,0x58f1,0x58f1,0x58f1,0x58f2,0x58f2,
	0x58f2,0x58f2,0x58f2,0x58d2,0x58d2,0x58d3,0x58d3,0x58d3,0x58d3,0x58d3,0x58d3,0x58d3,0x58d3,0x58d4,0x58d4,0x58d4,
	0x58d4,0x58d4,0x58d5,0x58d5,0x58d5,0x58d5,0x58d5,0x58d6,0x58d6,0x58d6,0x58d6,0x54d6,0x58d5,0x4d59,0x421f,0x3e1d,
	0x3e1c,0x3e1c,0x3e1c,0x3e1c,0x3e1e,0x41ff,0x41ff,0x41ff,0x41ff,0x41fe,0x41fc,0x41fc,0x41fc,0x41fc,0x41fd,0x421f,
	0x421f,0x421f,0x421f,0x421f,0x421c,0x421c,0x421c,0x421c,0x421c,0x421f,0x421f,0x421f,0x421f,0x421f,0x421e,0x421c,
	0x421c,0x421c,0x421c,0x421d,0x421f,0x421f,0x421f,0x421f,0x421f,0x421c,0x421c,0x421c,0x421c,0x421c,0x421f,0x421f,
	0x421f,0x421f,0x421f,0x421d,0x421c,0x421c,0x421c,0x421c,0x421d,0x421f,0x421f,0x421f,0x421f,0x421f,0x421c,0x421c,
	0x421c,0x421c,0x421c,0x421f,0x421f,0x421f,0x421f,0x421f,0x421d,0x421c,0x421c,0x421c,0x421c,0x421e,0x421f,0x421f,
	0x421e,0x421e,0x421e,0x421d,0x421e,0x421e,0x421d,0x421e,0x421e,0x421e,0x421e,0x421e,0x421e,0x421e,0x421e,0x421e,
	0x421e,0x421e,0x421e,0x421e,0x421e,0x421e,0x421e,0x421e,0x421e,0x421e,0x421e,0x421d,0x421e,0x421e,0x421e,0x421e,
	0x421e,0x421e,0x421d,0x421e,0x421e,0x421e,0x421e,0x421e,0x421e,0x421e,0x421e,0x421e,0x421e,0x421d,0x421d,0x421e,
	0x421e,0x421e,0x421e,0x421e,0x421e,0x421e,0x421e,0x421e,0x421e,0x421e,0x421e,0x421e,0x421e,0x421e,0x421e,0x421e,
	0x421e,0x421e,0x421e,0x421e,0x421e,0x421e,0x421e,0x421e,0x421e,0x421e,0x421e,0x421e,0x421e,0x421e,0x421e,0x421e,
	0x421e,0x421e,0x421e,0x421e,0x421e,0x421e,0x421d,0x421e,0x421d,0x421d,0x421e,0x421e,0x421e,0x421e,0x421e,0x421e,
	0x421e,0x421d,0x3e1d,0x3e1e,0x45fb,0x4db5,0x5192,0x5193,0x5592,0x5571,0x5551,0x5550,0x5550,0x5930,0x5930,0x5930,
	0x5930,0x5930,0x5930,0x5910,0x5910,0x5910,0x5910,0x5910,0x5910,0x5910,0x5911,0x58f1,0x58f1,0x58f1,0x58f1,0x58f1,
	0x58f1,0x58f1,0x58f2,0x58f2,0x58f2,0x58f2,0x58f2,0x58f2,0x58d2,0x58d3,0x58d3,0x58d3,0x58d3,0x58d3,0x58d3,0x58d4,
	0x58d4,0x58d4,0x58d4,0x58d5,0x58d5,0x58d5,0x58d5,0x58d5,0x58d5,0x58d5,0x58d5,0x58d5,0x4d79,0x3e1e,0x3e1e,0x41fe,
	0x3e1d,0x3e1e,0x3e1e,0x3e1e,0x3e1e,0x3dfe,0x41fe,0x41fe,0x41fe,0x41fe,0x41fe,0x41fe,0x41fe,0x41fd,0x41fe,0x421e,
	0x421e,0x421e,0x421e,0x421e,0x421e,0x421e,0x421e,0x421d,0x421d,0x421e,0x421e,0x421e,0x421e,0x421e,0x421e,0x421e,
	0x421e,0x421e,0x421e,0x421e,0x421e,0x421e,0x421e,0x421e,0x421e,0x421d,0x421e,0x421e,0x421e,0x421e,0x421e,0x421e,
	0x421e,0x421e,0x421e,0x421e,0x421d,0x421e,0x421e,0x421d,0x421e,0x421e,0x421e,0x421e,0x421e,0x421e,0x421d,0x421e,
	0x421e,0x421d,0x421e,0x421e,0x421e,0x421e,0x421e,0x421e,0x421e,0x421e,0x421e,0x421d,0x421d,0x421e,0x421e,0x421e,
	0x421c,0x421c,0x421e,0x421f,0x421f,0x421f,0x421f,0x421e,0x421c,0x421c,0x421c,0x421c,0x421d,0x421f,0x421f,0x421f,
	0x421f,0x421f,0x421c,0x421c,0x421c,0x421c,0x421c,0x421f,0x421f,0x421f,0x421f,0x421f,0x421e,0x421c,0x421c,0x421c,
	0x421c,0x421d,0x421f,0x421f,0x421f,0x421f,0x421f,0x421c,0x421c,0x421c,0x421c,0x421c,0x421f,0x421f,0x421f,0x421f,
	0x421f,0x421e,0x421c,0x421c,0x421c,0x421c,0x421d,0x421f,0x421f,0x421f,0x421f,0x421f,0x421c,0x421c,0x421c,0x421c,
	0x421c,0x421f,0x421f,0x421f,0x421f,0x421f,0x421e,0x421c,0x421c,0x421c,0x421c,0x421e,0x421f,0x421f,0x421f,0x421f,
	0x421f,0x421c,0x421c,0x421c,0x421c,0x421c,0x421f,0x421f,0x421f,0x421f,0x421f,0x421d,0x421c,0x421c,0x421c,0x421c,
	0x421e,0x421f,0x41ff,0x41ff,0x3e1f,0x41fe,0x49d6,0x5192,0x5192,0x5592,0x5571,0x5570,0x5570,0x5550,0x554f,0x594f,
	0x592f,0x592f,0x592f,0x590f,0x590f,0x590f,0x590f,0x5910,0x5910,0x5910,0x5910,0x58f0,0x58f0,0x58f1,0x58f1,0x58f1,
	0x58f1,0x5cf1,0x5cf1,0x5cf1,0x5cf1,0x5cf2,0x5cf2,0x5cf2,0x5cf2,0x5cf2,0x5cf2,0x5cf3,0x5cf3,0x58f3,0x58f3,0x58f3,
	0x58d4,0x58d4,0x58d4,0x58d4,0x58d4,0x58d4,0x58d4,0x58f5,0x58d5,0x5cd4,0x58f5,0x499a,0x3e1d,0x3e1c,0x421c,0x421f,
	0x421f,0x421f,0x421f,0x421f,0x421e,0x421c,0x41fc,0x41fc,0x41fc,0x41fd,0x41ff,0x41ff,0x421f,0x421f,0x421f,0x421c,
	0x421c,0x421c,0x421c,0x421c,0x421f,0x421f,0x421f,0x421f,0x421f,0x421d,0x421c,0x421c,0x421c,0x421c,0x421e,0x421f,
	0x421f,0x421f,0x421f,0x421f,0x421c,0x421c,0x421c,0x421c,0x421d,0x421f,0x421f,0x421f,0x421f,0x421f,0x421d,0x421c,
	0x421c,0x421c,0x421c,0x421e,0x421f,0x421f,0x421f,0x421f,0x421e,0x421c,0x421c,0x421c,0x421c,0x421d,0x421f,0x421f,
	0x421f,0x421f,0x421f,0x421d,0x421c,0x421c,0x421c,0x421c,0x421f,0x421f,0x421f,0x421f,0x421f,0x421e,0x421c,0x421c,
	0x421c,0x421c,0x421e,0x421f,0x421f,0x421f,0x421f,0x421e,0x421c,0x421c,0x421c,0x421c,0x421d,0x421f,0x421f,0x421f,
	0x421f,0x421f,0x421d,0x421c,0x421c,0x421c,0x421c,0x421e,0x421f,0x421f,0x421f,0x421f,0x421e,0x421c,0x421c,0x421c,
	0x421c,0x421d,0x421f,0x421f,0x421f,0x421f,0x421f,0x421c,0x421c,0x421c,0x421c,0x421c,0x421f,0x421f,0x421f,0x421f,
	0x421f,0x421e,0x421c,0x421c,0x421c,0x421c,0x421e,0x421f,0x421f,0x421f,0x421f,0x421f,0x421c,0x421c,0x421d,0x421d,
	0x421d,0x421f,0x421f,0x421f,0x421f,0x421f,0x421e,0x421c,0x421c,0x421c,0x421c,0x421e,0x421f,0x421f,0x421f,0x421f,
	0x421f,0x421c,0x421c,0x421c,0x421c,0x421d,0x421f,0x421f,0x421f,0x421f,0x421f,0x421d,0x421c,0x421c,0x421c,0x421c,
	0x421e,0x421f,0x41ff,0x41ff,0x41ff,0x3e1f,0x3e1d,0x45f9,0x4db4,0x5191,0x5191,0x5191,0x5590,0x556f,0x556f,0x554e,
	0x594e,0x592e,0x592e,0x592e,0x592e,0x592e,0x590f,0x590f,0x590f,0x590f,0x590f,0x5910,0x5910,0x58f0,0x58f0,0x58f0,
	0x58f0,0x5cf1,0x5cf1,0x5cf1,0x5cf1,0x5cf1,0x5cf1,0x5cf2,0x5cf2,0x5cf2,0x5cf2,0x5cf2,0x5cf2,0x5cf2,0x5cf3,0x58f3,
	0x58f3,0x58f3,0x58f3,0x58f3,0x58f4,0x58f4,0x58f4,0x5cd3,0x5cf3,0x5157,0x41fb,0x3e1d,0x421c,0x421c,0x421c,0x421f,
	0x421f,0x421f,0x421f,0x421f,0x421e,0x421c,0x41fc,0x41fc,0x41fc,0x41fd,0x41ff,0x41ff,0x421f,0x421f,0x421f,0x421c,
	0x421c,0x421c,0x421c,0x421c,0x421f,0x421f,0x421f,0x421f,0x421f,0x421d,0x421c,0x421c,0x421c,0x421c,0x421e,0x421f,
	0x421f,0x421f,0x421f,0x421f,0x421c,0x421c,0x421c,0x421c,0x421d,0x421f,0x421f,0x421f,0x421f,0x421f,0x421d,0x421c,
	0x421d,0x421d,0x421c,0x421e,0x421f,0x421f,0x421f,0x421f,0x421e,0x421c,0x421c,0x421c,0x421c,0x421d,0x421f,0x421f,
	0x421f,0x421f,0x421f,0x421d,0x421c,0x421c,0x421c,0x421c,0x421e,0x421f,0x421f,0x421f,0x421f,0x421e,0x421c,0x421d,
	0x421c,0x421c,0x421e,0x421f,0x421f,0x421f,0x421f,0x421e,0x421c,0x421c,0x421c,0x421c,0x421d,0x421f,0x421f,0x421f,
	0x421f,0x421f,0x421d,0x421c,0x421c,0x421c,0x421c,0x421f,0x421f,0x421f,0x421f,0x421f,0x421e,0x421c,0x421c,0x421c,
	0x421c,0x421d,0x421f,0x421f,0x421f,0x421f,0x421f,0x421d,0x421c,0x421d,0x421c,0x421c,0x421f,0x421f,0x421f,0x421f,
	0x421f,0x421e,0x421c,0x421c,0x421d,0x421c,0x421d,0x421f,0x421f,0x421f,0x421f,0x421f,0x421c,0x421c,0x421c,0x421c,
	0x421c,0x421f,0x421f,0x421f,0x421f,0x421f,0x421e,0x421c,0x421c,0x421c,0x421c,0x421e,0x421f,0x421f,0x421f,0x421f,
	0x421f,0x421c,0x421c,0x421c,0x421c,0x421d,0x421f,0x421f,0x421f,0x421f,0x421f,0x421d,0x421c,0x421d,0x421d,0x421c,
	0x421e,0x421f,0x41ff,0x41ff,0x41ff,0x421f,0x421c,0x3e1d,0x41fc,0x45d8,0x4db3,0x5190,0x5590,0x5190,0x558f,0x556f,
	0x556e,0x554e,0x554e,0x594d,0x594d,0x592e,0x592e,0x592e,0x590e,0x590e,0x590f,0x590f,0x590f,0x590f,0x590f,0x5910,
	0x58f0,0x5cf0,0x5cf0,0x5cf0,0x5cf1,0x5cf1,0x5cf1,0x5cf1,0x5cf1,0x5cf2,0x5cf2,0x5cf2,0x5cf2,0x5cf2,0x5cf2,0x5cf3,
	0x5cf3,0x5cf3,0x58f3,0x58f3,0x5cf3,0x5cf3,0x5cf3,0x5535,0x49bb,0x3e1f,0x3e1d,0x41fc,0x421c,0x421c,0x421c,0x421f,
	0x421f,0x421f,0x421f,0x421f,0x421e,0x421c,0x421c,0x421c,0x421c,0x421d,0x421f,0x421f,0x421f,0x421f,0x421f,0x421d,
	0x421c,0x421d,0x421c,0x421d,0x421f,0x421f,0x421f,0x421f,0x421f,0x421d,0x421c,0x421c,0x421d,0x421c,0x421e,0x421f,
	0x421f,0x421f,0x421f,0x421f,0x421c,0x421c,0x421c,0x421c,0x421d,0x421f,0x421f,0x421f,0x421f,0x421f,0x421d,0x421c,
	0x421c,0x421c,0x421c,0x421e,0x421f,0x421f,0x421f,0x421f,0x421e,0x421c,0x421d,0x421d,0x421c,0x421d,0x421f,0x421f,
	0x421f,0x421f,0x421f,0x421d,0x421c,0x421c,0x421c,0x421c,0x421e,0x421f,0x421f,0x421f,0x421f,0x421e,0x421c,0x421d,
	0x421f,0x421f,0x421e,0x421d,0x421d,0x421d,0x421d,0x421e,0x421f,0x421f,0x421f,0x421f,0x421f,0x421d,0x421d,0x421d,
	0x421d,0x421d,0x421f,0x421f,0x421f,0x421f,0x421f,0x421d,0x421d,0x421d,0x421d,0x421d,0x421e,0x421f,0x421f,0x421f,
	0x421f,0x421e,0x421d,0x421d,0x421d,0x421d,0x421d,0x421f,0x421f,0x421f,0x421f,0x421f,0x421d,0x421d,0x421d,0x421d,
	0x421d,0x421e,0x421f,0x421f,0x421f,0x421f,0x421e,0x421d,0x421d,0x421d,0x421d,0x421d,0x421f,0x421f,0x421f,0x421f,
	0x421f,0x421d,0x421d,0x421d,0x421d,0x421d,0x421f,0x421f,0x421f,0x421f,0x421f,0x421e,0x421d,0x421d,0x421d,0x421d,
	0x421d,0x421f,0x421f,0x421f,0x421f,0x421f,0x421d,0x421d,0x421d,0x421d,0x421d,0x421f,0x421f,0x421f,0x421f,0x421f,
	0x421e,0x421d,0x41fd,0x41fd,0x41fd,0x421e,0x421f,0x41ff,0x3e1f,0x3e1f,0x41fe,0x45d8,0x4db4,0x51b1,0x518f,0x518f,
	0x558f,0x556e,0x556e,0x554d,0x554d,0x594d,0x592d,0x592d,0x592d,0x590d,0x590e,0x590e,0x5d0e,0x590f,0x590f,0x590f,
	0x590f,0x590f,0x5d10,0x5d10,0x5d10,0x5cf0,0x5d10,0x5d11,0x5d11,0x5d11,0x5d11,0x5d12,0x5d12,0x5d12,0x5d12,0x5d12,
	0x5912,0x5d12,0x5d12,0x5cf1,0x5912,0x5555,0x49b9,0x421d,0x3e1d,0x421d,0x41ff,0x421f,0x421f,0x421f,0x421f,0x421d,
	0x421d,0x421d,0x421d,0x421d,0x421e,0x421f,0x421f,0x421f,0x421f,0x421e,0x421d,0x421d,0x421d,0x421d,0x421d,0x421f,
	0x421f,0x421f,0x421f,0x421f,0x421d,0x421d,0x421d,0x421d,0x421d,0x421e,0x421f,0x421f,0x421f,0x421f,0x421e,0x421d,
	0x421d,0x421d,0x421d,0x421d,0x421f,0x421f,0x421f,0x421f,0x421f,0x421d,0x421d,0x421d,0x421d,0x421d,0x421e,0x421f,
	0x421f,0x421f,0x421f,0x421e,0x421d,0x421d,0x421d,0x421d,0x421e,0x421f,0x421f,0x421f,0x421f,0x421e,0x421d,0x421d,
	0x421d,0x421d,0x421d,0x421f,0x421f,0x421f,0x421f,0x421f,0x421e,0x421d,0x421d,0x421d,0x421d,0x421e,0x421f,0x421f,
	0x421f,0x421f,0x421d,0x421c,0x421c,0x421c,0x421c,0x421e,0x421f,0x421f,0x421f,0x421f,0x421f,0x421c,0x421c,0x421c,
	0x421c,0x421c,0x421f,0x421f,0x421f,0x421f,0x421f,0x421d,0x421c,0x421c,0x421c,0x421c,0x421e,0x421f,0x421f,0x421f,
	0x421f,0x421f,0x421c,0x421c,0x421c,0x421c,0x421d,0x421f,0x421f,0x421f,0x421f,0x421f,0x421d,0x421c,0x421c,0x421c,
	0x421c,0x421e,0x421f,0x421f,0x421f,0x421f,0x421e,0x421c,0x421c,0x421c,0x421c,0x421d,0x421f,0x421f,0x421f,0x421f,
	0x421f,0x421d,0x421c,0x421c,0x421c,0x421c,0x421f,0x421f,0x421f,0x421f,0x421f,0x421e,0x421c,0x421c,0x421c,0x421c,
	0x421d,0x421f,0x421f,0x421f,0x421f,0x421f,0x421d,0x421c,0x421c,0x421c,0x421c,0x421f,0x421f,0x421f,0x421f,0x421f,
	0x421e,0x421c,0x421c,0x421c,0x421c,0x421d,0x421f,0x421f,0x421f,0x421f,0x3e1f,0x3e1d,0x3e1d,0x41fa,0x45d7,0x4db3,
	0x51b0,0x518e,0x558d,0x558d,0x556d,0x556c,0x554c,0x554c,0x592c,0x592c,0x592d,0x592d,0x5d0d,0x5d0d,0x5d0e,0x5d0e,
	0x5d0e,0x5d0f,0x590f,0x590f,0x5d10,0x5d10,0x5d10,0x5d10,0x5d31,0x5d31,0x5d31,0x5d31,0x5d32,0x5d32,0x5d31,0x5d31,
	0x5d31,0x5932,0x5554,0x4d98,0x45dc,0x41fd,0x3e1d,0x3dfc,0x41fc,0x421d,0x421f,0x421f,0x421f,0x421f,0x421f,0x421d,
	0x421c,0x421c,0x421c,0x421c,0x421e,0x421f,0x421f,0x421f,0x421f,0x421e,0x421c,0x421c,0x421c,0x421c,0x421d,0x421f,
	0x421f,0x421f,0x421f,0x421f,0x421d,0x421c,0x421c,0x421c,0x421c,0x421f,0x421f,0x421f,0x421f,0x421f,0x421e,0x421c,
	0x421c,0x421c,0x421c,0x421d,0x421f,0x421f,0x421f,0x421f,0x421f,0x421c,0x421c,0x421c,0x421c,0x421c,0x421f,0x421f,
	0x421f,0x421f,0x421f,0x421e,0x421c,0x421c,0x421c,0x421c,0x421e,0x421f,0x421f,0x421f,0x421f,0x421f,0x421c,0x421c,
	0x421c,0x421c,0x421c,0x421f,0x421f,0x421f,0x421f,0x421f,0x421d,0x421c,0x421c,0x421c,0x421c,0x421e,0x421f,0x421f,
	0x421f,0x421f,0x421d,0x421c,0x421c,0x421c,0x421c,0x421e,0x421f,0x421f,0x421f,0x421f,0x421f,0x421c,0x421c,0x421c,
	0x421c,0x421c,0x421f,0x421f,0x421f,0x421f,0x421f,0x421d,0x421c,0x421c,0x421c,0x421c,0x421e,0x421f,0x421f,0x421f,
	0x421f,0x421f,0x421c,0x421c,0x421c,0x421c,0x421d,0x421f,0x421f,0x421f,0x421f,0x421f,0x421d,0x421c,0x421c,0x421c,
	0x421c,0x421e,0x421f,0x421f,0x421f,0x421f,0x421e,0x421c,0x421c,0x421c,0x421c,0x421d,0x421f,0x421f,0x421f,0x421f,
	0x421f,0x421d,0x421c,0x421c,0x421c,0x421c,0x421f,0x421f,0x421f,0x421f,0x421f,0x421e,0x421c,0x421c,0x421c,0x421c,
	0x421d,0x421f,0x421f,0x421f,0x421f,0x421f,0x421c,0x421c,0x421c,0x421c,0x421c,0x421f,0x421f,0x421f,0x421f,0x421f,
	0x421e,0x421c,0x421c,0x421c,0x421c,0x421d,0x421f,0x421f,0x421f,0x421f,0x421f,0x421c,0x421c,0x3e1d,0x3e1d,0x3e1c,
	0x41fd,0x45d9,0x49d5,0x4db2,0x51af,0x518d,0x558b,0x556a,0x596a,0x594b,0x594b,0x5d2c,0x5d2c,0x5d0d,0x5d0d,0x5d0d,
	0x5d0d,0x5d0e,0x5d0e,0x5d0e,0x5d0f,0x5d0f,0x590f,0x5d30,0x5d30,0x5d30,0x5d30,0x5d30,0x5d31,0x5951,0x5572,0x5195,
	0x49b9,0x45fd,0x3e1f,0x3e1f,0x3e1f,0x41fc,0x41fc,0x41fc,0x41fc,0x421d,0x421f,0x421f,0x421f,0x421f,0x421f,0x421d,
	0x421c,0x421c,0x421c,0x421c,0x421e,0x421f,0x421f,0x421f,0x421f,0x421e,0x421c,0x421c,0x41fc,0x41fc,0x41fd,0x41ff,
	0x421f,0x421f,0x41ff,0x41ff,0x421c,0x421c,0x421c,0x421c,0x421c,0x421f,0x421f,0x421f,0x421f,0x421f,0x421e,0x421c,
	0x421c,0x421c,0x421c,0x421d,0x421f,0x421f,0x421f,0x421f,0x421f,0x421c,0x421c,0x421c,0x421c,0x421c,0x421f,0x421f,
	0x421f,0x421f,0x421f,0x421e,0x421c,0x421c,0x421c,0x421c,0x421d,0x421f,0x421f,0x421f,0x421f,0x421f,0x421c,0x421c,
	0x421c,0x421c,0x421c,0x421f,0x421f,0x421f,0x421f,0x421f,0x421d,0x421c,0x421c,0x421c,0x421c,0x421e,0x421f,0x421f,
	0x421e,0x421e,0x421e,0x421d,0x421e,0x421e,0x421e,0x421e,0x421e,0x421e,0x421e,0x421e,0x421e,0x421e,0x421e,0x421e,
	0x421e,0x421e,0x421e,0x421e,0x421e,0x421e,0x421e,0x421e,0x421e,0x421e,0x421e,0x421e,0x421e,0x421e,0x421e,0x421e,
	0x421e,0x421e,0x421e,0x421e,0x421e,0x421e,0x421e,0x421e,0x421e,0x421e,0x421e,0x421e,0x421e,0x421e,0x421e,0x421e,
	0x421e,0x421e,0x421e,0x421e,0x421e,0x421e,0x421e,0x421e,0x421e,0x421e,0x421e,0x421e,0x421e,0x421e,0x421e,0x421e,
	0x421e,0x421e,0x421e,0x421e,0x421e,0x421e,0x421e,0x421e,0x421e,0x421e,0x421e,0x421e,0x421e,0x421e,0x421e,0x421e,
	0x421e,0x421e,0x421e,0x421e,0x421e,0x421e,0x421e,0x421e,0x421e,0x421e,0x421e,0x421e,0x421e,0x421e,0x421e,0x421e,
	0x421e,0x421e,0x421e,0x421e,0x421e,0x421e,0x421e,0x421e,0x421e,0x421e,0x421e,0x421e,0x421e,0x421e,0x421d,0x421e,
	0x3e1f,0x3e1f,0x3e1f,0x421e,0x41fc,0x45f9,0x45d7,0x49d4,0x4daf,0x5188,0x5187,0x5187,0x5188,0x5568,0x5569,0x594a,
	0x594b,0x5d2c,0x5d2d,0x5d2d,0x5d2e,0x5d2e,0x5d2f,0x5d4f,0x5971,0x5592,0x5194,0x4db7,0x49d9,0x45fb,0x41fd,0x3e1f,
	0x3e1f,0x3e1f,0x421e,0x41fe,0x3e1e,0x41fe,0x3dfe,0x41fe,0x41fe,0x3e1e,0x421e,0x421e,0x421e,0x421e,0x421e,0x421e,
	0x421e,0x421e,0x421e,0x421e,0x421e,0x421e,0x421e,0x421e,0x421e,0x421e,0x41fd,0x41fe,0x3e1e,0x3e1e,0x3e1e,0x3e1e,
	0x3e1e,0x3e1e,0x3e1e,0x3e1e,0x3e1e,0x41fe,0x41fe,0x41fe,0x421e,0x421e,0x421e,0x421e,0x421e,0x421e,0x421e,0x421e,
	0x421e,0x421e,0x421e,0x421e,0x421e,0x421e,0x421e,0x421e,0x421e,0x421e,0x421e,0x421e,0x421e,0x421e,0x421e,0x421e,
	0x421e,0x421e,0x421e,0x421e,0x421e,0x421e,0x421e,0x421e,0x421e,0x421e,0x421e,0x421e,0x421e,0x421e,0x421e,0x421e,
	0x421e,0x421e,0x421e,0x421e,0x421e,0x421e,0x421e,0x421e,0x421e,0x421d,0x421e,0x421e,0x421e,0x421e,0x421e,0x421e,
	0x421c,0x421c,0x421e,0x421f,0x421f,0x421f,0x421f,0x421e,0x421c,0x421c,0x421c,0x421c,0x421d,0x421f,0x421f,0x421f,
	0x421f,0x421f,0x421d,0x421c,0x421c,0x421c,0x421c,0x421f,0x421f,0x421f,0x421f,0x421f,0x421e,0x421c,0x421c,0x421c,
	0x421c,0x421d,0x421f,0x421f,0x421f,0x421f,0x421f,0x421c,0x421c,0x421c,0x421c,0x421c,0x421f,0x421f,0x421f,0x421f,
	0x421f,0x421e,0x421c,0x421c,0x421c,0x421c,0x421d,0x421f,0x421f,0x421f,0x421f,0x421f,0x421c,0x421c,0x421c,0x421c,
	0x421c,0x421f,0x421f,0x421f,0x421f,0x421f,0x421d,0x421c,0x421c,0x421c,0x421c,0x421e,0x421f,0x421f,0x421f,0x421f,
	0x421f,0x421c,0x421c,0x421c,0x421c,0x421c,0x421f,0x421f,0x421f,0x421f,0x421f,0x421d,0x421c,0x421c,0x421c,0x421c,
	0x421e,0x421f,0x421f,0x421f,0x421f,0x421f,0x421c,0x421c,0x421c,0x421c,0x421d,0x421f,0x421f,0x421f,0x421f,0x421f,
	0x421d,0x421c,0x421c,0x421c,0x3e1c,0x3e1f,0x3e1f,0x3e1f,0x4214,0x4202,0x3e00,0x3e00,0x3e00,0x3e00,0x4201,0x4201,
	0x41e2,0x45e3,0x45e4,0x45c6,0x49c7,0x49a8,0x4da9,0x45d6,0x41fb,0x421c,0x3e1f,0x3e1f,0x3e1f,0x3e1f,0x3e1f,0x3e1e,
	0x41fc,0x3e1c,0x3e1c,0x3e1c,0x3e1d,0x3e1f,0x3dff,0x41ff,0x41ff,0x421f,0x3e1c,0x3e1c,0x3e1c,0x3e1c,0x3e1c,0x3e1f,
	0x421f,0x421f,0x421f,0x421f,0x421d,0x421c,0x421c,0x421c,0x421c,0x41fd,0x3e1f,0x3e1f,0x41de,0x459c,0x497c,0x497b,
	0x457b,0x457b,0x459b,0x41dc,0x41ff,0x3e1f,0x421f,0x41ff,0x421f,0x421d,0x421c,0x421c,0x421c,0x421c,0x421e,0x421f,
	0x421f,0x421f,0x421f,0x421f,0x421c,0x421c,0x421c,0x421c,0x421d,0x421f,0x421f,0x421f,0x421f,0x421f,0x421d,0x421c,
	0x421c,0x421c,0x421c,0x421e,0x421f,0x421f,0x421f,0x421f,0x421e,0x421c,0x421c,0x421c,0x421c,0x421d,0x421f,0x421f,
	0x421f,0x421f,0x421f,0x421d,0x421c,0x421c,0x421c,0x421c,0x421e,0x421f,0x421f,0x421f,0x421f,0x421e,0x421c,0x421c,
	0x421c,0x421c,0x421e,0x421f,0x421f,0x421f,0x421f,0x421e,0x421c,0x421d,0x421c,0x421c,0x421d,0x421f,0x421f,0x421f,
	0x421f,0x421f,0x421d,0x421c,0x421c,0x421c,0x421c,0x421f,0x421f,0x421f,0x421f,0x421f,0x421e,0x421c,0x421c,0x421c,
	0x421c,0x421d,0x421f,0x421f,0x421f,0x421f,0x421f,0x421d,0x421c,0x421c,0x421c,0x421c,0x421f,0x421f,0x421f,0x421f,
	0x421f,0x421e,0x421c,0x421d,0x421d,0x421c,0x421d,0x421f,0x421f,0x421f,0x421f,0x421f,0x421c,0x421c,0x421c,0x421c,
	0x421c,0x421f,0x421f,0x421f,0x421f,0x421f,0x421e,0x421c,0x421c,0x421c,0x421c,0x421e,0x421f,0x421f,0x421f,0x421f,
	0x421f,0x421c,0x421c,0x421c,0x421c,0x421d,0x421f,0x421f,0x421f,0x421f,0x421f,0x421d,0x421c,0x421c,0x421c,0x421c,
	0x421e,0x421f,0x421f,0x421f,0x421f,0x421f,0x421c,0x421c,0x421c,0x421c,0x421c,0x421f,0x421f,0x421f,0x421f,0x421f,
	0x421d,0x421c,0x421c,0x421c,0x421c,0x421f,0x421f,0x421a,0x4207,0x4202,0x4200,0x4200,0x4200,0x4201,0x3e01,0x3e02,
	0x3e03,0x3e04,0x3e06,0x3e07,0x3e08,0x3e09,0x3e09,0x3e19,0x3e1e,0x41fc,0x41ff,0x41ff,0x41ff,0x41ff,0x3e1f,0x3e1e,
	0x3e1c,0x3e1c,0x3e1c,0x3e1c,0x3e1d,0x3e1f,0x41ff,0x41ff,0x41ff,0x421f,0x3e1d,0x3e1c,0x3e1c,0x3e1c,0x3e1c,0x421f,
	0x421f,0x421f,0x421f,0x421f,0x421d,0x421c,0x421d,0x421d,0x421c,0x3e1e,0x41dd,0x4d59,0x54f7,0x54f8,0x511a,0x4d3b,
	0x493c,0x495c,0x493c,0x493b,0x495c,0x459d,0x41ff,0x3e1f,0x41ff,0x421e,0x421c,0x421d,0x421c,0x421c,0x421e,0x421f,
	0x421f,0x421f,0x421f,0x421e,0x421c,0x421c,0x421c,0x421c,0x421d,0x421f,0x421f,0x421f,0x421f,0x421f,0x421d,0x421c,
	0x421c,0x421c,0x421c,0x421e,0x421f,0x421f,0x421f,0x421f,0x421e,0x421c,0x421c,0x421c,0x421c,0x421d,0x421f,0x421f,
	0x421f,0x421f,0x421f,0x421d,0x421c,0x421c,0x421c,0x421c,0x421e,0x421f,0x421f,0x421f,0x421f,0x421e,0x421c,0x421c,
	0x421d,0x421c,0x421e,0x421f,0x421f,0x421f,0x421f,0x421e,0x421c,0x421c,0x421c,0x421c,0x421d,0x421f,0x421f,0x421f,
	0x421f,0x421f,0x421d,0x421c,0x421d,0x421d,0x421d,0x421f,0x421f,0x421f,0x421f,0x421f,0x421e,0x421c,0x421d,0x421d,
	0x421c,0x421d,0x421f,0x421f,0x421f,0x421f,0x421f,0x421d,0x421c,0x421c,0x421c,0x421c,0x421f,0x421f,0x421f,0x421f,
	0x421f,0x421e,0x421c,0x421d,0x421d,0x421c,0x421e,0x421f,0x421f,0x421f,0x421f,0x421f,0x421c,0x421c,0x421c,0x421c,
	0x421c,0x421f,0x421f,0x421f,0x421f,0x421f,0x421d,0x421c,0x421c,0x421c,0x421c,0x421e,0x421f,0x421f,0x421f,0x421f,
	0x421f,0x421c,0x421d,0x421d,0x421c,0x421d,0x421f,0x421f,0x421f,0x421f,0x421f,0x421e,0x421d,0x421e,0x421e,0x421d,
	0x421f,0x421f,0x421f,0x421f,0x421f,0x421f,0x421d,0x421d,0x421d,0x421e,0x421e,0x421f,0x421f,0x421f,0x421f,0x421f,
	0x421f,0x421e,0x421e,0x421d,0x421b,0x421b,0x4215,0x4207,0x4203,0x4202,0x4201,0x4200,0x4201,0x4202,0x4203,0x4204,
	0x4205,0x4206,0x4208,0x4209,0x41eb,0x41ec,0x41eb,0x41f6,0x421e,0x421c,0x421e,0x421f,0x41ff,0x41ff,0x3e1f,0x3e1e,
	0x3e1c,0x3e1c,0x3e1c,0x3e1c,0x3e1d,0x3e1f,0x41ff,0x41ff,0x41ff,0x421f,0x3e1d,0x3e1d,0x3e1d,0x3e1c,0x3e1c,0x3e1f,
	0x421f,0x421f,0x421f,0x421f,0x421d,0x421c,0x421d,0x3e1d,0x3e1d,0x4999,0x5515,0x5cd5,0x58d6,0x54f7,0x5119,0x4d3a,
	0x493b,0x493b,0x493b,0x495b,0x493b,0x493b,0x495c,0x41be,0x421f,0x41fd,0x421c,0x421d,0x421d,0x421c,0x421e,0x421f,
	0x421f,0x421f,0x421f,0x421e,0x421c,0x421c,0x421c,0x421c,0x421d,0x421f,0x421f,0x421f,0x421f,0x421f,0x421d,0x421c,
	0x421d,0x421d,0x421c,0x421e,0x421f,0x421f,0x421f,0x421f,0x421e,0x421c,0x421d,0x421c,0x421c,0x421d,0x421f,0x421f,
	0x421f,0x421f,0x421f,0x421d,0x421c,0x421d,0x421d,0x421c,0x421e,0x421f,0x421f,0x421f,0x421f,0x421e,0x421c,0x421c,
	0x421f,0x421f,0x421d,0x421d,0x421d,0x421d,0x421d,0x421e,0x421f,0x421f,0x421f,0x421f,0x421e,0x421d,0x421d,0x421d,
	0x421d,0x421d,0x421f,0x421f,0x421f,0x421f,0x421f,0x421d,0x421d,0x421d,0x421d,0x421d,0x421e,0x421f,0x421f,0x421f,
	0x421f,0x421e,0x421d,0x421d,0x421d,0x421d,0x421d,0x421f,0x421f,0x421f,0x421f,0x421f,0x421d,0x421d,0x421d,0x421d,
	0x421d,0x421e,0x421f,0x421f,0x421f,0x421f,0x421e,0x421d,0x421d,0x421d,0x421d,0x421d,0x421f,0x421f,0x421f,0x421f,
	0x421f,0x421d,0x421d,0x421d,0x421d,0x421d,0x421e,0x421f,0x421f,0x421f,0x421f,0x421e,0x421d,0x421d,0x421d,0x421d,
	0x421e,0x421f,0x421f,0x421f,0x421f,0x421f,0x421d,0x421d,0x421d,0x421c,0x421b,0x3e1b,0x3e19,0x3e17,0x3e16,0x3e15,
	0x3e14,0x3e13,0x3e12,0x3e12,0x3e12,0x3e12,0x3e11,0x4211,0x3e11,0x3e11,0x3e11,0x4210,0x4210,0x420f,0x420f,0x420e,
	0x420e,0x420d,0x420b,0x4209,0x4207,0x4205,0x4202,0x4203,0x4203,0x4202,0x4201,0x4201,0x4202,0x4203,0x4204,0x4205,
	0x4206,0x4207,0x4209,0x420a,0x41ec,0x41ec,0x41ec,0x4211,0x421f,0x421f,0x421d,0x421d,0x41fd,0x421d,0x421d,0x421e,
	0x421f,0x421f,0x421f,0x421f,0x421e,0x421d,0x421d,0x421d,0x421d,0x421d,0x421f,0x421f,0x421f,0x421f,0x421f,0x421d,
	0x421d,0x421d,0x421d,0x421c,0x421e,0x421f,0x421f,0x3e1f,0x4998,0x58f3,0x58f4,0x5cd4,0x5cd4,0x58d5,0x54d7,0x50f8,
	0x4d1a,0x4d3a,0x4d3b,0x493b,0x495b,0x495b,0x493b,0x493b,0x45bc,0x421e,0x421f,0x421f,0x421f,0x421f,0x421e,0x421d,
	0x421d,0x421d,0x421d,0x421e,0x421f,0x421f,0x421f,0x421f,0x421f,0x421d,0x421d,0x421d,0x421d,0x421d,0x421e,0x421f,
	0x421f,0x421f,0x421f,0x421e,0x421d,0x421d,0x421d,0x421d,0x421e,0x421f,0x421f,0x421f,0x421f,0x421f,0x421d,0x421d,
	0x421d,0x421d,0x421d,0x421f,0x421f,0x421f,0x421f,0x421f,0x421d,0x421d,0x421d,0x421d,0x421d,0x421e,0x421f,0x421f,
	0x421f,0x421f,0x421d,0x421c,0x421c,0x421c,0x421c,0x421e,0x421f,0x421f,0x421f,0x421f,0x421f,0x421c,0x421c,0x421c,
	0x421c,0x421d,0x421f,0x421f,0x421f,0x421f,0x421f,0x421d,0x421c,0x421c,0x421c,0x421c,0x421e,0x421f,0x421f,0x421f,
	0x421f,0x421f,0x421c,0x421c,0x421c,0x421c,0x421d,0x421f,0x421f,0x421f,0x421f,0x421f,0x421d,0x421c,0x421c,0x421c,
	0x421c,0x421e,0x421f,0x421f,0x421f,0x421f,0x421e,0x421c,0x421c,0x421c,0x421c,0x421d,0x421f,0x421f,0x421f,0x421f,
	0x421f,0x421d,0x421c,0x421c,0x421c,0x421c,0x421f,0x421f,0x421f,0x421f,0x421f,0x421e,0x421c,0x421c,0x421c,0x421c,
	0x421d,0x421f,0x421f,0x421f,0x421f,0x421f,0x421a,0x3e17,0x3e15,0x3e12,0x3e10,0x3e0f,0x3e0e,0x3e0e,0x3e0e,0x3e0d,
	0x3e0d,0x3e0d,0x3e0d,0x3e0d,0x3e0c,0x3e0c,0x3e0b,0x3e0b,0x3e0b,0x3e0a,0x3e09,0x4209,0x4208,0x4207,0x4207,0x4206,
	0x4205,0x4205,0x4205,0x4205,0x4205,0x4205,0x4205,0x4205,0x4204,0x4204,0x4203,0x4203,0x4203,0x4204,0x4205,0x4206,
	0x4207,0x41e8,0x41e9,0x41eb,0x41ec,0x41ed,0x41ed,0x420b,0x4218,0x421f,0x421d,0x421c,0x421c,0x421c,0x421c,0x421e,
	0x421f,0x421f,0x421f,0x421f,0x421e,0x421c,0x421c,0x421c,0x421c,0x421d,0x421f,0x421f,0x421f,0x421f,0x421f,0x421d,
	0x421c,0x421c,0x421c,0x421c,0x421e,0x421f,0x3e1f,0x45ba,0x5932,0x5913,0x5cf2,0x5cd2,0x5cd3,0x58d4,0x58d5,0x54d6,
	0x54f8,0x5119,0x511a,0x4d3a,0x4d3b,0x495b,0x495b,0x495c,0x493b,0x45be,0x3e1f,0x421f,0x421f,0x421f,0x421e,0x421c,
	0x421c,0x421c,0x421c,0x421d,0x421f,0x421f,0x421f,0x421f,0x421f,0x421c,0x421c,0x421c,0x421c,0x421c,0x421f,0x421f,
	0x421f,0x421f,0x421f,0x421e,0x421c,0x421c,0x421c,0x421c,0x421e,0x421f,0x421f,0x421f,0x421f,0x421f,0x421c,0x421c,
	0x421c,0x421c,0x421c,0x421f,0x421f,0x421f,0x421f,0x421f,0x421d,0x421c,0x421c,0x421c,0x421c,0x421e,0x421f,0x421f,
	0x421f,0x421f,0x421d,0x421c,0x421c,0x421c,0x421c,0x421e,0x421f,0x421f,0x421f,0x421f,0x421f,0x421c,0x421c,0x421c,
	0x421c,0x421c,0x421f,0x421f,0x421f,0x421f,0x421f,0x421d,0x421c,0x421c,0x421c,0x421c,0x421e,0x421f,0x421f,0x421f,
	0x421f,0x421f,0x421c,0x421c,0x421c,0x421c,0x421d,0x421f,0x421f,0x421f,0x421f,0x421f,0x421d,0x421c,0x421c,0x421c,
	0x421c,0x421e,0x421f,0x421f,0x421f,0x421f,0x421e,0x421c,0x421c,0x421c,0x421c,0x421d,0x421f,0x421f,0x421f,0x421f,
	0x421f,0x421d,0x421c,0x421c,0x421c,0x421c,0x421f,0x421f,0x421f,0x421f,0x421f,0x421e,0x421c,0x421c,0x421c,0x421c,
	0x421d,0x421f,0x421f,0x3e1c,0x3e18,0x3e14,0x3e11,0x3e10,0x3e0f,0x3e0e,0x3e0d,0x3e0d,0x3e0c,0x3e0c,0x3e0c,0x3e0b,
	0x3e0b,0x3e0b,0x3e0b,0x3e0b,0x3e0b,0x3e0b,0x3e0b,0x3e0b,0x3e0b,0x3e0b,0x3e0b,0x3e0a,0x3e0a,0x3e0a,0x3e0a,0x3e0a,
	0x4209,0x4209,0x4209,0x4208,0x4208,0x4208,0x4207,0x4207,0x4207,0x4207,0x4207,0x4206,0x4206,0x4206,0x4206,0x4207,
	0x41e8,0x41e9,0x41ea,0x41eb,0x41ec,0x41ed,0x41ed,0x41ed,0x420d,0x421c,0x421e,0x421c,0x421c,0x421c,0x421c,0x421e,
	0x421f,0x421f,0x421f,0x421f,0x421f,0x421c,0x421c,0x421c,0x421c,0x421d,0x421f,0x421f,0x421f,0x421f,0x421f,0x421d,
	0x421c,0x421c,0x421c,0x421c,0x421e,0x3e1f,0x421e,0x5573,0x5911,0x5911,0x5cf1,0x5cd2,0x5cd2,0x5cd3,0x58d4,0x58d5,
	0x54d6,0x54d7,0x50f8,0x511a,0x4d3a,0x495b,0x495b,0x495b,0x4d5b,0x495b,0x3dff,0x3e1f,0x41ff,0x421f,0x421e,0x421c,
	0x421c,0x421c,0x421c,0x421d,0x421f,0x421f,0x421f,0x421f,0x421f,0x421c,0x421c,0x421c,0x421c,0x421c,0x421f,0x421f,
	0x421f,0x421f,0x421f,0x421d,0x421c,0x421c,0x421c,0x421c,0x421e,0x421f,0x421f,0x421f,0x421f,0x421f,0x421c,0x421c,
	0x421c,0x421c,0x421c,0x421f,0x421f,0x421f,0x421f,0x421f,0x421d,0x421c,0x421c,0x421c,0x421c,0x421e,0x421f,0x421f,
	0x421e,0x421e,0x421e,0x421e,0x421e,0x421e,0x421e,0x421e,0x421e,0x421e,0x421e,0x421e,0x421e,0x421e,0x421e,0x421e,
	0x421e,0x421e,0x421e,0x421e,0x421e,0x421e,0x421e,0x421e,0x421e,0x421e,0x421e,0x421e,0x421e,0x421e,0x421e,0x421e,
	0x421e,0x421e,0x421e,0x421e,0x421e,0x421e,0x421e,0x421e,0x421e,0x421e,0x421e,0x421e,0x421e,0x421e,0x421e,0x421e,
	0x421e,0x421e,0x421e,0x421e,0x421e,0x421e,0x421e,0x421e,0x421e,0x421e,0x421e,0x421e,0x421e,0x421e,0x421e,0x421e,
	0x421e,0x421e,0x421e,0x421e,0x421e,0x421e,0x421e,0x421e,0x421e,0x421e,0x421e,0x421e,0x421e,0x421e,0x421e,0x421e,
	0x421d,0x421a,0x4216,0x3e12,0x3e10,0x3e0e,0x3e0d,0x3e0b,0x3e0a,0x3e09,0x3e09,0x3e08,0x3e08,0x3e08,0x3e08,0x3e07,
	0x3e07,0x3e07,0x3e08,0x3e08,0x3e08,0x3e08,0x3e08,0x3e08,0x3e08,0x3e08,0x3e08,0x3e08,0x3e09,0x3e09,0x3e09,0x3e09,
	0x3e09,0x3e0a,0x420a,0x420a,0x420a,0x420a,0x420a,0x420a,0x41ea,0x41ea,0x420a,0x420a,0x4209,0x4209,0x4208,0x4209,
	0x4209,0x41ea,0x41eb,0x41ec,0x41ed,0x41ed,0x41ee,0x41ee,0x41ec,0x420f,0x421d,0x421e,0x421e,0x421e,0x421e,0x421e,
	0x421e,0x421e,0x421e,0x421e,0x421e,0x421e,0x421e,0x421e,0x421e,0x421e,0x421e,0x421e,0x421e,0x421e,0x421e,0x421e,
	0x421e,0x421e,0x421e,0x421e,0x421e,0x3e1e,0x45da,0x5551,0x5931,0x5d10,0x5cf0,0x5cf1,0x5cd2,0x5cd2,0x5cd3,0x58d4,
	0x58d5,0x54d6,0x54f7,0x5119,0x4d3a,0x4d3a,0x4d5b,0x495b,0x4d3b,0x4d1a,0x45bc,0x421e,0x41fe,0x421e,0x421e,0x421e,
	0x421e,0x421e,0x421e,0x421e,0x421e,0x421e,0x421e,0x421e,0x421e,0x421e,0x421e,0x421e,0x421e,0x421e,0x421e,0x421e,
	0x421e,0x421e,0x421e,0x421e,0x421e,0x421e,0x421e,0x421e,0x421e,0x421e,0x421e,0x421e,0x421e,0x421e,0x421e,0x421e,
	0x421e,0x421e,0x421e,0x421e,0x421e,0x421e,0x421e,0x421e,0x421e,0x421e,0x421e,0x421e,0x421e,0x421e,0x421e,0x421e,
	0x421c,0x421c,0x421e,0x421f,0x421f,0x421f,0x421f,0x421e,0x421c,0x421c,0x421c,0x421c,0x421d,0x421f,0x421f,0x421f,
	0x421f,0x421f,0x421d,0x421c,0x421c,0x421c,0x421c,0x421f,0x421f,0x421f,0x421f,0x421f,0x421e,0x421c,0x421c,0x421c,
	0x421c,0x421d,0x421f,0x421f,0x421f,0x421f,0x421f,0x421c,0x421c,0x421c,0x421c,0x421c,0x421f,0x421f,0x421f,0x421f,
	0x421f,0x421e,0x421c,0x421c,0x421c,0x421c,0x421d,0x421f,0x421f,0x421f,0x421f,0x421f,0x421c,0x421c,0x421c,0x421c,
	0x421c,0x421f,0x421f,0x421f,0x421f,0x421f,0x421e,0x421c,0x421c,0x421c,0x421c,0x421e,0x421f,0x421f,0x421e,0x421a,
	0x4215,0x4211,0x3e0f,0x3e0d,0x3e0a,0x3e08,0x3e07,0x3e06,0x3e06,0x3e06,0x3e05,0x3e05,0x3e05,0x3e05,0x3e05,0x3e05,
	0x3e05,0x3e05,0x3e05,0x3e05,0x3e05,0x3e05,0x3e05,0x3e05,0x3e05,0x3e06,0x3e06,0x3e06,0x3e06,0x3e07,0x3e07,0x3e07,
	0x3e08,0x3e08,0x3e09,0x3e09,0x3e0a,0x420a,0x420b,0x420b,0x420c,0x420c,0x420c,0x420b,0x420b,0x420a,0x420a,0x420a,
	0x420a,0x420b,0x420c,0x420c,0x420d,0x420e,0x420e,0x41ee,0x41ee,0x420b,0x4213,0x421f,0x421f,0x421f,0x421f,0x421e,
	0x421c,0x421c,0x421c,0x421c,0x421d,0x421f,0x421f,0x421f,0x421f,0x421f,0x421c,0x421c,0x421c,0x421c,0x421c,0x421f,
	0x421f,0x421f,0x421f,0x421f,0x421d,0x3e1e,0x4db7,0x5950,0x5930,0x5d10,0x5cf0,0x5cf0,0x5cf1,0x5cd2,0x5cd2,0x58d3,
	0x58d4,0x58d5,0x54f6,0x54f7,0x5119,0x511a,0x4d3a,0x4d3a,0x4d3a,0x50fa,0x459b,0x421c,0x41fc,0x421c,0x421e,0x421f,
	0x421f,0x421f,0x421f,0x421f,0x421c,0x421c,0x421c,0x421c,0x421d,0x421f,0x421f,0x421f,0x421f,0x421f,0x421d,0x421c,
	0x421c,0x421c,0x421c,0x421e,0x421f,0x421f,0x421f,0x421f,0x421e,0x421c,0x421c,0x421c,0x421c,0x421d,0x421f,0x421f,
	0x421f,0x421f,0x421f,0x421d,0x421c,0x421c,0x421c,0x421c,0x421e,0x421f,0x421f,0x421f,0x421f,0x421e,0x421c,0x421c,
	0x421d,0x421c,0x421e,0x421f,0x421f,0x421f,0x421f,0x421e,0x421c,0x421c,0x421c,0x421c,0x421d,0x421f,0x421f,0x421f,
	0x421f,0x421f,0x421d,0x421c,0x421c,0x421c,0x421c,0x421f,0x421f,0x421f,0x421f,0x421f,0x421e,0x421c,0x421c,0x421c,
	0x421c,0x421d,0x421f,0x421f,0x421f,0x421f,0x421f,0x421d,0x421c,0x421c,0x421c,0x421c,0x421f,0x421f,0x421f,0x421f,
	0x421f,0x421e,0x421c,0x421c,0x421c,0x421c,0x421d,0x421f,0x421f,0x421f,0x421f,0x421f,0x421c,0x421c,0x421c,0x421c,
	0x421c,0x421f,0x421f,0x421f,0x421f,0x421f,0x421e,0x421c,0x421c,0x421c,0x421c,0x421e,0x421f,0x421a,0x4214,0x4211,
	0x3e0e,0x3e0b,0x3e08,0x3e07,0x3e06,0x3e05,0x3e05,0x3e04,0x3e04,0x3e04,0x3e04,0x3e04,0x3e04,0x3e04,0x3e04,0x3e04,
	0x3e04,0x3e04,0x3e04,0x3e04,0x3e04,0x3e04,0x3e04,0x3e04,0x3e04,0x3e04,0x3e04,0x3e04,0x3e05,0x3e05,0x3e05,0x3e05,
	0x3e06,0x3e06,0x3e07,0x3e07,0x3e08,0x3e09,0x3e0a,0x3e0a,0x420b,0x420b,0x420b,0x420a,0x420a,0x4209,0x4209,0x420a,
	0x420a,0x420b,0x420c,0x420d,0x420d,0x420e,0x420e,0x420e,0x420d,0x420e,0x420b,0x4219,0x421f,0x421f,0x421f,0x421e,
	0x421c,0x421c,0x421c,0x421c,0x421d,0x421f,0x421f,0x421f,0x421f,0x421f,0x421c,0x421c,0x421d,0x421c,0x421c,0x421e,
	0x421f,0x421f,0x421f,0x421f,0x421d,0x3e12,0x4daf,0x5950,0x590e,0x5d0f,0x5cef,0x5cf0,0x5cf0,0x5cf1,0x5cf2,0x5cd3,
	0x58d4,0x58d5,0x58d5,0x54f6,0x54f7,0x54f8,0x50f8,0x50f9,0x50f9,0x50f8,0x45bb,0x3e1d,0x41fc,0x421c,0x421e,0x421f,
	0x421f,0x421f,0x421f,0x421f,0x421c,0x421c,0x421c,0x421c,0x421d,0x421f,0x421f,0x421f,0x421f,0x421f,0x421d,0x421c,
	0x421c,0x421c,0x421c,0x421e,0x421f,0x421f,0x421f,0x421f,0x421e,0x421c,0x421c,0x421c,0x421c,0x421d,0x421f,0x421f,
	0x421f,0x421f,0x421f,0x421d,0x421c,0x421c,0x421d,0x421c,0x421e,0x421f,0x421f,0x421f,0x421f,0x421e,0x421c,0x421c,
	0x421d,0x421c,0x421e,0x421f,0x421f,0x421f,0x421f,0x421e,0x421c,0x421d,0x421d,0x421c,0x421d,0x421f,0x421f,0x421f,
	0x421f,0x421f,0x421d,0x421c,0x421c,0x421c,0x421c,0x421e,0x421f,0x421f,0x421f,0x421f,0x421e,0x421c,0x421d,0x421d,
	0x421c,0x421d,0x421f,0x421f,0x421f,0x421f,0x421f,0x421d,0x421d,0x421d,0x421d,0x421c,0x421f,0x421f,0x421f,0x421f,
	0x421f,0x421e,0x421c,0x421c,0x421d,0x421c,0x421d,0x421f,0x421f,0x421f,0x421f,0x421f,0x421d,0x421d,0x421d,0x421d,
	0x421d,0x421f,0x421f,0x421f,0x421f,0x421f,0x421d,0x421c,0x421c,0x421d,0x421d,0x421a,0x4215,0x4231,0x3e2e,0x3e0a,
	0x3e07,0x3e06,0x3e05,0x3e05,0x3e04,0x3e04,0x3e04,0x3e04,0x3e04,0x3e03,0x3e03,0x3e03,0x3e03,0x3e03,0x3e03,0x3e03,
	0x3e03,0x3e03,0x3e03,0x3e03,0x3e03,0x3e03,0x3e03,0x3e03,0x3e03,0x3e03,0x3e03,0x3e04,0x3e04,0x3e04,0x3e04,0x3e04,
	0x3e04,0x3e05,0x3e05,0x3e06,0x3e06,0x3e07,0x3e07,0x3e08,0x3e08,0x4208,0x3e08,0x3e08,0x3e08,0x3e08,0x3e08,0x4209,
	0x4209,0x420a,0x420b,0x420c,0x420d,0x420e,0x420e,0x420e,0x420e,0x420e,0x420b,0x420d,0x421d,0x421f,0x421f,0x421f,
	0x421d,0x421d,0x421c,0x421c,0x421d,0x421f,0x421f,0x421f,0x421f,0x421f,0x421c,0x421c,0x421c,0x421c,0x421d,0x421f,
	0x421f,0x421f,0x421b,0x4212,0x4209,0x3e02,0x49a7,0x5930,0x590e,0x5d0e,0x5cef,0x5cef,0x5cf0,0x5cf1,0x5cf2,0x5cd3,
	0x58d3,0x58d4,0x58d5,0x58d6,0x54d6,0x54f7,0x54f7,0x54f7,0x54d7,0x5118,0x421c,0x3e1d,0x41fc,0x421c,0x421e,0x421f,
	0x421f,0x421f,0x421f,0x421e,0x421c,0x421d,0x421d,0x421c,0x421d,0x421f,0x421f,0x421f,0x421f,0x421f,0x421d,0x421c,
	0x421d,0x421d,0x421c,0x421e,0x421f,0x421f,0x421f,0x421f,0x421e,0x421c,0x421c,0x421c,0x421c,0x421d,0x421f,0x421f,
	0x421f,0x421f,0x421f,0x421d,0x421c,0x421d,0x421d,0x421c,0x421e,0x421f,0x421f,0x421f,0x421f,0x421e,0x421c,0x421c,
	0x421f,0x421f,0x421e,0x421c,0x421d,0x421d,0x421d,0x421e,0x421f,0x421f,0x421f,0x421f,0x421f,0x421c,0x421c,0x421c,
	0x421c,0x421c,0x421f,0x421f,0x421f,0x421f,0x421f,0x421d,0x421d,0x421d,0x421d,0x421c,0x421e,0x421f,0x421f,0x421f,
	0x421f,0x421f,0x421d,0x421d,0x421d,0x421d,0x421d,0x421f,0x421f,0x421f,0x421f,0x421f,0x421d,0x421c,0x421d,0x421d,
	0x421d,0x421e,0x421f,0x421f,0x421f,0x421f,0x421e,0x421c,0x421d,0x421d,0x421d,0x421d,0x421f,0x421f,0x421f,0x421f,
	0x421f,0x421d,0x421d,0x421d,0x421d,0x421c,0x421e,0x421f,0x421f,0x421d,0x4217,0x4231,0x3e2e,0x3e0a,0x3e07,0x3e06,
	0x3e05,0x3e04,0x3e04,0x3e04,0x3e04,0x3e04,0x3e03,0x3e03,0x3e03,0x3e03,0x3e03,0x3e03,0x3e03,0x3e03,0x3e03,0x3e03,
	0x3e03,0x3e03,0x3e03,0x3e03,0x3e03,0x3e03,0x3e03,0x3e03,0x3e03,0x3e03,0x3e03,0x3e03,0x3e03,0x3e03,0x3e03,0x3e03,
	0x3e03,0x3e04,0x3e04,0x3e04,0x3e04,0x3e04,0x3e05,0x3e05,0x3e05,0x3e05,0x3e05,0x3e06,0x3e06,0x3e06,0x3e07,0x3e08,
	0x3e09,0x3e0a,0x3e0b,0x420c,0x420c,0x420d,0x420e,0x420e,0x420e,0x420d,0x420d,0x420b,0x420c,0x4210,0x4213,0x4218,
	0x421c,0x421e,0x421f,0x421f,0x421f,0x421e,0x421e,0x421e,0x421d,0x421e,0x421f,0x421f,0x421f,0x421f,0x421e,0x4218,
	0x4213,0x420c,0x4207,0x4204,0x4204,0x4203,0x41e2,0x596c,0x5d0e,0x590e,0x5d0e,0x5cef,0x5cf0,0x5cf1,0x5cf1,0x5cf2,
	0x58f3,0x58f4,0x58d4,0x58d5,0x58f5,0x58f6,0x54f6,0x54f7,0x54d6,0x459c,0x3e1f,0x41ff,0x421f,0x421f,0x421e,0x421c,
	0x421d,0x421d,0x421d,0x421d,0x421f,0x421f,0x421f,0x421f,0x421f,0x421d,0x421c,0x421d,0x421d,0x421c,0x421f,0x421f,
	0x421f,0x421f,0x421f,0x421e,0x421c,0x421d,0x421d,0x421c,0x421d,0x421f,0x421f,0x421f,0x421f,0x421f,0x421d,0x421d,
	0x421d,0x421d,0x421d,0x421f,0x421f,0x421f,0x421f,0x421f,0x421e,0x421c,0x421d,0x421d,0x421d,0x421e,0x421f,0x421f,
	0x421f,0x421f,0x421e,0x421c,0x421c,0x421c,0x421c,0x421d,0x421f,0x421f,0x421f,0x421f,0x421f,0x421c,0x421c,0x421c,
	0x421c,0x421c,0x421f,0x421f,0x421f,0x421f,0x421f,0x421d,0x421c,0x421d,0x421d,0x421c,0x421e,0x421f,0x421f,0x421f,
	0x421f,0x421f,0x421c,0x421c,0x421c,0x421c,0x421d,0x421f,0x421f,0x421f,0x421f,0x421f,0x421d,0x421c,0x421c,0x421c,
	0x421c,0x421e,0x421f,0x421f,0x421f,0x421f,0x421e,0x421c,0x421c,0x421c,0x421c,0x421d,0x421f,0x421f,0x421f,0x421f,
	0x421f,0x421d,0x421c,0x421d,0x421d,0x421c,0x421f,0x421f,0x421b,0x4213,0x422f,0x3e2b,0x3e08,0x3e06,0x3e05,0x3e04,
	0x3e04,0x3e03,0x3e03,0x3e03,0x3e03,0x3e03,0x3e03,0x3e03,0x3e03,0x3e03,0x3e03,0x3e03,0x3e03,0x3e03,0x3e03,0x3e03,
	0x3e02,0x3e03,0x3e02,0x3e02,0x3e02,0x3e02,0x3e02,0x3e22,0x3e22,0x3e02,0x3e02,0x3e02,0x3e02,0x3e02,0x3e02,0x3e02,
	0x3e02,0x3e02,0x3e02,0x3e02,0x3e02,0x3e02,0x3e02,0x3e03,0x3e03,0x3e03,0x3e04,0x3e04,0x3e05,0x3e06,0x3e06,0x3e07,
	0x3e08,0x3e09,0x3e0a,0x420b,0x420c,0x420d,0x420d,0x420d,0x420e,0x420d,0x420d,0x420b,0x420a,0x420a,0x420a,0x420a,
	0x420b,0x420e,0x4210,0x4213,0x4215,0x4216,0x4217,0x4218,0x4218,0x4218,0x4217,0x4216,0x4213,0x420f,0x420a,0x4207,
	0x4205,0x4205,0x4204,0x4204,0x4203,0x4202,0x3e00,0x49c4,0x5d2e,0x5d0e,0x5d0e,0x5d0f,0x5cf0,0x5cf1,0x5cf1,0x5cf2,
	0x58f3,0x58f3,0x58f4,0x58f5,0x58f5,0x54f6,0x54f6,0x54d6,0x4999,0x421f,0x41ff,0x421f,0x41ff,0x41ff,0x41fe,0x41fc,
	0x41fc,0x41fc,0x41fc,0x41fd,0x421f,0x421f,0x421f,0x421f,0x421f,0x421c,0x421c,0x421c,0x421c,0x421c,0x421f,0x421f,
	0x421f,0x421f,0x421f,0x421e,0x421c,0x421c,0x421c,0x421c,0x421d,0x421f,0x421f,0x421f,0x421f,0x421f,0x421c,0x421c,
	0x421c,0x421c,0x421c,0x421f,0x421f,0x421f,0x421f,0x421f,0x421d,0x421c,0x421c,0x421c,0x421c,0x421e,0x421f,0x421f,
	0x421f,0x421f,0x421e,0x421c,0x421c,0x421c,0x421c,0x421d,0x421f,0x421f,0x421f,0x421f,0x421f,0x421c,0x421c,0x421c,
	0x421c,0x421c,0x421f,0x421f,0x421f,0x421f,0x421f,0x421d,0x421c,0x421c,0x421c,0x421c,0x421e,0x421f,0x421f,0x421f,
	0x421f,0x421f,0x421c,0x421c,0x421c,0x421c,0x421c,0x421f,0x421f,0x421f,0x421f,0x421f,0x421d,0x421c,0x421c,0x421c,
	0x421c,0x421e,0x421f,0x421f,0x421f,0x421f,0x421e,0x421c,0x421c,0x421c,0x421c,0x421d,0x421f,0x421f,0x421f,0x421f,
	0x421f,0x421d,0x421c,0x421c,0x421c,0x421d,0x421e,0x4218,0x4210,0x422c,0x3e29,0x3e06,0x3e05,0x3e04,0x3e04,0x3e03,
	0x3e03,0x3e03,0x3e03,0x3e03,0x3e03,0x3e03,0x3e02,0x3e02,0x3e03,0x3e03,0x3e03,0x3e02,0x3e02,0x3e02,0x3e02,0x3e02,
	0x3e02,0x3e01,0x3e02,0x3e01,0x3e01,0x3e01,0x3e01,0x3e01,0x3e01,0x3e01,0x3e01,0x3e01,0x3e01,0x3e01,0x3e01,0x3e01,
	0x3e01,0x3e01,0x3e01,0x3e01,0x3e01,0x3e01,0x3e01,0x3e01,0x3e02,0x3e02,0x3e03,0x3e04,0x3e05,0x3e05,0x3e06,0x3e07,
	0x3e08,0x3e09,0x3e0a,0x420b,0x420b,0x420c,0x420d,0x420d,0x420d,0x420d,0x420c,0x420b,0x420a,0x4209,0x4209,0x4209,
	0x4209,0x4209,0x4209,0x4209,0x4209,0x420a,0x420a,0x420a,0x420a,0x4209,0x4208,0x4207,0x4206,0x4206,0x4205,0x4205,
	0x4204,0x4203,0x4202,0x4202,0x4201,0x4201,0x4201,0x3e00,0x5188,0x5d0f,0x5d0e,0x5d0f,0x5d10,0x5d11,0x5d12,0x5cf2,
	0x58f3,0x58f3,0x58f4,0x58f5,0x58f5,0x58f5,0x5515,0x49b9,0x3e1c,0x41ff,0x41ff,0x41ff,0x41ff,0x41ff,0x41fe,0x41fc,
	0x41fc,0x41fc,0x41fc,0x41fd,0x421f,0x421f,0x421f,0x421f,0x421f,0x421c,0x421c,0x421c,0x421c,0x421c,0x421f,0x421f,
	0x421f,0x421f,0x421f,0x421e,0x421c,0x421c,0x421c,0x421c,0x421d,0x421f,0x421f,0x421f,0x421f,0x421f,0x421c,0x421c,
	0x421c,0x421c,0x421c,0x421f,0x421f,0x421f,0x421f,0x421f,0x421d,0x421c,0x421c,0x421c,0x421c,0x421e,0x421f,0x421f,
	0x421e,0x421e,0x421e,0x421e,0x421e,0x421e,0x421e,0x421e,0x421e,0x421e,0x421e,0x421e,0x421e,0x421e,0x421e,0x421e,
	0x421e,0x421e,0x421e,0x421e,0x421e,0x421e,0x421e,0x421e,0x421e,0x421e,0x421e,0x421e,0x421e,0x421e,0x421e,0x421e,
	0x421e,0x421e,0x421e,0x421e,0x421e,0x421e,0x421e,0x421e,0x421e,0x421e,0x421e,0x421e,0x421e,0x421e,0x421e,0x421e,
	0x421e,0x421e,0x421e,0x421e,0x421e,0x421e,0x421e,0x421e,0x421e,0x421e,0x421e,0x421e,0x421e,0x421e,0x421e,0x421e,
	0x421e,0x41fe,0x41fe,0x41fe,0x421e,0x3e1c,0x3e15,0x3e0f,0x3e2a,0x3e27,0x3e06,0x3e05,0x3e04,0x3e04,0x3e03,0x3e03,
	0x3e03,0x3e03,0x3e03,0x3e02,0x3e03,0x3e03,0x3e02,0x3e01,0x3e01,0x3e01,0x3e02,0x3e03,0x3e04,0x3e05,0x3e06,0x3e06,
	0x3e06,0x3e07,0x3e06,0x3e06,0x3e05,0x3e04,0x3e04,0x3e03,0x3e03,0x3e02,0x3e02,0x3e02,0x3e01,0x3e00,0x3e00,0x3e00,
	0x3e00,0x3e00,0x3e00,0x3e00,0x3e00,0x3e00,0x3e00,0x3e01,0x3e02,0x3e03,0x3e03,0x3e04,0x3e05,0x3e05,0x3e06,0x3e07,
	0x3e08,0x3e08,0x3e09,0x420a,0x420b,0x420c,0x420c,0x420d,0x420d,0x420d,0x420c,0x420b,0x420a,0x4207,0x4206,0x4207,
	0x4207,0x4207,0x4208,0x4208,0x4208,0x4208,0x4207,0x4207,0x4207,0x4206,0x4206,0x4205,0x4205,0x4204,0x4203,0x4203,
	0x4202,0x4202,0x4201,0x4201,0x4201,0x4201,0x4201,0x4201,0x4201,0x556a,0x5d10,0x5d0f,0x5d10,0x5d11,0x5d12,0x5912,
	0x5913,0x5914,0x5914,0x58f4,0x5915,0x5178,0x41fd,0x3e1e,0x41fe,0x41fe,0x41fe,0x41fe,0x41fe,0x41fe,0x41fe,0x41fe,
	0x41fe,0x41fe,0x41fe,0x41fe,0x421e,0x421e,0x421e,0x421e,0x421e,0x421e,0x421e,0x421e,0x421e,0x421e,0x421e,0x421e,
	0x421e,0x421e,0x421e,0x421e,0x421e,0x421e,0x421e,0x421e,0x421e,0x421e,0x421e,0x421e,0x421e,0x421e,0x421e,0x421e,
	0x421e,0x421e,0x421e,0x421e,0x421e,0x421e,0x421e,0x421e,0x421e,0x421e,0x421e,0x421e,0x421e,0x421e,0x421e,0x421e,
	0x421c,0x421c,0x421e,0x421f,0x421f,0x421f,0x421f,0x421e,0x421c,0x421c,0x421c,0x421c,0x421d,0x421f,0x421f,0x421f,
	0x421f,0x421f,0x421d,0x421c,0x421c,0x421c,0x421c,0x421e,0x421f,0x421f,0x421f,0x421f,0x421e,0x421c,0x421c,0x421c,
	0x421c,0x421d,0x421f,0x421f,0x421f,0x421f,0x421f,0x421c,0x421c,0x421c,0x421c,0x421c,0x421f,0x421f,0x421f,0x421f,
	0x421f,0x421e,0x421c,0x421c,0x421c,0x421c,0x421d,0x421f,0x421f,0x421f,0x421f,0x421f,0x421c,0x421c,0x421c,0x421c,
	0x421c,0x3e1f,0x3e1f,0x3e1f,0x421c,0x3e13,0x3e2d,0x3e29,0x3e26,0x3e25,0x3e04,0x3e04,0x3e03,0x3e03,0x3e03,0x3e03,
	0x3e03,0x3e02,0x3e02,0x3e02,0x3e01,0x3e01,0x3e03,0x3e07,0x3e0d,0x3e13,0x3e17,0x3e19,0x3e19,0x3e1b,0x3e1c,0x3e1c,
	0x3e1d,0x3e1f,0x3e1e,0x3e1e,0x3e1e,0x3e1c,0x3e1a,0x3e19,0x3e19,0x3e19,0x3e18,0x3e1b,0x3e13,0x3e0b,0x3e06,0x3e02,
	0x3e01,0x3e00,0x3e00,0x3e00,0x3e00,0x3e00,0x3e00,0x3e01,0x3e02,0x3e03,0x3e03,0x3e04,0x3e05,0x3e05,0x3e06,0x3e07,
	0x3e07,0x3e08,0x3e09,0x420a,0x420a,0x420b,0x420c,0x420c,0x420d,0x420c,0x420c,0x420b,0x420b,0x4206,0x4204,0x4205,
	0x4205,0x4205,0x4205,0x4205,0x4205,0x4205,0x4204,0x4204,0x4204,0x4204,0x4203,0x4203,0x4202,0x4202,0x4202,0x4202,
	0x4201,0x4201,0x4201,0x4201,0x4201,0x4202,0x4202,0x4202,0x4202,0x4201,0x516b,0x5d11,0x5d11,0x5d11,0x5d12,0x5d12,
	0x5d12,0x5d13,0x5535,0x4d77,0x45dc,0x3e1f,0x3e1f,0x41ff,0x41ff,0x41fd,0x41fc,0x41fc,0x41fc,0x41fc,0x41fe,0x41ff,
	0x41ff,0x41ff,0x41ff,0x41ff,0x421c,0x421c,0x421c,0x421c,0x421c,0x421f,0x421f,0x421f,0x421f,0x421f,0x421d,0x421c,
	0x421c,0x421c,0x421c,0x421e,0x421f,0x421f,0x421f,0x421f,0x421f,0x421c,0x421c,0x421c,0x421c,0x421c,0x421f,0x421f,
	0x421f,0x421f,0x421f,0x421d,0x421c,0x421c,0x421c,0x421c,0x421e,0x421f,0x421f,0x421f,0x421f,0x421e,0x421c,0x421c,
	0x421c,0x421c,0x421e,0x421f,0x421f,0x421f,0x421f,0x421e,0x421c,0x421c,0x421c,0x421c,0x421d,0x421f,0x421f,0x421f,
	0x421f,0x421f,0x421d,0x421c,0x421c,0x421c,0x421c,0x421e,0x421f,0x421f,0x421f,0x421f,0x421e,0x421c,0x421c,0x421c,
	0x421c,0x421d,0x421f,0x421f,0x421f,0x421f,0x421f,0x421d,0x421c,0x421c,0x421c,0x421c,0x421f,0x421f,0x421f,0x421f,
	0x421f,0x421e,0x421c,0x421c,0x421d,0x421c,0x421d,0x421f,0x421f,0x421f,0x421f,0x421f,0x421c,0x421c,0x421c,0x421d,
	0x421d,0x41de,0x459d,0x41d8,0x3e31,0x3e2b,0x3e28,0x3e26,0x3e25,0x3e24,0x3e04,0x3e03,0x3e03,0x3e03,0x3e02,0x3e02,
	0x3e03,0x3e02,0x3e01,0x3e02,0x3e08,0x3e11,0x3e1a,0x3e1f,0x3e1f,0x3e1f,0x3e1f,0x3e1e,0x3e1d,0x3e1d,0x3e1d,0x3e1c,
	0x3e1e,0x3e1f,0x3e1f,0x3e1f,0x3e1f,0x3e1f,0x3e1d,0x3e1d,0x3e1d,0x3e1d,0x3e1e,0x3e1f,0x3e14,0x3e2e,0x3e29,0x3e05,
	0x3e02,0x3e00,0x3e00,0x3e00,0x3e00,0x3e00,0x3e01,0x3e02,0x3e02,0x3e03,0x3e03,0x3e04,0x3e05,0x3e05,0x3e06,0x3e06,
	0x3e07,0x3e08,0x3e09,0x4209,0x420a,0x420b,0x420c,0x420c,0x420c,0x420c,0x420c,0x420b,0x420b,0x4206,0x4203,0x4204,
	0x4204,0x4204,0x4204,0x4204,0x4204,0x4203,0x4203,0x4203,0x4203,0x4202,0x4202,0x4202,0x4202,0x4202,0x4202,0x4202,
	0x4202,0x4202,0x4202,0x3e02,0x3e02,0x3e02,0x3e03,0x3e03,0x4204,0x4204,0x3e01,0x49a9,0x5554,0x5554,0x5554,0x5175,
	0x4d97,0x45da,0x41fc,0x3e1d,0x3e1f,0x41ff,0x41ff,0x421f,0x41ff,0x41fd,0x41fc,0x41fc,0x41fc,0x41fc,0x41fe,0x41ff,
	0x41ff,0x41ff,0x41ff,0x41ff,0x421c,0x421c,0x421c,0x421c,0x421c,0x421f,0x421f,0x421f,0x421f,0x421f,0x421d,0x421c,
	0x421c,0x421c,0x421c,0x421e,0x421f,0x421f,0x421f,0x421f,0x421e,0x421c,0x421d,0x421d,0x421c,0x421d,0x421f,0x421f,
	0x421f,0x421f,0x421f,0x421d,0x421c,0x421c,0x421c,0x421c,0x421e,0x421f,0x421f,0x421f,0x421f,0x421e,0x421c,0x421d,
	0x421d,0x421d,0x421e,0x421f,0x421f,0x421f,0x421f,0x421e,0x421d,0x421d,0x421d,0x421c,0x421d,0x421f,0x421f,0x421f,
	0x421f,0x421f,0x421d,0x421c,0x421d,0x421d,0x421c,0x421e,0x421f,0x421f,0x421f,0x421f,0x421e,0x421c,0x421d,0x421d,
	0x421c,0x421d,0x421f,0x421f,0x421f,0x421f,0x421f,0x421d,0x421c,0x421c,0x421c,0x421d,0x421f,0x421f,0x421f,0x421f,
	0x421f,0x421e,0x421c,0x421d,0x421d,0x421c,0x421d,0x421f,0x421f,0x421f,0x421f,0x421f,0x421d,0x421d,0x421d,0x45dc,
	0x499c,0x495b,0x4d58,0x45ed,0x3e2b,0x3e27,0x3e26,0x3e25,0x3e24,0x3e04,0x3e03,0x3e03,0x3e03,0x3e02,0x3e03,0x3e03,
	0x3e02,0x3e02,0x3e0c,0x3e17,0x3e1d,0x3e1f,0x3e1f,0x3e1f,0x3e1f,0x3e1f,0x421f,0x3e1d,0x3e1c,0x3e1d,0x3e1d,0x3e1d,
	0x3e1e,0x3e1f,0x3e1f,0x3e1f,0x3e1f,0x3e1e,0x3e1c,0x3e1d,0x3e1d,0x3e1c,0x3e1d,0x3e19,0x3e10,0x3e0d,0x3e08,0x3e05,
	0x3e03,0x3e01,0x3e00,0x3e00,0x3e00,0x3e01,0x3e01,0x3e02,0x3e03,0x3e03,0x3e04,0x3e04,0x3e05,0x3e05,0x3e06,0x3e06,
	0x3e07,0x3e08,0x3e08,0x4209,0x420a,0x420b,0x420b,0x420b,0x420c,0x420c,0x420b,0x420b,0x420a,0x4206,0x4203,0x4203,
	0x3e03,0x3e03,0x3e03,0x4203,0x4203,0x4203,0x4203,0x4202,0x4202,0x3e02,0x3e02,0x3e02,0x3e02,0x3e02,0x3e02,0x3e02,
	0x3e02,0x3e02,0x3e02,0x3e03,0x3e03,0x3e04,0x3e04,0x3e03,0x3e03,0x3e05,0x3e0d,0x3e17,0x421f,0x41ff,0x421e,0x3e1d,
	0x3e1d,0x3e1d,0x421d,0x41fd,0x41ff,0x421f,0x421f,0x421f,0x421f,0x421d,0x421c,0x421d,0x421d,0x421c,0x421e,0x421f,
	0x421f,0x421f,0x421f,0x421f,0x421d,0x421d,0x421d,0x421d,0x421d,0x421f,0x421f,0x421f,0x421f,0x421f,0x421d,0x421c,
	0x421d,0x421d,0x421c,0x421e,0x421f,0x421f,0x421f,0x421f,0x421e,0x421c,0x421d,0x421d,0x421d,0x421d,0x421f,0x421f,
	0x421f,0x421f,0x421f,0x421d,0x421c,0x421d,0x421d,0x421d,0x421e,0x421f,0x421f,0x421f,0x421f,0x421e,0x421c,0x421d,
	0x421f,0x421f,0x421e,0x421c,0x421d,0x421d,0x421c,0x421d,0x421f,0x421f,0x421f,0x421f,0x421f,0x421d,0x421d,0x421c,
	0x421c,0x421d,0x421f,0x421f,0x421f,0x421f,0x421f,0x421e,0x421c,0x421d,0x421d,0x421c,0x421e,0x421f,0x421f,0x421f,
	0x421f,0x421f,0x421c,0x421d,0x421d,0x421d,0x421d,0x421f,0x421f,0x421f,0x421f,0x421f,0x421d,0x421c,0x421d,0x421d,
	0x421c,0x421e,0x421f,0x421f,0x421f,0x421f,0x421e,0x421c,0x421d,0x421d,0x41fc,0x3e1d,0x3dff,0x41fe,0x45bd,0x497b,
	0x4d3a,0x511a,0x5137,0x41e6,0x3e28,0x3e06,0x3e25,0x3e24,0x3e24,0x3e03,0x3e03,0x3e03,0x3e02,0x3e03,0x3e03,0x3e01,
	0x3e08,0x3e18,0x3e1f,0x3e1f,0x3e1f,0x3e1f,0x3e1d,0x3e1d,0x3e1d,0x3e1d,0x3e1c,0x3e1e,0x3e1f,0x3e1f,0x3e1f,0x3e1f,
	0x3e1e,0x3e1c,0x3e1d,0x3e1d,0x3e1c,0x3e1d,0x3e1f,0x3e1f,0x3e1f,0x3e1f,0x3e1f,0x3e15,0x3e10,0x3e0c,0x3e08,0x3e05,
	0x3e03,0x3e01,0x3e01,0x3e01,0x3e01,0x3e01,0x3e02,0x3e03,0x3e03,0x3e04,0x3e04,0x3e04,0x3e05,0x3e05,0x3e06,0x3e06,
	0x3e07,0x3e08,0x3e08,0x4209,0x420a,0x420a,0x420b,0x420b,0x420b,0x420b,0x420b,0x420a,0x420a,0x4206,0x4202,0x4203,
	0x3e03,0x3e03,0x3e03,0x4203,0x4203,0x4203,0x4203,0x4203,0x3e03,0x3e03,0x3e03,0x3e03,0x3e03,0x3e03,0x3e03,0x3e03,
	0x3e03,0x3e03,0x3e04,0x3e04,0x3e03,0x3e03,0x3e04,0x3e09,0x3e12,0x3e1a,0x3e1e,0x3e1e,0x3e1d,0x421c,0x421d,0x41ff,
	0x41ff,0x41ff,0x421f,0x421f,0x421d,0x421c,0x421d,0x421d,0x421c,0x421e,0x421f,0x421f,0x421f,0x421f,0x421e,0x421c,
	0x421d,0x421d,0x421d,0x421d,0x421f,0x421f,0x421f,0x421f,0x421f,0x421d,0x421d,0x421d,0x421d,0x421d,0x421f,0x421f,
	0x421f,0x421f,0x421f,0x421e,0x421c,0x421d,0x421d,0x421c,0x421d,0x421f,0x421f,0x421f,0x421f,0x421f,0x421d,0x421c,
	0x421c,0x421c,0x421d,0x421f,0x421f,0x421f,0x421f,0x421f,0x421d,0x421c,0x421d,0x421d,0x421c,0x421e,0x421f,0x421f,
	0x421f,0x421f,0x421e,0x421c,0x421c,0x421c,0x421c,0x421d,0x421f,0x421f,0x421f,0x421f,0x421f,0x421c,0x421c,0x421c,
	0x421c,0x421c,0x421f,0x421f,0x421f,0x421f,0x421f,0x421d,0x421c,0x421c,0x421c,0x421c,0x421e,0x421f,0x421f,0x421f,
	0x421f,0x421f,0x421c,0x421c,0x421c,0x421c,0x421c,0x421f,0x421f,0x421f,0x421f,0x421f,0x421d,0x421c,0x421c,0x421c,
	0x421c,0x421e,0x421f,0x421f,0x421f,0x421f,0x421e,0x421c,0x421c,0x41fc,0x41fc,0x41fc,0x45dd,0x499c,0x4d7a,0x5139,
	0x5118,0x5118,0x5119,0x4d6f,0x4202,0x3e24,0x3e24,0x3e24,0x3e23,0x3e23,0x3e03,0x3e03,0x3e03,0x3e02,0x3e02,0x3e0e,
	0x3e1d,0x3e1f,0x3e1f,0x3e1f,0x421f,0x421f,0x3e1d,0x3e1c,0x3e1c,0x3e1c,0x3e1c,0x3e1f,0x421f,0x421f,0x421f,0x421f,
	0x421e,0x3e1c,0x3e1c,0x3e1c,0x3e1c,0x3e1d,0x421f,0x421f,0x3e1f,0x3e1f,0x3e1c,0x3e12,0x3e0f,0x3e0a,0x3e07,0x3e05,
	0x3e03,0x3e02,0x3e01,0x3e01,0x3e02,0x3e02,0x3e02,0x3e03,0x3e03,0x3e04,0x3e04,0x3e04,0x3e05,0x3e06,0x3e06,0x3e06,
	0x3e07,0x3e08,0x3e08,0x3e09,0x3e09,0x420a,0x420a,0x420a,0x420a,0x420a,0x420a,0x420a,0x420a,0x4206,0x4203,0x4203,
	0x4203,0x4203,0x4203,0x4203,0x4203,0x3e03,0x3e03,0x3e03,0x3e03,0x3e03,0x3e03,0x3e04,0x3e04,0x3e04,0x3e04,0x3e04,
	0x3e03,0x3e03,0x3e03,0x3e05,0x3e0a,0x3e11,0x3e19,0x421f,0x3e1f,0x3e1f,0x3e1c,0x3e1c,0x421c,0x421c,0x421d,0x421f,
	0x421f,0x421f,0x421f,0x421f,0x421d,0x421c,0x421c,0x421c,0x421c,0x421e,0x421f,0x421f,0x421f,0x421f,0x421e,0x421c,
	0x421c,0x421c,0x421c,0x421d,0x421f,0x421f,0x421f,0x421f,0x421f,0x421d,0x421c,0x421c,0x421c,0x421c,0x421f,0x421f,
	0x421f,0x421f,0x421f,0x421e,0x421c,0x421c,0x421c,0x421c,0x421d,0x421f,0x421f,0x421f,0x421f,0x421f,0x421c,0x421c,
	0x421c,0x421c,0x421c,0x421f,0x421f,0x421f,0x421f,0x421f,0x421d,0x421c,0x421c,0x421c,0x421c,0x421d,0x421f,0x421f,
	0x421f,0x421f,0x421e,0x421c,0x421c,0x421c,0x421c,0x421d,0x421f,0x421f,0x421f,0x421f,0x421f,0x421c,0x421c,0x421c,
	0x421c,0x421c,0x421f,0x421f,0x421f,0x421f,0x421f,0x421d,0x421c,0x421c,0x421c,0x421c,0x421e,0x421f,0x421f,0x421f,
	0x421f,0x421f,0x421c,0x421c,0x421c,0x421c,0x421c,0x421f,0x421f,0x421f,0x421f,0x421f,0x421d,0x421c,0x421c,0x421c,
	0x421c,0x421e,0x421f,0x421f,0x421f,0x421f,0x421f,0x421c,0x421c,0x421c,0x421c,0x45dc,0x499b,0x4d5a,0x5138,0x54f8,
	0x54f7,0x54f7,0x54f7,0x54d8,0x4d30,0x41c4,0x3e22,0x3e23,0x3e03,0x3e03,0x3e03,0x3e03,0x3e02,0x3e03,0x3e12,0x3e1e,
	0x3e1d,0x3e1f,0x3e1f,0x3e1f,0x3e1f,0x421f,0x3e1c,0x421c,0x421c,0x421c,0x421c,0x421f,0x421f,0x421f,0x421f,0x421f,
	0x421e,0x3e1c,0x3e1c,0x3e1c,0x3e1c,0x3e1d,0x421f,0x421f,0x3e1f,0x3e1f,0x3e16,0x3e10,0x3e0d,0x3e09,0x3e06,0x3e04,
	0x3e03,0x3e02,0x3e02,0x3e02,0x3e02,0x3e02,0x3e03,0x3e03,0x3e03,0x3e04,0x3e04,0x3e05,0x3e05,0x3e06,0x3e06,0x3e06,
	0x3e07,0x3e07,0x3e08,0x3e08,0x3e09,0x4209,0x420a,0x420a,0x420a,0x420a,0x420a,0x4209,0x4209,0x4206,0x4203,0x4203,
	0x4203,0x4203,0x4204,0x4204,0x4203,0x3e03,0x3e03,0x3e03,0x3e03,0x3e03,0x3e03,0x3e03,0x3e03,0x3e03,0x3e04,0x3e06,
	0x3e09,0x3e0e,0x3e13,0x3e18,0x3e1f,0x3e1f,0x3e1f,0x3e1f,0x3e1f,0x3e1e,0x3e1c,0x3e1c,0x421c,0x421c,0x421d,0x421f,
	0x421f,0x421f,0x421f,0x421f,0x421d,0x421c,0x421c,0x421c,0x421c,0x421e,0x421f,0x421f,0x421f,0x421f,0x421e,0x421c,
	0x421c,0x421c,0x421c,0x421d,0x421f,0x421f,0x421f,0x421f,0x421f,0x421d,0x421c,0x421c,0x421c,0x421c,0x421f,0x421f,
	0x421f,0x421f,0x421f,0x421e,0x421c,0x421c,0x421c,0x421c,0x421d,0x421f,0x421f,0x421f,0x421f,0x421f,0x421c,0x421c,
	0x421c,0x421c,0x421c,0x421f,0x421f,0x421f,0x421f,0x421f,0x421d,0x421c,0x421c,0x421c,0x421c,0x421d,0x421f,0x421f,
	0x421e,0x421e,0x421e,0x421e,0x421e,0x421e,0x421e,0x421e,0x421e,0x421e,0x421e,0x421e,0x421e,0x421e,0x421e,0x421e,
	0x421e,0x421e,0x421e,0x421e,0x421e,0x421e,0x421e,0x421e,0x421e,0x421e,0x421e,0x421e,0x421e,0x421e,0x421e,0x421e,
	0x421e,0x421e,0x421e,0x421e,0x421e,0x421e,0x421e,0x421e,0x421e,0x421e,0x421e,0x421e,0x421e,0x421e,0x421e,0x421e,
	0x421e,0x421e,0x421e,0x421e,0x421e,0x421e,0x421e,0x41fe,0x41fe,0x41fe,0x45bc,0x499b,0x5139,0x5118,0x54f7,0x54d7,
	0x54d6,0x54d6,0x54d6,0x54d6,0x54d8,0x54f5,0x496a,0x41e3,0x3e01,0x3e01,0x3e01,0x3e01,0x4201,0x45ef,0x3dff,0x3e1d,
	0x3e1e,0x3e1e,0x3e1e,0x3e1e,0x3e1e,0x3e1e,0x421e,0x421e,0x421e,0x421e,0x421e,0x421e,0x421e,0x421e,0x421e,0x421e,
	0x421e,0x421e,0x421e,0x421e,0x421e,0x421e,0x421e,0x421e,0x3e1e,0x3e1b,0x3e12,0x3e0f,0x3e0b,0x3e08,0x3e05,0x3e04,
	0x3e03,0x3e02,0x3e02,0x3e02,0x3e02,0x3e03,0x3e03,0x3e03,0x3e03,0x3e04,0x3e04,0x3e05,0x3e05,0x3e06,0x3e06,0x3e06,
	0x3e07,0x3e07,0x3e08,0x3e08,0x3e09,0x4209,0x4209,0x420a,0x420a,0x4209,0x3e09,0x3e09,0x3e08,0x4207,0x4206,0x4205,
	0x4205,0x4205,0x4205,0x4205,0x4205,0x3e06,0x3e06,0x3e07,0x3e09,0x3e09,0x3e0b,0x3e0e,0x3e10,0x3e14,0x3e18,0x3e1c,
	0x3e1e,0x3e1f,0x3e1f,0x3e1f,0x3e1e,0x3e1e,0x3e1e,0x3e1e,0x3e1e,0x3e1e,0x3e1e,0x3e1e,0x421e,0x421e,0x421e,0x421e,
	0x421e,0x421e,0x421e,0x421e,0x421e,0x421e,0x421e,0x421e,0x421e,0x421e,0x421e,0x421e,0x421e,0x421e,0x421e,0x421e,
	0x421e,0x421e,0x421e,0x421e,0x421e,0x421e,0x421e,0x421e,0x421e,0x421e,0x421e,0x421e,0x421e,0x421e,0x421e,0x421e,
	0x421e,0x421e,0x421e,0x421e,0x421e,0x421e,0x421e,0x421e,0x421e,0x421e,0x421e,0x421e,0x421e,0x421e,0x421e,0x421e,
	0x421e,0x421e,0x421e,0x421e,0x421e,0x421e,0x421e,0x421e,0x421e,0x421e,0x421e,0x421e,0x421e,0x421e,0x421e,0x421e,
	0x421c,0x421c,0x421e,0x421f,0x421f,0x421f,0x421f,0x421e,0x421c,0x421c,0x421c,0x421c,0x421d,0x421f,0x421f,0x421f,
	0x421f,0x421f,0x421d,0x421c,0x421c,0x421c,0x421c,0x421e,0x421f,0x421f,0x421f,0x421f,0x421e,0x421c,0x421c,0x421c,
	0x421c,0x421d,0x421f,0x421f,0x421f,0x421f,0x421f,0x421c,0x421c,0x421c,0x421c,0x421c,0x421f,0x421f,0x421f,0x421f,
	0x421f,0x421e,0x421c,0x421c,0x421c,0x421c,0x421d,0x421f,0x3e1f,0x45de,0x499a,0x5159,0x5517,0x54f6,0x54d6,0x58d6,
	0x58d6,0x54d6,0x54d6,0x54d6,0x54d6,0x54d6,0x58d7,0x58f4,0x5130,0x512e,0x514d,0x512e,0x5511,0x5d12,0x45db,0x3e1f,
	0x41ff,0x3e1c,0x3e1c,0x3e1c,0x3e1c,0x3e1c,0x421f,0x421f,0x421f,0x421f,0x421f,0x421d,0x421c,0x421c,0x421c,0x421c,
	0x421e,0x421f,0x421f,0x421f,0x421f,0x421f,0x421c,0x421c,0x3e1c,0x3e15,0x3e10,0x3e0d,0x3e09,0x3e07,0x3e05,0x3e04,
	0x3e03,0x3e03,0x3e02,0x3e02,0x3e03,0x3e03,0x3e03,0x3e03,0x3e04,0x3e04,0x3e04,0x3e05,0x3e05,0x3e06,0x3e06,0x3e06,
	0x3e07,0x3e07,0x3e08,0x3e08,0x3e08,0x4209,0x4209,0x4209,0x4209,0x4209,0x3e09,0x3e09,0x3e08,0x421a,0x421d,0x421b,
	0x4219,0x4219,0x4219,0x4219,0x421a,0x3e1d,0x421d,0x421e,0x421f,0x3e1f,0x3e1e,0x3e1e,0x3e1e,0x3e1e,0x3e1d,0x3e1f,
	0x421f,0x421f,0x421f,0x421f,0x3e1e,0x3e1c,0x3e1c,0x3e1c,0x3e1c,0x3e1d,0x421f,0x421f,0x421f,0x421f,0x421f,0x421c,
	0x421c,0x421c,0x421c,0x421c,0x421f,0x421f,0x421f,0x421f,0x421f,0x421d,0x421c,0x421c,0x421c,0x421c,0x421e,0x421f,
	0x421f,0x421f,0x421f,0x421f,0x421c,0x421c,0x421c,0x421c,0x421c,0x421f,0x421f,0x421f,0x421f,0x421f,0x421d,0x421c,
	0x421c,0x421c,0x421c,0x421e,0x421f,0x421f,0x421f,0x421f,0x421e,0x421c,0x421c,0x421c,0x421c,0x421d,0x421f,0x421f,
	0x421f,0x421f,0x421f,0x421d,0x421c,0x421c,0x421c,0x421c,0x421e,0x421f,0x421f,0x421f,0x421f,0x421e,0x421c,0x421c,
	0x421c,0x421c,0x421e,0x421f,0x421f,0x421f,0x421f,0x421e,0x421c,0x421c,0x421c,0x421c,0x421d,0x421f,0x421f,0x421f,
	0x421f,0x421f,0x421d,0x421c,0x421c,0x421c,0x421c,0x421e,0x421f,0x421f,0x421f,0x421f,0x421e,0x421c,0x421c,0x421c,
	0x421c,0x421d,0x421f,0x421f,0x421f,0x421f,0x421f,0x421c,0x421c,0x421c,0x421c,0x421c,0x421f,0x421f,0x421f,0x421f,
	0x421f,0x421e,0x421c,0x421d,0x421d,0x421c,0x421d,0x421f,0x41ff,0x49bb,0x5178,0x5537,0x5516,0x58d5,0x58d5,0x58d5,
	0x58d5,0x58d5,0x58d5,0x58d6,0x58d6,0x58d5,0x58d5,0x58d6,0x58d6,0x58d6,0x58d6,0x58d6,0x58f5,0x5cf2,0x4d76,0x3e1f,
	0x3e1f,0x3e1c,0x3e1c,0x3e1c,0x3e1c,0x3e1c,0x421f,0x421f,0x421f,0x421f,0x421f,0x421d,0x421c,0x421c,0x421c,0x421c,
	0x421e,0x421f,0x421f,0x421f,0x421f,0x421f,0x421c,0x421d,0x3e19,0x3e12,0x3e0f,0x3e0b,0x3e08,0x3e06,0x3e04,0x3e04,
	0x3e03,0x3e03,0x3e03,0x3e03,0x3e03,0x3e03,0x3e03,0x3e03,0x3e04,0x3e04,0x3e04,0x3e05,0x3e05,0x3e06,0x3e06,0x3e06,
	0x3e07,0x3e07,0x3e07,0x3e08,0x3e08,0x4208,0x4209,0x4209,0x4209,0x4209,0x3e09,0x3e08,0x3e0c,0x421f,0x421f,0x421e,
	0x421d,0x421d,0x421d,0x421d,0x421e,0x3e1f,0x421f,0x421f,0x421f,0x421f,0x3e1c,0x3e1c,0x3e1c,0x3e1c,0x3e1c,0x421f,
	0x421f,0x421f,0x421f,0x421f,0x3e1e,0x3e1c,0x3e1c,0x3e1c,0x3e1c,0x3e1d,0x421f,0x421f,0x421f,0x421f,0x421f,0x421c,
	0x421c,0x421c,0x421c,0x421c,0x421f,0x421f,0x421f,0x421f,0x421f,0x421d,0x421c,0x421c,0x421c,0x421c,0x421e,0x421f,
	0x421f,0x421f,0x421f,0x421f,0x421c,0x421c,0x421c,0x421c,0x421d,0x421f,0x421f,0x421f,0x421f,0x421f,0x421d,0x421c,
	0x421d,0x421c,0x421c,0x421e,0x421f,0x421f,0x421f,0x421f,0x421e,0x421c,0x421c,0x421c,0x421c,0x421d,0x421f,0x421f,
	0x421f,0x421f,0x421f,0x421d,0x421c,0x421c,0x421c,0x421c,0x421e,0x421f,0x421f,0x421f,0x421f,0x421e,0x421c,0x421c,
	0x421d,0x421c,0x421e,0x421f,0x421f,0x421f,0x421f,0x421e,0x421c,0x421d,0x421d,0x421d,0x421d,0x421f,0x421f,0x421f,
	0x421f,0x421f,0x421d,0x421c,0x421d,0x421d,0x421c,0x421e,0x421f,0x421f,0x421f,0x421f,0x421e,0x421d,0x421d,0x421d,
	0x421c,0x421d,0x421f,0x421f,0x421f,0x421f,0x421f,0x421d,0x421c,0x421d,0x421d,0x421d,0x421e,0x421f,0x421f,0x421f,
	0x421f,0x421e,0x421c,0x421d,0x421d,0x421d,0x421d,0x3e1f,0x41ff,0x4d99,0x5157,0x5516,0x58f5,0x58f5,0x58d5,0x58d4,
	0x58d4,0x58d5,0x58d5,0x58d5,0x58d5,0x58d5,0x58d5,0x58d5,0x58d4,0x58f4,0x58f4,0x58f4,0x5914,0x5913,0x5913,0x41fe,
	0x3e1f,0x421d,0x3e1d,0x3e1d,0x3e1d,0x3e1d,0x421f,0x421f,0x421f,0x421f,0x421f,0x421d,0x421c,0x421d,0x421d,0x421c,
	0x421e,0x421f,0x421f,0x421f,0x421f,0x421e,0x421d,0x421c,0x3e14,0x3e10,0x3e0c,0x3e09,0x3e07,0x3e05,0x3e04,0x3e03,
	0x3e03,0x3e03,0x3e03,0x3e03,0x3e03,0x3e03,0x3e04,0x3e04,0x3e04,0x3e04,0x3e04,0x3e05,0x3e05,0x3e06,0x3e06,0x3e06,
	0x3e07,0x3e07,0x3e07,0x3e08,0x3e08,0x4208,0x4208,0x4208,0x4208,0x4208,0x3e09,0x3e07,0x3e14,0x421f,0x421f,0x421e,
	0x421c,0x421c,0x421d,0x421c,0x421d,0x421f,0x421f,0x421f,0x421f,0x421f,0x3e1d,0x3e1d,0x3e1d,0x3e1d,0x3e1c,0x421f,
	0x421f,0x421f,0x421f,0x421f,0x3e1e,0x3e1d,0x3e1d,0x3e1d,0x3e1c,0x3e1e,0x421f,0x421f,0x421f,0x421f,0x421f,0x421d,
	0x421d,0x421d,0x421d,0x421d,0x421f,0x421f,0x421f,0x421f,0x421f,0x421d,0x421c,0x421d,0x421d,0x421c,0x421e,0x421f,
	0x421f,0x421f,0x421f,0x421f,0x421d,0x421d,0x421d,0x421d,0x421d,0x421f,0x421f,0x421f,0x421f,0x421f,0x421d,0x421d,
	0x421d,0x421d,0x421c,0x421e,0x421f,0x421f,0x421f,0x421f,0x421e,0x421d,0x421d,0x421d,0x421d,0x421d,0x421f,0x421f,
	0x421f,0x421f,0x421f,0x421d,0x421d,0x421d,0x421d,0x421d,0x421e,0x421f,0x421f,0x421f,0x421f,0x421e,0x421c,0x421d,
	0x421f,0x421f,0x421d,0x421c,0x421d,0x421d,0x421c,0x421e,0x421f,0x421f,0x421f,0x421f,0x421f,0x421c,0x421c,0x421d,
	0x421c,0x421d,0x421f,0x421f,0x421f,0x421f,0x421f,0x421d,0x421c,0x421d,0x421d,0x421c,0x421e,0x421f,0x421f,0x421f,
	0x421f,0x421f,0x421c,0x421d,0x421d,0x421c,0x421d,0x421f,0x421f,0x421f,0x421f,0x421f,0x421d,0x421c,0x421d,0x421d,
	0x421c,0x421e,0x421f,0x421f,0x421f,0x421f,0x41fe,0x421c,0x421c,0x4d78,0x5536,0x5535,0x5915,0x58f4,0x58f4,0x58d4,
	0x58d4,0x58d4,0x58d4,0x58d4,0x58d4,0x58d4,0x58d5,0x58d4,0x58d4,0x58d4,0x58f4,0x58f4,0x5914,0x58f3,0x5913,0x3dfb,
	0x421d,0x421f,0x3e1f,0x3e1f,0x421f,0x421f,0x421d,0x421d,0x421d,0x421d,0x421c,0x421f,0x421f,0x421f,0x421f,0x421f,
	0x421e,0x421c,0x421d,0x421d,0x421c,0x421d,0x421f,0x4218,0x3e11,0x3e0e,0x3e0a,0x3e08,0x3e06,0x3e05,0x3e04,0x3e04,
	0x3e03,0x3e03,0x3e03,0x3e03,0x3e03,0x3e04,0x3e04,0x3e04,0x3e04,0x3e04,0x3e05,0x3e05,0x3e05,0x3e06,0x3e06,0x3e06,
	0x3e07,0x3e07,0x3e07,0x3e07,0x3e08,0x4208,0x4208,0x4208,0x4208,0x4208,0x4209,0x4208,0x421a,0x421d,0x421c,0x421e,
	0x421f,0x421f,0x421f,0x421f,0x421e,0x421c,0x421d,0x421d,0x421c,0x421d,0x421f,0x421f,0x421f,0x421f,0x421f,0x421d,
	0x421c,0x421c,0x421c,0x421d,0x421e,0x421f,0x421f,0x421f,0x421f,0x421e,0x421c,0x421d,0x421d,0x421c,0x421d,0x421f,
	0x421f,0x421f,0x421f,0x421f,0x421d,0x421c,0x421d,0x421c,0x421d,0x421f,0x421f,0x421f,0x421f,0x421f,0x421e,0x421c,
	0x421d,0x421d,0x421c,0x421d,0x421f,0x421f,0x421f,0x421f,0x421f,0x421d,0x421c,0x421d,0x421d,0x421d,0x421f,0x421f,
	0x421f,0x421f,0x421f,0x421e,0x421c,0x421d,0x421d,0x421c,0x421e,0x421f,0x421f,0x421f,0x421f,0x421f,0x421d,0x421d,
	0x421d,0x421d,0x421d,0x421f,0x421f,0x421f,0x421f,0x421f,0x421d,0x421c,0x421d,0x421d,0x421c,0x421e,0x421f,0x421f,
	0x421f,0x421f,0x421d,0x421c,0x421d,0x421d,0x421c,0x421e,0x421f,0x421f,0x421f,0x421f,0x421f,0x421c,0x421c,0x421d,
	0x421c,0x421d,0x421f,0x421f,0x421f,0x421f,0x421f,0x421d,0x421c,0x421c,0x421c,0x421c,0x421e,0x421f,0x421f,0x421f,
	0x421f,0x421f,0x421c,0x421c,0x421c,0x421c,0x421d,0x421f,0x421f,0x421f,0x421f,0x421f,0x421d,0x421c,0x421c,0x421c,
	0x421c,0x421e,0x421f,0x421f,0x421f,0x421f,0x421e,0x3dfc,0x421d,0x49d9,0x5535,0x5535,0x5914,0x58f4,0x58f4,0x58f4,
	0x58d4,0x58d4,0x58d4,0x58d4,0x58d4,0x58d4,0x58d4,0x58d4,0x58d4,0x58f4,0x58f4,0x58f4,0x58f4,0x5cf3,0x5913,0x3dfc,
	0x421d,0x421f,0x421f,0x421f,0x421f,0x421f,0x421c,0x421c,0x421c,0x421c,0x421c,0x421f,0x421f,0x421f,0x421f,0x421f,
	0x421d,0x421c,0x421c,0x421c,0x421c,0x421e,0x421b,0x4212,0x3e0f,0x3e0b,0x3e09,0x3e07,0x3e05,0x3e05,0x3e04,0x3e04,
	0x3e03,0x3e03,0x3e03,0x3e03,0x3e03,0x3e04,0x3e04,0x3e04,0x3e04,0x3e04,0x3e05,0x3e05,0x3e05,0x3e06,0x3e06,0x3e06,
	0x3e06,0x3e07,0x3e07,0x3e07,0x3e07,0x4208,0x4208,0x4208,0x4208,0x4208,0x4207,0x420f,0x421d,0x421c,0x421c,0x421e,
	0x421f,0x421f,0x421f,0x421f,0x421e,0x421c,0x421c,0x421c,0x421c,0x421d,0x421f,0x421f,0x421f,0x421f,0x421f,0x421d,
	0x421c,0x421c,0x421c,0x421c,0x421e,0x421f,0x421f,0x421f,0x421f,0x421e,0x421c,0x421c,0x421c,0x421c,0x421d,0x421f,
	0x421f,0x421f,0x421f,0x421f,0x421d,0x421c,0x421c,0x421c,0x421c,0x421f,0x421f,0x421f,0x421f,0x421f,0x421e,0x421c,
	0x421c,0x421c,0x421c,0x421d,0x421f,0x421f,0x421f,0x421f,0x421f,0x421c,0x421c,0x421c,0x421c,0x421c,0x421f,0x421f,
	0x421f,0x421f,0x421f,0x421e,0x421c,0x421c,0x421d,0x421c,0x421e,0x421f,0x421f,0x421f,0x421f,0x421f,0x421c,0x421c,
	0x421c,0x421c,0x421c,0x421f,0x421f,0x421f,0x421f,0x421f,0x421d,0x421c,0x421c,0x421c,0x421c,0x421e,0x421f,0x421f,
	0x421f,0x421f,0x421d,0x421c,0x421c,0x421c,0x421c,0x421e,0x421f,0x421f,0x421f,0x421f,0x421f,0x421c,0x421c,0x421c,
	0x421c,0x421c,0x421f,0x421f,0x421f,0x421f,0x421f,0x421d,0x421c,0x421c,0x421c,0x421c,0x421e,0x421f,0x421f,0x421f,
	0x421f,0x421f,0x421c,0x421c,0x421c,0x421c,0x421d,0x421f,0x421f,0x421f,0x421f,0x421f,0x421d,0x421c,0x421c,0x421c,
	0x421c,0x421e,0x421f,0x421f,0x421f,0x421f,0x421e,0x421c,0x41fc,0x3e1c,0x4db8,0x5934,0x5934,0x5914,0x58f3,0x58f3,
	0x58f3,0x58d3,0x58d3,0x58d3,0x58d3,0x58d3,0x58d3,0x58f3,0x58f3,0x58f3,0x58f3,0x58f3,0x58f3,0x5cf2,0x5154,0x3e1c,
	0x3e1d,0x421f,0x421f,0x421f,0x421f,0x421f,0x421c,0x421c,0x421c,0x421c,0x421c,0x421f,0x421f,0x421f,0x421f,0x421f,
	0x421e,0x421c,0x421c,0x421c,0x421c,0x421b,0x4214,0x3e0f,0x3e0c,0x3e0a,0x3e07,0x3e06,0x3e05,0x3e05,0x3e04,0x3e04,
	0x3e04,0x3e03,0x3e03,0x3e04,0x3e04,0x3e04,0x3e04,0x3e04,0x3e04,0x3e04,0x3e05,0x3e05,0x3e05,0x3e05,0x3e06,0x3e06,
	0x3e06,0x3e07,0x3e07,0x3e07,0x3e07,0x4208,0x4208,0x4208,0x4208,0x4208,0x4207,0x4217,0x421d,0x421c,0x421c,0x421e,
	0x421f,0x421f,0x421f,0x421f,0x421e,0x421c,0x421c,0x421c,0x421c,0x421d,0x421f,0x421f,0x421f,0x421f,0x421f,0x421d,
	0x421c,0x421c,0x421c,0x421c,0x421e,0x421f,0x421f,0x421f,0x421f,0x421e,0x421c,0x421c,0x421c,0x421c,0x421d,0x421f,
	0x421f,0x421f,0x421f,0x421f,0x421c,0x421c,0x421c,0x421c,0x421c,0x421f,0x421f,0x421f,0x421f,0x421f,0x421e,0x421c,
	0x421c,0x421c,0x421c,0x421d,0x421f,0x421f,0x421f,0x421f,0x421f,0x421c,0x421c,0x421c,0x421c,0x421c,0x421f,0x421f,
	0x421f,0x421f,0x421f,0x421e,0x421c,0x421c,0x421c,0x421c,0x421e,0x421f,0x421f,0x421f,0x421f,0x421f,0x421c,0x421c,
	0x421c,0x421c,0x421c,0x421f,0x421f,0x421f,0x421f,0x421f,0x421d,0x421c,0x421c,0x421c,0x421c,0x421e,0x421f,0x421f,
	0x421e,0x421e,0x421e,0x421e,0x421e,0x421e,0x421e,0x421e,0x421e,0x421e,0x421e,0x421e,0x421e,0x421e,0x421e,0x421e,
	0x421e,0x421e,0x421e,0x421e,0x421e,0x421e,0x421e,0x421e,0x421e,0x421e,0x421e,0x421e,0x421e,0x421e,0x421e,0x421e,
	0x421e,0x421e,0x421e,0x421e,0x421e,0x421e,0x421e,0x421e,0x421e,0x421e,0x421e,0x421e,0x421e,0x421e,0x421e,0x421e,
	0x421e,0x421e,0x421e,0x421e,0x421e,0x421d,0x421e,0x421e,0x421e,0x421e,0x421e,0x49b9,0x5534,0x5913,0x5913,0x5913,
	0x58f3,0x58f3,0x58f3,0x58f3,0x58f3,0x58f3,0x58f3,0x58f2,0x58f2,0x58f2,0x58f2,0x58f2,0x58f2,0x5cf0,0x45ba,0x3e1e,
	0x421e,0x3e1e,0x3e1e,0x3e1e,0x3e1e,0x3e1e,0x421e,0x421e,0x421e,0x421e,0x421e,0x421e,0x421e,0x421e,0x421e,0x421e,
	0x421e,0x421e,0x421e,0x421e,0x421d,0x4215,0x3e10,0x3e0d,0x3e0a,0x3e08,0x3e07,0x3e05,0x3e05,0x3e04,0x3e04,0x3e04,
	0x3e04,0x3e04,0x3e04,0x3e04,0x3e04,0x3e04,0x3e04,0x3e04,0x3e04,0x3e05,0x3e05,0x3e05,0x3e05,0x3e05,0x3e06,0x3e06,
	0x3e06,0x3e06,0x3e07,0x3e07,0x3e07,0x4207,0x4208,0x4208,0x4208,0x4207,0x420d,0x421e,0x421e,0x421e,0x421e,0x421e,
	0x421e,0x421e,0x421e,0x421e,0x421e,0x421e,0x421e,0x421e,0x421e,0x421e,0x421e,0x421e,0x421e,0x421e,0x421e,0x421e,
	0x421e,0x421e,0x421e,0x421e,0x421e,0x421e,0x421e,0x421e,0x421e,0x421e,0x421e,0x421e,0x421e,0x421e,0x421e,0x421e,
	0x421e,0x421e,0x421e,0x421e,0x421e,0x421e,0x421e,0x421e,0x421e,0x421e,0x421e,0x421e,0x421e,0x421e,0x421e,0x421e,
	0x421e,0x421e,0x421e,0x421e,0x421e,0x421e,0x421e,0x421e,0x421e,0x421e,0x421e,0x421e,0x421e,0x421e,0x421e,0x421e,
	0x421e,0x421e,0x421e,0x421e,0x421e,0x421e,0x421e,0x421e,0x421e,0x421e,0x421e,0x421e,0x421e,0x421e,0x421e,0x421e,
	0x421e,0x421e,0x421e,0x421e,0x421e,0x421e,0x421e,0x421e,0x421e,0x421e,0x421e,0x421e,0x421e,0x421e,0x421e,0x421e,
	0x421c,0x421c,0x421e,0x421f,0x421f,0x421f,0x421f,0x421e,0x421c,0x421c,0x421c,0x421c,0x421d,0x421f,0x421f,0x421f,
	0x421f,0x421f,0x421d,0x421c,0x421c,0x421c,0x421c,0x421f,0x421f,0x421f,0x421f,0x421f,0x421e,0x421c,0x421c,0x421c,
	0x421c,0x421d,0x421f,0x421f,0x421f,0x421f,0x421f,0x421c,0x421c,0x421c,0x421c,0x421c,0x421f,0x421f,0x421f,0x421f,
	0x421f,0x421e,0x421c,0x421c,0x421c,0x421c,0x421d,0x421f,0x421f,0x41ff,0x3dff,0x3e1f,0x45da,0x5176,0x5933,0x5913,
	0x5913,0x5d13,0x5d13,0x5d12,0x5d12,0x5cf2,0x5d12,0x5912,0x5911,0x5911,0x5912,0x5cf2,0x5cf0,0x4d77,0x3e1f,0x3e1f,
	0x421f,0x3e1c,0x3e1c,0x3e1c,0x3e1c,0x3e1c,0x421f,0x421f,0x421f,0x421f,0x421f,0x421d,0x421c,0x421c,0x421c,0x421c,
	0x421e,0x421f,0x421f,0x421f,0x4217,0x3e11,0x3e0d,0x3e0b,0x3e09,0x3e07,0x3e06,0x3e05,0x3e04,0x3e04,0x3e04,0x3e04,
	0x3e04,0x3e04,0x3e04,0x3e04,0x3e04,0x3e04,0x3e04,0x3e04,0x3e04,0x3e05,0x3e05,0x3e05,0x3e05,0x3e05,0x3e06,0x3e06,
	0x3e06,0x3e06,0x3e07,0x3e07,0x3e07,0x4207,0x4208,0x4208,0x4208,0x4207,0x4218,0x421f,0x421f,0x421f,0x421f,0x421e,
	0x421c,0x421c,0x421c,0x421c,0x421d,0x421f,0x421f,0x421f,0x421f,0x421f,0x421c,0x421c,0x421c,0x421c,0x421c,0x421f,
	0x421f,0x421f,0x421f,0x421f,0x421d,0x421c,0x421c,0x421c,0x421c,0x421e,0x421f,0x421f,0x421f,0x421f,0x421f,0x421c,
	0x421c,0x421c,0x421c,0x421c,0x421f,0x421f,0x421f,0x421f,0x421f,0x421d,0x421c,0x421c,0x421c,0x421c,0x421e,0x421f,
	0x421f,0x421f,0x421f,0x421f,0x421c,0x421c,0x421c,0x421c,0x421d,0x421f,0x421f,0x421f,0x421f,0x421f,0x421d,0x421c,
	0x421c,0x421c,0x421c,0x421e,0x421f,0x421f,0x421f,0x421f,0x421e,0x421c,0x421c,0x421c,0x421c,0x421d,0x421f,0x421f,
	0x421f,0x421f,0x421f,0x421d,0x421c,0x421c,0x421c,0x421c,0x421e,0x421f,0x421f,0x421f,0x421f,0x421e,0x421c,0x421c,
	0x421c,0x421c,0x421e,0x421f,0x421f,0x421f,0x421f,0x421e,0x421c,0x421c,0x421c,0x421c,0x421d,0x421f,0x421f,0x421f,
	0x421f,0x421f,0x421d,0x421c,0x421c,0x421c,0x421c,0x421e,0x421f,0x421f,0x421f,0x421f,0x421e,0x421c,0x421c,0x421c,
	0x421c,0x421d,0x421f,0x421f,0x421f,0x421f,0x421f,0x421c,0x421c,0x421c,0x421c,0x421c,0x421f,0x421f,0x421f,0x421f,
	0x421f,0x421e,0x421c,0x421c,0x421c,0x421c,0x421d,0x421f,0x421f,0x421f,0x41ff,0x41ff,0x3e1d,0x3e1d,0x45da,0x4d97,
	0x5554,0x5933,0x5932,0x5932,0x5932,0x5932,0x5931,0x5d11,0x5d11,0x5cf1,0x5cf1,0x5912,0x4998,0x3e1f,0x3e1f,0x3e1f,
	0x3e1f,0x3e1c,0x3e1c,0x3e1c,0x3e1c,0x3e1d,0x421f,0x421f,0x421f,0x421f,0x421f,0x421d,0x421c,0x421c,0x421c,0x421c,
	0x421e,0x421f,0x421f,0x4218,0x3e11,0x3e0e,0x3e0b,0x3e09,0x3e08,0x3e06,0x3e05,0x3e05,0x3e04,0x3e04,0x3e04,0x3e04,
	0x3e03,0x3e03,0x3e03,0x3e04,0x3e04,0x3e04,0x3e04,0x3e04,0x3e04,0x3e04,0x3e05,0x3e05,0x3e05,0x3e05,0x3e06,0x3e06,
	0x3e06,0x3e06,0x3e06,0x3e07,0x3e07,0x4207,0x4207,0x4208,0x4207,0x420e,0x421f,0x421f,0x421f,0x421f,0x421f,0x421e,
	0x421c,0x421c,0x421c,0x421c,0x421d,0x421f,0x421f,0x421f,0x421f,0x421f,0x421c,0x421c,0x421c,0x421c,0x421c,0x421f,
	0x421f,0x421f,0x421f,0x421f,0x421d,0x421c,0x421c,0x421c,0x421c,0x421e,0x421f,0x421f,0x421f,0x421f,0x421f,0x421c,
	0x421c,0x421c,0x421c,0x421c,0x421f,0x421f,0x421f,0x421f,0x421f,0x421d,0x421c,0x421c,0x421c,0x421c,0x421e,0x421f,
	0x421f,0x421f,0x421f,0x421f,0x421c,0x421c,0x421c,0x421c,0x421d,0x421f,0x421f,0x421f,0x421f,0x421f,0x421d,0x421c,
	0x421c,0x421c,0x421c,0x421e,0x421f,0x421f,0x421f,0x421f,0x421e,0x421c,0x421c,0x421c,0x421c,0x421d,0x421f,0x421f,
	0x421f,0x421f,0x421f,0x421d,0x421c,0x421c,0x421c,0x421c,0x421e,0x421f,0x421f,0x421f,0x421f,0x421e,0x421c,0x421c,
	0x421d,0x421d,0x421e,0x421f,0x421f,0x421f,0x421f,0x421e,0x421d,0x421d,0x421d,0x421d,0x421d,0x421f,0x421f,0x421f,
	0x421f,0x421f,0x421d,0x421d,0x421d,0x421d,0x421d,0x421e,0x421f,0x421f,0x421f,0x421f,0x421e,0x421d,0x421d,0x421d,
	0x421d,0x421d,0x421f,0x421f,0x421f,0x421f,0x421f,0x421d,0x421d,0x421d,0x421d,0x421d,0x421f,0x421f,0x421f,0x421f,
	0x421f,0x421e,0x421d,0x421d,0x421d,0x421d,0x421d,0x421f,0x421f,0x421f,0x421f,0x421f,0x421d,0x421d,0x3e1d,0x3e1d,
	0x421d,0x41fd,0x45fd,0x45dc,0x45fd,0x41fe,0x45da,0x5176,0x5575,0x5175,0x4997,0x41fc,0x3e1f,0x3e1f,0x421f,0x3e1f,
	0x3e1e,0x3e1d,0x3e1d,0x3e1d,0x3e1d,0x3e1d,0x421f,0x421f,0x421f,0x421f,0x421f,0x421d,0x421d,0x421d,0x421d,0x421d,
	0x421e,0x421f,0x4219,0x3e11,0x3e0e,0x3e0b,0x3e0a,0x3e28,0x3e07,0x3e06,0x3e05,0x3e05,0x3e04,0x3e04,0x3e04,0x3e03,
	0x3e03,0x3e03,0x3e03,0x3e04,0x3e04,0x3e04,0x3e04,0x3e04,0x3e04,0x3e04,0x3e04,0x3e05,0x3e05,0x3e05,0x3e05,0x3e06,
	0x3e06,0x3e06,0x3e06,0x3e06,0x3e07,0x4207,0x4207,0x4208,0x4207,0x4219,0x41ff,0x421f,0x421f,0x421f,0x421f,0x421e,
	0x421d,0x421d,0x421d,0x421d,0x421e,0x421f,0x421f,0x421f,0x421f,0x421f,0x421d,0x421d,0x421d,0x421d,0x421d,0x421f,
	0x421f,0x421f,0x421f,0x421f,0x421e,0x421d,0x421d,0x421d,0x421d,0x421e,0x421f,0x421f,0x421f,0x421f,0x421f,0x421d,
	0x421d,0x421d,0x421d,0x421d,0x421f,0x421f,0x421f,0x421f,0x421f,0x421e,0x421d,0x421d,0x421d,0x421d,0x421e,0x421f,
	0x421f,0x421f,0x421f,0x421e,0x421d,0x421d,0x421d,0x421d,0x421d,0x421f,0x421f,0x421f,0x421f,0x421f,0x421d,0x421d,
	0x421d,0x421d,0x421c,0x421e,0x421f,0x421f,0x421f,0x421f,0x421e,0x421d,0x421d,0x421d,0x421d,0x421d,0x421f,0x421f,
	0x421f,0x421f,0x421f,0x421d,0x421d,0x421d,0x421d,0x421d,0x421e,0x421f,0x421f,0x421f,0x421f,0x421e,0x421d,0x421d,
	0x421f,0x421f,0x421d,0x421c,0x421c,0x421c,0x421c,0x421e,0x421f,0x421f,0x421f,0x421f,0x421f,0x421c,0x421c,0x421c,
	0x421c,0x421d,0x421f,0x421f,0x421f,0x421f,0x421f,0x421d,0x421c,0x421c,0x421c,0x421c,0x421e,0x421f,0x421f,0x421f,
	0x421f,0x421f,0x421c,0x421c,0x421c,0x421c,0x421d,0x421f,0x421f,0x421f,0x421f,0x421f,0x421d,0x421c,0x421d,0x421d,
	0x421c,0x421e,0x421f,0x421f,0x421f,0x421f,0x421e,0x421c,0x421c,0x421c,0x421c,0x421d,0x421f,0x421f,0x41ff,0x41ff,
	0x421f,0x3e1d,0x3e1d,0x3e1d,0x3e1d,0x3e1d,0x3e1f,0x3e1f,0x3e1f,0x3e1f,0x3e1f,0x3e1e,0x41fc,0x3e1c,0x3e1c,0x3e1c,
	0x3e1d,0x3e1f,0x3e1f,0x3e1f,0x3e1f,0x3e1f,0x421d,0x421c,0x421c,0x421c,0x421c,0x421f,0x421f,0x421f,0x421f,0x421f,
	0x421e,0x4219,0x3e12,0x3e0e,0x3e0b,0x3e2a,0x3e29,0x3e28,0x3e07,0x3e06,0x3e06,0x3e05,0x3e04,0x3e04,0x3e03,0x3e03,
	0x3e03,0x3e03,0x3e03,0x3e03,0x3e03,0x3e03,0x3e04,0x3e04,0x3e04,0x3e04,0x3e04,0x3e04,0x3e04,0x3e05,0x3e05,0x3e05,
	0x3e05,0x3e06,0x3e06,0x3e06,0x3e07,0x4207,0x4208,0x4206,0x4212,0x421f,0x421d,0x421c,0x421c,0x421c,0x421c,0x421e,
	0x421f,0x421f,0x421f,0x421f,0x421e,0x421c,0x421c,0x421c,0x421c,0x421d,0x421f,0x421f,0x421f,0x421f,0x421f,0x421d,
	0x421c,0x421c,0x421c,0x421c,0x421e,0x421f,0x421f,0x421f,0x421f,0x421e,0x421c,0x421c,0x421c,0x421c,0x421d,0x421f,
	0x421f,0x421f,0x421f,0x421f,0x421d,0x421c,0x421d,0x421d,0x421c,0x421e,0x421f,0x421f,0x421f,0x421f,0x421e,0x421c,
	0x421c,0x421d,0x421c,0x421d,0x421f,0x421f,0x421f,0x421f,0x421f,0x421d,0x421d,0x421d,0x421d,0x421c,0x421f,0x421f,
	0x421f,0x421f,0x421f,0x421e,0x421c,0x421c,0x421d,0x421c,0x421e,0x421f,0x421f,0x421f,0x421f,0x421f,0x421c,0x421c,
	0x421c,0x421c,0x421d,0x421f,0x421f,0x421f,0x421f,0x421f,0x421d,0x421c,0x421d,0x421d,0x421c,0x421e,0x421f,0x421f,
	0x421f,0x421f,0x421d,0x421c,0x421d,0x421d,0x421c,0x421e,0x421f,0x421f,0x421f,0x421f,0x421f,0x421c,0x421c,0x421c,
	0x421c,0x421d,0x421f,0x421f,0x421f,0x421f,0x421f,0x421d,0x421c,0x421c,0x421c,0x421c,0x421e,0x421f,0x421f,0x421f,
	0x421f,0x421f,0x421c,0x421c,0x421c,0x421c,0x421d,0x421f,0x421f,0x421f,0x421f,0x421f,0x421d,0x421c,0x421c,0x421c,
	0x421c,0x421e,0x421f,0x421f,0x421f,0x421f,0x421e,0x421c,0x421c,0x421c,0x421c,0x421d,0x421f,0x421f,0x421f,0x421f,
	0x421f,0x421d,0x421c,0x421c,0x421c,0x41fc,0x41ff,0x41ff,0x41ff,0x41ff,0x41ff,0x41fe,0x41fc,0x421c,0x421c,0x421c,
	0x421d,0x421f,0x421f,0x421f,0x421f,0x421f,0x421d,0x421c,0x421c,0x421c,0x421c,0x421f,0x421f,0x421f,0x421f,0x421f,
	0x421c,0x3e13,0x3e0f,0x3e0c,0x3e2a,0x3e29,0x3e28,0x3e27,0x3e07,0x3e07,0x3e06,0x3e06,0x3e05,0x3e05,0x3e04,0x3e03,
	0x3e03,0x3e02,0x3e03,0x3e03,0x3e03,0x3e03,0x3e03,0x3e03,0x3e03,0x3e03,0x3e04,0x3e04,0x3e04,0x3e04,0x3e05,0x3e05,
	0x3e05,0x3e05,0x3e06,0x3e06,0x3e07,0x4207,0x4207,0x420a,0x421e,0x421f,0x421d,0x421c,0x421c,0x421c,0x421c,0x421e,
	0x421f,0x421f,0x421f,0x421f,0x421e,0x421c,0x421c,0x421c,0x421c,0x421d,0x421f,0x421f,0x421f,0x421f,0x421f,0x421d,
	0x421c,0x421c,0x421c,0x421c,0x421e,0x421f,0x421f,0x421f,0x421f,0x421e,0x421c,0x421c,0x421c,0x421c,0x421d,0x421f,
	0x421f,0x421f,0x421f,0x421f,0x421d,0x421c,0x421c,0x421c,0x421c,0x421f,0x421f,0x421f,0x421f,0x421f,0x421e,0x421c,
	0x421c,0x421d,0x421c,0x421e,0x421f,0x421f,0x421f,0x421f,0x3e1f,0x3e1d,0x421c,0x421c,0x421c,0x421c,0x421f,0x421f,
	0x421f,0x421f,0x421f,0x421e,0x421c,0x421c,0x421c,0x421c,0x421e,0x421f,0x421f,0x421f,0x421f,0x421f,0x421c,0x421c,
	0x421c,0x421c,0x421d,0x421f,0x421f,0x421f,0x421f,0x421f,0x421d,0x421c,0x421c,0x421c,0x421c,0x421e,0x421f,0x421f,
	0x421f,0x421f,0x421d,0x421c,0x421c,0x421c,0x421c,0x421e,0x421f,0x421f,0x421f,0x421f,0x421f,0x421c,0x421c,0x421c,
	0x421c,0x421c,0x421f,0x421f,0x421f,0x421f,0x421f,0x421d,0x421c,0x421c,0x421c,0x421c,0x421e,0x421f,0x421f,0x421f,
	0x421f,0x421f,0x421c,0x421c,0x421c,0x421c,0x421d,0x421f,0x421f,0x421f,0x421f,0x421f,0x421d,0x421c,0x421c,0x421c,
	0x421c,0x421e,0x421f,0x421f,0x421f,0x421f,0x421e,0x421c,0x421c,0x421c,0x421c,0x421d,0x421f,0x421f,0x421f,0x421f,
	0x421f,0x421d,0x421c,0x421c,0x421c,0x421c,0x41ff,0x41ff,0x421f,0x421f,0x421f,0x421e,0x41fc,0x421c,0x421c,0x421c,
	0x421d,0x421f,0x421f,0x421f,0x421f,0x421f,0x421c,0x421c,0x421c,0x421c,0x421c,0x421f,0x421f,0x421f,0x421f,0x421f,
	0x4216,0x4210,0x3e2d,0x3e2b,0x3e29,0x3e28,0x3e27,0x3e27,0x3e07,0x3e07,0x3e07,0x3e07,0x3e06,0x3e06,0x3e06,0x3e05,
	0x3e04,0x3e04,0x3e03,0x3e02,0x3e02,0x3e02,0x3e02,0x3e02,0x3e02,0x3e03,0x3e03,0x3e03,0x3e03,0x3e04,0x3e04,0x3e04,
	0x3e04,0x3e05,0x3e06,0x3e06,0x3e07,0x4208,0x4206,0x4219,0x421f,0x421f,0x421d,0x421c,0x421c,0x421c,0x421c,0x421e,
	0x421f,0x421f,0x421f,0x421f,0x421f,0x421c,0x421c,0x421c,0x421c,0x421d,0x421f,0x421f,0x421f,0x421f,0x421f,0x421d,
	0x421c,0x421c,0x421c,0x421c,0x421e,0x421f,0x421f,0x421f,0x421f,0x421e,0x421c,0x421c,0x421c,0x421c,0x421d,0x421f,
	0x421f,0x421f,0x421f,0x421f,0x421c,0x421c,0x421c,0x421c,0x421c,0x421f,0x421f,0x421f,0x421f,0x421f,0x421e,0x421c,
	0x421c,0x421c,0x421c,0x421d,0x421f,0x421f,0x421f,0x3e1f,0x3e1f,0x3e1c,0x421c,0x421c,0x421c,0x421c,0x421f,0x421f,
	0x421f,0x421f,0x421f,0x421e,0x421c,0x421c,0x421c,0x421c,0x421e,0x421f,0x421f,0x421f,0x421f,0x421f,0x421c,0x421c,
	0x421c,0x421c,0x421c,0x421f,0x421f,0x421f,0x421f,0x421f,0x421d,0x421c,0x421c,0x421c,0x421c,0x421e,0x421f,0x421f,
	0x421e,0x421e,0x421e,0x421e,0x421e,0x421e,0x421e,0x421e,0x421e,0x421e,0x421e,0x421e,0x421e,0x421e,0x421e,0x421e,
	0x421e,0x421e,0x421e,0x421e,0x421e,0x421e,0x421e,0x421e,0x421e,0x421e,0x421e,0x421e,0x421e,0x421e,0x421e,0x421e,
	0x421e,0x421e,0x421e,0x421e,0x421e,0x421e,0x421e,0x421e,0x421e,0x421e,0x421e,0x421e,0x421e,0x421e,0x421e,0x421e,
	0x421e,0x421e,0x421d,0x421e,0x421e,0x421e,0x421e,0x421e,0x421e,0x421e,0x421e,0x421e,0x421e,0x421e,0x421e,0x421e,
	0x421e,0x421e,0x421e,0x421e,0x421e,0x421e,0x421e,0x421e,0x421e,0x421e,0x421e,0x421e,0x41fe,0x421e,0x421e,0x421e,
	0x421e,0x421d,0x421e,0x421e,0x421e,0x421e,0x421e,0x421e,0x421e,0x421e,0x421e,0x421e,0x421e,0x421e,0x421e,0x421a,
	0x4211,0x3e0e,0x3e2b,0x3e29,0x3e28,0x3e27,0x3e27,0x3e27,0x3e07,0x3e07,0x3e07,0x3e07,0x3e07,0x3e07,0x3e07,0x3e07,
	0x3e07,0x3e07,0x3e06,0x3e05,0x3e04,0x3e03,0x3e03,0x3e02,0x3e02,0x3e02,0x3e02,0x3e02,0x3e02,0x3e02,0x3e03,0x3e04,
	0x3e04,0x3e05,0x3e05,0x3e06,0x3e08,0x4206,0x4212,0x421f,0x421d,0x421d,0x421e,0x421e,0x421e,0x421e,0x421e,0x421e,
	0x421e,0x421e,0x421e,0x421e,0x421e,0x421e,0x421e,0x421e,0x421e,0x421e,0x421e,0x421e,0x421e,0x421e,0x421e,0x421e,
	0x421e,0x421e,0x421e,0x421e,0x421e,0x421e,0x421e,0x421e,0x421e,0x421e,0x421e,0x421e,0x421e,0x421e,0x421e,0x421e,
	0x421e,0x421e,0x421e,0x421e,0x421e,0x421e,0x421e,0x421e,0x421e,0x421e,0x421e,0x421e,0x421e,0x421e,0x421e,0x421e,
	0x421e,0x421e,0x421e,0x421e,0x421e,0x421e,0x421e,0x421e,0x421e,0x421e,0x421e,0x421e,0x421e,0x421e,0x421e,0x421d,
	0x421e,0x421e,0x421d,0x421e,0x421e,0x421e,0x421e,0x421e,0x421e,0x421e,0x421e,0x421e,0x421e,0x421e,0x421e,0x421e,
	0x421e,0x421e,0x421e,0x421e,0x421e,0x421e,0x421e,0x421e,0x421e,0x421e,0x421e,0x421e,0x421e,0x421e,0x421e,0x421e,
	0x421c,0x421c,0x421e,0x421f,0x421f,0x421f,0x421f,0x421e,0x421c,0x421c,0x421c,0x421c,0x421d,0x421f,0x421f,0x421f,
	0x421f,0x421f,0x421d,0x421c,0x421c,0x421c,0x421c,0x421f,0x421f,0x421f,0x421f,0x421f,0x421e,0x421c,0x421c,0x421c,
	0x421c,0x421d,0x421f,0x421f,0x421f,0x421f,0x421f,0x421c,0x421c,0x421c,0x421c,0x421c,0x421f,0x421f,0x421f,0x421f,
	0x421f,0x421e,0x421c,0x421c,0x421c,0x421c,0x421d,0x421f,0x421f,0x421f,0x421f,0x421f,0x421c,0x421c,0x421c,0x421c,
	0x421c,0x421f,0x421f,0x421f,0x421f,0x421f,0x421d,0x421c,0x421c,0x421c,0x421c,0x421e,0x41ff,0x421f,0x421f,0x421f,
	0x421f,0x421c,0x421c,0x421c,0x421c,0x421c,0x421f,0x421f,0x421f,0x421f,0x421f,0x421d,0x421c,0x421c,0x421c,0x4214,
	0x420f,0x3e0c,0x3e2a,0x3e28,0x3e27,0x3e27,0x3e26,0x3e06,0x3e06,0x3e07,0x3e07,0x3e07,0x3e07,0x3e07,0x3e08,0x3e08,
	0x3e08,0x3e08,0x3e08,0x3e08,0x3e08,0x3e07,0x3e07,0x3e06,0x3e05,0x3e04,0x4203,0x3e03,0x3e02,0x3e02,0x3e02,0x3e02,
	0x3e02,0x3e04,0x3e05,0x3e06,0x4205,0x420d,0x421d,0x421c,0x421c,0x421c,0x421f,0x421f,0x421f,0x421f,0x421f,0x421e,
	0x421c,0x421c,0x421c,0x421c,0x421d,0x421f,0x421f,0x421f,0x421f,0x421f,0x421c,0x421c,0x421c,0x421c,0x421c,0x421f,
	0x421f,0x421f,0x421f,0x421f,0x421e,0x421c,0x421c,0x421c,0x421c,0x421d,0x421f,0x421f,0x421f,0x421f,0x421f,0x421c,
	0x421c,0x421c,0x421c,0x421c,0x421f,0x421f,0x421f,0x421f,0x421f,0x421d,0x421c,0x421c,0x421c,0x421c,0x421e,0x421f,
	0x421f,0x421f,0x421f,0x421e,0x421c,0x421c,0x421c,0x421c,0x421d,0x421f,0x421f,0x421f,0x421f,0x421f,0x421d,0x421c,
	0x421c,0x421c,0x421c,0x421e,0x421f,0x421f,0x421f,0x421f,0x421e,0x421c,0x421c,0x421c,0x421c,0x421d,0x421f,0x421f,
	0x421f,0x421f,0x421f,0x421d,0x421c,0x421c,0x421c,0x421c,0x421f,0x421f,0x421f,0x421f,0x421f,0x421e,0x421c,0x421c,
	0x421c,0x421c,0x421e,0x421f,0x421f,0x421f,0x421f,0x421e,0x421c,0x421c,0x421c,0x421c,0x421d,0x421f,0x421f,0x421f,
	0x421f,0x421f,0x421d,0x421c,0x421c,0x421c,0x421c,0x421f,0x421f,0x421f,0x421f,0x421f,0x421e,0x421c,0x421c,0x421c,
	0x421c,0x421d,0x421f,0x421f,0x421f,0x421f,0x421f,0x421c,0x421c,0x421c,0x421c,0x421c,0x421f,0x421f,0x421f,0x421f,
	0x421f,0x421e,0x421c,0x421c,0x421c,0x421c,0x421d,0x421f,0x421f,0x421f,0x421f,0x421f,0x421c,0x421c,0x421c,0x421c,
	0x421c,0x421f,0x421f,0x421f,0x421f,0x421f,0x421d,0x421c,0x421c,0x421c,0x421c,0x421e,0x41ff,0x421f,0x421f,0x421f,
	0x421f,0x421c,0x421c,0x421c,0x421c,0x421d,0x421f,0x421f,0x421f,0x421f,0x421f,0x421d,0x421c,0x421d,0x421a,0x4210,
	0x420d,0x3e0a,0x3e29,0x3e27,0x3e27,0x3e26,0x3e06,0x3e06,0x3e06,0x3e06,0x3e06,0x3e06,0x3e07,0x3e07,0x3e07,0x3e08,
	0x3e08,0x3e09,0x3e09,0x3e09,0x3e09,0x3e09,0x3e09,0x4209,0x4208,0x4208,0x4208,0x3e07,0x3e06,0x3e06,0x3e05,0x3e05,
	0x3e04,0x3e04,0x3e05,0x3e05,0x420b,0x421e,0x421e,0x421d,0x421c,0x421c,0x421f,0x421f,0x421f,0x421f,0x421f,0x421e,
	0x421c,0x421c,0x421c,0x421c,0x421d,0x421f,0x421f,0x421f,0x421f,0x421f,0x421c,0x421c,0x421c,0x421c,0x421c,0x421f,
	0x421f,0x421f,0x421f,0x421f,0x421e,0x421c,0x421c,0x421c,0x421c,0x421e,0x421f,0x421f,0x421f,0x421f,0x421f,0x421c,
	0x421c,0x421c,0x421c,0x421c,0x421f,0x421f,0x421f,0x421f,0x421f,0x421d,0x421c,0x421c,0x421c,0x421c,0x421e,0x421f,
	0x421f,0x421f,0x421f,0x421e,0x421c,0x421d,0x421d,0x421c,0x421d,0x421f,0x421f,0x421f,0x421f,0x421f,0x421d,0x421c,
	0x421d,0x421d,0x421c,0x421e,0x421f,0x421f,0x421f,0x421f,0x421e,0x421c,0x421c,0x421c,0x421c,0x421d,0x421f,0x421f,
	0x421f,0x421f,0x421f,0x421d,0x421c,0x421c,0x421c,0x421c,0x421e,0x421f,0x421f,0x421f,0x421f,0x421e,0x421c,0x421c,
	0x421d,0x421d,0x421e,0x421f,0x421f,0x421f,0x421f,0x421e,0x421d,0x421d,0x421d,0x421d,0x421d,0x421f,0x421f,0x421f,
	0x421f,0x421f,0x421d,0x421d,0x421d,0x421d,0x421d,0x421e,0x421f,0x421f,0x421f,0x421f,0x421e,0x421d,0x421d,0x421d,
	0x421d,0x421d,0x421f,0x421f,0x421f,0x421f,0x421f,0x421d,0x421d,0x421d,0x421d,0x421d,0x421e,0x421f,0x421f,0x421f,
	0x421f,0x421e,0x421c,0x421d,0x421d,0x421d,0x421e,0x421f,0x421f,0x421f,0x421f,0x421f,0x421d,0x421d,0x421d,0x421d,
	0x421d,0x421f,0x421f,0x421f,0x421f,0x421f,0x421e,0x421d,0x421d,0x421d,0x421d,0x421e,0x41ff,0x421f,0x421f,0x421f,
	0x421f,0x421d,0x421d,0x421d,0x421d,0x421d,0x421f,0x421f,0x421f,0x421f,0x421f,0x421d,0x421d,0x421d,0x4219,0x420e,
	0x420c,0x3e09,0x3e28,0x3e27,0x3e26,0x3e06,0x3e05,0x3e05,0x3e05,0x3e05,0x3e05,0x3e05,0x3e06,0x3e06,0x3e06,0x3e07,
	0x3e07,0x3e08,0x3e08,0x3e09,0x3e09,0x3e0a,0x3e0a,0x3e0a,0x3e0a,0x420a,0x3e0a,0x3e0a,0x3e09,0x3e09,0x3e09,0x3e08,
	0x3e07,0x3e07,0x3e06,0x3e05,0x420a,0x4211,0x4216,0x421c,0x421e,0x421e,0x421f,0x421f,0x421f,0x421f,0x421f,0x421e,
	0x421d,0x421d,0x421d,0x421d,0x421d,0x421f,0x421f,0x421f,0x421f,0x421f,0x421d,0x421d,0x421d,0x421d,0x421d,0x421f,
	0x421f,0x421f,0x421f,0x421f,0x421e,0x421d,0x421d,0x421d,0x421d,0x421e,0x421f,0x421f,0x421f,0x421f,0x421f,0x421d,
	0x421d,0x421d,0x421d,0x421d,0x421f,0x421f,0x421f,0x421f,0x421f,0x421d,0x421d,0x421d,0x421d,0x421d,0x421e,0x421f,
	0x421f,0x421f,0x421f,0x421e,0x421d,0x421d,0x421d,0x421d,0x421d,0x421f,0x421f,0x421f,0x421f,0x421f,0x421d,0x421d,
	0x421d,0x421d,0x421d,0x421e,0x421f,0x421f,0x421f,0x421f,0x421e,0x421d,0x421d,0x421d,0x421d,0x421d,0x421f,0x421f,
	0x421f,0x421f,0x421f,0x421d,0x421d,0x421d,0x421d,0x421d,0x421e,0x421f,0x421f,0x421f,0x421f,0x421e,0x421d,0x421d,
	0x421f,0x421f,0x421d,0x421c,0x421c,0x421c,0x421c,0x421e,0x421f,0x421f,0x421f,0x421f,0x421f,0x421c,0x421c,0x421c,
	0x421c,0x421d,0x421f,0x421f,0x421f,0x421f,0x421f,0x421d,0x421c,0x421d,0x421d,0x421c,0x421e,0x421f,0x421f,0x421f,
	0x421f,0x421f,0x421c,0x421c,0x421c,0x421c,0x421d,0x421f,0x421f,0x421f,0x421f,0x421f,0x421d,0x421c,0x421c,0x421c,
	0x421c,0x421e,0x421f,0x421f,0x421f,0x421f,0x421e,0x421c,0x421c,0x421c,0x421c,0x421d,0x421f,0x421f,0x421f,0x421f,
	0x421f,0x421d,0x421c,0x421c,0x421c,0x421c,0x421e,0x421f,0x421f,0x421f,0x421f,0x421e,0x421c,0x421c,0x421c,0x421c,
	0x421d,0x421f,0x421f,0x421f,0x421f,0x421f,0x421d,0x421c,0x421c,0x421c,0x421c,0x421f,0x421f,0x421f,0x421a,0x420c,
	0x420b,0x3e09,0x3e07,0x3e06,0x3e06,0x3e05,0x3e05,0x3e05,0x3e05,0x3e05,0x3e05,0x3e05,0x3e05,0x3e05,0x3e05,0x3e06,
	0x3e06,0x3e07,0x3e07,0x3e07,0x3e08,0x3e09,0x3e09,0x3e09,0x3e0a,0x3e0a,0x3e0b,0x3e0b,0x420b,0x420b,0x420b,0x420a,
	0x420a,0x420a,0x4209,0x4209,0x3e07,0x3e06,0x3e06,0x4209,0x420f,0x4217,0x421c,0x421e,0x421e,0x421d,0x421c,0x421e,
	0x421f,0x421f,0x421f,0x421f,0x421e,0x421c,0x421c,0x421c,0x421c,0x421d,0x421f,0x421f,0x421f,0x421f,0x421f,0x421d,
	0x421c,0x421c,0x421c,0x421c,0x421e,0x421f,0x421f,0x421f,0x421f,0x421e,0x421c,0x421d,0x421c,0x421c,0x421d,0x421f,
	0x421f,0x421f,0x421f,0x421f,0x421d,0x421c,0x421c,0x421c,0x421c,0x421f,0x421f,0x421f,0x421f,0x421f,0x421e,0x421c,
	0x421c,0x421c,0x421c,0x421d,0x421f,0x421f,0x421f,0x421f,0x421f,0x421d,0x421d,0x421d,0x421c,0x421d,0x421f,0x421f,
	0x421f,0x421f,0x421f,0x421e,0x421c,0x421c,0x421c,0x421c,0x421e,0x421f,0x421f,0x421f,0x421f,0x421f,0x421c,0x421c,
	0x421c,0x421c,0x421d,0x421f,0x421f,0x421f,0x421f,0x421f,0x421d,0x421c,0x421c,0x421c,0x421c,0x421e,0x421f,0x421f,
	0x421f,0x421f,0x421d,0x421c,0x421c,0x421c,0x421c,0x421e,0x421f,0x421f,0x421f,0x421f,0x421f,0x421c,0x421d,0x421c,
	0x421c,0x421d,0x421f,0x421f,0x421f,0x421f,0x421f,0x421d,0x421c,0x421c,0x421c,0x421c,0x421e,0x421f,0x421f,0x421f,
	0x421f,0x421f,0x421c,0x421c,0x421c,0x421c,0x421d,0x421f,0x421f,0x421f,0x421f,0x421f,0x421d,0x421c,0x421c,0x421c,
	0x421c,0x421e,0x421f,0x421f,0x421f,0x421f,0x421e,0x421c,0x421c,0x421c,0x421c,0x421d,0x421f,0x421f,0x421f,0x421f,
	0x421f,0x421d,0x421c,0x421c,0x421c,0x421c,0x421f,0x421f,0x421f,0x421f,0x421f,0x421e,0x421c,0x421c,0x421c,0x421c,
	0x421d,0x421f,0x421f,0x421f,0x421f,0x421f,0x421d,0x421c,0x421c,0x421c,0x421c,0x421f,0x421f,0x421f,0x421e,0x420c,
	0x420a,0x3e08,0x3e07,0x3e06,0x3e05,0x3e05,0x3e05,0x3e04,0x3e04,0x3e04,0x3e04,0x3e04,0x3e04,0x3e04,0x3e04,0x3e05,
	0x3e05,0x3e05,0x3e06,0x3e06,0x3e07,0x3e07,0x3e08,0x3e08,0x3e09,0x3e09,0x3e09,0x3e0a,0x3e0a,0x3e0b,0x420b,0x420b,
	0x420b,0x420b,0x420b,0x420b,0x420b,0x420b,0x420a,0x3e09,0x3e07,0x3e07,0x420a,0x420f,0x4217,0x421c,0x421e,0x421f,
	0x421f,0x421f,0x421f,0x421f,0x421e,0x421c,0x421c,0x421c,0x421c,0x421d,0x421f,0x421f,0x421f,0x421f,0x421f,0x421d,
	0x421c,0x421c,0x421c,0x421c,0x421e,0x421f,0x421f,0x421f,0x421f,0x421e,0x421c,0x421c,0x421c,0x421c,0x421d,0x421f,
	0x421f,0x421f,0x421f,0x421f,0x421d,0x421c,0x421c,0x421c,0x421c,0x421f,0x421f,0x421f,0x421f,0x421f,0x421e,0x421c,
	0x421c,0x421c,0x421c,0x421d,0x421f,0x421f,0x421f,0x421f,0x421f,0x421d,0x421c,0x421c,0x421c,0x421c,0x421f,0x421f,
	0x421f,0x421f,0x421f,0x421e,0x421c,0x421c,0x421c,0x421c,0x421e,0x421f,0x421f,0x421f,0x421f,0x421f,0x421c,0x421c,
	0x421c,0x421c,0x421d,0x421f,0x421f,0x421f,0x421f,0x421f,0x421d,0x421c,0x421c,0x421c,0x421c,0x421e,0x421f,0x421f,
	0x421f,0x421f,0x421d,0x421c,0x421c,0x421c,0x421c,0x421e,0x421f,0x421f,0x421f,0x421f,0x421f,0x421c,0x421c,0x421c,
	0x421c,0x421c,0x421f,0x421f,0x421f,0x421f,0x421f,0x421d,0x421c,0x421c,0x421c,0x421c,0x421e,0x421f,0x421f,0x421f,
	0x421f,0x421f,0x421c,0x421c,0x421c,0x421c,0x421d,0x421f,0x421f,0x421f,0x421f,0x421f,0x421d,0x421c,0x421c,0x421c,
	0x421c,0x421e,0x421f,0x421f,0x421f,0x421f,0x421e,0x421c,0x421c,0x421c,0x421c,0x421d,0x421f,0x421f,0x421f,0x421f,
	0x421f,0x41fd,0x421c,0x421c,0x421c,0x41fc,0x41ff,0x421f,0x421f,0x421f,0x421f,0x421e,0x421c,0x421c,0x421c,0x421c,
	0x421d,0x421f,0x421f,0x421f,0x421f,0x421f,0x421c,0x421c,0x421c,0x421c,0x421c,0x421f,0x421f,0x421f,0x421f,0x4214,
	0x4208,0x3e08,0x3e07,0x3e06,0x3e05,0x3e05,0x3e04,0x3e04,0x3e04,0x3e04,0x3e04,0x3e04,0x3e04,0x3e04,0x3e04,0x3e04,
	0x3e04,0x3e04,0x3e05,0x3e05,0x3e05,0x3e06,0x3e06,0x3e07,0x3e07,0x3e08,0x3e08,0x3e08,0x3e09,0x3e09,0x3e0a,0x420a,
	0x420b,0x420b,0x420c,0x420c,0x420c,0x420c,0x420c,0x420c,0x420b,0x420b,0x420a,0x4208,0x4208,0x420b,0x4212,0x421b,
	0x421f,0x421f,0x421f,0x421f,0x421f,0x421c,0x421c,0x421c,0x421c,0x421d,0x421f,0x421f,0x421f,0x421f,0x421f,0x421d,
	0x421c,0x421c,0x421c,0x421c,0x421e,0x421f,0x421f,0x421f,0x421f,0x421e,0x421c,0x421c,0x421c,0x421c,0x421d,0x421f,
	0x421f,0x421f,0x421f,0x421f,0x421c,0x421c,0x421c,0x421c,0x421c,0x421f,0x421f,0x421f,0x421f,0x421f,0x421e,0x421c,
	0x421c,0x421c,0x421c,0x421d,0x421f,0x421f,0x421f,0x421f,0x421f,0x421c,0x421c,0x421c,0x421c,0x421c,0x421f,0x421f,
	0x421f,0x421f,0x421f,0x421e,0x421c,0x421c,0x421c,0x421c,0x421e,0x421f,0x421f,0x421f,0x421f,0x421f,0x421c,0x421c,
	0x421c,0x421c,0x421c,0x421f,0x421f,0x421f,0x421f,0x421f,0x421d,0x421c,0x421c,0x421c,0x421c,0x421e,0x421f,0x421f,
	0x421e,0x421d,0x421e,0x421e,0x421e,0x421e,0x421e,0x421e,0x421d,0x421e,0x421e,0x421e,0x421e,0x421e,0x421e,0x421e,
	0x421e,0x421e,0x421e,0x421d,0x421e,0x421e,0x421d,0x421e,0x421e,0x421e,0x421e,0x421e,0x421e,0x421e,0x421e,0x421e,
	0x421d,0x421e,0x421e,0x421e,0x421e,0x421e,0x421e,0x421e,0x421e,0x421e,0x421e,0x421e,0x421e,0x421e,0x421e,0x421e,
	0x421e,0x421e,0x421d,0x421e,0x421e,0x421e,0x421e,0x421e,0x421e,0x421e,0x421e,0x421e,0x421e,0x421d,0x41fe,0x41fd,
	0x421e,0x3e1e,0x3e1e,0x3e1e,0x3e1f,0x3e1f,0x3e1e,0x421d,0x41fd,0x421d,0x421d,0x421e,0x421e,0x421e,0x421e,0x421e,
	0x421e,0x421e,0x421e,0x421e,0x421e,0x421e,0x421e,0x421e,0x421e,0x421e,0x421e,0x421e,0x421d,0x421d,0x421e,0x4217,
	0x420a,0x3e07,0x3e07,0x3e06,0x3e05,0x3e05,0x3e04,0x3e04,0x3e04,0x3e04,0x3e04,0x3e04,0x3e04,0x3e04,0x3e04,0x3e04,
	0x3e04,0x3e04,0x3e04,0x3e04,0x3e04,0x3e04,0x3e05,0x3e05,0x3e06,0x3e06,0x3e06,0x3e07,0x3e07,0x3e08,0x3e08,0x3e09,
	0x3e09,0x3e0a,0x3e0a,0x420b,0x420b,0x420c,0x420c,0x420c,0x420c,0x420c,0x420c,0x420c,0x420c,0x420a,0x4209,0x420a,
	0x4210,0x4219,0x421e,0x421e,0x421e,0x421e,0x421e,0x421e,0x421e,0x421e,0x421d,0x421e,0x421e,0x421e,0x421e,0x421e,
	0x421e,0x421e,0x421e,0x421e,0x421e,0x421d,0x421e,0x421e,0x421e,0x421e,0x421e,0x421e,0x421e,0x421e,0x421e,0x421e,
	0x421e,0x421e,0x421e,0x421e,0x421e,0x421e,0x421e,0x421e,0x421e,0x421e,0x421d,0x421e,0x421e,0x421e,0x421e,0x421e,
	0x421e,0x421e,0x421e,0x421e,0x421d,0x421e,0x421e,0x421d,0x421e,0x421e,0x421e,0x421e,0x421e,0x421e,0x421e,0x421e,
	0x421d,0x421e,0x421d,0x421e,0x421e,0x421e,0x421e,0x421e,0x421e,0x421e,0x421e,0x421e,0x421d,0x421e,0x421e,0x421e,
	0x421e,0x421e,0x421e,0x421e,0x421d,0x421e,0x421e,0x421d,0x421e,0x421e,0x421e,0x421e,0x421e,0x421e,0x421d,0x421e,
	0x421c,0x421c,0x421e,0x421f,0x421f,0x421f,0x421f,0x421e,0x421c,0x421c,0x421c,0x421c,0x421d,0x421f,0x421f,0x421f,
	0x421f,0x421f,0x421d,0x421c,0x421c,0x421c,0x421c,0x421f,0x421f,0x421f,0x421f,0x421f,0x421e,0x421c,0x421c,0x421c,
	0x421c,0x421d,0x421f,0x421f,0x421f,0x421f,0x421f,0x421c,0x421c,0x421c,0x421c,0x421c,0x421f,0x421f,0x421f,0x421f,
	0x421f,0x421e,0x421c,0x421c,0x421c,0x421c,0x421d,0x421f,0x421f,0x421f,0x421f,0x421f,0x421c,0x421c,0x421c,0x3e1c,
	0x41fc,0x45dd,0x459d,0x457d,0x457c,0x459d,0x41dc,0x3e1c,0x3e1c,0x421c,0x421c,0x421e,0x421f,0x421f,0x421f,0x421f,
	0x421f,0x421c,0x421c,0x421c,0x421c,0x421c,0x421f,0x421f,0x421f,0x421f,0x421f,0x421d,0x421c,0x421d,0x3e17,0x3e11,
	0x3e0c,0x3e07,0x3e07,0x3e06,0x3e05,0x3e05,0x3e04,0x3e04,0x3e04,0x3e04,0x3e04,0x3e04,0x3e04,0x3e04,0x3e04,0x3e04,
	0x3e04,0x3e04,0x3e04,0x3e04,0x3e04,0x3e04,0x3e04,0x3e04,0x3e04,0x3e05,0x3e05,0x3e05,0x3e06,0x3e06,0x3e07,0x3e07,
	0x3e08,0x3e08,0x3e09,0x3e09,0x3e0a,0x3e0a,0x3e0b,0x420b,0x420c,0x420c,0x420c,0x420c,0x420c,0x420c,0x420c,0x420b,
	0x420a,0x4209,0x420f,0x4217,0x421e,0x421f,0x421f,0x421f,0x421f,0x421f,0x421c,0x421c,0x421c,0x421c,0x421c,0x421f,
	0x421f,0x421f,0x421f,0x421f,0x421d,0x421c,0x421c,0x421c,0x421c,0x421d,0x421f,0x421f,0x421f,0x421f,0x421f,0x421c,
	0x421c,0x421c,0x421c,0x421c,0x421f,0x421f,0x421f,0x421f,0x421f,0x421d,0x421c,0x421c,0x421c,0x421c,0x421e,0x421f,
	0x421f,0x421f,0x421f,0x421f,0x421c,0x421c,0x421c,0x421c,0x421d,0x421f,0x421f,0x421f,0x421f,0x421f,0x421d,0x421c,
	0x421c,0x421c,0x421c,0x421e,0x421f,0x421f,0x421f,0x421f,0x421e,0x421c,0x421c,0x421c,0x421c,0x421d,0x421f,0x421f,
	0x421f,0x421f,0x421f,0x421d,0x421c,0x421c,0x421c,0x421c,0x421f,0x421f,0x421f,0x421f,0x421f,0x421e,0x421c,0x421c,
	0x421c,0x421c,0x421e,0x421f,0x421f,0x421f,0x421f,0x421e,0x421c,0x421c,0x421c,0x421c,0x421d,0x421f,0x421f,0x421f,
	0x421f,0x421f,0x421d,0x421c,0x421c,0x421c,0x421c,0x421f,0x421f,0x421f,0x421f,0x421f,0x421e,0x421c,0x421c,0x421c,
	0x421c,0x421d,0x421f,0x421f,0x421f,0x421f,0x421f,0x421c,0x421c,0x421c,0x421c,0x421c,0x421f,0x421f,0x421f,0x421f,
	0x421f,0x421e,0x421c,0x421c,0x421c,0x421c,0x421d,0x421f,0x421f,0x421f,0x421f,0x421f,0x421c,0x3e1c,0x41fc,0x45dc,
	0x497b,0x4d3a,0x4d3a,0x4d3a,0x4d3a,0x4d19,0x4d1a,0x4d5b,0x45dd,0x3e1d,0x41fc,0x421e,0x421f,0x421f,0x421f,0x421f,
	0x421f,0x421c,0x421c,0x421c,0x421c,0x421d,0x421f,0x421f,0x421f,0x421f,0x421f,0x421d,0x421d,0x4217,0x3e11,0x3e0e,
	0x3e0a,0x3e08,0x3e06,0x3e06,0x3e06,0x3e06,0x3e05,0x3e05,0x3e04,0x3e04,0x3e04,0x3e04,0x3e04,0x3e04,0x3e04,0x3e03,
	0x3e03,0x3e03,0x3e03,0x3e03,0x3e03,0x3e03,0x3e04,0x3e04,0x3e04,0x3e04,0x3e04,0x3e04,0x3e05,0x3e05,0x3e05,0x3e06,
	0x3e06,0x3e07,0x3e07,0x3e08,0x3e08,0x3e09,0x3e09,0x3e0a,0x3e0a,0x420b,0x420b,0x420c,0x420c,0x420c,0x420c,0x420c,
	0x420c,0x420c,0x420a,0x420a,0x4210,0x421a,0x421f,0x421f,0x421f,0x421f,0x421c,0x421c,0x421c,0x421c,0x421c,0x421f,
	0x421f,0x421f,0x421f,0x421f,0x421d,0x421c,0x421c,0x421c,0x421c,0x421d,0x421f,0x421f,0x421f,0x421f,0x421f,0x421c,
	0x421c,0x421c,0x421c,0x421c,0x421f,0x421f,0x421f,0x421f,0x421f,0x421d,0x421c,0x421c,0x421c,0x421c,0x421e,0x421f,
	0x421f,0x421f,0x421f,0x421f,0x421c,0x421c,0x421c,0x421c,0x421d,0x421f,0x421f,0x421f,0x421f,0x421f,0x421d,0x421c,
	0x421c,0x421c,0x421c,0x421e,0x421f,0x421f,0x421f,0x421f,0x421e,0x421c,0x421c,0x421c,0x421c,0x421d,0x421f,0x421f,
	0x421f,0x421f,0x421f,0x421d,0x421c,0x421c,0x421c,0x421c,0x421e,0x421f,0x421f,0x421f,0x421f,0x421e,0x421c,0x421c,
	0x421d,0x421d,0x421e,0x421f,0x421f,0x421f,0x421f,0x421e,0x421d,0x421d,0x421d,0x421d,0x421d,0x421f,0x421f,0x421f,
	0x421f,0x421f,0x421d,0x421d,0x421d,0x421d,0x421d,0x421e,0x421f,0x421f,0x421f,0x421f,0x421e,0x421d,0x421d,0x421d,
	0x421d,0x421d,0x421f,0x421f,0x421f,0x421f,0x421f,0x421d,0x421d,0x421d,0x421d,0x421d,0x421e,0x421f,0x421f,0x421f,
	0x421f,0x421e,0x421d,0x421d,0x421d,0x421d,0x421e,0x421f,0x421f,0x421f,0x41ff,0x41ff,0x3e1d,0x41dc,0x497b,0x5119,
	0x54f8,0x54f7,0x54f7,0x54f6,0x54d7,0x54f8,0x5134,0x4d52,0x4993,0x4219,0x421c,0x41fe,0x421f,0x421f,0x421f,0x421f,
	0x421e,0x421d,0x421d,0x421d,0x421d,0x421d,0x421f,0x421f,0x421f,0x421f,0x421f,0x421e,0x4217,0x3e11,0x3e0e,0x3e0b,
	0x3e08,0x3e06,0x3e04,0x3e03,0x3e03,0x3e05,0x3e06,0x3e06,0x3e05,0x3e05,0x3e05,0x3e04,0x3e04,0x3e04,0x3e04,0x3e04,
	0x3e03,0x3e03,0x3e03,0x3e03,0x3e03,0x3e03,0x3e03,0x3e03,0x3e03,0x3e04,0x3e04,0x3e04,0x3e04,0x3e04,0x3e04,0x3e04,
	0x3e05,0x3e05,0x3e05,0x3e06,0x3e06,0x3e07,0x3e07,0x3e08,0x3e08,0x3e09,0x3e0a,0x3e0a,0x420b,0x420b,0x420c,0x420c,
	0x420c,0x420c,0x420d,0x420c,0x420b,0x420b,0x4211,0x421b,0x421f,0x421f,0x421d,0x421d,0x421d,0x421d,0x421d,0x421f,
	0x421f,0x421f,0x421f,0x421f,0x421e,0x421d,0x421d,0x421d,0x421d,0x421e,0x421f,0x421f,0x421f,0x421f,0x421f,0x421d,
	0x421d,0x421d,0x421d,0x421d,0x421f,0x421f,0x421f,0x421f,0x421f,0x421e,0x421d,0x421d,0x421d,0x421d,0x421e,0x421f,
	0x421f,0x421f,0x421f,0x421e,0x421d,0x421d,0x421d,0x421d,0x421d,0x421f,0x421f,0x421f,0x421f,0x421f,0x421d,0x421d,
	0x421d,0x421d,0x421d,0x421e,0x421f,0x421f,0x421f,0x421f,0x421e,0x421d,0x421d,0x421d,0x421d,0x421d,0x421f,0x421f,
	0x421f,0x421f,0x421f,0x421d,0x421d,0x421d,0x421d,0x421d,0x421e,0x421f,0x421f,0x421f,0x421f,0x421e,0x421d,0x421d,
	0x421f,0x421f,0x421d,0x421c,0x421c,0x421c,0x421c,0x421d,0x421f,0x421f,0x421f,0x421f,0x421f,0x421c,0x421c,0x421c,
	0x421c,0x421c,0x421f,0x421f,0x421f,0x421f,0x421f,0x421d,0x421c,0x421c,0x421c,0x421c,0x421e,0x421f,0x421f,0x421f,
	0x421f,0x421f,0x421c,0x421c,0x421c,0x421c,0x421d,0x421f,0x421f,0x421f,0x421f,0x421f,0x421d,0x421c,0x421c,0x421c,
	0x421c,0x421e,0x421f,0x421f,0x421f,0x421f,0x421e,0x421c,0x421c,0x421c,0x41fc,0x421d,0x41de,0x4d39,0x54f7,0x54d6,
	0x58d6,0x58d5,0x58d5,0x58d5,0x58d2,0x4d8b,0x420c,0x3e2f,0x3e2e,0x3e0e,0x3e10,0x3e12,0x4214,0x4218,0x421b,0x41fd,
	0x421e,0x421f,0x421f,0x421f,0x421f,0x421f,0x421d,0x421d,0x421c,0x421d,0x421d,0x4218,0x3e12,0x3e0e,0x3e0b,0x3e08,
	0x3e07,0x3e05,0x3e04,0x3e03,0x3e02,0x3e01,0x3e02,0x3e03,0x3e04,0x3e05,0x3e06,0x3e06,0x3e05,0x3e04,0x3e04,0x3e04,
	0x3e04,0x3e04,0x3e04,0x3e04,0x3e04,0x3e03,0x3e03,0x3e03,0x3e03,0x3e03,0x3e03,0x3e03,0x3e04,0x3e04,0x3e04,0x3e04,
	0x3e04,0x3e04,0x3e04,0x3e05,0x3e05,0x3e05,0x3e06,0x3e06,0x3e07,0x3e07,0x3e08,0x3e08,0x3e09,0x3e0a,0x3e0a,0x3e0b,
	0x420c,0x420c,0x420c,0x420c,0x420d,0x420d,0x420b,0x420b,0x4213,0x421c,0x421f,0x421f,0x421f,0x421f,0x421f,0x421d,
	0x421c,0x421c,0x421c,0x421c,0x421e,0x421f,0x421f,0x421f,0x421f,0x421e,0x421c,0x421c,0x421c,0x421c,0x421d,0x421f,
	0x421f,0x421f,0x421f,0x421f,0x421d,0x421c,0x421c,0x421c,0x421c,0x421f,0x421f,0x421f,0x421f,0x421f,0x421e,0x421c,
	0x421c,0x421c,0x421c,0x421d,0x421f,0x421f,0x421f,0x421f,0x421f,0x421c,0x421c,0x421c,0x421c,0x421c,0x421f,0x421f,
	0x421f,0x421f,0x421f,0x421d,0x421c,0x421c,0x421c,0x421c,0x421e,0x421f,0x421f,0x421f,0x421f,0x421f,0x421c,0x421c,
	0x421c,0x421c,0x421c,0x421f,0x421f,0x421f,0x421f,0x421f,0x421d,0x421c,0x421c,0x421c,0x421c,0x421e,0x421f,0x421f,
	0x421f,0x421f,0x421d,0x421c,0x421c,0x421c,0x421c,0x421e,0x421f,0x421f,0x421f,0x421f,0x421f,0x421c,0x421c,0x421c,
	0x421c,0x421d,0x421f,0x421f,0x421f,0x421f,0x421f,0x421d,0x421c,0x421c,0x421c,0x421c,0x421e,0x421f,0x421f,0x421f,
	0x421f,0x421f,0x421c,0x421c,0x421c,0x421c,0x421d,0x421f,0x421f,0x421f,0x421f,0x421f,0x421d,0x421c,0x421c,0x421c,
	0x421c,0x421e,0x421f,0x421f,0x421f,0x421f,0x421e,0x421c,0x421d,0x41fc,0x3e1d,0x45dc,0x5138,0x54f6,0x58d6,0x58d5,
	0x58d5,0x58d4,0x58d5,0x58f1,0x49c6,0x3e2a,0x3e0f,0x420f,0x3e0f,0x4210,0x3e0f,0x3e0e,0x3e0d,0x3e0d,0x3e0e,0x4211,
	0x4216,0x421c,0x421f,0x421f,0x421f,0x421f,0x421c,0x421c,0x421d,0x421d,0x4217,0x3e11,0x3e0f,0x3e0b,0x3e08,0x3e07,
	0x3e05,0x3e04,0x3e04,0x3e03,0x3e02,0x3e01,0x3e01,0x3e01,0x3e01,0x3e01,0x3e02,0x3e03,0x3e05,0x3e05,0x3e05,0x3e05,
	0x3e04,0x3e04,0x3e04,0x3e04,0x3e04,0x3e04,0x3e03,0x3e03,0x3e03,0x3e03,0x3e03,0x3e03,0x3e03,0x3e03,0x3e03,0x3e03,
	0x3e03,0x3e04,0x3e04,0x3e04,0x3e04,0x3e04,0x3e05,0x3e05,0x3e05,0x3e06,0x3e06,0x3e07,0x3e07,0x3e08,0x3e09,0x3e09,
	0x3e0a,0x3e0b,0x420b,0x420c,0x420c,0x420c,0x420d,0x420d,0x420c,0x420e,0x421b,0x421f,0x421f,0x421f,0x421f,0x421d,
	0x421c,0x421d,0x421d,0x421c,0x421e,0x421f,0x421f,0x421f,0x421f,0x421e,0x421c,0x421c,0x421c,0x421c,0x421d,0x421f,
	0x421f,0x421f,0x421f,0x421f,0x421d,0x421c,0x421c,0x421c,0x421c,0x421f,0x421f,0x421f,0x421f,0x421f,0x421e,0x421c,
	0x421c,0x421c,0x421c,0x421d,0x421f,0x421f,0x421f,0x421f,0x421f,0x421c,0x421c,0x421c,0x421c,0x421c,0x421f,0x421f,
	0x421f,0x421f,0x421f,0x421d,0x421c,0x421c,0x421c,0x421c,0x421e,0x421f,0x421f,0x421f,0x421f,0x421f,0x421c,0x421c,
	0x421c,0x421c,0x421d,0x421f,0x421f,0x421f,0x421f,0x421f,0x421d,0x421c,0x421c,0x421c,0x421c,0x421e,0x421f,0x421f,
	0x421f,0x421f,0x421d,0x421c,0x421c,0x421c,0x421c,0x421e,0x421f,0x421f,0x421f,0x421f,0x421f,0x421c,0x421c,0x421c,
	0x421c,0x421c,0x421f,0x421f,0x421f,0x421f,0x421f,0x421d,0x421c,0x421c,0x421c,0x421c,0x421e,0x421f,0x421f,0x421f,
	0x421f,0x421f,0x421c,0x421c,0x421c,0x421c,0x421d,0x421f,0x421f,0x421f,0x421f,0x421f,0x421d,0x421c,0x421c,0x421c,
	0x421c,0x421e,0x421f,0x421f,0x421f,0x421f,0x421e,0x421c,0x41fc,0x3e1d,0x45bb,0x5118,0x54d6,0x58d5,0x58d5,0x58d4,
	0x58d4,0x5cb4,0x58f2,0x49c5,0x3e27,0x3e0a,0x3e0a,0x3e0b,0x3e0c,0x3e0d,0x3e0e,0x3e0e,0x3e0f,0x3e0f,0x3e0e,0x3e0d,
	0x3e0c,0x3e0c,0x3e10,0x3e14,0x421a,0x421f,0x421e,0x421e,0x421c,0x3e16,0x3e11,0x3e0f,0x3e0b,0x3e09,0x3e07,0x3e06,
	0x3e05,0x3e04,0x3e03,0x3e02,0x3e02,0x3e01,0x3e01,0x3e01,0x3e01,0x3e01,0x3e01,0x3e01,0x3e01,0x3e02,0x3e04,0x3e05,
	0x3e05,0x3e05,0x3e05,0x3e05,0x3e05,0x3e04,0x3e04,0x3e03,0x3e03,0x3e03,0x3e03,0x3e03,0x3e03,0x3e03,0x3e03,0x3e03,
	0x3e03,0x3e03,0x3e03,0x3e03,0x3e04,0x3e04,0x3e04,0x3e04,0x3e04,0x3e05,0x3e05,0x3e05,0x3e06,0x3e06,0x3e07,0x3e08,
	0x3e08,0x3e09,0x3e0a,0x420a,0x420b,0x420c,0x420c,0x420d,0x420e,0x420d,0x420d,0x4218,0x421f,0x421f,0x421f,0x421d,
	0x421c,0x421c,0x421c,0x421c,0x421e,0x421f,0x421f,0x421f,0x421f,0x421e,0x421c,0x421c,0x421c,0x421c,0x421d,0x421f,
	0x421f,0x421f,0x421f,0x421f,0x421d,0x421c,0x421c,0x421c,0x421c,0x421f,0x421f,0x421f,0x421f,0x421f,0x421e,0x421c,
	0x421c,0x421c,0x421c,0x421d,0x421f,0x421f,0x421f,0x421f,0x421f,0x421c,0x421c,0x421c,0x421c,0x421c,0x421f,0x421f,
	0x421f,0x421f,0x421f,0x421d,0x421c,0x421c,0x421c,0x421c,0x421e,0x421f,0x421f,0x421f,0x421f,0x421f,0x421c,0x421c,
	0x421c,0x421c,0x421c,0x421f,0x421f,0x421f,0x421f,0x421f,0x421d,0x421c,0x421c,0x421c,0x421c,0x421e,0x421f,0x421f,
	0x421e,0x421d,0x421e,0x421e,0x421e,0x421e,0x421e,0x421e,0x421d,0x421d,0x421d,0x421d,0x421d,0x421e,0x421e,0x421e,
	0x421e,0x421e,0x421e,0x421d,0x421d,0x421e,0x421d,0x421e,0x421e,0x421e,0x421e,0x421e,0x421e,0x421d,0x421d,0x421e,
	0x421d,0x421e,0x421e,0x421e,0x421e,0x421f,0x421f,0x421d,0x421d,0x421d,0x421d,0x421e,0x421e,0x421e,0x421e,0x421e,
	0x421e,0x421e,0x421d,0x421e,0x421d,0x421d,0x421e,0x41fe,0x421e,0x45bc,0x5118,0x58d6,0x58d5,0x58d5,0x58d4,0x58d4,
	0x5cd4,0x5cd3,0x49a5,0x3e04,0x3e07,0x3e07,0x3e08,0x3e08,0x3e09,0x3e0a,0x3e0b,0x3e0c,0x3e0c,0x3e0d,0x3e0e,0x3e0f,
	0x3e0f,0x3e0e,0x3e0d,0x3e0b,0x3e0b,0x3e0e,0x4212,0x4219,0x3e16,0x3e11,0x3e0f,0x3e0c,0x3e09,0x3e07,0x3e06,0x3e05,
	0x3e04,0x3e03,0x3e03,0x3e02,0x3e02,0x3e02,0x3e01,0x3e01,0x3e01,0x3e01,0x3e01,0x3e01,0x3e02,0x3e02,0x3e02,0x3e02,
	0x3e04,0x3e05,0x3e25,0x3e04,0x3e04,0x3e04,0x3e04,0x3e04,0x3e04,0x3e04,0x3e03,0x3e03,0x3e03,0x3e03,0x3e03,0x3e03,
	0x3e03,0x3e03,0x3e03,0x3e03,0x3e03,0x3e03,0x3e04,0x3e04,0x3e04,0x3e04,0x3e04,0x3e04,0x3e05,0x3e05,0x3e06,0x3e06,
	0x3e07,0x3e07,0x3e08,0x3e09,0x3e09,0x420a,0x420b,0x420c,0x420c,0x420d,0x420e,0x420d,0x4218,0x421e,0x421d,0x421e,
	0x421e,0x421e,0x421e,0x421f,0x421e,0x421d,0x421e,0x421e,0x421d,0x421e,0x421e,0x421e,0x421e,0x421e,0x421e,0x421d,
	0x421e,0x421d,0x421d,0x421e,0x421e,0x421e,0x421e,0x421e,0x421f,0x421e,0x421d,0x421e,0x421d,0x421d,0x421e,0x421e,
	0x421e,0x421e,0x421e,0x421e,0x421d,0x421d,0x421d,0x421d,0x421d,0x421e,0x421e,0x421e,0x421e,0x421e,0x421e,0x421d,
	0x421d,0x421d,0x421d,0x421e,0x421e,0x421e,0x421e,0x421f,0x421e,0x421d,0x421d,0x421d,0x421d,0x421e,0x421e,0x421e,
	0x421e,0x421e,0x421e,0x421e,0x421d,0x421d,0x421d,0x421d,0x421e,0x421e,0x421e,0x421e,0x421e,0x421e,0x421d,0x421d,
	0x421c,0x421c,0x421e,0x421f,0x421f,0x421f,0x421f,0x421e,0x421c,0x421c,0x421c,0x421c,0x421d,0x421f,0x421f,0x421f,
	0x421f,0x421f,0x421d,0x421c,0x421c,0x421c,0x421c,0x421f,0x421f,0x421f,0x421f,0x421f,0x421e,0x421c,0x421c,0x421c,
	0x421c,0x421d,0x421f,0x421f,0x421f,0x421f,0x421f,0x421c,0x421c,0x421c,0x421c,0x421c,0x421f,0x421f,0x421f,0x421f,
	0x421f,0x421e,0x421c,0x421c,0x421c,0x421c,0x421d,0x3e1f,0x45bd,0x5117,0x58d5,0x58d5,0x58d5,0x58d4,0x58d4,0x58d4,
	0x5cd5,0x4d69,0x3e01,0x3e05,0x3e05,0x3e06,0x3e06,0x3e07,0x3e07,0x3e08,0x3e08,0x3e09,0x3e0a,0x3e0b,0x3e0c,0x3e0d,
	0x3e0d,0x3e0e,0x3e0f,0x3e0e,0x3e0e,0x3e0c,0x420b,0x4210,0x3e12,0x3e0f,0x3e0b,0x3e09,0x3e08,0x3e06,0x3e05,0x3e04,
	0x3e04,0x3e03,0x3e03,0x3e02,0x3e02,0x3e02,0x3e02,0x3e02,0x3e02,0x3e02,0x3e02,0x3e02,0x3e02,0x3e03,0x3e03,0x3e04,
	0x3e05,0x3e04,0x3e08,0x3e16,0x3df3,0x3e0b,0x3e06,0x3e03,0x3e04,0x3e04,0x3e04,0x3e04,0x3e04,0x3e03,0x3e03,0x3e03,
	0x3e03,0x3e03,0x3e03,0x3e03,0x3e03,0x3e03,0x3e03,0x3e03,0x3e03,0x3e04,0x3e04,0x3e04,0x3e04,0x3e04,0x3e04,0x3e05,
	0x3e05,0x3e06,0x3e07,0x3e07,0x3e08,0x3e09,0x3e0a,0x420b,0x420c,0x420d,0x420e,0x420e,0x420d,0x4219,0x421d,0x421f,
	0x421f,0x421f,0x421f,0x421f,0x421e,0x421c,0x421c,0x421c,0x421c,0x421e,0x421f,0x421f,0x421f,0x421f,0x421f,0x421c,
	0x421c,0x421c,0x421c,0x421c,0x421f,0x421f,0x421f,0x421f,0x421f,0x421d,0x421c,0x421c,0x421c,0x421c,0x421e,0x421f,
	0x421f,0x421f,0x421f,0x421f,0x421c,0x421c,0x421c,0x421c,0x421d,0x421f,0x421f,0x421f,0x421f,0x421f,0x421d,0x421c,
	0x421c,0x421c,0x421c,0x421e,0x421f,0x421f,0x421f,0x421f,0x421e,0x421c,0x421c,0x421c,0x421c,0x421d,0x421f,0x421f,
	0x421f,0x421f,0x421f,0x421d,0x421c,0x421c,0x421c,0x421c,0x421e,0x421f,0x421f,0x421f,0x421f,0x421e,0x421c,0x421c,
	0x421c,0x421c,0x421e,0x421f,0x421f,0x421f,0x421f,0x421e,0x421c,0x421c,0x421c,0x421c,0x421d,0x421f,0x421f,0x421f,
	0x421f,0x421f,0x421d,0x421c,0x421c,0x421c,0x421c,0x421f,0x421f,0x421f,0x421f,0x421f,0x421e,0x421c,0x421c,0x421c,
	0x421c,0x421d,0x421f,0x421f,0x421f,0x421f,0x421f,0x421c,0x421c,0x421c,0x421c,0x421c,0x421f,0x421f,0x421f,0x421f,
	0x421f,0x421e,0x421c,0x3e1c,0x3dfc,0x3e1c,0x3e1e,0x45dd,0x5117,0x58d6,0x58d5,0x58d5,0x58b4,0x58d4,0x58d4,0x5cb5,
	0x512d,0x4201,0x4204,0x3e04,0x3e05,0x3e05,0x3e05,0x3e06,0x3e06,0x3e06,0x3e07,0x3e08,0x3e08,0x3e09,0x3e0a,0x3e0a,
	0x3e0b,0x3e0c,0x3e0d,0x3e0d,0x3e0e,0x3e0e,0x3e10,0x3e11,0x3e0e,0x3e0b,0x3e09,0x3e08,0x3e06,0x3e05,0x3e05,0x3e04,
	0x3e03,0x3e03,0x3e02,0x3e02,0x3e02,0x3e02,0x3e02,0x3e02,0x3e02,0x3e02,0x3e02,0x3e02,0x3e03,0x3e03,0x3e04,0x3e05,
	0x3e04,0x3e09,0x3e1a,0x3dfe,0x3dfd,0x3dff,0x3e1b,0x3e13,0x3e0b,0x3e05,0x3e03,0x3e04,0x3e04,0x3e04,0x3e04,0x3e04,
	0x3e03,0x3e03,0x3e03,0x3e03,0x3e03,0x3e03,0x3e03,0x3e03,0x3e03,0x3e03,0x3e03,0x3e03,0x3e04,0x3e04,0x3e04,0x3e04,
	0x3e04,0x3e05,0x3e06,0x3e06,0x3e07,0x3e08,0x3e09,0x3e0a,0x420b,0x420c,0x420d,0x420e,0x420e,0x420f,0x421b,0x421f,
	0x421f,0x421f,0x421f,0x421f,0x421d,0x421c,0x421c,0x421c,0x421c,0x421d,0x421f,0x421f,0x421f,0x421f,0x421f,0x421c,
	0x421c,0x421c,0x421c,0x421c,0x421f,0x421f,0x421f,0x421f,0x421f,0x421d,0x421c,0x421c,0x421c,0x421c,0x421e,0x421f,
	0x421f,0x421f,0x421f,0x421f,0x421c,0x421c,0x421c,0x421c,0x421d,0x421f,0x421f,0x421f,0x421f,0x421f,0x421d,0x421c,
	0x421c,0x421c,0x421c,0x421e,0x421f,0x421f,0x421f,0x421f,0x421e,0x421c,0x421c,0x421c,0x421c,0x421d,0x421f,0x421f,
	0x421f,0x421f,0x421f,0x421d,0x421c,0x421c,0x421c,0x421c,0x421e,0x421f,0x421f,0x421f,0x421f,0x421e,0x421c,0x421c,
	0x421d,0x421d,0x421e,0x421f,0x421f,0x421f,0x421f,0x421e,0x421d,0x421d,0x421d,0x421d,0x421d,0x421f,0x421f,0x421f,
	0x421f,0x421f,0x421d,0x421d,0x421d,0x421d,0x421d,0x421e,0x421f,0x421f,0x421f,0x421f,0x421e,0x421d,0x421d,0x421d,
	0x421d,0x421d,0x421f,0x421f,0x421f,0x421f,0x421f,0x421d,0x421d,0x421d,0x421d,0x421d,0x421e,0x421f,0x421f,0x421f,
	0x421f,0x421e,0x421d,0x421d,0x41fd,0x3e1d,0x41dc,0x5117,0x58d5,0x58d5,0x58d5,0x58b4,0x58b4,0x58d4,0x5cb4,0x58f2,
	0x45c3,0x3e22,0x3e04,0x3e04,0x3e04,0x3e04,0x3e05,0x3e05,0x3e05,0x3e05,0x3e06,0x3e06,0x3e07,0x3e07,0x3e08,0x3e09,
	0x3e09,0x3e0a,0x3e0b,0x3e0b,0x3e0c,0x3e0e,0x3e0f,0x3e0e,0x3e0b,0x3e09,0x3e07,0x3e06,0x3e05,0x3e05,0x3e04,0x3e04,
	0x3e03,0x3e03,0x3e02,0x3e02,0x3e02,0x3e02,0x3e02,0x3e02,0x3e02,0x3e02,0x3e02,0x3e03,0x3e03,0x3e04,0x3e05,0x3e04,
	0x3e0c,0x3e1c,0x3e1e,0x3dfd,0x3dfd,0x3dfe,0x3dff,0x3dff,0x3dff,0x3e1a,0x3e12,0x3e0a,0x3e05,0x3e03,0x3e04,0x3e04,
	0x3e04,0x3e04,0x3e04,0x3e03,0x3e03,0x3e03,0x3e03,0x3e03,0x3e03,0x3e03,0x3e03,0x3e03,0x3e03,0x3e03,0x3e04,0x3e04,
	0x3e04,0x3e04,0x3e05,0x3e05,0x3e06,0x3e07,0x3e08,0x3e09,0x3e0a,0x420b,0x420c,0x420d,0x420e,0x420d,0x4213,0x421f,
	0x421f,0x421f,0x421f,0x421f,0x421e,0x421d,0x421d,0x421d,0x421d,0x421e,0x421f,0x421f,0x421f,0x421f,0x421f,0x421d,
	0x421d,0x421d,0x421d,0x421d,0x421f,0x421f,0x421f,0x421f,0x421f,0x421d,0x421d,0x421d,0x421d,0x421d,0x421e,0x421f,
	0x421f,0x421f,0x421f,0x421e,0x421d,0x421d,0x421d,0x421d,0x421d,0x421f,0x421f,0x421f,0x421f,0x421f,0x421d,0x421d,
	0x421d,0x421d,0x421d,0x421e,0x421f,0x421f,0x421f,0x421f,0x421e,0x421d,0x421d,0x421d,0x421d,0x421d,0x421f,0x421f,
	0x421f,0x421f,0x421f,0x421d,0x421d,0x421d,0x421d,0x421d,0x421e,0x421f,0x421f,0x421f,0x421f,0x421e,0x421d,0x421d,
	0x421f,0x421f,0x421e,0x421c,0x421c,0x421c,0x421c,0x421d,0x421f,0x421f,0x421f,0x421f,0x421f,0x421c,0x421c,0x421c,
	0x421c,0x421c,0x421f,0x421f,0x421f,0x421f,0x421f,0x421d,0x421c,0x421c,0x421c,0x421c,0x421e,0x421f,0x421f,0x421f,
	0x421f,0x421f,0x421c,0x421c,0x421c,0x421c,0x421d,0x421f,0x421f,0x421f,0x421f,0x421f,0x421d,0x421c,0x421c,0x421c,
	0x421c,0x421e,0x421f,0x41ff,0x3e1f,0x41dd,0x5117,0x58d5,0x58d5,0x58d5,0x58d4,0x58d4,0x58d4,0x5cd3,0x5cd4,0x4d88,
	0x3e01,0x4204,0x3e04,0x3e04,0x3e04,0x3e04,0x3e04,0x3e04,0x3e04,0x3e05,0x3e05,0x3e05,0x3e06,0x3e06,0x3e06,0x3e07,
	0x3e07,0x3e08,0x3e09,0x3e0a,0x3e0a,0x3e0c,0x3e0c,0x3e0a,0x3e09,0x3e07,0x3e06,0x3e05,0x3e05,0x3e04,0x3e04,0x3e03,
	0x3e03,0x3e03,0x3e02,0x3e02,0x3e02,0x3e02,0x3e02,0x3e02,0x3e02,0x3e02,0x3e03,0x3e03,0x3e04,0x3e05,0x3e04,0x3e10,
	0x3e1f,0x3dff,0x3e1f,0x3e1f,0x3dff,0x3dfd,0x3dfc,0x3dfc,0x3dfc,0x3dfd,0x3dff,0x3e1f,0x3e1a,0x3e12,0x3e0a,0x3e05,
	0x3e03,0x3e04,0x3e04,0x3e04,0x3e04,0x3e03,0x3e03,0x3e03,0x3e03,0x3e03,0x3e03,0x3e03,0x3e03,0x3e03,0x3e03,0x3e04,
	0x3e04,0x3e04,0x3e04,0x3e04,0x3e05,0x3e06,0x3e07,0x3e08,0x3e09,0x420a,0x420b,0x420c,0x420d,0x420e,0x420d,0x4218,
	0x421d,0x421c,0x421c,0x421c,0x421e,0x421f,0x421f,0x421f,0x421f,0x421e,0x421c,0x421c,0x421c,0x421c,0x421d,0x421f,
	0x421f,0x421f,0x421f,0x421f,0x421c,0x421c,0x421c,0x421c,0x421c,0x421f,0x421f,0x421f,0x421f,0x421f,0x421e,0x421c,
	0x421c,0x421c,0x421c,0x421d,0x421f,0x421f,0x421f,0x421f,0x421f,0x421d,0x421c,0x421c,0x421c,0x421c,0x421f,0x421f,
	0x421f,0x421f,0x421f,0x421e,0x421c,0x421c,0x421c,0x421c,0x421d,0x421f,0x421f,0x421f,0x421f,0x421f,0x421c,0x421c,
	0x421c,0x421c,0x421c,0x421f,0x421f,0x421f,0x421f,0x421f,0x421d,0x421c,0x421c,0x421c,0x421c,0x421e,0x421f,0x421f,
	0x421f,0x421f,0x421e,0x421c,0x421c,0x421c,0x421c,0x421d,0x421f,0x421f,0x421f,0x421f,0x421f,0x421c,0x421c,0x421c,
	0x421c,0x421c,0x421f,0x421f,0x421f,0x421f,0x421f,0x421e,0x421c,0x421c,0x421c,0x421c,0x421e,0x421f,0x421f,0x421f,
	0x421f,0x421f,0x421c,0x421c,0x421c,0x421c,0x421d,0x421f,0x421f,0x421f,0x421f,0x421f,0x421d,0x421c,0x421c,0x421c,
	0x421c,0x421e,0x41ff,0x3e1f,0x41dd,0x5117,0x58d5,0x58d5,0x58d5,0x58d4,0x58d4,0x58d4,0x58d3,0x5cb4,0x592e,0x4201,
	0x3e03,0x4204,0x4204,0x3e04,0x3e04,0x3e04,0x3e04,0x3e04,0x3e04,0x3e04,0x3e04,0x3e05,0x3e05,0x3e05,0x3e05,0x3e06,
	0x3e06,0x3e07,0x3e07,0x3e08,0x3e08,0x3e09,0x3e09,0x3e08,0x3e07,0x3e06,0x3e05,0x3e05,0x3e04,0x3e04,0x3e03,0x3e03,
	0x3e03,0x3e03,0x3e02,0x3e02,0x3e02,0x3e02,0x3e02,0x3e03,0x3e02,0x3e03,0x3e03,0x3e04,0x3e04,0x3e05,0x3e13,0x3e1e,
	0x3dff,0x41ff,0x41ff,0x41ff,0x3dff,0x3dfd,0x3dfc,0x3dfd,0x3dfc,0x3e1c,0x3e1d,0x3e1f,0x3e1f,0x3e1f,0x3e1f,0x3e19,
	0x3e10,0x3e09,0x3e05,0x3e03,0x3e04,0x3e04,0x3e04,0x3e03,0x3e03,0x3e03,0x3e03,0x3e03,0x3e03,0x3e03,0x3e03,0x3e03,
	0x3e03,0x3e04,0x3e04,0x3e04,0x3e05,0x3e05,0x3e06,0x3e07,0x3e08,0x3e09,0x420a,0x420b,0x420c,0x420d,0x420d,0x4210,
	0x421d,0x421c,0x421c,0x421c,0x421e,0x421f,0x421f,0x421f,0x421f,0x421e,0x421c,0x421c,0x421c,0x421c,0x421d,0x421f,
	0x421f,0x421f,0x421f,0x421f,0x421d,0x421c,0x421c,0x421c,0x421c,0x421f,0x421f,0x421f,0x421f,0x421f,0x421e,0x421c,
	0x421c,0x421c,0x421c,0x421d,0x421f,0x421f,0x421f,0x421f,0x421f,0x421d,0x421c,0x421c,0x421c,0x421c,0x421f,0x421f,
	0x421f,0x421f,0x421f,0x421e,0x421c,0x421c,0x421c,0x421c,0x421d,0x421f,0x421f,0x421f,0x421f,0x421f,0x421c,0x421c,
	0x421c,0x421c,0x421c,0x421f,0x421f,0x421f,0x421f,0x421f,0x421d,0x421c,0x421c,0x421c,0x421c,0x421e,0x421f,0x421f,
	0x421f,0x421f,0x421e,0x421c,0x421c,0x421c,0x421c,0x421d,0x421f,0x421f,0x421f,0x421f,0x421f,0x421c,0x421c,0x421c,
	0x421c,0x421c,0x421f,0x421f,0x421f,0x421f,0x421f,0x421e,0x421c,0x421c,0x421c,0x421c,0x421e,0x421f,0x421f,0x421f,
	0x421f,0x421f,0x421c,0x421c,0x421c,0x421c,0x421c,0x421f,0x421f,0x421f,0x421f,0x421f,0x421d,0x421c,0x421c,0x421c,
	0x421c,0x3dfe,0x3e1f,0x41dd,0x5118,0x58d5,0x58d5,0x58d5,0x58d4,0x58b4,0x58d4,0x58d4,0x58d3,0x5cd3,0x49a6,0x3e02,
	0x4204,0x4204,0x4204,0x4204,0x4204,0x4204,0x3e04,0x3e04,0x3e04,0x3e04,0x3e04,0x3e04,0x3e04,0x3e04,0x3e05,0x3e05,
	0x3e05,0x3e06,0x3e06,0x3e06,0x3e07,0x3e07,0x3e07,0x3e06,0x3e06,0x3e05,0x3e05,0x3e04,0x3e04,0x3e04,0x3e03,0x3e03,
	0x3e03,0x3e03,0x3e03,0x3e02,0x3e02,0x3e03,0x3e03,0x3e03,0x3e03,0x3e03,0x3e05,0x3e04,0x3e07,0x3e16,0x3e1e,0x3e1c,
	0x3e1f,0x421f,0x421f,0x41ff,0x3e1f,0x3e1d,0x3e1c,0x3e1c,0x3e1c,0x3e1c,0x3e1d,0x421f,0x3e1f,0x3e1f,0x3e1f,0x3e1f,
	0x3e1e,0x3e1c,0x3e17,0x3e10,0x3e08,0x3e04,0x3e03,0x3e04,0x3e04,0x3e04,0x3e03,0x3e03,0x3e03,0x3e03,0x3e03,0x3e03,
	0x3e03,0x3e03,0x3e04,0x3e04,0x3e04,0x3e05,0x3e06,0x3e06,0x3e07,0x3e08,0x3e09,0x420a,0x420c,0x420d,0x420e,0x420c,
	0x4216,0x421d,0x421c,0x421c,0x421e,0x421f,0x421f,0x421f,0x421f,0x421e,0x421c,0x421c,0x421c,0x421c,0x421d,0x421f,
	0x421f,0x421f,0x421f,0x421f,0x421c,0x421c,0x421c,0x421c,0x421c,0x421e,0x421f,0x421f,0x421f,0x421f,0x421e,0x421c,
	0x421c,0x421c,0x421c,0x421d,0x421f,0x421f,0x421f,0x421f,0x421f,0x421d,0x421c,0x421c,0x421c,0x421c,0x421f,0x421f,
	0x421f,0x421f,0x421f,0x421e,0x421c,0x421c,0x421c,0x421c,0x421e,0x421f,0x421f,0x421f,0x421f,0x421f,0x421c,0x421c,
	0x421c,0x421c,0x421c,0x421f,0x421f,0x421f,0x421f,0x421f,0x421d,0x421c,0x421c,0x421c,0x421c,0x421e,0x421f,0x421f,
	0x421d,0x421d,0x421e,0x421e,0x421e,0x421e,0x421f,0x421e,0x421d,0x421d,0x421d,0x421d,0x421d,0x421e,0x421f,0x421f,
	0x421f,0x421f,0x421e,0x421d,0x421d,0x421d,0x421d,0x421e,0x421e,0x421e,0x421e,0x421e,0x421e,0x421d,0x421d,0x421d,
	0x421d,0x421e,0x421e,0x421e,0x421e,0x421e,0x421e,0x421d,0x421d,0x421d,0x421d,0x421d,0x421e,0x421e,0x421e,0x421e,
	0x41fe,0x3e1e,0x41dc,0x5117,0x58f5,0x58d5,0x58d5,0x58d4,0x58d4,0x58d4,0x58d4,0x58d3,0x58d3,0x5cd3,0x4d88,0x3e01,
	0x4203,0x4204,0x4205,0x4205,0x4205,0x4205,0x4205,0x4205,0x4204,0x3e04,0x3e04,0x3e04,0x3e04,0x3e04,0x3e04,0x3e05,
	0x3e04,0x3e05,0x3e05,0x3e05,0x3e05,0x3e05,0x3e05,0x3e05,0x3e05,0x3e04,0x3e04,0x3e04,0x3e04,0x3e03,0x3e03,0x3e03,
	0x3e03,0x3e03,0x3e03,0x3e02,0x3e03,0x3e03,0x3e03,0x3e03,0x3e04,0x3e05,0x3e04,0x3e0a,0x3e1b,0x3e1f,0x421e,0x3e1e,
	0x421d,0x421d,0x421d,0x421d,0x421d,0x3e1e,0x421e,0x421e,0x421e,0x421e,0x421e,0x421d,0x421d,0x421d,0x3e1d,0x421d,
	0x3e1e,0x3e1e,0x3e1f,0x3e1f,0x3e1e,0x3e17,0x3e0e,0x3e06,0x3e03,0x3e03,0x3e04,0x3e04,0x3e03,0x3e03,0x3e03,0x3e03,
	0x3e03,0x3e03,0x3e04,0x3e04,0x3e04,0x3e04,0x3e05,0x3e06,0x3e07,0x3e08,0x3e09,0x3e0a,0x420b,0x420c,0x420d,0x420d,
	0x420e,0x421d,0x421e,0x421e,0x421e,0x421d,0x421d,0x421d,0x421d,0x421e,0x421e,0x421e,0x421e,0x421e,0x421e,0x421d,
	0x421d,0x421d,0x421d,0x421d,0x421e,0x421e,0x421e,0x421e,0x421e,0x421e,0x421d,0x421d,0x421d,0x421d,0x421e,0x421e,
	0x421e,0x421f,0x421f,0x421e,0x421d,0x421d,0x421d,0x421d,0x421e,0x421e,0x421e,0x421e,0x421e,0x421e,0x421e,0x421d,
	0x421d,0x421d,0x421d,0x421e,0x421e,0x421e,0x421e,0x421e,0x421e,0x421d,0x421d,0x421d,0x421d,0x421d,0x421e,0x421e,
	0x421e,0x421e,0x421e,0x421e,0x421d,0x421d,0x421d,0x421d,0x421e,0x421e,0x421e,0x421e,0x421e,0x421e,0x421d,0x421d,
	0x421c,0x421c,0x421e,0x421f,0x421f,0x421f,0x421f,0x421e,0x421c,0x421c,0x421c,0x421c,0x421c,0x421f,0x421f,0x421f,
	0x421f,0x421f,0x421d,0x421c,0x421c,0x421c,0x421c,0x421e,0x421f,0x421f,0x421f,0x421f,0x421e,0x421c,0x421c,0x421c,
	0x421c,0x421d,0x421f,0x421f,0x421f,0x421f,0x421f,0x421d,0x421c,0x421c,0x421c,0x421c,0x421f,0x41ff,0x3dff,0x41ff,
	0x3e1f,0x45dc,0x5116,0x58d5,0x58d5,0x58d5,0x58d4,0x58b4,0x58d4,0x58d4,0x58d3,0x58d3,0x58f3,0x5cf3,0x5cf2,0x4d6b,
	0x45e5,0x4204,0x4204,0x4205,0x4204,0x4225,0x4204,0x4205,0x4205,0x3e05,0x3e05,0x3e04,0x3e04,0x3e04,0x3e04,0x3e04,
	0x3e04,0x3e04,0x3e04,0x3e04,0x3e05,0x3e05,0x3e04,0x3e04,0x3e04,0x3e04,0x3e04,0x3e04,0x3e03,0x3e03,0x3e03,0x3e03,
	0x3e03,0x3e03,0x3e03,0x3e03,0x3e03,0x3e03,0x3e03,0x3e04,0x3e05,0x3e04,0x3e0e,0x3e1e,0x3e1f,0x421f,0x421f,0x421f,
	0x421d,0x421c,0x421c,0x421c,0x421c,0x3e1e,0x421f,0x421f,0x421f,0x421f,0x3e1e,0x3e1c,0x3e1c,0x3e1c,0x3e1c,0x3e1d,
	0x421f,0x421f,0x421f,0x421f,0x421f,0x3e1e,0x3e1e,0x3e1a,0x3e13,0x3e0b,0x3e04,0x3e03,0x3e04,0x3e04,0x3e03,0x3e03,
	0x3e03,0x3e03,0x3e04,0x3e04,0x3e04,0x3e04,0x3e04,0x3e05,0x3e06,0x3e07,0x3e08,0x3e09,0x420a,0x420b,0x420d,0x420e,
	0x420c,0x4215,0x421f,0x421f,0x421e,0x421c,0x421c,0x421c,0x421c,0x421d,0x421f,0x421f,0x421f,0x421f,0x421f,0x421c,
	0x421c,0x421c,0x421c,0x421c,0x421f,0x41ff,0x421f,0x3e1f,0x3e1f,0x3e1d,0x421c,0x421c,0x421c,0x421c,0x3e1e,0x3e1f,
	0x3e1f,0x421f,0x41ff,0x421f,0x421c,0x421c,0x421c,0x421c,0x421c,0x421f,0x421f,0x421f,0x421f,0x421f,0x421d,0x421c,
	0x421c,0x421c,0x421c,0x421e,0x421f,0x421f,0x421f,0x421f,0x421e,0x421c,0x421c,0x421c,0x421c,0x421d,0x421f,0x421f,
	0x421f,0x421f,0x421f,0x421d,0x421c,0x421c,0x421c,0x421c,0x421e,0x421f,0x421f,0x421f,0x421f,0x421e,0x421c,0x421c,
	0x421c,0x421c,0x421e,0x421f,0x421f,0x421f,0x421f,0x421e,0x421c,0x421c,0x421c,0x421c,0x421d,0x421f,0x421f,0x421f,
	0x421f,0x421f,0x421d,0x421c,0x421c,0x421c,0x421c,0x421e,0x421f,0x421f,0x421f,0x421f,0x421e,0x421c,0x421c,0x421c,
	0x421c,0x421d,0x421f,0x421f,0x421f,0x421f,0x421f,0x421d,0x421c,0x421c,0x421c,0x421c,0x421f,0x41ff,0x3dff,0x3e1f,
	0x41de,0x5117,0x58d5,0x58d5,0x58b5,0x58d4,0x58d4,0x58d4,0x58d4,0x58d3,0x58d3,0x58f3,0x58f3,0x58f2,0x58f2,0x5cf3,
	0x5912,0x5930,0x5530,0x554f,0x554f,0x514e,0x49cd,0x3e09,0x4205,0x4204,0x3e05,0x3e05,0x3e05,0x3e04,0x3e04,0x3e04,
	0x3e04,0x3e04,0x3e04,0x3e04,0x3e04,0x3e04,0x3e04,0x3e04,0x3e04,0x3e03,0x3e03,0x3e03,0x3e03,0x3e03,0x3e03,0x3e03,
	0x3e03,0x3e03,0x3e03,0x3e03,0x3e03,0x3e03,0x3e05,0x3e05,0x3e05,0x3e12,0x3e1e,0x3e1f,0x3e1f,0x421f,0x421f,0x421f,
	0x421d,0x421c,0x421c,0x421c,0x421c,0x3e1e,0x421f,0x421f,0x421f,0x421f,0x3e1e,0x3e1c,0x3e1c,0x3e1c,0x3e1c,0x3e1d,
	0x421f,0x421f,0x421f,0x421f,0x421f,0x3e1c,0x3e1c,0x3e1d,0x3e1e,0x3e1d,0x3e1a,0x3e0d,0x3e04,0x3e05,0x3e04,0x3e03,
	0x3e03,0x3e03,0x3e03,0x3e04,0x3e04,0x3e04,0x3e04,0x3e05,0x3e06,0x3e07,0x3e08,0x3e09,0x3e0a,0x420b,0x420c,0x420d,
	0x420e,0x420c,0x421c,0x421f,0x421e,0x421c,0x421c,0x421c,0x421c,0x421e,0x421f,0x421f,0x421f,0x421f,0x421f,0x421c,
	0x421c,0x421c,0x421c,0x421c,0x421f,0x3e1f,0x41ff,0x41de,0x459c,0x497b,0x495b,0x495b,0x495b,0x495b,0x495c,0x459d,
	0x41de,0x3dff,0x3e1f,0x41ff,0x41fc,0x421c,0x421c,0x421c,0x421c,0x421f,0x421f,0x421f,0x421f,0x421f,0x421d,0x421c,
	0x421c,0x421c,0x421c,0x421e,0x421f,0x421f,0x421f,0x421f,0x421e,0x421c,0x421c,0x421c,0x421c,0x421d,0x421f,0x421f,
	0x421f,0x421f,0x421f,0x421d,0x421c,0x421c,0x421c,0x421c,0x421e,0x421f,0x421f,0x421f,0x421f,0x421e,0x421c,0x421c,
	0x421d,0x421d,0x421e,0x421f,0x421f,0x421f,0x421f,0x421e,0x421d,0x421d,0x421d,0x421d,0x421d,0x421f,0x421f,0x421f,
	0x421f,0x421f,0x421d,0x421d,0x421d,0x421d,0x421d,0x421e,0x421f,0x421f,0x421f,0x421f,0x421e,0x421d,0x421d,0x421d,
	0x421d,0x421d,0x421f,0x421f,0x421f,0x421f,0x421f,0x421d,0x421d,0x421d,0x421d,0x421d,0x421e,0x41ff,0x3e1f,0x41fe,
	0x5117,0x58d5,0x58d5,0x58d5,0x58d4,0x58d4,0x58d4,0x58d4,0x58d3,0x58d3,0x58d3,0x58f3,0x58f3,0x58f3,0x58f2,0x5912,
	0x5913,0x58f4,0x5cf4,0x58f5,0x5cd5,0x5517,0x45fe,0x421d,0x4219,0x4213,0x420b,0x4206,0x4205,0x3e05,0x3e05,0x3e05,
	0x3e04,0x3e04,0x3e04,0x3e04,0x3e04,0x3e04,0x3e04,0x3e04,0x3e03,0x3e03,0x3e03,0x3e03,0x3e03,0x3e03,0x3e03,0x3e03,
	0x3e03,0x3e03,0x3e03,0x3e03,0x3e04,0x3e05,0x3e04,0x3e08,0x3e17,0x3e1f,0x3e1d,0x3e1f,0x421f,0x421f,0x421f,0x421f,
	0x421d,0x421d,0x421d,0x421d,0x421d,0x3e1e,0x3e1f,0x421f,0x421f,0x3e1f,0x3e1e,0x3e1d,0x3e1d,0x3e1d,0x3e1d,0x3e1d,
	0x3e1f,0x421f,0x421f,0x421f,0x421f,0x3e1d,0x3e1d,0x3e1d,0x3e1d,0x3e1d,0x3e1f,0x3e1f,0x3e0d,0x3e04,0x3e05,0x3e04,
	0x3e04,0x3e03,0x3e03,0x3e03,0x3e04,0x3e04,0x3e04,0x3e05,0x3e05,0x3e06,0x3e07,0x3e08,0x3e09,0x3e0a,0x420c,0x420d,
	0x420e,0x420c,0x4211,0x421f,0x421e,0x421d,0x421d,0x421d,0x421d,0x421e,0x421f,0x421f,0x421f,0x421f,0x421e,0x421d,
	0x421d,0x421d,0x421d,0x3e1e,0x41fe,0x459c,0x4d39,0x5119,0x5119,0x4d1a,0x4d3b,0x4d3b,0x4d5b,0x4d3b,0x493b,0x4d1b,
	0x4d1b,0x495c,0x41be,0x421e,0x421d,0x421d,0x421d,0x421d,0x421d,0x421f,0x421f,0x421f,0x421f,0x421f,0x421e,0x421d,
	0x421d,0x421d,0x421d,0x421e,0x421f,0x421f,0x421f,0x421f,0x421e,0x421d,0x421d,0x421d,0x421d,0x421d,0x421f,0x421f,
	0x421f,0x421f,0x421f,0x421d,0x421d,0x421d,0x421d,0x421d,0x421e,0x421f,0x421f,0x421f,0x421f,0x421e,0x421d,0x421d,
	0x421f,0x421f,0x421e,0x421c,0x421c,0x421c,0x421c,0x421d,0x421f,0x421f,0x421f,0x421f,0x421f,0x421c,0x421c,0x421c,
	0x421c,0x421c,0x421f,0x421f,0x421f,0x421f,0x421f,0x421d,0x421c,0x421c,0x421c,0x421c,0x421e,0x421f,0x421f,0x421f,
	0x421f,0x421f,0x421c,0x421c,0x421c,0x421c,0x421c,0x421f,0x421f,0x421f,0x421f,0x421f,0x421d,0x3e1c,0x41fc,0x5138,
	0x58d5,0x58d5,0x58d5,0x58d4,0x58d4,0x58d4,0x58d4,0x58d3,0x58d3,0x58d3,0x58f3,0x58f3,0x58f3,0x58f3,0x5913,0x5913,
	0x5913,0x5913,0x5914,0x58f4,0x5535,0x41fb,0x3e1e,0x41ff,0x421f,0x421f,0x421f,0x421a,0x4211,0x420a,0x3e05,0x3e04,
	0x3e05,0x3e05,0x3e04,0x3e04,0x3e04,0x3e04,0x3e03,0x3e03,0x3e03,0x3e03,0x3e03,0x3e03,0x3e03,0x3e03,0x3e03,0x3e03,
	0x3e03,0x3e03,0x3e03,0x3e04,0x3e04,0x3e04,0x3e0d,0x421d,0x421f,0x421f,0x3e1f,0x3e1d,0x3e1c,0x3e1c,0x421c,0x421c,
	0x421f,0x421f,0x421f,0x421f,0x421f,0x3e1e,0x3e1c,0x3e1c,0x3e1c,0x3e1c,0x3e1e,0x421f,0x421f,0x421f,0x421f,0x3e1f,
	0x3e1c,0x3e1c,0x3e1c,0x3e1c,0x3e1c,0x421f,0x421f,0x3e1f,0x421f,0x421f,0x3e1d,0x3e1d,0x3e19,0x3e05,0x3e05,0x3e04,
	0x3e04,0x3e04,0x3e03,0x3e03,0x3e04,0x3e04,0x3e04,0x3e05,0x3e05,0x3e06,0x3e07,0x3e08,0x3e09,0x3e0a,0x3e0b,0x420c,
	0x420d,0x420e,0x420c,0x4217,0x421f,0x421f,0x421f,0x421f,0x421f,0x421e,0x421c,0x421c,0x421c,0x421c,0x421d,0x421f,
	0x421f,0x3e1f,0x3e1f,0x459b,0x5138,0x50f8,0x50f9,0x5119,0x4d3a,0x4d5b,0x4d5b,0x495b,0x495b,0x495b,0x495b,0x495b,
	0x495b,0x4d3b,0x4d1b,0x457c,0x3e1f,0x421f,0x421f,0x421f,0x421f,0x421c,0x421c,0x421c,0x421c,0x421c,0x421f,0x421f,
	0x421f,0x421f,0x421f,0x421e,0x421c,0x421c,0x421c,0x421c,0x421d,0x421f,0x421f,0x421f,0x421f,0x421f,0x421c,0x421c,
	0x421c,0x421c,0x421c,0x421f,0x421f,0x421f,0x421f,0x421f,0x421e,0x421c,0x421c,0x421c,0x421c,0x421d,0x421f,0x421f,
	0x421f,0x421f,0x421e,0x421c,0x421c,0x421c,0x421c,0x421d,0x421f,0x421f,0x421f,0x421f,0x421f,0x421c,0x421d,0x421d,
	0x421c,0x421d,0x421f,0x421f,0x421f,0x421f,0x421f,0x421e,0x421c,0x421c,0x421c,0x421c,0x421e,0x421f,0x421f,0x421f,
	0x421f,0x421f,0x421c,0x421c,0x421c,0x421c,0x421c,0x421f,0x421f,0x421f,0x421f,0x421f,0x3e1d,0x41fc,0x4d58,0x54d5,
	0x58f5,0x58d5,0x58d4,0x58d4,0x58d4,0x58d4,0x58d3,0x58d3,0x58f3,0x58f3,0x58f3,0x58f3,0x58f3,0x58f3,0x5913,0x5913,
	0x5914,0x5914,0x58f4,0x5515,0x41fb,0x3e1d,0x41fe,0x421f,0x421f,0x421f,0x421f,0x421f,0x421e,0x421c,0x4217,0x420e,
	0x3e07,0x3e04,0x3e04,0x3e05,0x3e04,0x3e04,0x3e04,0x3e04,0x3e03,0x3e03,0x3e03,0x3e03,0x3e03,0x3e03,0x3e03,0x3e03,
	0x3e03,0x3e04,0x3e04,0x3e04,0x3e06,0x3e13,0x3e1f,0x421f,0x421f,0x421f,0x421f,0x3e1c,0x3e1c,0x3e1c,0x421c,0x421c,
	0x421f,0x421f,0x421f,0x421f,0x421f,0x3e1e,0x3e1c,0x3e1c,0x3e1c,0x3e1c,0x3e1d,0x421f,0x421f,0x421f,0x421f,0x3e1f,
	0x3e1c,0x3e1c,0x3e1c,0x3e1c,0x3e1d,0x421f,0x3e1f,0x3e1f,0x421f,0x421f,0x3e1d,0x3e1c,0x3e1e,0x3e0e,0x3e04,0x3e05,
	0x3e04,0x3e04,0x3e04,0x3e04,0x3e04,0x3e04,0x3e04,0x3e04,0x3e05,0x3e05,0x3e06,0x3e07,0x3e08,0x3e09,0x3e0b,0x420c,
	0x420c,0x420d,0x420d,0x420e,0x421e,0x421f,0x421f,0x421f,0x421f,0x421e,0x421c,0x421d,0x421d,0x421c,0x41fd,0x3e1f,
	0x3e1f,0x45bd,0x4d38,0x54f7,0x54f8,0x5118,0x5119,0x5119,0x5139,0x4d3a,0x4d3a,0x4d3a,0x4d3a,0x4d3b,0x4d3b,0x4d3b,
	0x495b,0x495c,0x495c,0x4d3b,0x459c,0x3e1f,0x421f,0x421f,0x421f,0x421d,0x421c,0x421d,0x421d,0x421c,0x421f,0x421f,
	0x421f,0x421f,0x421f,0x421e,0x421c,0x421c,0x421c,0x421c,0x421d,0x421f,0x421f,0x421f,0x421f,0x421f,0x421c,0x421c,
	0x421c,0x421c,0x421d,0x421f,0x421f,0x421f,0x421f,0x421f,0x421e,0x421c,0x421c,0x421c,0x421c,0x421e,0x421f,0x421f,
	0x421f,0x421f,0x421e,0x421c,0x421c,0x421c,0x421c,0x421d,0x421f,0x421f,0x421f,0x421f,0x421f,0x421c,0x421c,0x421c,
	0x421c,0x421c,0x421f,0x421f,0x421f,0x421f,0x421f,0x421d,0x421c,0x421c,0x421c,0x421c,0x421e,0x421f,0x421f,0x421f,
	0x421f,0x421f,0x421c,0x421c,0x421c,0x421c,0x421c,0x421f,0x421f,0x421f,0x421f,0x41ff,0x3e1d,0x499a,0x54d5,0x58d5,
	0x58d5,0x58d4,0x58d4,0x58d4,0x58d3,0x58d3,0x58f3,0x58f3,0x58f3,0x58f3,0x58f3,0x58f3,0x5913,0x5913,0x5913,0x5913,
	0x5914,0x5914,0x5914,0x45da,0x3e1d,0x41fc,0x421e,0x421f,0x421f,0x421f,0x421f,0x421e,0x421b,0x421c,0x421d,0x421d,
	0x421b,0x3e15,0x3e0b,0x3e06,0x3e04,0x3e04,0x3e04,0x3e04,0x3e04,0x3e04,0x3e04,0x3e04,0x3e04,0x3e04,0x3e04,0x3e04,
	0x3e04,0x3e03,0x3e05,0x3e0d,0x3e19,0x3e1f,0x3e1f,0x421f,0x3e1f,0x421f,0x421f,0x3e1c,0x3e1c,0x3e1c,0x421c,0x421c,
	0x421f,0x421f,0x421f,0x421f,0x421f,0x3e1e,0x3e1c,0x3e1c,0x3e1c,0x3e1c,0x3e1d,0x3e1f,0x3e1f,0x3e1f,0x3e1f,0x3e1f,
	0x3e1c,0x3e1c,0x3e1c,0x3e1c,0x3e1c,0x421f,0x421f,0x3e1f,0x3e1f,0x3e1f,0x3e1d,0x3e1c,0x3e1d,0x3e19,0x3e05,0x3e05,
	0x3e04,0x3e04,0x3e04,0x3e04,0x3e04,0x3e04,0x3e04,0x3e04,0x3e05,0x3e05,0x3e06,0x3e07,0x3e08,0x3e09,0x3e0a,0x420b,
	0x420c,0x420d,0x420e,0x420b,0x4215,0x421f,0x421f,0x421f,0x421f,0x421e,0x421c,0x421c,0x421c,0x421c,0x421d,0x41ff,
	0x497a,0x5117,0x5517,0x5518,0x50f8,0x54f8,0x54f8,0x5518,0x5118,0x5119,0x5119,0x5119,0x5119,0x4d1a,0x4d1a,0x4d3b,
	0x4d5b,0x495b,0x495c,0x495b,0x4d3a,0x41de,0x421f,0x41ff,0x421f,0x421d,0x421c,0x421c,0x421c,0x421c,0x421f,0x421f,
	0x421f,0x421f,0x421f,0x421e,0x421c,0x421c,0x421c,0x421c,0x421d,0x421f,0x421f,0x421f,0x421f,0x421f,0x421c,0x421c,
	0x421c,0x421c,0x421c,0x421f,0x421f,0x421f,0x421f,0x421f,0x421e,0x421c,0x421c,0x421c,0x421c,0x421e,0x421f,0x421f,
	0x421d,0x421d,0x421e,0x421f,0x421f,0x421f,0x421f,0x421e,0x421d,0x421d,0x421d,0x421d,0x421d,0x421e,0x421f,0x421f,
	0x421f,0x421f,0x421d,0x421d,0x421d,0x421d,0x421d,0x421e,0x421f,0x421f,0x421f,0x421f,0x421e,0x421d,0x421d,0x421d,
	0x421d,0x421e,0x421f,0x421f,0x421f,0x421f,0x421e,0x421d,0x421d,0x421d,0x3e1d,0x3e1d,0x41dd,0x5117,0x58d5,0x58d5,
	0x58d4,0x58d4,0x58d4,0x58d3,0x58d3,0x58d3,0x58f3,0x58f3,0x58f3,0x58f3,0x58f3,0x58f3,0x5913,0x5913,0x5913,0x5914,
	0x5914,0x5914,0x45db,0x3e1f,0x421e,0x421f,0x421e,0x421d,0x421d,0x421d,0x421d,0x421e,0x421f,0x421e,0x421e,0x421e,
	0x3dff,0x3e1f,0x3e1e,0x3e18,0x3e11,0x3e0a,0x3e05,0x3e03,0x3e03,0x3e03,0x3e03,0x3e04,0x3e03,0x3e03,0x3e03,0x3e04,
	0x3e06,0x3e0e,0x3e19,0x3e1f,0x3e1f,0x3e1e,0x3e1d,0x3e1d,0x3e1d,0x3e1d,0x421d,0x421f,0x3e1f,0x3e1f,0x421f,0x421f,
	0x421e,0x421d,0x421d,0x421d,0x421d,0x3e1e,0x3e1f,0x3e1f,0x3e1f,0x3e1f,0x3e1e,0x3e1d,0x3e1d,0x3e1d,0x3e1d,0x3e1d,
	0x3e1e,0x3e1e,0x3e1e,0x3e1e,0x3e1f,0x3e1d,0x3e1d,0x3e1d,0x3e1d,0x3e1d,0x3e1e,0x3e1f,0x3e1e,0x3e1f,0x3e0e,0x3e04,
	0x3e05,0x3e04,0x3e04,0x3e04,0x3e04,0x3e04,0x3e04,0x3e04,0x3e04,0x3e05,0x3e06,0x3e06,0x3e07,0x3e08,0x3e09,0x420a,
	0x420b,0x420c,0x420d,0x420d,0x420c,0x421b,0x421e,0x421d,0x421d,0x421e,0x421f,0x421f,0x41fe,0x3e1f,0x41dc,0x4d58,
	0x5517,0x5518,0x5518,0x54f7,0x54f7,0x54f7,0x54f7,0x54f7,0x54f7,0x54f7,0x54f8,0x54f8,0x50f8,0x50f9,0x5119,0x4d3a,
	0x4d3b,0x4d3b,0x4d3b,0x4d3b,0x4d1a,0x459b,0x3e1d,0x421d,0x421d,0x421e,0x421f,0x421f,0x421f,0x421e,0x421e,0x421d,
	0x421d,0x421d,0x421d,0x421e,0x421f,0x421e,0x421e,0x421f,0x421e,0x421d,0x421d,0x421d,0x421d,0x421d,0x421e,0x421f,
	0x421f,0x421f,0x421f,0x421d,0x421d,0x421d,0x421d,0x421d,0x421e,0x421f,0x421f,0x421f,0x421f,0x421e,0x421d,0x421d,
	0x421c,0x421c,0x421e,0x421f,0x421f,0x421f,0x421f,0x421e,0x421c,0x421c,0x421c,0x421c,0x421d,0x421f,0x421f,0x421f,
	0x421f,0x421f,0x421d,0x421c,0x421c,0x421c,0x421c,0x421e,0x421f,0x421f,0x421f,0x421f,0x421e,0x421c,0x421c,0x421c,
	0x421c,0x421d,0x421f,0x421f,0x421f,0x421f,0x421f,0x421d,0x421c,0x421c,0x421c,0x3e1d,0x4d79,0x58f5,0x58f5,0x58d4,
	0x58d4,0x58d4,0x58d3,0x58d3,0x58d3,0x58f3,0x58f3,0x58f3,0x58f3,0x58f3,0x5913,0x5913,0x5913,0x5913,0x5914,0x58f4,
	0x5914,0x49dc,0x3e1f,0x41ff,0x421f,0x421f,0x421e,0x421c,0x421c,0x421c,0x421c,0x421e,0x421f,0x421f,0x421f,0x421f,
	0x41ff,0x3e1c,0x3e1c,0x3e1d,0x3dfe,0x3dfd,0x3e1b,0x3e15,0x3e0f,0x3e0b,0x3e09,0x3e08,0x3e09,0x3e0a,0x3e0e,0x3e14,
	0x3e1b,0x3dff,0x421f,0x421f,0x421f,0x421f,0x3e1c,0x3e1c,0x421c,0x421c,0x421c,0x421f,0x421f,0x421f,0x421f,0x421f,
	0x421d,0x421c,0x421c,0x421c,0x421c,0x421e,0x421f,0x421f,0x421f,0x421f,0x421e,0x421c,0x421c,0x421c,0x421c,0x421d,
	0x421f,0x421f,0x421f,0x421f,0x421f,0x421d,0x421c,0x421c,0x421c,0x421c,0x421f,0x421f,0x421f,0x421f,0x421a,0x3e05,
	0x3e06,0x3e04,0x3e04,0x3e04,0x3e04,0x3e04,0x3e04,0x3e04,0x3e04,0x3e05,0x3e05,0x3e06,0x3e07,0x3e08,0x3e09,0x3e0a,
	0x420b,0x420c,0x420c,0x420d,0x420c,0x4210,0x421d,0x421c,0x421c,0x421d,0x41ff,0x421f,0x3e1f,0x459b,0x5516,0x5517,
	0x5517,0x54f7,0x54f7,0x54f7,0x54f7,0x54d7,0x54d6,0x54d6,0x54d6,0x54d7,0x54d7,0x54d7,0x54f8,0x54f8,0x5118,0x5119,
	0x5119,0x5119,0x5119,0x5119,0x50f9,0x459b,0x3e3c,0x421c,0x421c,0x421f,0x421f,0x421f,0x421f,0x421f,0x421d,0x421c,
	0x421c,0x421c,0x421c,0x421e,0x421f,0x421f,0x421f,0x421f,0x421f,0x421c,0x421c,0x421c,0x421c,0x421c,0x421f,0x421f,
	0x421f,0x421f,0x421f,0x421d,0x421c,0x421c,0x421c,0x421c,0x421e,0x421f,0x421f,0x421f,0x421f,0x421e,0x421c,0x421c,
	0x421c,0x421c,0x421e,0x421f,0x421f,0x421f,0x421f,0x421e,0x421c,0x421c,0x421c,0x421c,0x421d,0x421f,0x421f,0x421f,
	0x421f,0x421f,0x421d,0x421c,0x421c,0x421c,0x421c,0x421e,0x421f,0x421f,0x421f,0x421f,0x421e,0x421c,0x421c,0x421c,
	0x421c,0x421d,0x421f,0x421f,0x421f,0x421f,0x421f,0x421d,0x421c,0x41fc,0x3e1c,0x41fc,0x5516,0x58d5,0x58d4,0x58d4,
	0x58d4,0x58d4,0x58d3,0x58d3,0x58f3,0x58f3,0x58f3,0x58f3,0x58f3,0x5913,0x5913,0x5913,0x5913,0x5914,0x58f4,0x5915,
	0x49ba,0x3e1f,0x421f,0x421f,0x421f,0x421f,0x421d,0x421c,0x421c,0x421c,0x421c,0x421e,0x421f,0x421f,0x421f,0x421f,
	0x41ff,0x3e1c,0x3e1c,0x3e1c,0x3dfc,0x3dfd,0x3dff,0x41ff,0x41ff,0x41ff,0x41ff,0x3dfc,0x3dfc,0x3dfd,0x3dfe,0x3dfe,
	0x3dfe,0x3dff,0x421f,0x421f,0x421f,0x421f,0x3e1c,0x3e1c,0x421c,0x421c,0x421d,0x421f,0x421f,0x421f,0x421f,0x421f,
	0x421d,0x421c,0x421c,0x421c,0x421c,0x421e,0x421f,0x421f,0x421f,0x421f,0x421e,0x421c,0x421c,0x421c,0x421c,0x421d,
	0x421f,0x421f,0x421f,0x421f,0x421f,0x421c,0x421c,0x421c,0x421c,0x421c,0x421f,0x421f,0x421f,0x421f,0x3e1f,0x3e0c,
	0x3e05,0x3e06,0x3e04,0x3e04,0x3e04,0x3e04,0x3e04,0x3e04,0x3e04,0x3e05,0x3e05,0x3e06,0x3e07,0x3e07,0x3e08,0x3e09,
	0x420a,0x420b,0x420c,0x420c,0x420d,0x420b,0x4215,0x421d,0x421c,0x41fd,0x3e1f,0x41ff,0x4d79,0x54f5,0x5517,0x5517,
	0x5517,0x54f7,0x54f6,0x58d6,0x54d6,0x58d6,0x58d6,0x58d6,0x58d6,0x58d6,0x58d6,0x58d6,0x54d7,0x54f7,0x54f7,0x54f8,
	0x50f8,0x50f8,0x50f8,0x54f8,0x50f8,0x45db,0x3e1c,0x421c,0x421c,0x421f,0x421f,0x421f,0x421f,0x421f,0x421d,0x421c,
	0x421c,0x421c,0x421c,0x421e,0x421f,0x421f,0x421f,0x421f,0x421f,0x421c,0x421c,0x421c,0x421c,0x421d,0x421f,0x421f,
	0x421f,0x421f,0x421f,0x421d,0x421c,0x421c,0x421c,0x421c,0x421e,0x421f,0x421f,0x421f,0x421f,0x421e,0x421c,0x421c,
	0x421d,0x421d,0x421e,0x421f,0x421f,0x421f,0x421f,0x421e,0x421d,0x421d,0x421d,0x421d,0x421d,0x421f,0x421f,0x421f,
	0x421f,0x421f,0x421d,0x421d,0x421d,0x421d,0x421d,0x421e,0x421f,0x421f,0x421f,0x421f,0x421e,0x421d,0x421d,0x421d,
	0x421d,0x421e,0x421f,0x421f,0x421f,0x421f,0x421f,0x421d,0x421d,0x41fd,0x3e1e,0x45db,0x58f5,0x58f4,0x58d4,0x58d4,
	0x58d3,0x58f3,0x58f3,0x58f3,0x58f3,0x58f3,0x58f3,0x58f3,0x5913,0x5913,0x5913,0x5914,0x5914,0x58f3,0x5535,0x45db,
	0x3e1e,0x421e,0x421f,0x421f,0x421f,0x421f,0x421e,0x421d,0x421d,0x421d,0x421d,0x421e,0x421f,0x421f,0x421f,0x421f,
	0x421e,0x3e1d,0x3e1d,0x3e1d,0x3e1d,0x3dfd,0x3dfe,0x3dfe,0x41fe,0x41fe,0x3dff,0x3dfe,0x3dfd,0x3dfd,0x3dfd,0x3dfd,
	0x3dfe,0x3dff,0x3e1f,0x3e1f,0x3e1f,0x421e,0x3e1d,0x3e1d,0x421d,0x421d,0x421d,0x421f,0x421f,0x421f,0x421f,0x421f,
	0x421d,0x421d,0x421d,0x421d,0x421d,0x421e,0x421f,0x421f,0x421f,0x421f,0x421e,0x421d,0x421d,0x421d,0x421d,0x421d,
	0x421f,0x421f,0x421f,0x421f,0x421f,0x421d,0x421d,0x421d,0x421d,0x421d,0x421e,0x421f,0x421f,0x421e,0x421f,0x3e17,
	0x3e05,0x3e06,0x3e05,0x3e04,0x3e04,0x3e04,0x3e04,0x3e04,0x3e04,0x3e05,0x3e05,0x3e06,0x3e06,0x3e07,0x3e08,0x3e09,
	0x3e0a,0x420a,0x420b,0x420b,0x420c,0x420c,0x420b,0x421a,0x421e,0x3e1e,0x41fd,0x5157,0x5516,0x5517,0x5517,0x54f7,
	0x54f6,0x54d6,0x58d6,0x58d5,0x58d5,0x58d5,0x58d5,0x58d5,0x58d6,0x58d6,0x58d6,0x58d6,0x58d6,0x54f6,0x54f7,0x54f7,
	0x54f7,0x54f7,0x54f7,0x54f7,0x5159,0x3dfd,0x3e1d,0x421d,0x421d,0x421e,0x421f,0x421f,0x421f,0x421f,0x421e,0x421d,
	0x421d,0x421d,0x421d,0x421e,0x421f,0x421f,0x421f,0x421f,0x421e,0x421d,0x421d,0x421d,0x421d,0x421d,0x421f,0x421f,
	0x421f,0x421f,0x421f,0x421d,0x421d,0x421d,0x421d,0x421d,0x421e,0x421f,0x421f,0x421f,0x421f,0x421e,0x421d,0x421d,
	0x421f,0x421f,0x421d,0x421c,0x421c,0x421c,0x421c,0x421e,0x421f,0x421f,0x421f,0x421f,0x421f,0x421c,0x421c,0x421c,
	0x421c,0x421c,0x421f,0x421f,0x421f,0x421f,0x421f,0x421d,0x421c,0x421c,0x421c,0x421c,0x421e,0x421f,0x421f,0x421f,
	0x421f,0x421f,0x421c,0x421c,0x421c,0x421c,0x421d,0x421f,0x421f,0x41ff,0x3e1f,0x45bb,0x58f4,0x58f4,0x58d4,0x58d3,
	0x58f3,0x58f3,0x58f3,0x58f3,0x58f3,0x58f3,0x58f3,0x5913,0x5913,0x5913,0x5913,0x5914,0x5913,0x5157,0x41fe,0x3e1f,
	0x41ff,0x421d,0x421c,0x421c,0x421c,0x421c,0x421f,0x421f,0x421f,0x421f,0x421f,0x421e,0x421c,0x421c,0x421c,0x421c,
	0x3e1d,0x421f,0x421f,0x421f,0x421f,0x421f,0x3dfc,0x3dfc,0x3dfc,0x3dfc,0x3dfc,0x41ff,0x41ff,0x41ff,0x41ff,0x41ff,
	0x3dfe,0x3dfc,0x3e1c,0x3e1c,0x3e1c,0x3e1d,0x3e1f,0x421f,0x421f,0x421f,0x421f,0x421c,0x421c,0x421c,0x421c,0x421c,
	0x421f,0x421f,0x421f,0x421f,0x421f,0x421d,0x421c,0x421c,0x421c,0x421c,0x421e,0x421f,0x421f,0x421f,0x421f,0x421f,
	0x421c,0x421c,0x421c,0x421c,0x421c,0x421f,0x421f,0x421f,0x421f,0x421f,0x421d,0x421c,0x421c,0x421c,0x421c,0x421e,
	0x3e0a,0x3e05,0x3e05,0x3e04,0x3e04,0x3e04,0x3e04,0x3e04,0x3e04,0x3e05,0x3e05,0x3e05,0x3e06,0x3e07,0x3e08,0x3e08,
	0x3e09,0x420a,0x420a,0x41eb,0x41eb,0x420b,0x4208,0x420e,0x3e1f,0x45db,0x5515,0x54f6,0x5517,0x5517,0x54f6,0x54f6,
	0x58d6,0x58d5,0x58d5,0x58d6,0x58d5,0x58d5,0x58d5,0x58b5,0x58d5,0x58d5,0x58d5,0x58d6,0x58d6,0x54f6,0x54f6,0x54f7,
	0x54f7,0x5517,0x54f7,0x5517,0x45dd,0x3e1f,0x41ff,0x421f,0x421f,0x421c,0x421c,0x421c,0x421c,0x421c,0x421f,0x421f,
	0x421f,0x421f,0x421f,0x421e,0x421c,0x421c,0x421c,0x421c,0x421d,0x421f,0x421f,0x421f,0x421f,0x421f,0x421c,0x421c,
	0x421c,0x421c,0x421c,0x421f,0x421f,0x421f,0x421f,0x421f,0x421d,0x421c,0x421c,0x421c,0x421c,0x421e,0x421f,0x421f,
	0x421f,0x421f,0x421d,0x421c,0x421c,0x421c,0x421c,0x421e,0x421f,0x421f,0x421f,0x421f,0x421f,0x421c,0x421c,0x421c,
	0x421c,0x421d,0x421f,0x421f,0x421f,0x421f,0x421f,0x421d,0x421c,0x421c,0x421c,0x421c,0x421e,0x421f,0x421f,0x421f,
	0x421f,0x421f,0x421c,0x421c,0x421c,0x421c,0x421d,0x421f,0x421f,0x41ff,0x3e1f,0x45bc,0x58f4,0x58f4,0x58f3,0x58f3,
	0x58f3,0x58f3,0x58f3,0x58f3,0x5913,0x5913,0x5913,0x5913,0x5913,0x5913,0x5913,0x5934,0x49b9,0x3e1f,0x421f,0x41ff,
	0x421f,0x421d,0x421c,0x421d,0x421d,0x421c,0x421f,0x421f,0x421f,0x421f,0x421f,0x421e,0x421c,0x421c,0x421c,0x421c,
	0x3e1d,0x421f,0x421f,0x421f,0x421f,0x421f,0x3e1d,0x3e1c,0x3e1c,0x3e1c,0x3e1c,0x421f,0x421f,0x421f,0x421f,0x421f,
	0x421e,0x3e1c,0x3e1c,0x3e1c,0x3e1c,0x3e1d,0x3e1f,0x421f,0x421f,0x421f,0x421f,0x421d,0x421c,0x421c,0x421c,0x421c,
	0x421f,0x421f,0x421f,0x421f,0x421f,0x421d,0x421c,0x421c,0x421c,0x421c,0x421e,0x421f,0x421f,0x421f,0x421f,0x421f,
	0x421c,0x421c,0x421c,0x421c,0x421d,0x421f,0x421f,0x421f,0x421f,0x421f,0x421d,0x421c,0x421d,0x421d,0x421c,0x421f,
	0x3e14,0x3e04,0x3e06,0x3e05,0x3e04,0x3e04,0x3e04,0x3e04,0x3e04,0x3e04,0x3e05,0x3e05,0x3e06,0x3e06,0x3e07,0x3e08,
	0x3e08,0x4209,0x4209,0x4209,0x45e7,0x45e9,0x4d70,0x5112,0x5136,0x54f5,0x54f6,0x5517,0x5516,0x54f6,0x54f6,0x58d5,
	0x58d5,0x58d5,0x58d5,0x58d4,0x58d4,0x58d5,0x58b5,0x58b5,0x58d5,0x58d5,0x58d5,0x58d6,0x58f6,0x54f6,0x54f6,0x54f6,
	0x5517,0x5517,0x5516,0x45bb,0x3e1f,0x41ff,0x421f,0x421f,0x421f,0x421c,0x421c,0x421c,0x421c,0x421d,0x421f,0x421f,
	0x421f,0x421f,0x421f,0x421d,0x421c,0x421c,0x421c,0x421c,0x421e,0x421f,0x421f,0x421f,0x421f,0x421f,0x421c,0x421c,
	0x421c,0x421c,0x421d,0x421f,0x421f,0x421f,0x421f,0x421f,0x421d,0x421c,0x421c,0x421c,0x421c,0x421e,0x421f,0x421f,
	0x421f,0x421f,0x421d,0x421c,0x421c,0x421c,0x421c,0x421e,0x421f,0x421f,0x421f,0x421f,0x421f,0x421c,0x421c,0x421c,
	0x421c,0x421c,0x421f,0x421f,0x421f,0x421f,0x421f,0x421d,0x421c,0x421c,0x421c,0x421c,0x421e,0x421f,0x421f,0x421f,
	0x421f,0x421f,0x421c,0x421c,0x421c,0x421c,0x421d,0x421f,0x421f,0x421f,0x3e1f,0x421f,0x5176,0x5cf3,0x5914,0x58f3,
	0x58f3,0x58f3,0x58f3,0x5913,0x5913,0x5913,0x5913,0x5913,0x5912,0x5933,0x5176,0x41fb,0x3e1f,0x421f,0x421f,0x421f,
	0x421f,0x421c,0x421c,0x421c,0x421c,0x421c,0x421f,0x421f,0x421f,0x421f,0x421f,0x421e,0x421c,0x421c,0x421c,0x421c,
	0x3e1d,0x421f,0x421f,0x421f,0x421f,0x421f,0x3e1c,0x3e1c,0x3e1c,0x3e1c,0x3e1c,0x421f,0x421f,0x421f,0x421f,0x421f,
	0x3e1e,0x3e1c,0x3e1c,0x3e1c,0x3e1c,0x3e1d,0x3e1f,0x421f,0x421f,0x421f,0x421f,0x421c,0x421c,0x421c,0x421c,0x421c,
	0x421f,0x421f,0x421f,0x421f,0x421f,0x421d,0x421c,0x421c,0x421c,0x421c,0x421e,0x421f,0x421f,0x421f,0x421f,0x421f,
	0x421c,0x421c,0x421c,0x421c,0x421c,0x421f,0x421f,0x421f,0x421f,0x421f,0x421d,0x421c,0x421c,0x421c,0x421c,0x421f,
	0x421d,0x3e07,0x3e06,0x3e05,0x3e04,0x3e04,0x3e04,0x3e04,0x3e04,0x3e04,0x3e05,0x3e05,0x3e06,0x3e06,0x3e07,0x3e07,
	0x4208,0x4208,0x4206,0x4606,0x4d6f,0x50f6,0x58d4,0x5cf3,0x58d5,0x54f6,0x5517,0x54f6,0x54f6,0x58d6,0x58d5,0x58d5,
	0x58d5,0x58d5,0x58d4,0x58d4,0x58d5,0x58d5,0x58d5,0x58d5,0x58d5,0x58d5,0x58f5,0x58f6,0x58f6,0x54f6,0x54f6,0x5516,
	0x5516,0x5516,0x49ba,0x3e1e,0x41ff,0x41ff,0x421f,0x421f,0x421f,0x421c,0x421c,0x421c,0x421c,0x421c,0x421f,0x421f,
	0x421f,0x421f,0x421f,0x421e,0x421c,0x421c,0x421c,0x421c,0x421e,0x421f,0x421f,0x421f,0x421f,0x421f,0x421c,0x421c,
	0x421c,0x421c,0x421c,0x421f,0x421f,0x421f,0x421f,0x421f,0x421d,0x421c,0x421c,0x421c,0x421c,0x421e,0x421f,0x421f,
	0x421d,0x421d,0x421e,0x421f,0x421e,0x421e,0x421f,0x421e,0x421d,0x421d,0x421d,0x421d,0x421d,0x421f,0x421f,0x421f,
	0x421f,0x421f,0x421d,0x421d,0x421d,0x421d,0x421d,0x421e,0x421f,0x421e,0x421e,0x421f,0x421e,0x421d,0x421d,0x421d,
	0x421d,0x421e,0x421f,0x421f,0x421f,0x421f,0x421e,0x421d,0x421d,0x421d,0x41fd,0x41fd,0x41fd,0x5176,0x5d12,0x5d12,
	0x5d13,0x5d12,0x5d13,0x5d12,0x5d12,0x5912,0x5d12,0x5934,0x5177,0x45dc,0x3e1f,0x3e1f,0x41fd,0x3e1d,0x3e1d,0x3e1d,
	0x421d,0x421e,0x421f,0x421f,0x421f,0x421f,0x421e,0x421d,0x421d,0x421d,0x421d,0x421e,0x421f,0x421f,0x421f,0x421f,
	0x3e1e,0x3e1d,0x3e1d,0x3e1d,0x3e1d,0x3e1d,0x3e1e,0x3e1f,0x3e1f,0x3e1f,0x3e1f,0x3e1e,0x3e1d,0x3e1d,0x3e1d,0x3e1d,
	0x3e1e,0x3e1f,0x3e1f,0x3e1f,0x3e1f,0x3e1e,0x3e1d,0x3e1d,0x421d,0x421d,0x421d,0x421f,0x421f,0x421f,0x421f,0x421f,
	0x421d,0x421d,0x421d,0x421d,0x421d,0x421e,0x421f,0x421f,0x421f,0x421f,0x421e,0x421d,0x421d,0x421d,0x421d,0x421d,
	0x421f,0x421f,0x421f,0x421f,0x421f,0x421d,0x421d,0x421d,0x421d,0x421d,0x421e,0x421f,0x421f,0x421f,0x421f,0x421e,
	0x421f,0x3e0f,0x3e05,0x3e06,0x3e04,0x3e04,0x3e04,0x3e04,0x3e04,0x3e04,0x3e05,0x3e05,0x3e05,0x3e06,0x3e06,0x3e06,
	0x3e05,0x45e5,0x4d8c,0x5136,0x58d7,0x5d0f,0x5911,0x58f5,0x54f7,0x54f7,0x54f6,0x54f6,0x58d6,0x58d5,0x58d5,0x58d5,
	0x58d4,0x58d4,0x58d5,0x58d5,0x58d5,0x58d4,0x58d5,0x58d5,0x58f5,0x58f5,0x58f5,0x58f6,0x5916,0x5516,0x5516,0x5516,
	0x5536,0x45dc,0x3e1f,0x3e1e,0x421d,0x421d,0x421d,0x421d,0x421d,0x421e,0x421f,0x421f,0x421f,0x421f,0x421d,0x421d,
	0x421d,0x421d,0x421d,0x421e,0x421f,0x421f,0x421f,0x421f,0x421e,0x421d,0x421d,0x421d,0x421d,0x421d,0x421f,0x421f,
	0x421f,0x421f,0x421f,0x421d,0x421d,0x421d,0x421d,0x421d,0x421e,0x421f,0x421f,0x421f,0x421f,0x421e,0x421d,0x421d,
	0x421c,0x421c,0x421e,0x421f,0x421f,0x421f,0x421f,0x421e,0x421c,0x421c,0x421c,0x421c,0x421d,0x421f,0x421f,0x421f,
	0x421f,0x421f,0x421d,0x421c,0x421c,0x421c,0x421c,0x421f,0x421f,0x421f,0x421f,0x421f,0x421e,0x421c,0x421c,0x421c,
	0x421c,0x421d,0x421f,0x421f,0x421f,0x421f,0x421f,0x421c,0x421c,0x421c,0x3e1c,0x41fc,0x421f,0x3e1f,0x45db,0x5176,
	0x5554,0x5553,0x5553,0x5554,0x5555,0x4d96,0x49b9,0x41fe,0x3e1f,0x3e1f,0x41ff,0x421f,0x3e1c,0x3e1c,0x3e1c,0x3e1c,
	0x421c,0x421f,0x421f,0x421f,0x421f,0x421f,0x421d,0x421c,0x421c,0x421c,0x421c,0x421e,0x421f,0x421f,0x421f,0x421f,
	0x421f,0x3e1c,0x3e1c,0x3e1c,0x3e1c,0x3e1c,0x3e1f,0x421f,0x421f,0x421f,0x421f,0x3e1d,0x3e1c,0x3e1c,0x3e1c,0x3e1c,
	0x3e1e,0x3e1f,0x421f,0x421f,0x421f,0x421e,0x3e1c,0x3e1c,0x421c,0x421c,0x421d,0x421f,0x421f,0x421f,0x421f,0x421f,
	0x421d,0x421c,0x421c,0x421c,0x421c,0x421e,0x421f,0x421f,0x421f,0x421f,0x421e,0x421c,0x421c,0x421c,0x421c,0x421d,
	0x421f,0x421f,0x421f,0x421f,0x421f,0x421c,0x421c,0x421c,0x421c,0x421c,0x421f,0x421f,0x421f,0x421f,0x421f,0x421e,
	0x421d,0x4217,0x3e06,0x3e06,0x3e05,0x3e04,0x3e04,0x3e04,0x3e04,0x3e04,0x3e04,0x3e04,0x3e05,0x3e05,0x3e24,0x4204,
	0x49ab,0x5115,0x54d8,0x5910,0x594b,0x5912,0x54f7,0x5517,0x54f7,0x54f6,0x54f6,0x58d6,0x58d5,0x58d5,0x58d5,0x58d4,
	0x58d5,0x58d5,0x58b4,0x58d5,0x58d5,0x58d5,0x58d5,0x58d5,0x58f5,0x58f5,0x58f5,0x5916,0x5516,0x5516,0x5515,0x5158,
	0x41fe,0x3e1f,0x41ff,0x3e1f,0x3e1c,0x421c,0x421c,0x421c,0x421d,0x421f,0x421f,0x421f,0x421f,0x421f,0x421d,0x421c,
	0x421c,0x421c,0x421c,0x421e,0x421f,0x421f,0x421f,0x421f,0x421e,0x421c,0x421c,0x421c,0x421c,0x421d,0x421f,0x421f,
	0x421f,0x421f,0x421f,0x421d,0x421c,0x421c,0x421c,0x421c,0x421e,0x421f,0x421f,0x421f,0x421f,0x421e,0x421c,0x421c,
	0x421c,0x421c,0x421e,0x421f,0x421f,0x421f,0x421f,0x421e,0x421c,0x421c,0x421c,0x421c,0x421d,0x421f,0x421f,0x421f,
	0x421f,0x421f,0x421d,0x421c,0x421c,0x421c,0x421c,0x421f,0x421f,0x421f,0x421f,0x421f,0x421e,0x421c,0x421c,0x421c,
	0x421c,0x421d,0x421f,0x421f,0x421f,0x421f,0x421f,0x421c,0x421c,0x421c,0x421c,0x421c,0x41ff,0x421f,0x3e1f,0x3e1f,
	0x41ff,0x41fd,0x41fb,0x41fc,0x3e1c,0x3e1d,0x3e1e,0x3e1f,0x421f,0x421f,0x421f,0x421f,0x3e1c,0x3e1c,0x3e1c,0x3e1c,
	0x421c,0x421f,0x421f,0x421f,0x421f,0x421f,0x421e,0x421c,0x421c,0x421c,0x421c,0x421e,0x421f,0x421f,0x421f,0x421f,
	0x3e1f,0x3e1c,0x3e1c,0x3e1c,0x3e1c,0x3e1c,0x3e1f,0x3e1f,0x3e1f,0x3e1f,0x3e1f,0x3e1d,0x3e1c,0x3e1c,0x3e1c,0x3e1c,
	0x3e1e,0x421f,0x421f,0x421f,0x421f,0x421e,0x3e1c,0x3e1c,0x421c,0x421c,0x421d,0x421f,0x421f,0x421f,0x421f,0x421f,
	0x421d,0x421c,0x421c,0x421c,0x421c,0x421e,0x421f,0x421f,0x421f,0x421f,0x421e,0x421c,0x421c,0x421c,0x421c,0x421d,
	0x421f,0x421f,0x421f,0x421f,0x421f,0x421c,0x421c,0x421c,0x421c,0x421c,0x421f,0x421f,0x421f,0x421f,0x421f,0x421e,
	0x421c,0x421d,0x3e0b,0x3e05,0x3e05,0x3e04,0x3e04,0x3e04,0x3e04,0x3e04,0x3e04,0x3e05,0x3e24,0x3e24,0x498a,0x5533,
	0x58d8,0x58f2,0x5969,0x596c,0x5536,0x54f8,0x54f7,0x54f7,0x58f6,0x58d6,0x58d6,0x58d5,0x58d5,0x58d4,0x58d4,0x58d5,
	0x58b5,0x58d4,0x58d4,0x58d4,0x58d5,0x58d5,0x58d5,0x58f5,0x58f5,0x58f5,0x5915,0x5916,0x5915,0x5536,0x49ba,0x421f,
	0x3e1f,0x421f,0x3e1f,0x3e1f,0x421c,0x421c,0x421c,0x421c,0x421d,0x421f,0x421f,0x421f,0x421f,0x421f,0x421d,0x421c,
	0x421c,0x421c,0x421c,0x421e,0x421f,0x421f,0x421f,0x421f,0x421e,0x421c,0x421c,0x421c,0x421c,0x421d,0x421f,0x421f,
	0x421f,0x421f,0x421f,0x421d,0x421c,0x421c,0x421c,0x421c,0x421e,0x421f,0x421f,0x421f,0x421f,0x421e,0x421c,0x421c,
	0x421d,0x421d,0x421e,0x421f,0x421f,0x421f,0x421f,0x421e,0x421d,0x421d,0x421d,0x421d,0x421d,0x421f,0x421f,0x421f,
	0x421f,0x421f,0x421d,0x421d,0x421d,0x421d,0x421d,0x421e,0x421f,0x421f,0x421f,0x421f,0x421e,0x421d,0x421d,0x421d,
	0x421d,0x421e,0x421f,0x421f,0x421f,0x421f,0x421e,0x421d,0x421d,0x421d,0x421d,0x421d,0x421e,0x421f,0x41fe,0x41ff,
	0x421f,0x3e1e,0x421d,0x421d,0x421d,0x421d,0x421e,0x421f,0x421f,0x421f,0x421f,0x421e,0x3e1d,0x3e1d,0x3e1d,0x3e1d,
	0x421d,0x421e,0x421f,0x421f,0x421f,0x421f,0x421e,0x421d,0x421d,0x421d,0x421d,0x421e,0x421f,0x421e,0x421f,0x421f,
	0x421e,0x3e1d,0x3e1d,0x3e1d,0x3e1d,0x3e1d,0x3e1e,0x421f,0x421f,0x421f,0x421f,0x3e1d,0x3e1d,0x3e1d,0x3e1d,0x3e1d,
	0x3e1e,0x3e1f,0x421f,0x421f,0x421f,0x421e,0x3e1d,0x3e1d,0x421d,0x421d,0x421d,0x421f,0x421f,0x421f,0x421f,0x421f,
	0x421d,0x421d,0x421d,0x421d,0x421d,0x421e,0x421f,0x421f,0x421f,0x421f,0x421e,0x421d,0x421d,0x421d,0x421d,0x421d,
	0x421f,0x421f,0x421f,0x421f,0x421f,0x421d,0x421d,0x421d,0x421d,0x421d,0x421e,0x421f,0x421e,0x421e,0x421e,0x421e,
	0x421d,0x421f,0x4214,0x3e04,0x3e06,0x3e05,0x3e04,0x3e04,0x3e04,0x3e04,0x3e23,0x3e23,0x45e9,0x5533,0x5cb7,0x5cd2,
	0x5949,0x5588,0x5132,0x5118,0x54f8,0x54f7,0x54f6,0x58d6,0x58d6,0x58d6,0x58b5,0x58d4,0x58d4,0x58d5,0x58d5,0x58b4,
	0x58d4,0x58d4,0x58d5,0x58d5,0x58d5,0x58f5,0x58f5,0x58f5,0x5915,0x5916,0x5915,0x5515,0x5158,0x45fc,0x3e1e,0x3e1f,
	0x3e1e,0x3e1f,0x3e1f,0x3e1e,0x421d,0x421d,0x421d,0x421d,0x421d,0x421f,0x421f,0x421f,0x421f,0x421f,0x421e,0x421d,
	0x421d,0x421d,0x421d,0x421e,0x421f,0x421f,0x421e,0x421f,0x421e,0x421d,0x421d,0x421d,0x421d,0x421d,0x421f,0x421f,
	0x421f,0x421f,0x421f,0x421d,0x421d,0x421d,0x421d,0x421d,0x421e,0x421f,0x421f,0x421e,0x421f,0x421e,0x421d,0x421d,
	0x421f,0x421f,0x421d,0x421c,0x421c,0x421c,0x421c,0x421e,0x421f,0x421f,0x421f,0x421f,0x421f,0x421c,0x421c,0x421c,
	0x421c,0x421d,0x421f,0x421f,0x421f,0x421f,0x421f,0x421d,0x421c,0x421c,0x421c,0x421c,0x421e,0x421f,0x421f,0x421f,
	0x421f,0x421f,0x421c,0x421c,0x421c,0x421c,0x421d,0x421f,0x421f,0x421f,0x421f,0x421f,0x421d,0x421c,0x421c,0x421c,
	0x421c,0x421e,0x421f,0x421f,0x421f,0x421f,0x421e,0x421c,0x421c,0x421c,0x421c,0x421d,0x421f,0x421f,0x421f,0x421f,
	0x421f,0x421d,0x421c,0x421c,0x421c,0x421c,0x421f,0x421f,0x421f,0x421f,0x421f,0x421e,0x421c,0x421c,0x421c,0x421c,
	0x421d,0x421f,0x421f,0x421f,0x421f,0x421f,0x421c,0x421c,0x421c,0x421c,0x421c,0x421f,0x421f,0x421f,0x421f,0x421f,
	0x421e,0x421c,0x421c,0x421c,0x421c,0x421e,0x421f,0x421f,0x421f,0x421f,0x421f,0x421c,0x421c,0x421c,0x421c,0x421c,
	0x421f,0x421f,0x421f,0x421f,0x421f,0x421d,0x421c,0x421c,0x421c,0x421c,0x421e,0x421f,0x421f,0x421f,0x421f,0x421f,
	0x421c,0x421c,0x421c,0x421c,0x421d,0x421f,0x421f,0x421f,0x421f,0x421f,0x421d,0x421c,0x421c,0x421c,0x421c,0x421e,
	0x421f,0x421f,0x421d,0x3e08,0x3e06,0x3e05,0x3e04,0x3e04,0x3e04,0x3e22,0x45c7,0x5131,0x5cd6,0x5cd3,0x5949,0x51a6,
	0x514f,0x5517,0x50f9,0x54f7,0x54f6,0x54d6,0x58d6,0x58d6,0x58d5,0x58d5,0x58d4,0x58d4,0x58d5,0x58d5,0x58d4,0x58d4,
	0x58d4,0x58d4,0x58d5,0x58f5,0x58f5,0x58f5,0x5915,0x5515,0x5535,0x5935,0x5556,0x45bb,0x41ff,0x3e1f,0x3e1e,0x3e1c,
	0x3e1c,0x3e1c,0x3e1c,0x3e1d,0x421f,0x421f,0x421f,0x421f,0x421f,0x421c,0x421c,0x421c,0x421c,0x421c,0x421f,0x421f,
	0x421f,0x421f,0x421f,0x421e,0x421c,0x421c,0x421c,0x421c,0x421e,0x421f,0x421f,0x421f,0x421f,0x421f,0x421c,0x421c,
	0x421c,0x421c,0x421c,0x421f,0x421f,0x421f,0x421f,0x421f,0x421d,0x421c,0x421c,0x421c,0x421c,0x421e,0x421f,0x421f,
	0x421f,0x421f,0x421d,0x421c,0x421c,0x421c,0x421c,0x421e,0x421f,0x421f,0x421f,0x421f,0x421f,0x421c,0x421c,0x421c,
	0x421c,0x421d,0x421f,0x421f,0x421f,0x421f,0x421f,0x421d,0x421c,0x421c,0x421c,0x421c,0x421e,0x421f,0x421f,0x421f,
	0x421f,0x421f,0x421c,0x421c,0x421c,0x421c,0x421d,0x421f,0x421f,0x421f,0x421f,0x421f,0x421d,0x421c,0x421c,0x421c,
	0x421c,0x421e,0x421f,0x421f,0x421f,0x421f,0x421e,0x421c,0x421c,0x421c,0x421c,0x421d,0x421f,0x421f,0x421f,0x421f,
	0x421f,0x421d,0x421c,0x421d,0x421c,0x421c,0x421f,0x421f,0x421f,0x421f,0x421f,0x421e,0x421c,0x421c,0x421c,0x421c,
	0x421d,0x421f,0x421f,0x421f,0x421f,0x421f,0x421d,0x421c,0x421c,0x421c,0x421c,0x421f,0x421f,0x421f,0x421f,0x421f,
	0x421e,0x421c,0x421c,0x421c,0x421c,0x421e,0x421f,0x421f,0x421f,0x421f,0x421f,0x421c,0x421c,0x421c,0x421c,0x421c,
	0x421f,0x421f,0x421f,0x421f,0x421f,0x421d,0x421c,0x421c,0x421c,0x421c,0x421e,0x421f,0x421f,0x421f,0x421f,0x421f,
	0x421c,0x421c,0x421c,0x421c,0x421d,0x421f,0x421f,0x421f,0x421f,0x421f,0x421d,0x421c,0x421d,0x421d,0x421c,0x421e,
	0x421f,0x421f,0x421f,0x420f,0x3e04,0x3e06,0x3e04,0x3e23,0x3e06,0x4d6f,0x5cd5,0x60d3,0x594b,0x51a5,0x518c,0x5516,
	0x54f9,0x50f7,0x54f7,0x54f6,0x58d6,0x58d6,0x58d5,0x58d5,0x58d4,0x58d5,0x58d5,0x58b4,0x58b4,0x58d4,0x58d5,0x58f4,
	0x58f5,0x58f5,0x58f5,0x58f5,0x5915,0x5915,0x5515,0x5915,0x5556,0x4d9a,0x41fe,0x3e1f,0x3e1f,0x41ff,0x3e1e,0x3e1c,
	0x3e1c,0x3e1c,0x3e1c,0x3e1d,0x421f,0x421f,0x421f,0x421f,0x421f,0x421d,0x421d,0x421d,0x421d,0x421d,0x421f,0x421f,
	0x421f,0x421f,0x421f,0x421e,0x421c,0x421c,0x421c,0x421c,0x421e,0x421f,0x421f,0x421f,0x421f,0x421f,0x421c,0x421c,
	0x421c,0x421c,0x421d,0x421f,0x421f,0x421f,0x421f,0x421f,0x421d,0x421c,0x421c,0x421c,0x421c,0x421e,0x421f,0x421f,
	0x421f,0x421f,0x421d,0x421c,0x421c,0x421c,0x421c,0x421e,0x421f,0x421f,0x421f,0x421f,0x421f,0x421c,0x421c,0x421c,
	0x421c,0x421d,0x421f,0x421f,0x421f,0x421f,0x421f,0x421d,0x421c,0x421c,0x421c,0x421c,0x421e,0x421f,0x421f,0x421f,
	0x421f,0x421f,0x421c,0x421c,0x421c,0x421c,0x421d,0x421f,0x421f,0x421f,0x421f,0x421f,0x421d,0x421c,0x421c,0x421c,
	0x421c,0x421e,0x421f,0x421f,0x421f,0x421f,0x421e,0x421c,0x421c,0x421c,0x421c,0x421d,0x421f,0x421f,0x421f,0x421f,
	0x421f,0x421d,0x421c,0x421c,0x421c,0x421c,0x421e,0x421f,0x421f,0x421f,0x421f,0x421e,0x421c,0x421c,0x421c,0x421c,
	0x421d,0x421f,0x421f,0x421f,0x421f,0x421f,0x421c,0x421c,0x421c,0x421c,0x421c,0x421f,0x421f,0x421f,0x421f,0x421f,
	0x421e,0x421c,0x421c,0x421c,0x421c,0x421e,0x421f,0x421f,0x421f,0x421f,0x421f,0x421c,0x421c,0x421c,0x421c,0x421c,
	0x421f,0x421f,0x421f,0x421f,0x421f,0x421d,0x421c,0x421c,0x421c,0x421c,0x421e,0x421f,0x421f,0x421f,0x421f,0x421f,
	0x421c,0x421c,0x421c,0x421c,0x421d,0x421f,0x421f,0x421f,0x421f,0x421f,0x421d,0x421c,0x421c,0x421c,0x421c,0x421e,
	0x421f,0x421f,0x421f,0x421a,0x4204,0x3e05,0x4223,0x49cc,0x5534,0x60d4,0x5d0d,0x5185,0x518a,0x5555,0x54f9,0x54f8,
	0x54f7,0x58f6,0x58d6,0x58d6,0x58d5,0x58d4,0x58d4,0x58d5,0x58d5,0x58d5,0x58d4,0x58d4,0x58d4,0x58d4,0x58f4,0x58f4,
	0x58f4,0x58f4,0x5915,0x5915,0x5915,0x5915,0x5535,0x4d98,0x41db,0x3dff,0x3dff,0x41ff,0x421f,0x421f,0x421e,0x421c,
	0x421c,0x421c,0x421c,0x421d,0x421f,0x421f,0x421f,0x421f,0x421f,0x421c,0x421c,0x421c,0x421c,0x421c,0x421f,0x421f,
	0x421f,0x421f,0x421f,0x421d,0x421c,0x421c,0x421c,0x421c,0x421e,0x421f,0x421f,0x421f,0x421f,0x421f,0x421c,0x421c,
	0x421c,0x421c,0x421c,0x421f,0x421f,0x421f,0x421f,0x421f,0x421d,0x421c,0x421c,0x421c,0x421c,0x421e,0x421f,0x421f,
	0x421d,0x421d,0x421e,0x421f,0x421f,0x421f,0x421f,0x421e,0x421d,0x421d,0x421d,0x421d,0x421d,0x421f,0x421f,0x421f,
	0x421f,0x421f,0x421d,0x421d,0x421d,0x421d,0x421d,0x421e,0x421f,0x421f,0x421f,0x421f,0x421e,0x421d,0x421d,0x421d,
	0x421d,0x421d,0x421f,0x421f,0x421f,0x421f,0x421f,0x421d,0x421d,0x421d,0x421d,0x421d,0x421e,0x421f,0x421f,0x421f,
	0x421f,0x421e,0x421d,0x421d,0x421d,0x421d,0x421e,0x421f,0x421f,0x421f,0x421f,0x421f,0x421d,0x421d,0x421d,0x421d,
	0x421d,0x421e,0x421f,0x421f,0x421f,0x421f,0x421e,0x421d,0x421d,0x421d,0x421d,0x421e,0x421f,0x421f,0x421f,0x421f,
	0x421e,0x421d,0x421d,0x421d,0x421d,0x421d,0x421e,0x421f,0x421f,0x421f,0x421f,0x421d,0x421d,0x421d,0x421d,0x421d,
	0x421e,0x421f,0x421f,0x421f,0x421f,0x421e,0x421d,0x421d,0x421d,0x421d,0x421d,0x421f,0x421f,0x421f,0x421f,0x421f,
	0x421d,0x421d,0x421d,0x421d,0x421d,0x421e,0x421f,0x421f,0x421f,0x421f,0x421e,0x421d,0x421d,0x421d,0x421d,0x421d,
	0x421f,0x421f,0x421f,0x421f,0x421f,0x421d,0x421d,0x421d,0x421d,0x421d,0x421e,0x421f,0x421f,0x421f,0x421f,0x421e,
	0x421d,0x421d,0x421d,0x3e1e,0x3e0c,0x4205,0x5191,0x5cf4,0x60f1,0x5548,0x4da6,0x5152,0x551a,0x5119,0x5517,0x54d6,
	0x58d6,0x58d6,0x58d5,0x58d5,0x58d4,0x58d5,0x58b5,0x58b5,0x58d4,0x58d4,0x58d4,0x58d5,0x58d4,0x58d4,0x58f4,0x58f4,
	0x58f4,0x5914,0x5915,0x5914,0x5535,0x4d98,0x45dd,0x3e1f,0x3e1f,0x41fd,0x421d,0x421d,0x421d,0x421d,0x421e,0x421f,
	0x421f,0x421f,0x421f,0x421e,0x421d,0x421d,0x421d,0x421d,0x421d,0x421f,0x421f,0x421f,0x421f,0x421f,0x421e,0x421d,
	0x421d,0x421d,0x421d,0x421e,0x421f,0x421f,0x421f,0x421f,0x421e,0x421d,0x421d,0x421d,0x421d,0x421d,0x421f,0x421f,
	0x421f,0x421f,0x421f,0x421d,0x421d,0x421d,0x421d,0x421d,0x421e,0x421f,0x421f,0x421f,0x421f,0x421e,0x421d,0x421d,
	0x421c,0x421c,0x421e,0x421f,0x421f,0x421f,0x421f,0x421e,0x421c,0x421c,0x421c,0x421c,0x421d,0x421f,0x421f,0x421f,
	0x421f,0x421f,0x421d,0x421c,0x421c,0x421c,0x421c,0x421e,0x421f,0x421f,0x421f,0x421f,0x421e,0x421c,0x421c,0x421c,
	0x421c,0x421d,0x421f,0x421f,0x421f,0x421f,0x421f,0x421d,0x421c,0x421c,0x421c,0x421c,0x421f,0x421f,0x421f,0x421f,
	0x421f,0x421e,0x421c,0x421c,0x421c,0x421c,0x421e,0x421f,0x421f,0x421f,0x421f,0x421f,0x421c,0x421c,0x421c,0x421c,
	0x421c,0x421f,0x421f,0x421f,0x421f,0x421f,0x421e,0x421c,0x421c,0x421c,0x421c,0x421e,0x421f,0x421f,0x421f,0x421f,
	0x421f,0x421c,0x421c,0x421c,0x421c,0x421c,0x421f,0x421f,0x421f,0x421f,0x421f,0x421d,0x421c,0x421c,0x421c,0x421c,
	0x421e,0x421f,0x421f,0x421f,0x421f,0x421e,0x421c,0x421c,0x421c,0x421c,0x421d,0x421f,0x421f,0x421f,0x421f,0x421f,
	0x421d,0x421c,0x421c,0x421c,0x421c,0x421e,0x421f,0x421f,0x421f,0x421f,0x421e,0x421c,0x421c,0x421c,0x421c,0x421d,
	0x421f,0x421f,0x421f,0x421f,0x421f,0x421d,0x421c,0x421c,0x421c,0x421c,0x421e,0x421f,0x421f,0x421f,0x421f,0x421e,
	0x421c,0x421c,0x421c,0x3e1d,0x3e1a,0x4d73,0x5cf2,0x5d2e,0x5586,0x4d8c,0x5138,0x511a,0x5517,0x54f6,0x54f6,0x58d5,
	0x58d5,0x58d5,0x58d5,0x58d5,0x58b5,0x58b4,0x58b4,0x58d4,0x58d4,0x58d4,0x58d4,0x58f4,0x58f4,0x58f4,0x58f4,0x5914,
	0x5914,0x5914,0x5555,0x4d98,0x45dc,0x421f,0x3e1f,0x41ff,0x41ff,0x421d,0x421c,0x421c,0x421c,0x421c,0x421e,0x421f,
	0x421f,0x421f,0x421f,0x421f,0x421c,0x421c,0x421c,0x421c,0x421d,0x421f,0x421f,0x421f,0x421f,0x421f,0x421d,0x421c,
	0x421c,0x421c,0x421c,0x421e,0x421f,0x421f,0x421f,0x421f,0x421e,0x421c,0x421c,0x421c,0x421c,0x421d,0x421f,0x421f,
	0x421f,0x421f,0x421f,0x421d,0x421c,0x421c,0x421c,0x421c,0x421e,0x421f,0x421f,0x421f,0x421f,0x421e,0x421c,0x421c,
	0x421c,0x421c,0x421e,0x421f,0x421f,0x421f,0x421f,0x421e,0x421c,0x421c,0x421c,0x421c,0x421d,0x421f,0x421f,0x421f,
	0x421f,0x421f,0x421d,0x421c,0x421c,0x421c,0x421c,0x421e,0x421f,0x421f,0x421f,0x421f,0x421e,0x421c,0x421c,0x421c,
	0x421c,0x421d,0x421f,0x421f,0x421f,0x421f,0x421f,0x421c,0x421c,0x421c,0x421c,0x421c,0x421f,0x421f,0x421f,0x421f,
	0x421f,0x421e,0x421c,0x421c,0x421c,0x421c,0x421e,0x421f,0x421f,0x421f,0x421f,0x421f,0x421c,0x421c,0x421c,0x421c,
	0x421c,0x421f,0x421f,0x421f,0x421f,0x421f,0x421e,0x421c,0x421c,0x421c,0x421c,0x421e,0x421f,0x421f,0x421f,0x421f,
	0x421f,0x421c,0x421c,0x421c,0x421c,0x421c,0x421f,0x421f,0x421f,0x421f,0x421f,0x421d,0x421c,0x421c,0x421c,0x421c,
	0x421e,0x421f,0x421f,0x421f,0x421f,0x421e,0x421c,0x421c,0x421c,0x421c,0x421c,0x421f,0x421f,0x421f,0x421f,0x421f,
	0x421d,0x421c,0x421c,0x421c,0x421c,0x421e,0x421f,0x421f,0x421f,0x421f,0x421e,0x421c,0x421c,0x421c,0x421c,0x421d,
	0x421f,0x421f,0x421f,0x421f,0x421f,0x421d,0x421c,0x421c,0x421c,0x421c,0x421f,0x421f,0x421f,0x421f,0x421f,0x421e,
	0x421c,0x421c,0x421c,0x3e1c,0x3e1d,0x5553,0x612d,0x51a7,0x4d91,0x513a,0x5118,0x54f6,0x54f6,0x58d5,0x58d5,0x58d5,
	0x58d4,0x58d5,0x58b5,0x58b5,0x58b4,0x58d4,0x58d4,0x58d4,0x58d4,0x58d4,0x58f4,0x58f4,0x58f4,0x58f4,0x5914,0x5914,
	0x5555,0x4d97,0x41fa,0x3e1d,0x3e1f,0x41ff,0x421f,0x421f,0x421f,0x421d,0x421c,0x421c,0x421c,0x421c,0x421e,0x421f,
	0x421f,0x421f,0x421f,0x421f,0x421c,0x421c,0x421c,0x421c,0x421d,0x421f,0x421f,0x421f,0x421f,0x421f,0x421d,0x421c,
	0x421c,0x421c,0x421c,0x421e,0x421f,0x421f,0x421f,0x421f,0x421e,0x421c,0x421c,0x421c,0x421c,0x421d,0x421f,0x421f,
	0x421f,0x421f,0x421f,0x421d,0x421c,0x421c,0x421c,0x421c,0x421e,0x421f,0x421f,0x421f,0x421f,0x421e,0x421c,0x421c,
	0x421d,0x421d,0x421e,0x421f,0x421f,0x421f,0x421f,0x421e,0x421d,0x421d,0x421d,0x421d,0x421d,0x421e,0x421f,0x421f,
	0x421f,0x421f,0x421e,0x421d,0x421d,0x421d,0x421d,0x421e,0x421f,0x421e,0x421e,0x421f,0x421e,0x421d,0x421d,0x421d,
	0x421d,0x421e,0x421f,0x421f,0x421f,0x421f,0x421f,0x421d,0x421d,0x421d,0x421d,0x421d,0x421e,0x421f,0x421f,0x421f,
	0x421f,0x421e,0x421d,0x421d,0x421d,0x421d,0x421e,0x421e,0x421e,0x421e,0x421f,0x421e,0x421d,0x421d,0x421d,0x421d,
	0x421d,0x421e,0x421f,0x421f,0x421f,0x421f,0x421e,0x421d,0x421d,0x421d,0x421d,0x421e,0x421e,0x421e,0x421e,0x421e,
	0x421e,0x421d,0x421d,0x421d,0x421d,0x421d,0x421e,0x421f,0x421f,0x421e,0x421f,0x421d,0x421d,0x421d,0x421d,0x421d,
	0x421e,0x421e,0x421e,0x421e,0x421e,0x421e,0x421d,0x421d,0x421d,0x421d,0x421d,0x421e,0x421e,0x421e,0x421e,0x421e,
	0x421e,0x421d,0x421d,0x421d,0x421d,0x421e,0x421f,0x421f,0x421f,0x421f,0x421e,0x421d,0x421d,0x421d,0x421d,0x421e,
	0x421e,0x421e,0x421e,0x421e,0x421e,0x421d,0x421d,0x421d,0x421d,0x421d,0x421e,0x421f,0x421f,0x421f,0x421f,0x421e,
	0x421d,0x421d,0x421d,0x41fd,0x3e1e,0x49ba,0x556c,0x5193,0x515a,0x5516,0x54f6,0x58f5,0x58d4,0x58d4,0x58d4,0x58d5,
	0x58d5,0x58d4,0x58d4,0x58d4,0x58d4,0x58d4,0x58d4,0x58f4,0x58f4,0x58f4,0x58f4,0x5914,0x5914,0x5934,0x5555,0x4d98,
	0x41fc,0x3e1e,0x3e1e,0x41fd,0x41fe,0x421e,0x421e,0x421e,0x421e,0x421e,0x421d,0x421d,0x421d,0x421d,0x421e,0x421f,
	0x421f,0x421f,0x421f,0x421e,0x421d,0x421d,0x421d,0x421d,0x421e,0x421e,0x421f,0x421f,0x421e,0x421f,0x421e,0x421d,
	0x421d,0x421d,0x421d,0x421e,0x421f,0x421e,0x421f,0x421f,0x421e,0x421d,0x421d,0x421d,0x421d,0x421e,0x421e,0x421f,
	0x421f,0x421f,0x421f,0x421e,0x421d,0x421d,0x421d,0x421d,0x421e,0x421f,0x421e,0x421f,0x421f,0x421e,0x421d,0x421d,
	0x421f,0x421f,0x421d,0x421c,0x421c,0x421c,0x421c,0x421d,0x421f,0x421f,0x421f,0x421f,0x421f,0x421c,0x421c,0x421c,
	0x421c,0x421c,0x421f,0x421f,0x421f,0x421f,0x421f,0x421d,0x421c,0x421c,0x421c,0x421c,0x421e,0x421f,0x421f,0x421f,
	0x421f,0x421f,0x421c,0x421c,0x421c,0x421c,0x421d,0x421f,0x421f,0x421f,0x421f,0x421f,0x421d,0x421c,0x421c,0x421c,
	0x421c,0x421e,0x421f,0x421f,0x421f,0x421f,0x421e,0x421c,0x421c,0x421c,0x421c,0x421d,0x421f,0x421f,0x421f,0x421f,
	0x421f,0x421d,0x421c,0x421c,0x421c,0x421c,0x421e,0x421f,0x421f,0x421f,0x421f,0x421e,0x421c,0x421c,0x421c,0x421c,
	0x421d,0x421f,0x421f,0x421f,0x421f,0x421f,0x421d,0x421c,0x421c,0x421c,0x421c,0x421f,0x421f,0x421f,0x421f,0x421f,
	0x421e,0x421c,0x421c,0x421c,0x421c,0x421d,0x421f,0x421f,0x421f,0x421f,0x421f,0x421c,0x421c,0x421c,0x421c,0x421c,
	0x421f,0x421f,0x421f,0x421f,0x421f,0x421d,0x421c,0x421c,0x421c,0x421c,0x421e,0x421f,0x421f,0x421f,0x421f,0x421f,
	0x421c,0x421c,0x421c,0x421c,0x421d,0x421f,0x421f,0x421f,0x421f,0x421f,0x421d,0x421c,0x421c,0x421c,0x421c,0x421e,
	0x421f,0x421f,0x421f,0x421f,0x3e1e,0x3e1d,0x45db,0x5157,0x5515,0x58f5,0x58f4,0x58f4,0x58d4,0x58d4,0x58d4,0x58d4,
	0x58d4,0x58d4,0x58d4,0x58d4,0x58d4,0x58f4,0x58f4,0x58f4,0x58f3,0x5913,0x5d33,0x5933,0x5575,0x49b8,0x41fc,0x3e1f,
	0x3e1f,0x421f,0x421f,0x421f,0x421d,0x421c,0x421c,0x421c,0x421c,0x421f,0x421f,0x421f,0x421f,0x421f,0x421e,0x421c,
	0x421c,0x421c,0x421c,0x421d,0x421f,0x421f,0x421f,0x421f,0x421f,0x421c,0x421c,0x421c,0x421c,0x421c,0x421f,0x421f,
	0x421f,0x421f,0x421f,0x421e,0x421c,0x421c,0x421c,0x421c,0x421e,0x421f,0x421f,0x421f,0x421f,0x421f,0x421c,0x421c,
	0x421c,0x421c,0x421c,0x421f,0x421f,0x421f,0x421f,0x421f,0x421d,0x421c,0x421c,0x421c,0x421c,0x421e,0x421f,0x421f,
	0x421f,0x421f,0x421d,0x421c,0x421c,0x421c,0x421c,0x421e,0x421f,0x421f,0x421f,0x421f,0x421f,0x421c,0x421c,0x421d,
	0x421c,0x421d,0x421f,0x421f,0x421f,0x421f,0x421f,0x421d,0x421c,0x421c,0x421c,0x421c,0x421e,0x421f,0x421f,0x421f,
	0x421f,0x421f,0x421c,0x421c,0x421c,0x421c,0x421d,0x421f,0x421f,0x421f,0x421f,0x421f,0x421d,0x421c,0x421c,0x421c,
	0x421c,0x421e,0x421f,0x421f,0x421f,0x421f,0x421e,0x421c,0x421c,0x421c,0x421c,0x421d,0x421f,0x421f,0x421f,0x421f,
	0x421f,0x421d,0x421c,0x421c,0x421c,0x421c,0x421e,0x421f,0x421f,0x421f,0x421f,0x421e,0x421c,0x421c,0x421c,0x421c,
	0x421d,0x421f,0x421f,0x421f,0x421f,0x421f,0x421d,0x421c,0x421d,0x421d,0x421d,0x421f,0x421f,0x421f,0x421f,0x421f,
	0x421e,0x421c,0x421c,0x421c,0x421c,0x421d,0x421f,0x421f,0x421f,0x421f,0x421f,0x421c,0x421c,0x421c,0x421c,0x421c,
	0x421f,0x421f,0x421f,0x421f,0x421f,0x421d,0x421c,0x421d,0x421d,0x421c,0x421e,0x421f,0x421f,0x421f,0x421f,0x421f,
	0x421c,0x421c,0x421c,0x421c,0x421d,0x421f,0x421f,0x421f,0x421f,0x421f,0x421d,0x421c,0x421c,0x421d,0x421c,0x421e,
	0x421f,0x421f,0x421f,0x421f,0x421e,0x3e1d,0x4d98,0x5514,0x5914,0x58f4,0x58f4,0x58f4,0x58d4,0x58d3,0x58d4,0x58f4,
	0x58f4,0x58f4,0x58f4,0x58f4,0x58f3,0x58f3,0x58f3,0x5913,0x5d12,0x5953,0x5176,0x49b9,0x41fc,0x3e1d,0x3e1d,0x41ff,
	0x421f,0x3e1f,0x421f,0x421f,0x421d,0x421c,0x421c,0x421c,0x421c,0x421f,0x421f,0x421f,0x421f,0x421f,0x421e,0x421c,
	0x421d,0x421c,0x421c,0x421d,0x421f,0x421f,0x421f,0x421f,0x421f,0x421c,0x421c,0x421c,0x421c,0x421d,0x421f,0x421f,
	0x421f,0x421f,0x421f,0x421e,0x421c,0x421c,0x421c,0x421c,0x421d,0x421f,0x421f,0x421f,0x421f,0x421f,0x421c,0x421c,
	0x421c,0x421c,0x421c,0x421f,0x421f,0x421f,0x421f,0x421f,0x421d,0x421c,0x421c,0x421c,0x421c,0x421e,0x421f,0x421f,
	0x421f,0x421f,0x421d,0x421c,0x421c,0x421c,0x421c,0x421e,0x421f,0x421f,0x421f,0x421f,0x421f,0x421c,0x421c,0x421c,
	0x421c,0x421c,0x421f,0x421f,0x421f,0x421f,0x421f,0x421d,0x421c,0x421c,0x421c,0x421c,0x421e,0x421f,0x421f,0x421f,
	0x421f,0x421f,0x421c,0x421c,0x421c,0x421c,0x421d,0x421f,0x421f,0x421f,0x421f,0x421f,0x421d,0x421c,0x421c,0x421c,
	0x421c,0x421e,0x421f,0x421f,0x421f,0x421f,0x421e,0x421c,0x421c,0x421c,0x421c,0x421d,0x421f,0x421f,0x421f,0x421f,
	0x421f,0x421d,0x421c,0x421c,0x421c,0x421c,0x421f,0x421f,0x421f,0x421f,0x421f,0x421e,0x421c,0x421c,0x421c,0x421c,
	0x421d,0x421f,0x421f,0x421f,0x421f,0x421f,0x421c,0x421c,0x421c,0x421c,0x421c,0x421f,0x421f,0x421f,0x421f,0x421f,
	0x421e,0x421c,0x421c,0x421c,0x421c,0x421d,0x421f,0x421f,0x421f,0x421f,0x421f,0x421c,0x421c,0x421c,0x421c,0x421c,
	0x421f,0x421f,0x421f,0x421f,0x421f,0x421d,0x421c,0x421d,0x421c,0x421c,0x421e,0x421f,0x421f,0x421f,0x421f,0x421f,
	0x421c,0x421c,0x421c,0x421c,0x421d,0x421f,0x421f,0x421f,0x421f,0x421f,0x421d,0x421c,0x421c,0x421d,0x421c,0x421e,
	0x421f,0x421f,0x421f,0x421f,0x421e,0x3e1d,0x4d97,0x5913,0x5914,0x5913,0x58f3,0x58f3,0x58f3,0x58f3,0x58f3,0x5cf3,
	0x5cf3,0x5cf3,0x5cf3,0x58f3,0x5cf2,0x5d12,0x5d32,0x5554,0x4db8,0x45fb,0x3e1c,0x3e1d,0x3e1c,0x421c,0x421d,0x421f,
	0x3e1f,0x3e1f,0x421f,0x421f,0x421d,0x421c,0x421c,0x421c,0x421c,0x421f,0x421f,0x421f,0x421f,0x421f,0x421e,0x421c,
	0x421d,0x421c,0x421c,0x421d,0x421f,0x421f,0x421f,0x421f,0x421f,0x421d,0x421c,0x421c,0x421c,0x421c,0x421f,0x421f,
	0x421f,0x421f,0x421f,0x421e,0x421c,0x421c,0x421c,0x421c,0x421d,0x421f,0x421f,0x421f,0x421f,0x421f,0x421c,0x421c,
	0x421c,0x421c,0x421c,0x421f,0x421f,0x421f,0x421f,0x421f,0x421d,0x421c,0x421c,0x421c,0x421c,0x421e,0x421f,0x421f,
	0x421d,0x421d,0x421e,0x421f,0x421f,0x421f,0x421f,0x421e,0x421d,0x421d,0x421d,0x421d,0x421d,0x421f,0x421f,0x421f,
	0x421f,0x421f,0x421d,0x421d,0x421d,0x421d,0x421d,0x421e,0x421f,0x421f,0x421f,0x421f,0x421e,0x421d,0x421d,0x421d,
	0x421d,0x421e,0x421f,0x421f,0x421f,0x421f,0x421f,0x421d,0x421d,0x421d,0x421d,0x421d,0x421e,0x421f,0x421f,0x421f,
	0x421f,0x421e,0x421d,0x421d,0x421d,0x421d,0x421e,0x421f,0x421f,0x421f,0x421f,0x421f,0x421d,0x421d,0x421d,0x421d,
	0x421d,0x421e,0x421f,0x421f,0x421f,0x421f,0x421e,0x421d,0x421d,0x421d,0x421d,0x421e,0x421f,0x421f,0x421f,0x421f,
	0x421e,0x421d,0x421d,0x421d,0x421d,0x421d,0x421e,0x421f,0x421f,0x421f,0x421f,0x421d,0x421d,0x421d,0x421d,0x421d,
	0x421e,0x421f,0x421f,0x421f,0x421f,0x421e,0x421d,0x421d,0x421d,0x421d,0x421d,0x421f,0x421f,0x421f,0x421f,0x421f,
	0x421d,0x421d,0x421d,0x421d,0x421d,0x421e,0x421f,0x421f,0x421f,0x421f,0x421e,0x421d,0x421d,0x421d,0x421d,0x421d,
	0x421f,0x421f,0x421f,0x421f,0x421f,0x421d,0x421d,0x421d,0x421d,0x421d,0x421e,0x421f,0x421f,0x421f,0x421f,0x421e,
	0x421d,0x421d,0x421d,0x421d,0x421d,0x3e1f,0x45fc,0x5932,0x5912,0x5933,0x5912,0x5913,0x58f3,0x58f3,0x5cf2,0x58f3,
	0x58f3,0x5cf2,0x5cf1,0x5d11,0x5d32,0x5574,0x49b8,0x41fc,0x3e1e,0x3e1e,0x3e1f,0x41ff,0x421f,0x3e1f,0x3e1e,0x3e1d,
	0x3e1d,0x3e1d,0x421d,0x421d,0x421e,0x421f,0x421f,0x421f,0x421f,0x421e,0x421d,0x421d,0x421d,0x421d,0x421e,0x421f,
	0x421f,0x421f,0x421f,0x421e,0x421d,0x421d,0x421d,0x421d,0x421d,0x421f,0x421f,0x421f,0x421f,0x421f,0x421d,0x421d,
	0x421d,0x421d,0x421d,0x421e,0x421f,0x421f,0x421f,0x421f,0x421e,0x421d,0x421d,0x421d,0x421d,0x421d,0x421f,0x421f,
	0x421f,0x421f,0x421f,0x421d,0x421d,0x421d,0x421d,0x421d,0x421e,0x421f,0x421f,0x421f,0x421f,0x421e,0x421d,0x421d,
	0x421c,0x421c,0x421e,0x421f,0x421f,0x421f,0x421f,0x421e,0x421c,0x421c,0x421c,0x421c,0x421d,0x421f,0x421f,0x421f,
	0x421f,0x421f,0x421d,0x421c,0x421c,0x421c,0x421c,0x421e,0x421f,0x421f,0x421f,0x421f,0x421e,0x421c,0x421c,0x421c,
	0x421c,0x421d,0x421f,0x421f,0x421f,0x421f,0x421f,0x421d,0x421c,0x421c,0x421c,0x421c,0x421f,0x421f,0x421f,0x421f,
	0x421f,0x421e,0x421c,0x421c,0x421c,0x421c,0x421e,0x421f,0x421f,0x421f,0x421f,0x421f,0x421c,0x421c,0x421c,0x421c,
	0x421c,0x421f,0x421f,0x421f,0x421f,0x421f,0x421d,0x421c,0x421c,0x421c,0x421c,0x421e,0x421f,0x421f,0x421f,0x421f,
	0x421f,0x421c,0x421c,0x421c,0x421c,0x421d,0x421f,0x421f,0x421f,0x421f,0x421f,0x421d,0x421c,0x421c,0x421c,0x421c,
	0x421e,0x421f,0x421f,0x421f,0x421f,0x421f,0x421c,0x421c,0x421c,0x421c,0x421d,0x421f,0x421f,0x421f,0x421f,0x421f,
	0x421d,0x421c,0x421c,0x421c,0x421c,0x421e,0x421f,0x421f,0x421f,0x421f,0x421e,0x421c,0x421c,0x421c,0x421c,0x421d,
	0x421f,0x421f,0x421f,0x421f,0x421f,0x421d,0x421c,0x421c,0x421c,0x421c,0x421f,0x421f,0x421f,0x421f,0x421f,0x421e,
	0x421c,0x421c,0x421c,0x421c,0x421d,0x421f,0x3e1f,0x45db,0x5573,0x5930,0x5d11,0x5911,0x5911,0x5d11,0x5d11,0x5d10,
	0x5d10,0x5d30,0x5572,0x4db7,0x45fa,0x3e1c,0x3e1d,0x3e1d,0x3dfc,0x3e1d,0x421f,0x421f,0x421f,0x421f,0x3e1f,0x3e1c,
	0x3e1c,0x3e1c,0x421c,0x421c,0x421f,0x421f,0x421f,0x421f,0x421f,0x421d,0x421c,0x421c,0x421c,0x421c,0x421e,0x421f,
	0x421f,0x421f,0x421f,0x421f,0x421c,0x421c,0x421c,0x421c,0x421d,0x421f,0x421f,0x421f,0x421f,0x421f,0x421d,0x421c,
	0x421c,0x421c,0x421c,0x421e,0x421f,0x421f,0x421f,0x421f,0x421e,0x421c,0x421c,0x421c,0x421c,0x421d,0x421f,0x421f,
	0x421f,0x421f,0x421f,0x421d,0x421c,0x421c,0x421c,0x421c,0x421e,0x421f,0x421f,0x421f,0x421f,0x421e,0x421c,0x421c,
	0x421c,0x421c,0x421e,0x421f,0x421f,0x421f,0x421f,0x421e,0x421c,0x421c,0x421c,0x421c,0x421d,0x421f,0x421f,0x421f,
	0x421f,0x421f,0x421d,0x421c,0x421c,0x421c,0x421c,0x421f,0x421f,0x421f,0x421f,0x421f,0x421e,0x421c,0x421c,0x421c,
	0x421c,0x421d,0x421f,0x421f,0x421f,0x421f,0x421f,0x421c,0x421c,0x421c,0x421c,0x421c,0x421f,0x421f,0x421f,0x421f,
	0x421f,0x421e,0x421c,0x421c,0x421c,0x421c,0x421d,0x421f,0x421f,0x421f,0x421f,0x421f,0x421c,0x421c,0x421c,0x421c,
	0x421c,0x421f,0x421f,0x421f,0x421f,0x421f,0x421d,0x421c,0x421c,0x421c,0x421c,0x421e,0x421f,0x421f,0x421f,0x421f,
	0x421f,0x421c,0x421c,0x421c,0x421c,0x421d,0x421f,0x421f,0x421f,0x421f,0x421f,0x421d,0x421c,0x421c,0x421c,0x421c,
	0x421e,0x421f,0x421f,0x421f,0x421f,0x421f,0x421c,0x421c,0x421c,0x421c,0x421d,0x421f,0x421f,0x421f,0x421f,0x421f,
	0x421d,0x421c,0x421c,0x421c,0x421c,0x421f,0x421f,0x421f,0x421f,0x421f,0x421e,0x421c,0x421c,0x421c,0x421c,0x421d,
	0x421f,0x421f,0x421f,0x421f,0x421f,0x421d,0x421c,0x421c,0x421c,0x421c,0x421f,0x421f,0x421f,0x421f,0x421f,0x421e,
	0x421c,0x421c,0x421c,0x421c,0x421d,0x421f,0x421f,0x3e1f,0x421f,0x45da,0x4d93,0x5550,0x592f,0x592f,0x5d4f,0x5971,
	0x51b5,0x45da,0x41fe,0x3e1f,0x3e1e,0x421c,0x41fc,0x421c,0x421c,0x3e1d,0x421f,0x421f,0x3e1f,0x3e1f,0x3e1f,0x3e1c,
	0x3e1c,0x3e1c,0x421c,0x421c,0x421f,0x421f,0x421f,0x421f,0x421f,0x421d,0x421c,0x421c,0x421c,0x421c,0x421e,0x421f,
	0x421f,0x421f,0x421f,0x421f,0x421c,0x421c,0x421c,0x421c,0x421d,0x421f,0x421f,0x421f,0x421f,0x421f,0x421d,0x421c,
	0x421c,0x421d,0x421c,0x421e,0x421f,0x421f,0x421f,0x421f,0x421e,0x421c,0x421c,0x421c,0x421c,0x421d,0x421f,0x421f,
	0x421f,0x421f,0x421f,0x421d,0x421c,0x421c,0x421c,0x421c,0x421e,0x421f,0x421f,0x421f,0x421f,0x421e,0x421c,0x421c,
	0x421d,0x421d,0x421e,0x421e,0x421e,0x421e,0x421e,0x421e,0x421d,0x421d,0x421d,0x421d,0x421e,0x421e,0x421e,0x421e,
	0x421e,0x421f,0x421e,0x421d,0x421d,0x421d,0x421d,0x421e,0x421e,0x421e,0x421e,0x421e,0x421e,0x421d,0x421d,0x421d,
	0x421d,0x421e,0x421e,0x421e,0x421e,0x421e,0x421e,0x421e,0x421e,0x421d,0x421d,0x421d,0x421e,0x421e,0x421e,0x421e,
	0x421e,0x421e,0x421d,0x421d,0x421d,0x421d,0x421e,0x421e,0x421e,0x421e,0x421e,0x421e,0x421d,0x421d,0x421d,0x421d,
	0x421d,0x421e,0x421e,0x421e,0x421e,0x421e,0x421e,0x421d,0x421d,0x421d,0x421d,0x421e,0x421e,0x421e,0x421e,0x421e,
	0x421e,0x421d,0x421d,0x421d,0x421d,0x421d,0x421e,0x421e,0x421e,0x421e,0x421e,0x421e,0x421d,0x421d,0x421d,0x421d,
	0x421e,0x421e,0x421e,0x421e,0x421e,0x421e,0x421d,0x421d,0x421d,0x421d,0x421e,0x421e,0x421e,0x421e,0x421e,0x421e,
	0x421e,0x421d,0x421d,0x421d,0x421d,0x421e,0x421e,0x421e,0x421e,0x421e,0x421e,0x421d,0x421d,0x421d,0x421d,0x421e,
	0x421e,0x421e,0x421e,0x421e,0x421e,0x421d,0x421d,0x421d,0x421d,0x421d,0x421e,0x421e,0x421e,0x421e,0x421e,0x421e,
	0x421d,0x421d,0x421d,0x421d,0x421e,0x421e,0x421e,0x421e,0x3e1f,0x3e1f,0x3e1e,0x421d,0x41fb,0x41fa,0x45fb,0x41fe,
	0x3e1f,0x3e1f,0x421f,0x41fe,0x41fe,0x41fd,0x421d,0x421d,0x421d,0x3e1e,0x3e1e,0x3e1e,0x3e1e,0x3e1e,0x3e1e,0x3e1d,
	0x3e1d,0x3e1d,0x421d,0x421d,0x421e,0x421e,0x421e,0x421e,0x421e,0x421e,0x421e,0x421e,0x421d,0x421d,0x421e,0x421e,
	0x421e,0x421e,0x421e,0x421e,0x421d,0x421d,0x421d,0x421d,0x421e,0x421e,0x421e,0x421e,0x421e,0x421e,0x421e,0x421d,
	0x421d,0x421e,0x421d,0x421e,0x421e,0x421e,0x421e,0x421e,0x421e,0x421d,0x421d,0x421d,0x421d,0x421d,0x421e,0x421e,
	0x421e,0x421e,0x421e,0x421e,0x421d,0x421e,0x421e,0x421d,0x421e,0x421e,0x421e,0x421e,0x421e,0x421e,0x421d,0x421d,
	0x421f,0x421f,0x421d,0x421c,0x421c,0x421c,0x421c,0x421e,0x421f,0x421f,0x421f,0x421f,0x421f,0x421c,0x421c,0x421c,
	0x421c,0x421c,0x421f,0x421f,0x421f,0x421f,0x421f,0x421d,0x421c,0x421c,0x421c,0x421c,0x421e,0x421f,0x421f,0x421f,
	0x421f,0x421f,0x421c,0x421c,0x421c,0x421c,0x421d,0x421f,0x421f,0x421f,0x421f,0x421f,0x421d,0x421c,0x421c,0x421c,
	0x421c,0x421e,0x421f,0x421f,0x421f,0x421f,0x421e,0x421c,0x421c,0x421c,0x421c,0x421d,0x421f,0x421f,0x421f,0x421f,
	0x421f,0x421c,0x421c,0x421c,0x421c,0x421c,0x421f,0x421f,0x421f,0x421f,0x421f,0x421e,0x421c,0x421c,0x421c,0x421c,
	0x421d,0x421f,0x421f,0x421f,0x421f,0x421f,0x421c,0x421c,0x421c,0x421c,0x421c,0x421f,0x421f,0x421f,0x421f,0x421f,
	0x421e,0x421c,0x421c,0x421c,0x421c,0x421e,0x421f,0x421f,0x421f,0x421f,0x421f,0x421c,0x421c,0x421c,0x421c,0x421c,
	0x421f,0x421f,0x421f,0x421f,0x421f,0x421d,0x421c,0x421c,0x421c,0x421c,0x421e,0x421f,0x421f,0x421f,0x421f,0x421f,
	0x421c,0x421c,0x421c,0x421c,0x421c,0x421f,0x421f,0x421f,0x421f,0x421f,0x421d,0x421c,0x421c,0x421c,0x421c,0x421e,
	0x421f,0x421f,0x421f,0x421f,0x421f,0x421c,0x421c,0x421c,0x421c,0x421c,0x421f,0x3e1f,0x3e1f,0x3e1f,0x3dff,0x3dfd,
	0x41fc,0x41fc,0x421c,0x421c,0x421e,0x421f,0x421f,0x421f,0x421f,0x421e,0x421c,0x421c,0x421c,0x421c,0x421d,0x421f,
	0x421f,0x421f,0x421f,0x421f,0x421d,0x421c,0x421c,0x421c,0x421c,0x421f,0x421f,0x421f,0x421f,0x421f,0x421e,0x421c,
	0x421c,0x421c,0x421c,0x421d,0x421f,0x421f,0x421f,0x421f,0x421f,0x421c,0x421c,0x421c,0x421c,0x421c,0x421f,0x421f,
	0x421f,0x421f,0x421f,0x421e,0x421c,0x421c,0x421c,0x421c,0x421e,0x421f,0x421f,0x421f,0x421f,0x421f,0x421c,0x421c,
	0x421c,0x421c,0x421c,0x421f,0x421f,0x421f,0x421f,0x421f,0x421d,0x421c,0x421c,0x421c,0x421c,0x421e,0x421f,0x421f,
	0x421f,0x421f,0x421d,0x421c,0x421c,0x421c,0x421c,0x421e,0x421f,0x421f,0x421f,0x421f,0x421f,0x421c,0x421c,0x421c,
	0x421c,0x421d,0x421f,0x421f,0x421f,0x421f,0x421f,0x421d,0x421c,0x421c,0x421c,0x421c,0x421e,0x421f,0x421f,0x421f,
	0x421f,0x421f,0x421c,0x421c,0x421c,0x421c,0x421d,0x421f,0x421f,0x421f,0x421f,0x421f,0x421d,0x421c,0x421c,0x421c,
	0x421c,0x421e,0x421f,0x421f,0x421f,0x421f,0x421e,0x421c,0x421c,0x421c,0x421c,0x421d,0x421f,0x421f,0x421f,0x421f,
	0x421f,0x421d,0x421c,0x421c,0x421c,0x421c,0x421e,0x421f,0x421f,0x421f,0x421f,0x421e,0x421c,0x421c,0x421c,0x421c,
	0x421d,0x421f,0x421f,0x421f,0x421f,0x421f,0x421d,0x421c,0x421c,0x421c,0x421c,0x421f,0x421f,0x421f,0x421f,0x421f,
	0x421e,0x421c,0x421c,0x421c,0x421c,0x421e,0x421f,0x421f,0x421f,0x421f,0x421f,0x421c,0x421c,0x421c,0x421c,0x421c,
	0x421f,0x421f,0x421f,0x421f,0x421f,0x421d,0x421c,0x421c,0x421c,0x421c,0x421e,0x421f,0x421f,0x421f,0x421f,0x421e,
	0x421c,0x421c,0x421c,0x421c,0x421d,0x421f,0x421f,0x421f,0x421f,0x421f,0x421d,0x421c,0x421c,0x421c,0x421c,0x421e,
	0x421f,0x421f,0x421f,0x421f,0x421f,0x421c,0x421c,0x421c,0x421c,0x421d,0x421f,0x421f,0x421f,0x41ff,0x41ff,0x41fd,
	0x41fc,0x41fc,0x41fc,0x421c,0x421e,0x421f,0x421f,0x421f,0x421f,0x421e,0x421c,0x421d,0x421c,0x421c,0x421d,0x421f,
	0x421f,0x421f,0x421f,0x421f,0x421d,0x421c,0x421c,0x421c,0x421c,0x421f,0x421f,0x421f,0x421f,0x421f,0x421e,0x421c,
	0x421c,0x421c,0x421c,0x421d,0x421f,0x421f,0x421f,0x421f,0x421f,0x421d,0x421d,0x421c,0x421c,0x421c,0x421f,0x421f,
	0x421f,0x421f,0x421f,0x421e,0x421c,0x421c,0x421c,0x421c,0x421e,0x421f,0x421f,0x421f,0x421f,0x421f,0x421c,0x421c,
	0x421c,0x421c,0x421c,0x421f,0x421f,0x421f,0x421f,0x421f,0x421d,0x421c,0x421c,0x421c,0x421c,0x421e,0x421f,0x421f,
	0x421f,0x421f,0x421d,0x421c,0x421c,0x421c,0x421c,0x421e,0x421f,0x421f,0x421f,0x421f,0x421f,0x421c,0x421c,0x421c,
	0x421c,0x421c,0x421f,0x421f,0x421f,0x421f,0x421f,0x421d,0x421c,0x421c,0x421c,0x421c,0x421e,0x421f,0x421f,0x421f,
	0x421f,0x421f,0x421c,0x421c,0x421c,0x421c,0x421d,0x421f,0x421f,0x421f,0x421f,0x421f,0x421d,0x421c,0x421c,0x421c,
	0x421c,0x421e,0x421f,0x421f,0x421f,0x421f,0x421e,0x421c,0x421c,0x421c,0x421c,0x41fd,0x41ff,0x421f,0x421f,0x421f,
	0x421f,0x421d,0x421c,0x421c,0x421c,0x421c,0x421f,0x421f,0x421f,0x421f,0x421f,0x421e,0x421c,0x421c,0x421c,0x421c,
	0x421d,0x421f,0x421f,0x421f,0x421f,0x421f,0x421d,0x421c,0x421c,0x421c,0x421c,0x421f,0x421f,0x421f,0x421f,0x421f,
	0x421e,0x421c,0x421c,0x421c,0x421c,0x421e,0x421f,0x421f,0x421f,0x421f,0x421f,0x421c,0x421c,0x421c,0x421c,0x421c,
	0x421f,0x421f,0x421f,0x421f,0x421f,0x421d,0x421c,0x421c,0x421c,0x421c,0x421e,0x421f,0x421f,0x421f,0x421f,0x421f,
	0x421c,0x421c,0x421c,0x421c,0x421c,0x421f,0x421f,0x421f,0x421f,0x421f,0x421d,0x421c,0x421c,0x421c,0x421c,0x421e,
	0x421f,0x421f,0x421f,0x421f,0x421f,0x421c,0x421c,0x41fc,0x41fc,0x421d,0x421f,0x421f,0x421f,0x41ff,0x41ff,0x41fd,
	0x41fc,0x41fc,0x41fc,0x421c,0x421e,0x421f,0x421f,0x421f,0x421f,0x421e,0x421c,0x421c,0x421c,0x421c,0x421d,0x421f,
	0x421f,0x421f,0x421f,0x421f,0x421d,0x421c,0x421c,0x421c,0x421c,0x421f,0x421f,0x421f,0x421f,0x421f,0x421e,0x421c,
	0x421c,0x421c,0x421c,0x421d,0x421f,0x421f,0x421f,0x421f,0x41ff,0x3dfd,0x421c,0x421c,0x421c,0x421c,0x421f,0x421f,
	0x421f,0x421f,0x421f,0x421e,0x421c,0x421c,0x421c,0x421c,0x421e,0x421f,0x421f,0x421f,0x421f,0x421f,0x421c,0x421c,
	0x421c,0x421c,0x421c,0x421f,0x421f,0x421f,0x421f,0x421f,0x421d,0x421c,0x421c,0x421c,0x421c,0x421e,0x421f,0x421f,
	0x421d,0x421d,0x421e,0x421f,0x421f,0x421f,0x421f,0x421e,0x421d,0x421d,0x421d,0x421d,0x421d,0x421f,0x421f,0x421f,
	0x421f,0x421f,0x421d,0x421d,0x421d,0x421d,0x421d,0x421e,0x421f,0x421f,0x421f,0x421f,0x421e,0x421d,0x421d,0x421d,
	0x421d,0x421d,0x421f,0x421f,0x421f,0x421f,0x421f,0x421d,0x421d,0x421d,0x421d,0x421d,0x421e,0x421f,0x421f,0x421f,
	0x421f,0x421e,0x421d,0x421d,0x421d,0x421d,0x421e,0x421f,0x421f,0x421f,0x41ff,0x41ff,0x41fd,0x421d,0x421d,0x421d,
	0x421d,0x421f,0x421f,0x421f,0x421f,0x421f,0x421d,0x421d,0x421d,0x421d,0x421d,0x421e,0x421f,0x421f,0x421f,0x421f,
	0x421e,0x421d,0x421d,0x421d,0x421d,0x421d,0x421f,0x421f,0x421f,0x421f,0x421f,0x421e,0x421d,0x421d,0x421d,0x421d,
	0x421e,0x421f,0x421f,0x421f,0x421f,0x421e,0x421d,0x421d,0x421d,0x421d,0x421d,0x421f,0x421f,0x421f,0x421f,0x421f,
	0x421d,0x421d,0x421d,0x421d,0x421d,0x421e,0x421f,0x421f,0x421f,0x421f,0x421e,0x421d,0x421d,0x421d,0x421d,0x421d,
	0x421f,0x421f,0x421f,0x421f,0x421f,0x421d,0x421d,0x421d,0x421d,0x421d,0x421e,0x421f,0x421f,0x421f,0x421f,0x421e,
	0x421d,0x421d,0x421d,0x421d,0x421d,0x421f,0x41ff,0x41ff,0x41ff,0x421f,0x421d,0x421d,0x41fd,0x41fd,0x41fd,0x41ff,
	0x41ff,0x41ff,0x41ff,0x421f,0x421e,0x421d,0x421d,0x421d,0x421d,0x421e,0x421f,0x421f,0x421f,0x421f,0x421f,0x421d,
	0x421d,0x421d,0x421d,0x421d,0x421f,0x421f,0x421f,0x421f,0x421f,0x421e,0x421d,0x421d,0x421d,0x421d,0x421e,0x421f,
	0x421f,0x421f,0x421f,0x421e,0x421d,0x421d,0x421d,0x3dfd,0x3dfd,0x3dff,0x421f,0x421f,0x421f,0x421f,0x421d,0x421d,
	0x421d,0x421d,0x421d,0x421e,0x421f,0x421f,0x421f,0x421f,0x421e,0x421d,0x421d,0x421d,0x421d,0x421d,0x421f,0x421f,
	0x421f,0x421f,0x421f,0x421d,0x421d,0x421d,0x421d,0x421d,0x421e,0x421f,0x421f,0x421f,0x421f,0x421e,0x421d,0x421d,
	0x421c,0x421c,0x421e,0x421f,0x421f,0x421f,0x421f,0x421e,0x421c,0x421c,0x421c,0x421c,0x421d,0x421f,0x421f,0x421f,
	0x421f,0x421f,0x421d,0x421c,0x421c,0x421c,0x421c,0x421f,0x421f,0x421f,0x421f,0x421f,0x421e,0x421c,0x421c,0x421c,
	0x421c,0x421d,0x421f,0x421f,0x421f,0x421f,0x421f,0x421d,0x421c,0x421c,0x421c,0x421c,0x421f,0x421f,0x421f,0x421f,
	0x421f,0x421e,0x421c,0x421c,0x421c,0x421c,0x421d,0x421f,0x421f,0x421f,0x421f,0x421f,0x421c,0x421c,0x421c,0x421c,
	0x421c,0x421f,0x421f,0x421f,0x421f,0x421f,0x421d,0x421c,0x421c,0x421c,0x421c,0x421e,0x421f,0x421f,0x421f,0x421f,
	0x421f,0x421c,0x421c,0x421c,0x421c,0x421c,0x421f,0x421f,0x421f,0x421f,0x421f,0x421d,0x421c,0x421c,0x421c,0x421c,
	0x421e,0x421f,0x421f,0x421f,0x421f,0x421e,0x421c,0x421c,0x421c,0x421c,0x421d,0x421f,0x421f,0x421f,0x421f,0x421f,
	0x421d,0x421c,0x421c,0x421c,0x421c,0x421e,0x421f,0x421f,0x421f,0x421f,0x421e,0x421c,0x421c,0x421c,0x421c,0x421d,
	0x421f,0x421f,0x421f,0x421f,0x421f,0x421d,0x421c,0x421c,0x421c,0x421c,0x421f,0x421f,0x421f,0x421f,0x421f,0x421e,
	0x421c,0x421c,0x421c,0x421c,0x421d,0x421f,0x41ff,0x41ff,0x41ff,0x421f,0x421c,0x421c,0x41fc,0x41fc,0x41fc,0x41ff,
	0x41ff,0x41ff,0x41ff,0x421f,0x421e,0x421c,0x421c,0x421c,0x421c,0x421d,0x421f,0x421f,0x421f,0x421f,0x421f,0x421c,
	0x421c,0x421c,0x421c,0x421c,0x421f,0x421f,0x421f,0x421f,0x421f,0x421d,0x421c,0x421c,0x421c,0x421c,0x421e,0x421f,
	0x421f,0x421f,0x421f,0x421f,0x421c,0x421c,0x421c,0x421c,0x421d,0x421f,0x421f,0x421f,0x421f,0x421f,0x421d,0x421c,
	0x421c,0x421c,0x421c,0x421e,0x421f,0x421f,0x421f,0x421f,0x421e,0x421c,0x421c,0x421c,0x421c,0x421d,0x421f,0x421f,
	0x421f,0x421f,0x421f,0x421d,0x421c,0x421c,0x421c,0x421c,0x421f,0x421f,0x421f,0x421f,0x421f,0x421e,0x421c,0x421c,
	0x421c,0x421c,0x421e,0x421f,0x421f,0x421f,0x421f,0x421e,0x421c,0x421c,0x421c,0x421c,0x421d,0x421f,0x421f,0x421f,
	0x421f,0x421f,0x421d,0x421c,0x421c,0x421c,0x421c,0x421f,0x421f,0x421f,0x421f,0x421f,0x421e,0x421c,0x421c,0x421c,
	0x421c,0x421d,0x421f,0x421f,0x421f,0x421f,0x421f,0x421c,0x421c,0x421c,0x421c,0x421c,0x421f,0x421f,0x421f,0x421f,
	0x421f,0x421d,0x421c,0x421c,0x421c,0x421c,0x421d,0x421f,0x421f,0x421f,0x421f,0x421f,0x421c,0x421c,0x421c,0x421c,
	0x421c,0x421f,0x421f,0x421f,0x421f,0x421f,0x421d,0x421c,0x421c,0x421c,0x421c,0x421e,0x421f,0x421f,0x421f,0x421f,
	0x421f,0x421c,0x421c,0x421c,0x421c,0x421c,0x421f,0x421f,0x421f,0x421f,0x421f,0x421d,0x421c,0x421c,0x421c,0x421c,
	0x421e,0x421f,0x421f,0x421f,0x421f,0x421e,0x421c,0x421c,0x421c,0x421c,0x421d,0x421f,0x421f,0x421f,0x421f,0x421f,
	0x421d,0x421c,0x421c,0x421c,0x421c,0x421e,0x421f,0x421f,0x421f,0x421f,0x421e,0x421c,0x421c,0x421c,0x421c,0x421d,
	0x421f,0x421f,0x421f,0x421f,0x421f,0x421d,0x421c,0x421c,0x421c,0x421c,0x421f,0x421f,0x421f,0x421f,0x421f,0x421e,
	0x421c,0x421c,0x421c,0x421c,0x421d,0x421f,0x41ff,0x41ff,0x41ff,0x421f,0x421c,0x421c,0x41fc,0x41fc,0x41fc,0x41ff,
	0x41ff,0x41ff,0x41ff,0x421f,0x421e,0x421c,0x421c,0x421c,0x421c,0x421d,0x421f,0x421f,0x421f,0x421f,0x421f,0x421c,
	0x421c,0x421c,0x421c,0x421c,0x421f,0x421f,0x421f,0x421f,0x421f,0x421d,0x421c,0x421c,0x421c,0x421c,0x421e,0x421f,
	0x421f,0x421f,0x421f,0x421f,0x421c,0x421c,0x421c,0x421c,0x421d,0x421f,0x421f,0x421f,0x421f,0x421f,0x421d,0x421c,
	0x421c,0x421c,0x421c,0x421e,0x421f,0x421f,0x421f,0x421f,0x421e,0x421c,0x421c,0x421c,0x421c,0x421d,0x421f,0x421f,
	0x421f,0x421f,0x421f,0x421d,0x421c,0x421c,0x421c,0x421c,0x421f,0x421f,0x421f,0x421f,0x421f,0x421e,0x421c,0x421c,
	0x421d,0x421d,0x421e,0x421e,0x421e,0x421e,0x421e,0x421e,0x421d,0x421d,0x421d,0x421d,0x421d,0x421e,0x421e,0x421e,
	0x421e,0x421e,0x421e,0x421d,0x421d,0x421d,0x421d,0x421e,0x421e,0x421e,0x421e,0x421e,0x421e,0x421d,0x421e,0x421e,
	0x421d,0x421e,0x421e,0x421e,0x421e,0x421e,0x421e,0x421e,0x421e,0x421e,0x421e,0x421d,0x421e,0x421e,0x421e,0x421e,
	0x421e,0x421e,0x421d,0x421e,0x421d,0x421d,0x421e,0x421e,0x421e,0x421e,0x421e,0x421e,0x421d,0x421d,0x421d,0x421d,
	0x421d,0x421e,0x421e,0x421e,0x421e,0x421e,0x421e,0x421d,0x421d,0x421d,0x421d,0x421e,0x421e,0x421e,0x421e,0x421e,
	0x421e,0x421d,0x421d,0x421d,0x421d,0x421d,0x421e,0x421e,0x421e,0x421e,0x421e,0x421e,0x421d,0x421d,0x421d,0x421d,
	0x421e,0x421e,0x421e,0x421e,0x421e,0x421e,0x421e,0x421e,0x421e,0x421e,0x421e,0x421e,0x421e,0x421e,0x421e,0x421e,
	0x421e,0x421d,0x421d,0x421d,0x421d,0x421e,0x421e,0x421e,0x421e,0x421e,0x421e,0x421d,0x421d,0x421d,0x421d,0x421e,
	0x421e,0x421e,0x421e,0x421e,0x421e,0x421e,0x421e,0x421d,0x421d,0x421d,0x421e,0x421e,0x421e,0x421e,0x421e,0x421e,
	0x421d,0x421d,0x421d,0x421d,0x421e,0x421e,0x41fe,0x41fe,0x41fe,0x421e,0x421e,0x421d,0x41fd,0x41fd,0x41fd,0x41fe,
	0x41fe,0x41fe,0x41fe,0x421e,0x421e,0x421d,0x421d,0x421d,0x421d,0x421e,0x421e,0x421e,0x421e,0x421e,0x421e,0x421d,
	0x421d,0x421d,0x421d,0x421d,0x421e,0x421e,0x421e,0x421e,0x421e,0x421e,0x421d,0x421d,0x421d,0x421d,0x421e,0x421e,
	0x421e,0x421e,0x421e,0x421e,0x421d,0x421d,0x421d,0x421d,0x421e,0x421e,0x421e,0x421e,0x421e,0x421e,0x421e,0x421d,
	0x421d,0x421d,0x421d,0x421e,0x421e,0x421e,0x421e,0x421e,0x421e,0x421d,0x421d,0x421d,0x421d,0x421e,0x421e,0x421e,
	0x421e,0x421e,0x421e,0x421e,0x421d,0x421d,0x421d,0x421d,0x421e,0x421e,0x421e,0x421e,0x421e,0x421e,0x421d,0x421d,
	0x421f,0x421f,0x421e,0x421c,0x421c,0x421c,0x421c,0x421d,0x421f,0x421f,0x421f,0x421f,0x421f,0x421c,0x421c,0x421c,
	0x421c,0x421c,0x421f,0x421f,0x421f,0x421f,0x421f,0x421d,0x421c,0x421c,0x421c,0x421c,0x421e,0x421f,0x421f,0x421f,
	0x421f,0x421f,0x421c,0x421c,0x421c,0x421c,0x421c,0x421f,0x421f,0x421f,0x421f,0x421f,0x421d,0x421c,0x421c,0x421c,
	0x421c,0x421e,0x421f,0x421f,0x421f,0x421f,0x421e,0x421c,0x421c,0x421c,0x421c,0x421d,0x421f,0x421f,0x421f,0x421f,
	0x421f,0x421d,0x421c,0x421c,0x421c,0x421c,0x421e,0x421f,0x421f,0x421f,0x421f,0x421e,0x421c,0x421c,0x421c,0x421c,
	0x421d,0x421f,0x421f,0x421f,0x421f,0x421f,0x421d,0x421c,0x421c,0x421c,0x421c,0x421f,0x421f,0x421f,0x421f,0x421f,
	0x421e,0x421c,0x421c,0x421c,0x421c,0x421e,0x421f,0x421f,0x421f,0x421f,0x421f,0x421c,0x421c,0x421c,0x421c,0x421c,
	0x421f,0x421f,0x421f,0x421f,0x421f,0x421d,0x421c,0x421c,0x421c,0x421c,0x421d,0x421f,0x421f,0x421f,0x421f,0x421f,
	0x421c,0x421c,0x421c,0x421c,0x421c,0x421f,0x421f,0x421f,0x421f,0x421f,0x421d,0x421c,0x421c,0x421c,0x421c,0x421e,
	0x421f,0x421f,0x421f,0x421f,0x421f,0x421c,0x41fc,0x41fc,0x41fc,0x421d,0x421f,0x421f,0x41ff,0x41ff,0x41ff,0x41fd,
	0x41fc,0x41fc,0x41fc,0x421c,0x421e,0x421f,0x421f,0x421f,0x421f,0x421e,0x421c,0x421c,0x421c,0x421c,0x421d,0x421f,
	0x421f,0x421f,0x421f,0x421f,0x421d,0x421c,0x421c,0x421c,0x421c,0x421f,0x421f,0x421f,0x421f,0x421f,0x421e,0x421c,
	0x421c,0x421c,0x421c,0x421d,0x421f,0x421f,0x421f,0x421f,0x421f,0x421c,0x421c,0x421c,0x421c,0x421c,0x421f,0x421f,
	0x421f,0x421f,0x421f,0x421e,0x421c,0x421c,0x421c,0x421c,0x421d,0x421f,0x421f,0x421f,0x421f,0x421f,0x421c,0x421c,
	0x421c,0x421c,0x421c,0x421f,0x421f,0x421f,0x421f,0x421f,0x421d,0x421c,0x421c,0x421c,0x421c,0x421e,0x421f,0x421f,
	0x421f,0x421f,0x421e,0x421c,0x421c,0x421c,0x421c,0x421d,0x421f,0x421f,0x421f,0x421f,0x421f,0x421c,0x421c,0x421c,
	0x421c,0x421c,0x421f,0x421f,0x421f,0x421f,0x421f,0x421d,0x421c,0x421c,0x421c,0x421c,0x421e,0x421f,0x421f,0x421f,
	0x421f,0x421f,0x421c,0x421c,0x421c,0x421c,0x421c,0x421f,0x421f,0x421f,0x421f,0x421f,0x421d,0x421c,0x421c,0x421c,
	0x421c,0x421e,0x421f,0x421f,0x421f,0x421f,0x421e,0x421c,0x421c,0x421c,0x421c,0x421d,0x421f,0x421f,0x421f,0x421f,
	0x421f,0x421d,0x421c,0x421c,0x421c,0x421c,0x421e,0x421f,0x421f,0x421f,0x421f,0x421e,0x421c,0x421c,0x421c,0x421c,
	0x421d,0x421f,0x421f,0x421f,0x421f,0x421f,0x421d,0x421c,0x421c,0x421c,0x421c,0x421f,0x421f,0x421f,0x421f,0x421f,
	0x421e,0x421c,0x421c,0x421c,0x421c,0x421e,0x421f,0x421f,0x421f,0x421f,0x421f,0x421c,0x421c,0x421c,0x421c,0x421c,
	0x421f,0x421f,0x421f,0x421f,0x421f,0x421d,0x421c,0x421d,0x421c,0x421c,0x421d,0x421f,0x421f,0x421f,0x421f,0x421f,
	0x421c,0x421c,0x421c,0x421c,0x421d,0x421f,0x421f,0x421f,0x421f,0x421f,0x421d,0x421c,0x421d,0x421d,0x421c,0x421e,
	0x421f,0x421f,0x421f,0x421f,0x421f,0x421c,0x41fc,0x41fc,0x41fc,0x421d,0x421f,0x421f,0x41ff,0x41ff,0x41ff,0x41fd,
	0x41fc,0x41fc,0x41fc,0x421c,0x421e,0x421f,0x421f,0x421f,0x421f,0x421e,0x421c,0x421c,0x421c,0x421c,0x421d,0x421f,
	0x421f,0x421f,0x421f,0x421f,0x421d,0x421c,0x421c,0x421c,0x421c,0x421e,0x421f,0x421f,0x421f,0x421f,0x421e,0x421c,
	0x421d,0x421c,0x421c,0x421d,0x421f,0x421f,0x421f,0x421f,0x421f,0x421d,0x421c,0x421c,0x421c,0x421c,0x421f,0x421f,
	0x421f,0x421f,0x421f,0x421e,0x421c,0x421c,0x421c,0x421c,0x421e,0x421f,0x421f,0x421f,0x421f,0x421f,0x421c,0x421c,
	0x421c,0x421c,0x421d,0x421f,0x421f,0x421f,0x421f,0x421f,0x421d,0x421c,0x421c,0x421c,0x421c,0x421e,0x421f,0x421f,
	0x421f,0x421f,0x421e,0x421c,0x421c,0x421c,0x421c,0x421d,0x421f,0x421f,0x421f,0x421f,0x421f,0x421c,0x421c,0x421c,
	0x421c,0x421c,0x421f,0x421f,0x421f,0x421f,0x421f,0x421d,0x421c,0x421c,0x421c,0x421c,0x421e,0x421f,0x421f,0x421f,
	0x421f,0x421f,0x421c,0x421c,0x421c,0x421c,0x421c,0x421f,0x421f,0x421f,0x421f,0x421f,0x421d,0x421c,0x421c,0x421c,
	0x421c,0x421e,0x421f,0x421f,0x421f,0x421f,0x421e,0x421c,0x421c,0x421c,0x421c,0x421d,0x421f,0x421f,0x421f,0x421f,
	0x421f,0x421d,0x421c,0x421c,0x421c,0x421c,0x421f,0x421f,0x421f,0x421f,0x421f,0x421e,0x421c,0x421c,0x421c,0x421c,
	0x421d,0x421f,0x421f,0x421f,0x421f,0x421f,0x421d,0x421c,0x421c,0x421c,0x421c,0x421f,0x421f,0x421f,0x421f,0x421f,
	0x421e,0x421c,0x421c,0x421c,0x421c,0x421e,0x421f,0x421f,0x421f,0x421f,0x421f,0x421c,0x421c,0x421c,0x421c,0x421c,
	0x421f,0x421f,0x421f,0x421f,0x421f,0x421d,0x421c,0x421d,0x421c,0x421c,0x421d,0x421f,0x421f,0x421f,0x421f,0x421f,
	0x421c,0x421c,0x421c,0x421c,0x421d,0x421f,0x421f,0x421f,0x421f,0x421f,0x421d,0x421c,0x421d,0x421d,0x421c,0x421e,
	0x421f,0x421f,0x421f,0x421f,0x421f,0x421c,0x41fc,0x41fc,0x41fc,0x421d,0x421f,0x421f,0x41ff,0x41ff,0x41ff,0x41fd,
	0x41fc,0x41fc,0x41fc,0x421c,0x421e,0x421f,0x421f,0x421f,0x421f,0x421e,0x421c,0x421c,0x421c,0x421c,0x421d,0x421f,
	0x421f,0x421f,0x421f,0x421f,0x421d,0x421c,0x421c,0x421c,0x421c,0x421e,0x421f,0x421f,0x421f,0x421f,0x421e,0x421c,
	0x421c,0x421c,0x421c,0x421d,0x421f,0x421f,0x421f,0x421f,0x421f,0x421d,0x421c,0x421c,0x421c,0x421c,0x421f,0x421f,
	0x421f,0x421f,0x421f,0x421e,0x421c,0x421c,0x421c,0x421c,0x421e,0x421f,0x421f,0x421f,0x421f,0x421f,0x421c,0x421c,
	0x421c,0x421c,0x421c,0x421f,0x421f,0x421f,0x421f,0x421f,0x421d,0x421c,0x421c,0x421c,0x421c,0x421e,0x421f,0x421f,
	0x421d,0x421d,0x421e,0x421f,0x421f,0x421f,0x421f,0x421e,0x421d,0x421d,0x421d,0x421d,0x421d,0x421f,0x421f,0x421f,
	0x421f,0x421f,0x421d,0x421d,0x421d,0x421d,0x421d,0x421e,0x421f,0x421f,0x421f,0x421f,0x421e,0x421d,0x421d,0x421d,
	0x421d,0x421d,0x421f,0x421f,0x421f,0x421f,0x421f,0x421d,0x421d,0x421d,0x421d,0x421d,0x421e,0x421f,0x421f,0x421f,
	0x421f,0x421e,0x421d,0x421d,0x421d,0x421d,0x421d,0x421f,0x421f,0x421f,0x421f,0x421f,0x421d,0x421d,0x421d,0x421d,
	0x421d,0x421f,0x421f,0x421f,0x421f,0x421f,0x421e,0x421d,0x421d,0x421d,0x421d,0x421e,0x421f,0x421f,0x421f,0x421f,
	0x421f,0x421d,0x421d,0x421d,0x421d,0x421d,0x421f,0x421f,0x421f,0x421f,0x421f,0x421d,0x421d,0x421d,0x421d,0x421d,
	0x421e,0x421f,0x421f,0x421f,0x421f,0x421e,0x421d,0x421d,0x421d,0x421d,0x421d,0x421f,0x421f,0x421f,0x421f,0x421f,
	0x421d,0x421d,0x421d,0x421d,0x421d,0x421e,0x421f,0x421f,0x421f,0x421f,0x421e,0x421d,0x421d,0x421d,0x421d,0x421d,
	0x421f,0x421f,0x421f,0x421f,0x421f,0x421d,0x421d,0x421d,0x421d,0x421d,0x421e,0x421f,0x421f,0x421f,0x421f,0x421e,
	0x421d,0x421d,0x421d,0x421d,0x421d,0x421f,0x421f,0x421f,0x421f,0x421f,0x421d,0x421d,0x41fd,0x41fd,0x41fd,0x41fe,
	0x41ff,0x41ff,0x41ff,0x421f,0x421e,0x421d,0x421d,0x421d,0x421d,0x421d,0x421f,0x421f,0x421f,0x421f,0x421f,0x421d,
	0x421d,0x421d,0x421d,0x421d,0x421f,0x421f,0x421f,0x421f,0x421f,0x421e,0x421d,0x421d,0x421d,0x421d,0x421e,0x421f,
	0x421f,0x421f,0x421f,0x421e,0x421d,0x421d,0x421d,0x421d,0x421d,0x421f,0x421f,0x421f,0x421f,0x421f,0x421d,0x421d,
	0x421d,0x421d,0x421d,0x421e,0x421f,0x421f,0x421f,0x421f,0x421e,0x421d,0x421d,0x421d,0x421d,0x421d,0x421f,0x421f,
	0x421f,0x421f,0x421f,0x421d,0x421d,0x421d,0x421d,0x421d,0x421e,0x421f,0x421f,0x421f,0x421f,0x421e,0x421d,0x421d,
	0x421c,0x421c,0x421e,0x421f,0x421f,0x421f,0x421f,0x421e,0x421c,0x421c,0x421c,0x421c,0x421d,0x421f,0x421f,0x421f,
	0x421f,0x421f,0x421d,0x421c,0x421c,0x421c,0x421c,0x421e,0x421f,0x421f,0x421f,0x421f,0x421e,0x421c,0x421c,0x421c,
	0x421c,0x421d,0x421f,0x421f,0x421f,0x421f,0x421f,0x421d,0x421c,0x421c,0x421c,0x421c,0x421f,0x421f,0x421f,0x421f,
	0x421f,0x421e,0x421c,0x421c,0x421c,0x421c,0x421d,0x421f,0x421f,0x421f,0x421f,0x421f,0x421c,0x421c,0x421c,0x421c,
	0x421c,0x421f,0x421f,0x421f,0x421f,0x421f,0x421e,0x421c,0x421c,0x421c,0x421c,0x421e,0x421f,0x421f,0x421f,0x421f,
	0x421f,0x421c,0x421c,0x421c,0x421c,0x421c,0x421f,0x421f,0x421f,0x421f,0x421f,0x421d,0x421c,0x421c,0x421c,0x421c,
	0x421e,0x421f,0x421f,0x421f,0x421f,0x421f,0x421c,0x421c,0x421c,0x421c,0x421c,0x421f,0x421f,0x421f,0x421f,0x421f,
	0x421d,0x421c,0x421c,0x421c,0x421c,0x421e,0x421f,0x421f,0x421f,0x421f,0x421e,0x421c,0x421c,0x421c,0x421c,0x421d,
	0x421f,0x421f,0x421f,0x421f,0x421f,0x421d,0x421c,0x421c,0x421c,0x421c,0x421f,0x421f,0x421f,0x421f,0x421f,0x421e,
	0x421c,0x421c,0x421c,0x421c,0x421d,0x421f,0x421f,0x421f,0x421f,0x421f,0x421c,0x421c,0x41fc,0x41fc,0x41fc,0x41ff,
	0x41ff,0x41ff,0x41ff,0x421f,0x421e,0x421c,0x421c,0x421c,0x421c,0x421d,0x421f,0x421f,0x421f,0x421f,0x421f,0x421c,
	0x421c,0x421c,0x421c,0x421c,0x421f,0x421f,0x421f,0x421f,0x421f,0x421d,0x421c,0x421c,0x421c,0x421c,0x421e,0x421f,
	0x421f,0x421f,0x421f,0x421f,0x421c,0x421c,0x421c,0x421c,0x421d,0x421f,0x421f,0x421f,0x421f,0x421f,0x421d,0x421c,
	0x421c,0x421c,0x421c,0x421e,0x421f,0x421f,0x421f,0x421f,0x421f,0x421c,0x421c,0x421c,0x421c,0x421d,0x421f,0x421f,
	0x421f,0x421f,0x421f,0x421d,0x421c,0x421c,0x421c,0x421c,0x421e,0x421f,0x421f,0x421f,0x421f,0x421e,0x421c,0x421c,
	0x421c,0x421c,0x421e,0x421f,0x421f,0x421f,0x421f,0x421f,0x421c,0x421c,0x421c,0x421c,0x421d,0x421f,0x421f,0x421f,
	0x421f,0x421f,0x421d,0x421c,0x421c,0x421c,0x421c,0x421e,0x421f,0x421f,0x421f,0x421f,0x421e,0x421c,0x421c,0x421c,
	0x421c,0x421d,0x421f,0x421f,0x421f,0x421f,0x421f,0x421c,0x421c,0x421c,0x421c,0x421c,0x421f,0x421f,0x421f,0x421f,
	0x421f,0x421e,0x421c,0x421c,0x421c,0x421c,0x421d,0x421f,0x421f,0x421f,0x421f,0x421f,0x421c,0x421c,0x421c,0x421c,
	0x421c,0x421f,0x421f,0x421f,0x421f,0x421f,0x421e,0x421c,0x421c,0x421c,0x421c,0x421e,0x421f,0x421f,0x421f,0x421f,
	0x421f,0x421c,0x421c,0x421c,0x421c,0x421c,0x421f,0x421f,0x421f,0x421f,0x421f,0x421d,0x421c,0x421c,0x421c,0x421c,
	0x421e,0x421f,0x421f,0x421f,0x421f,0x421f,0x421c,0x421c,0x421c,0x421c,0x421c,0x421f,0x421f,0x421f,0x421f,0x421f,
	0x421d,0x421c,0x421c,0x421c,0x421c,0x421e,0x421f,0x421f,0x421f,0x421f,0x421e,0x421c,0x421c,0x421c,0x421c,0x421d,
	0x421f,0x421f,0x421f,0x421f,0x421f,0x421d,0x421c,0x421c,0x421c,0x421c,0x421f,0x421f,0x421f,0x421f,0x421f,0x421e,
	0x421c,0x421c,0x421c,0x421c,0x421d,0x421f,0x421f,0x421f,0x421f,0x421f,0x421c,0x421c,0x421c,0x421c,0x421c,0x421f,
	0x421f,0x421f,0x421f,0x421f,0x421e,0x421c,0x421c,0x421c,0x421c,0x421d,0x421f,0x421f,0x421f,0x421f,0x421f,0x421c,
	0x421c,0x421c,0x421c,0x421c,0x421f,0x421f,0x421f,0x421f,0x421f,0x421d,0x421c,0x421c,0x421c,0x421c,0x421e,0x421f,
	0x421f,0x421f,0x421f,0x421f,0x421c,0x421c,0x421c,0x421c,0x421c,0x421f,0x421f,0x421f,0x421f,0x421f,0x421d,0x421c,
	0x421c,0x421c,0x421c,0x421e,0x421f,0x421f,0x421f,0x421f,0x421f,0x421c,0x421c,0x421c,0x421c,0x421d,0x421f,0x421f,
	0x421f,0x421f,0x421f,0x421d,0x421c,0x421c,0x421c,0x421c,0x421e,0x421f,0x421f,0x421f,0x421f,0x421e,0x421c,0x421c,
	0x421e,0x421d,0x421e,0x421e,0x421e,0x421e,0x421e,0x421e,0x421e,0x421e,0x421e,0x421e,0x421e,0x421e,0x421e,0x421e,
	0x421e,0x421e,0x421e,0x421e,0x421e,0x421e,0x421e,0x421e,0x421e,0x421e,0x421e,0x421e,0x421e,0x421d,0x421e,0x421e,
	0x421d,0x421e,0x421e,0x421e,0x421e,0x421e,0x421e,0x421e,0x421e,0x421e,0x421e,0x421d,0x421e,0x421e,0x421e,0x421e,
	0x421e,0x421e,0x421d,0x421e,0x421e,0x421e,0x421e,0x421e,0x421e,0x421e,0x421e,0x421e,0x421d,0x421d,0x421e,0x421d,
	0x421e,0x421e,0x421e,0x421e,0x421e,0x421e,0x421e,0x421e,0x421e,0x421e,0x421d,0x421e,0x421e,0x421e,0x421e,0x421e,
	0x421e,0x421d,0x421e,0x421e,0x421e,0x421e,0x421e,0x421e,0x421e,0x421e,0x421e,0x421e,0x421e,0x421e,0x421e,0x421e,
	0x421e,0x421e,0x421e,0x421e,0x421e,0x421e,0x421e,0x421e,0x421e,0x421e,0x421e,0x421e,0x421e,0x421e,0x421e,0x421e,
	0x421e,0x421d,0x421e,0x421e,0x421e,0x421e,0x421e,0x421e,0x421e,0x421e,0x421e,0x421e,0x421e,0x421e,0x421e,0x421e,
	0x421e,0x421e,0x421e,0x421e,0x421e,0x421e,0x421e,0x421e,0x421e,0x421e,0x421e,0x421e,0x421e,0x421e,0x421e,0x421e,
	0x421d,0x421e,0x421e,0x421e,0x421e,0x421e,0x421e,0x421e,0x421e,0x421e,0x421e,0x421e,0x421e,0x421e,0x421e,0x421e,
	0x421e,0x421e,0x421e,0x421e,0x421e,0x421d,0x421e,0x421e,0x421e,0x421e,0x421e,0x421e,0x421e,0x421e,0x421e,0x421e,
	0x421e,0x421e,0x421e,0x421e,0x421e,0x421e,0x421e,0x421e,0x421e,0x421e,0x421e,0x421e,0x421e,0x421d,0x421e,0x421e,
	0x421e,0x421e,0x421e,0x421e,0x421e,0x421e,0x421e,0x421e,0x421e,0x421e,0x421e,0x421e,0x421e,0x421e,0x421e,0x421d,
	0x421e,0x421e,0x421e,0x421e,0x421e,0x421e,0x421e,0x421e,0x421e,0x421e,0x421e,0x421e,0x421e,0x421e,0x421e,0x421e,
	0x421e,0x421e,0x421e,0x421e,0x421e,0x421e,0x421e,0x421e,0x421e,0x421e,0x421e,0x421e,0x421e,0x421e,0x421d,0x421e,
	0x421f,0x421f,0x421d,0x421c,0x421c,0x421c,0x421c,0x421d,0x421f,0x421f,0x421f,0x421f,0x421f,0x421c,0x421c,0x421c,
	0x421c,0x421c,0x421f,0x421f,0x421f,0x421f,0x421f,0x421d,0x421c,0x421c,0x421c,0x421c,0x421e,0x421f,0x421f,0x421f,
	0x421f,0x421f,0x421c,0x421c,0x421c,0x421c,0x421c,0x421f,0x421f,0x421f,0x421f,0x421f,0x421d,0x421c,0x421c,0x421c,
	0x421c,0x421e,0x421f,0x421f,0x421f,0x421f,0x421e,0x421c,0x421c,0x421c,0x421c,0x421d,0x421f,0x421f,0x421f,0x421f,
	0x421f,0x421d,0x421c,0x421c,0x421c,0x421c,0x421e,0x421f,0x421f,0x421f,0x421f,0x421e,0x421c,0x421c,0x421c,0x421c,
	0x421d,0x421f,0x421f,0x421f,0x421f,0x421f,0x421d,0x421c,0x421c,0x421c,0x421c,0x421f,0x421f,0x421f,0x421f,0x421f,
	0x421e,0x421c,0x421c,0x421c,0x421c,0x421d,0x421f,0x421f,0x421f,0x421f,0x421f,0x421c,0x421c,0x421c,0x421c,0x421c,
	0x421f,0x421f,0x421f,0x421f,0x421f,0x421d,0x421c,0x421c,0x421c,0x421c,0x421d,0x421f,0x421f,0x421f,0x421f,0x421f,
	0x421c,0x421c,0x421c,0x421c,0x421c,0x421f,0x421f,0x421f,0x421f,0x421f,0x421d,0x421c,0x421d,0x421c,0x421c,0x421e,
	0x421f,0x421f,0x421f,0x421f,0x421f,0x421c,0x421c,0x421c,0x421c,0x421d,0x421f,0x421f,0x421f,0x421f,0x421f,0x421d,
	0x421c,0x421c,0x421c,0x421c,0x421e,0x421f,0x421f,0x421f,0x421f,0x421e,0x421c,0x421c,0x421c,0x421c,0x421d,0x421f,
	0x421f,0x421f,0x421f,0x421f,0x421d,0x421c,0x421c,0x421c,0x421c,0x421e,0x421f,0x421f,0x421f,0x421f,0x421e,0x421c,
	0x421c,0x421c,0x421c,0x421d,0x421f,0x421f,0x421f,0x421f,0x421f,0x421c,0x421c,0x421c,0x421c,0x421c,0x421f,0x421f,
	0x421f,0x421f,0x421f,0x421e,0x421c,0x421c,0x421c,0x421c,0x421d,0x421f,0x421f,0x421f,0x421f,0x421f,0x421c,0x421c,
	0x421c,0x421c,0x421c,0x421f,0x421f,0x421f,0x421f,0x421f,0x421e,0x421c,0x421c,0x421c,0x421c,0x421e,0x421f,0x421f,
	0x421f,0x421f,0x421e,0x421c,0x421c,0x421c,0x421c,0x421d,0x421f,0x421f,0x421f,0x421f,0x421f,0x421c,0x421d,0x421d,
	0x421d,0x421d,0x421f,0x421f,0x421f,0x421f,0x421f,0x421e,0x421c,0x421c,0x421c,0x421c,0x421e,0x421f,0x421f,0x421f,
	0x421f,0x421f,0x421c,0x421d,0x421c,0x421c,0x421d,0x421f,0x421f,0x421f,0x421f,0x421f,0x421d,0x421c,0x421c,0x421c,
	0x421c,0x421e,0x421f,0x421f,0x421f,0x421f,0x421e,0x421c,0x421c,0x421c,0x421c,0x421d,0x421f,0x421f,0x421f,0x421f,
	0x421f,0x421d,0x421c,0x421c,0x421d,0x421c,0x421e,0x421f,0x421f,0x421f,0x421f,0x421e,0x421c,0x421c,0x421c,0x421c,
	0x421d,0x421f,0x421f,0x421f,0x421f,0x421f,0x421d,0x421c,0x421c,0x421d,0x421c,0x421f,0x421f,0x421f,0x421f,0x421f,
	0x421e,0x421c,0x421c,0x421c,0x421c,0x421d,0x421f,0x421f,0x421f,0x421f,0x421f,0x421d,0x421c,0x421c,0x421c,0x421c,
	0x421f,0x421f,0x421f,0x421f,0x421f,0x421e,0x421c,0x421c,0x421c,0x421c,0x421d,0x421f,0x421f,0x421f,0x421f,0x421f,
	0x421c,0x421c,0x421c,0x421c,0x421c,0x421f,0x421f,0x421f,0x421f,0x421f,0x421d,0x421c,0x421d,0x421c,0x421c,0x421e,
	0x421f,0x421f,0x421f,0x421f,0x421f,0x421c,0x421c,0x421c,0x421c,0x421d,0x421f,0x421f,0x421f,0x421f,0x421f,0x421d,
	0x421c,0x421c,0x421c,0x421c,0x421e,0x421f,0x421f,0x421f,0x421f,0x421e,0x421c,0x421d,0x421c,0x421c,0x421d,0x421f,
	0x421f,0x421f,0x421f,0x421f,0x421d,0x421c,0x421c,0x421c,0x421c,0x421e,0x421f,0x421f,0x421f,0x421f,0x421e,0x421c,
	0x421c,0x421c,0x421c,0x421d,0x421f,0x421f,0x421f,0x421f,0x421f,0x421d,0x421c,0x421c,0x421c,0x421c,0x421f,0x421f,
	0x421f,0x421f,0x421f,0x421e,0x421c,0x421c,0x421c,0x421c,0x421d,0x421f,0x421f,0x421f,0x421f,0x421f,0x421d,0x421c,
	0x421c,0x421c,0x421c,0x421f,0x421f,0x421f,0x421f,0x421f,0x421e,0x421c,0x421c,0x421c,0x421c,0x421e,0x421f,0x421f,
	0x421f,0x421f,0x421e,0x421c,0x421c,0x421c,0x421c,0x421e,0x421f,0x421f,0x421f,0x421f,0x421f,0x421c,0x421c,0x421c,
	0x421c,0x421c,0x421f,0x421f,0x421f,0x421f,0x421f,0x421e,0x421c,0x421c,0x421c,0x421c,0x421e,0x421f,0x421f,0x421f,
	0x421f,0x421f,0x421c,0x421c,0x421c,0x421c,0x421d,0x421f,0x421f,0x421f,0x421f,0x421f,0x421d,0x421c,0x421c,0x421c,
	0x421c,0x421e,0x421f,0x421f,0x421f,0x421f,0x421e,0x421c,0x421c,0x421c,0x421c,0x421d,0x421f,0x421f,0x421f,0x421f,
	0x421f,0x421d,0x421c,0x421c,0x421c,0x421c,0x421e,0x421f,0x421f,0x421f,0x421f,0x421e,0x421c,0x421c,0x421c,0x421c,
	0x421d,0x421f,0x421f,0x421f,0x421f,0x421f,0x421d,0x421c,0x421c,0x421c,0x421c,0x421f,0x421f,0x421f,0x421f,0x421f,
	0x421e,0x421c,0x421c,0x421c,0x421c,0x421d,0x421f,0x421f,0x421f,0x421f,0x421f,0x421d,0x421c,0x421c,0x421c,0x421c,
	0x421f,0x421f,0x421f,0x421f,0x421f,0x421e,0x421c,0x421c,0x421c,0x421c,0x421d,0x421f,0x421f,0x421f,0x421f,0x421f,
	0x421c,0x421c,0x421c,0x421c,0x421c,0x421f,0x421f,0x421f,0x421f,0x421f,0x421d,0x421c,0x421c,0x421c,0x421c,0x421e,
	0x421f,0x421f,0x421f,0x421f,0x421f,0x421c,0x421c,0x421c,0x421c,0x421d,0x421f,0x421f,0x421f,0x421f,0x421f,0x421d,
	0x421c,0x421c,0x421c,0x421c,0x421e,0x421f,0x421f,0x421f,0x421f,0x421e,0x421c,0x421d,0x421c,0x421c,0x421d,0x421f,
	0x421f,0x421f,0x421f,0x421f,0x421d,0x421c,0x421c,0x421c,0x421c,0x421e,0x421f,0x421f,0x421f,0x421f,0x421e,0x421c,
	0x421c,0x421c,0x421c,0x421d,0x421f,0x421f,0x421f,0x421f,0x421f,0x421d,0x421c,0x421c,0x421c,0x421c,0x421f,0x421f,
	0x421f,0x421f,0x421f,0x421e,0x421c,0x421c,0x421c,0x421c,0x421d,0x421f,0x421f,0x421f,0x421f,0x421f,0x421d,0x421c,
	0x421c,0x421c,0x421c,0x421f,0x421f,0x421f,0x421f,0x421f,0x421e,0x421c,0x421c,0x421c,0x421c,0x421e,0x421f,0x421f
};

