/*
 * Exported with nin10kit v1.8
 * Invocation command was nin10kit --mode=3 --resize=240x160 play play.png 
 * Time-stamp: Monday 04/07/2025, 02:04:46
 * 
 * Image Information
 * -----------------
 * play.png 240@160
 * 
 * All bug reports / feature requests are to be filed here https://github.com/TricksterGuy/nin10kit/issues
 */

#include "play.h"

const unsigned short play[38400] =
{
	0x5aaf,0x5aaf,0x5aaf,0x5aaf,0x5aaf,0x5aaf,0x5aaf,0x5aaf,0x5aaf,0x5aaf,0x5aaf,0x5aaf,0x5aaf,0x5aaf,0x5aaf,0x5aaf,
	0x5aaf,0x5aaf,0x5aaf,0x5aaf,0x5aaf,0x5aaf,0x5aaf,0x5aaf,0x5aaf,0x5aaf,0x5aaf,0x5aaf,0x5aaf,0x5aaf,0x5aaf,0x5aaf,
	0x5aaf,0x5aaf,0x5aaf,0x5aaf,0x5aaf,0x5aaf,0x5aaf,0x5aaf,0x5aaf,0x5aaf,0x5aaf,0x5aaf,0x5aaf,0x5aaf,0x5aaf,0x5aaf,
	0x5aaf,0x5aaf,0x5aaf,0x5aaf,0x5aaf,0x5aaf,0x5aaf,0x5aaf,0x5aaf,0x5aaf,0x5aaf,0x5aaf,0x5aaf,0x5aaf,0x5aaf,0x5aaf,
	0x5aaf,0x5aaf,0x5aaf,0x5aaf,0x5aaf,0x5aaf,0x5aaf,0x5aaf,0x5aaf,0x5aaf,0x5aaf,0x5aaf,0x5aaf,0x5aaf,0x5aaf,0x5aaf,
	0x5aaf,0x5aaf,0x5aaf,0x5aaf,0x5aaf,0x5aaf,0x5aaf,0x5aaf,0x5aaf,0x5aaf,0x5aaf,0x5aaf,0x5aaf,0x5aaf,0x5aaf,0x5aaf,
	0x5aaf,0x5aaf,0x5aaf,0x5aaf,0x5aaf,0x5aaf,0x5aaf,0x5aaf,0x5aaf,0x5aaf,0x5aaf,0x5aaf,0x5aaf,0x5aaf,0x5aaf,0x5aaf,
	0x5aaf,0x5aaf,0x5aaf,0x5aaf,0x5aaf,0x5aaf,0x5aaf,0x5aaf,0x5aaf,0x5aaf,0x5aaf,0x5aaf,0x5aaf,0x5aaf,0x5aaf,0x5aaf,
	0x5aaf,0x5aaf,0x5aaf,0x5aaf,0x5aaf,0x5aaf,0x5aaf,0x5aaf,0x5aaf,0x5aaf,0x5aaf,0x5aaf,0x5aaf,0x5aaf,0x5aaf,0x5aaf,
	0x5aaf,0x5aaf,0x5aaf,0x5aaf,0x5aaf,0x5aaf,0x5aaf,0x5aaf,0x5aaf,0x5aaf,0x5aaf,0x5aaf,0x5aaf,0x5aaf,0x5aaf,0x5aaf,
	0x5aaf,0x5aaf,0x5aaf,0x5aaf,0x5aaf,0x5aaf,0x5aaf,0x5aaf,0x5aaf,0x5aaf,0x5aaf,0x5aaf,0x5aaf,0x5aaf,0x5aaf,0x5aaf,
	0x5aaf,0x5aaf,0x5aaf,0x5aaf,0x5aaf,0x5aaf,0x5aaf,0x5aaf,0x5aaf,0x5aaf,0x5aaf,0x5aaf,0x5aaf,0x5aaf,0x5aaf,0x5aaf,
	0x5aaf,0x5aaf,0x5aaf,0x5aaf,0x5aaf,0x5aaf,0x5aaf,0x5aaf,0x5aaf,0x5aaf,0x5aaf,0x5aaf,0x5aaf,0x5aaf,0x5aaf,0x5aaf,
	0x5aaf,0x5aaf,0x5aaf,0x5aaf,0x5aaf,0x5aaf,0x5aaf,0x5aaf,0x5aaf,0x5aaf,0x5aaf,0x5aaf,0x5aaf,0x5aaf,0x5aaf,0x5aaf,
	0x5aaf,0x5aaf,0x5aaf,0x5aaf,0x5aaf,0x5aaf,0x5aaf,0x5aaf,0x5aaf,0x5aaf,0x5aaf,0x5aaf,0x5aaf,0x5aaf,0x5aaf,0x5aaf,
	0x5aaf,0x5aaf,0x5aaf,0x5aaf,0x5aaf,0x5aaf,0x5aaf,0x5aaf,0x5aaf,0x5aaf,0x5aaf,0x5aaf,0x5aaf,0x5aaf,0x5aaf,0x5aaf,
	0x5aaf,0x5aaf,0x5aaf,0x5aaf,0x5aaf,0x5aaf,0x5aaf,0x5aaf,0x5aaf,0x5aaf,0x5aaf,0x5aaf,0x5aaf,0x5aaf,0x5aaf,0x5aaf,
	0x5aaf,0x5aaf,0x5aaf,0x5aaf,0x5aaf,0x5aaf,0x5aaf,0x5aaf,0x5aaf,0x5aaf,0x5aaf,0x5aaf,0x5aaf,0x5aaf,0x5aaf,0x5aaf,
	0x5aaf,0x5aaf,0x5aaf,0x5aaf,0x5aaf,0x5aaf,0x5aaf,0x5aaf,0x5aaf,0x5aaf,0x5aaf,0x5aaf,0x5aaf,0x5aaf,0x5aaf,0x5aaf,
	0x5aaf,0x5aaf,0x5aaf,0x5aaf,0x5aaf,0x5aaf,0x5aaf,0x5aaf,0x5aaf,0x5aaf,0x5aaf,0x5aaf,0x5aaf,0x5aaf,0x5aaf,0x5aaf,
	0x5aaf,0x5aaf,0x5aaf,0x5aaf,0x5aaf,0x5aaf,0x5aaf,0x5aaf,0x5aaf,0x5aaf,0x5aaf,0x5aaf,0x5aaf,0x5aaf,0x5aaf,0x5aaf,
	0x5aaf,0x5aaf,0x5aaf,0x5aaf,0x5aaf,0x5aaf,0x5aaf,0x5aaf,0x5aaf,0x5aaf,0x5aaf,0x5aaf,0x5aaf,0x5aaf,0x5aaf,0x5aaf,
	0x5aaf,0x5aaf,0x5aaf,0x5aaf,0x5aaf,0x5aaf,0x5aaf,0x5aaf,0x5aaf,0x5aaf,0x5aaf,0x5aaf,0x5aaf,0x5aaf,0x5aaf,0x5aaf,
	0x5aaf,0x5aaf,0x5aaf,0x5aaf,0x5aaf,0x5aaf,0x5aaf,0x5aaf,0x5aaf,0x5aaf,0x5aaf,0x5aaf,0x5aaf,0x5aaf,0x5aaf,0x5aaf,
	0x5aaf,0x5aaf,0x5aaf,0x5aaf,0x5aaf,0x5aaf,0x5aaf,0x5aaf,0x5aaf,0x5aaf,0x5aaf,0x5aaf,0x5aaf,0x5aaf,0x5aaf,0x5aaf,
	0x5aaf,0x5aaf,0x5aaf,0x5aaf,0x5aaf,0x5aaf,0x5aaf,0x5aaf,0x5aaf,0x5aaf,0x5aaf,0x5aaf,0x5aaf,0x5aaf,0x5aaf,0x5aaf,
	0x5aaf,0x5aaf,0x5aaf,0x5aaf,0x5aaf,0x5aaf,0x5aaf,0x5aaf,0x5aaf,0x5aaf,0x5aaf,0x5aaf,0x5aaf,0x5aaf,0x5aaf,0x5aaf,
	0x5aaf,0x5aaf,0x5aaf,0x5aaf,0x5aaf,0x5aaf,0x5aaf,0x5aaf,0x5aaf,0x5aaf,0x5aaf,0x5aaf,0x5aaf,0x5aaf,0x5aaf,0x5aaf,
	0x5aaf,0x5aaf,0x5aaf,0x5aaf,0x5aaf,0x5aaf,0x5aaf,0x5aaf,0x5aaf,0x5aaf,0x5aaf,0x5aaf,0x5aaf,0x5aaf,0x5aaf,0x5aaf,
	0x5aaf,0x5aaf,0x5aaf,0x5aaf,0x5aaf,0x5aaf,0x5aaf,0x5aaf,0x5aaf,0x5aaf,0x5aaf,0x5aaf,0x5aaf,0x5aaf,0x5aaf,0x5aaf,
	0x5aaf,0x5aaf,0x5aaf,0x5aaf,0x5aaf,0x5aaf,0x5aaf,0x5aaf,0x5aaf,0x5aaf,0x5aaf,0x5aaf,0x5aaf,0x5aaf,0x5aaf,0x5aaf,
	0x5aaf,0x5aaf,0x5aaf,0x5aaf,0x5aaf,0x5aaf,0x5aaf,0x5aaf,0x5aaf,0x5aaf,0x5aaf,0x5aaf,0x5aaf,0x5aaf,0x5aaf,0x5aaf,
	0x5aaf,0x5aaf,0x5aaf,0x5aaf,0x5aaf,0x5aaf,0x5aaf,0x5aaf,0x5aaf,0x5aaf,0x5aaf,0x5aaf,0x5aaf,0x5aaf,0x5aaf,0x5aaf,
	0x5aaf,0x5aaf,0x5aaf,0x5aaf,0x5aaf,0x5aaf,0x5aaf,0x5aaf,0x5aaf,0x5aaf,0x5aaf,0x5aaf,0x5aaf,0x5aaf,0x5aaf,0x5aaf,
	0x5aaf,0x5aaf,0x5aaf,0x5aaf,0x5aaf,0x5aaf,0x5aaf,0x5aaf,0x5aaf,0x5aaf,0x5aaf,0x5aaf,0x5aaf,0x5aaf,0x5aaf,0x5aaf,
	0x5aaf,0x5aaf,0x5aaf,0x5aaf,0x5aaf,0x5aaf,0x5aaf,0x5aaf,0x5aaf,0x5aaf,0x5aaf,0x5aaf,0x5aaf,0x5aaf,0x5aaf,0x5aaf,
	0x5aaf,0x5aaf,0x5aaf,0x5aaf,0x5aaf,0x5aaf,0x5aaf,0x5aaf,0x5aaf,0x5aaf,0x5aaf,0x5aaf,0x5aaf,0x5aaf,0x5aaf,0x5aaf,
	0x5aaf,0x5aaf,0x5aaf,0x5aaf,0x5aaf,0x5aaf,0x5aaf,0x5aaf,0x5aaf,0x5aaf,0x5aaf,0x5aaf,0x5aaf,0x5aaf,0x5aaf,0x5aaf,
	0x5aaf,0x5aaf,0x5aaf,0x5aaf,0x5aaf,0x5aaf,0x5aaf,0x5aaf,0x5aaf,0x5aaf,0x5aaf,0x5aaf,0x5aaf,0x5aaf,0x5aaf,0x5aaf,
	0x5aaf,0x5aaf,0x5aaf,0x5aaf,0x5aaf,0x5aaf,0x5aaf,0x5aaf,0x5aaf,0x5aaf,0x5aaf,0x5aaf,0x5aaf,0x5aaf,0x5aaf,0x5aaf,
	0x5aaf,0x5aaf,0x5aaf,0x5aaf,0x5aaf,0x5aaf,0x5aaf,0x5aaf,0x5aaf,0x5aaf,0x5aaf,0x5aaf,0x5aaf,0x5aaf,0x5aaf,0x5aaf,
	0x5aaf,0x5aaf,0x5aaf,0x5aaf,0x5aaf,0x5aaf,0x5aaf,0x5aaf,0x5aaf,0x5aaf,0x5aaf,0x5aaf,0x5aaf,0x5aaf,0x5aaf,0x5aaf,
	0x5aaf,0x5aaf,0x5aaf,0x5aaf,0x5aaf,0x5aaf,0x5aaf,0x5aaf,0x5aaf,0x5aaf,0x5aaf,0x5aaf,0x5aaf,0x5aaf,0x5aaf,0x5aaf,
	0x5aaf,0x5aaf,0x5aaf,0x5aaf,0x5aaf,0x5aaf,0x5aaf,0x5aaf,0x5aaf,0x5aaf,0x5aaf,0x5aaf,0x5aaf,0x5aaf,0x5aaf,0x5aaf,
	0x5aaf,0x5aaf,0x5aaf,0x5aaf,0x5aaf,0x5aaf,0x5aaf,0x5aaf,0x5aaf,0x5aaf,0x5aaf,0x5aaf,0x5aaf,0x5aaf,0x5aaf,0x5aaf,
	0x5aaf,0x5aaf,0x5aaf,0x5aaf,0x5aaf,0x5aaf,0x5aaf,0x5aaf,0x5aaf,0x5aaf,0x5aaf,0x5aaf,0x5aaf,0x5aaf,0x5aaf,0x5aaf,
	0x5aaf,0x5aaf,0x5aaf,0x5aaf,0x5aaf,0x5aaf,0x5aaf,0x5aaf,0x5aaf,0x5aaf,0x5aaf,0x5aaf,0x5aaf,0x5aaf,0x5aaf,0x5aaf,
	0x5aaf,0x5aaf,0x5aaf,0x5aaf,0x5aaf,0x5aaf,0x5aaf,0x5aaf,0x5aaf,0x5aaf,0x5aaf,0x5aaf,0x5aaf,0x5aaf,0x5aaf,0x5aaf,
	0x5aaf,0x5aaf,0x5aaf,0x5aaf,0x5aaf,0x5aaf,0x5aaf,0x5aaf,0x5aaf,0x5aaf,0x5aaf,0x5aaf,0x5aaf,0x5aaf,0x5aaf,0x5aaf,
	0x5aaf,0x5aaf,0x5aaf,0x5aaf,0x5aaf,0x5aaf,0x5aaf,0x5aaf,0x5aaf,0x5aaf,0x5aaf,0x5aaf,0x5aaf,0x5aaf,0x5aaf,0x5aaf,
	0x5aaf,0x5aaf,0x5aaf,0x5aaf,0x5aaf,0x5aaf,0x5aaf,0x5aaf,0x5aaf,0x5aaf,0x5aaf,0x5aaf,0x5aaf,0x5aaf,0x5aaf,0x5aaf,
	0x5aaf,0x5aaf,0x5aaf,0x5aaf,0x5aaf,0x5aaf,0x5aaf,0x5aaf,0x5aaf,0x5aaf,0x5aaf,0x5aaf,0x5aaf,0x5aaf,0x5aaf,0x5aaf,
	0x5aaf,0x5aaf,0x5aaf,0x5aaf,0x5aaf,0x5aaf,0x5aaf,0x5aaf,0x5aaf,0x5aaf,0x5aaf,0x5aaf,0x5aaf,0x5aaf,0x5aaf,0x5aaf,
	0x5aaf,0x5aaf,0x5aaf,0x5aaf,0x5aaf,0x5aaf,0x5aaf,0x5aaf,0x5aaf,0x5aaf,0x5aaf,0x5aaf,0x5aaf,0x5aaf,0x5aaf,0x5aaf,
	0x5aaf,0x5aaf,0x5aaf,0x5aaf,0x5aaf,0x5aaf,0x5aaf,0x5aaf,0x5aaf,0x5aaf,0x5aaf,0x5aaf,0x5aaf,0x5aaf,0x5aaf,0x5aaf,
	0x5aaf,0x5aaf,0x5aaf,0x5aaf,0x5aaf,0x5aaf,0x5aaf,0x5aaf,0x5aaf,0x5aaf,0x5aaf,0x5aaf,0x5aaf,0x5aaf,0x5aaf,0x5aaf,
	0x5aaf,0x5aaf,0x5aaf,0x5aaf,0x5aaf,0x5aaf,0x5aaf,0x5aaf,0x5aaf,0x5aaf,0x5aaf,0x5aaf,0x5aaf,0x5aaf,0x5aaf,0x5aaf,
	0x5aaf,0x5aaf,0x5aaf,0x5aaf,0x5aaf,0x5aaf,0x5aaf,0x5aaf,0x5aaf,0x5aaf,0x5aaf,0x5aaf,0x5aaf,0x5aaf,0x5aaf,0x5aaf,
	0x5aaf,0x5aaf,0x5aaf,0x5aaf,0x5aaf,0x5aaf,0x5aaf,0x5aaf,0x5aaf,0x5aaf,0x5aaf,0x5aaf,0x5aaf,0x5aaf,0x5aaf,0x5aaf,
	0x5aaf,0x5aaf,0x5aaf,0x5aaf,0x5aaf,0x5aaf,0x5aaf,0x5aaf,0x5aaf,0x5aaf,0x5aaf,0x5aaf,0x5aaf,0x5aaf,0x5aaf,0x5aaf,
	0x5aaf,0x5aaf,0x5aaf,0x5aaf,0x5aaf,0x5aaf,0x5aaf,0x5aaf,0x5aaf,0x5aaf,0x5aaf,0x5aaf,0x5aaf,0x5aaf,0x5aaf,0x5aaf,
	0x5aaf,0x5aaf,0x5aaf,0x5aaf,0x5aaf,0x5aaf,0x5aaf,0x5aaf,0x5aaf,0x5aaf,0x5aaf,0x5aaf,0x5aaf,0x5aaf,0x5aaf,0x5aaf,
	0x5aaf,0x5aaf,0x5aaf,0x5aaf,0x5aaf,0x5aaf,0x5aaf,0x5aaf,0x5aaf,0x5aaf,0x5aaf,0x5aaf,0x5aaf,0x5aaf,0x5aaf,0x5aaf,
	0x5aaf,0x5aaf,0x5aaf,0x5aaf,0x5aaf,0x5aaf,0x5aaf,0x5aaf,0x5aaf,0x5aaf,0x5aaf,0x5aaf,0x5aaf,0x5aaf,0x5aaf,0x5aaf,
	0x5aaf,0x5aaf,0x5aaf,0x5aaf,0x5aaf,0x5aaf,0x5aaf,0x5aaf,0x5aaf,0x5aaf,0x5aaf,0x5aaf,0x5aaf,0x5aaf,0x5aaf,0x5aaf,
	0x5aaf,0x5aaf,0x5aaf,0x5aaf,0x5aaf,0x5aaf,0x5aaf,0x5aaf,0x5aaf,0x5aaf,0x5aaf,0x5aaf,0x5aaf,0x5aaf,0x5aaf,0x5aaf,
	0x5aaf,0x5aaf,0x5aaf,0x5aaf,0x5aaf,0x5aaf,0x5aaf,0x5aaf,0x5aaf,0x5aaf,0x5aaf,0x5aaf,0x5aaf,0x5aaf,0x5aaf,0x5aaf,
	0x5aaf,0x5aaf,0x5aaf,0x5aaf,0x5aaf,0x5aaf,0x5aaf,0x5aaf,0x5aaf,0x5aaf,0x5aaf,0x5aaf,0x5aaf,0x5aaf,0x5aaf,0x5aaf,
	0x5aaf,0x5aaf,0x5aaf,0x5aaf,0x5aaf,0x5aaf,0x5aaf,0x5aaf,0x5aaf,0x5aaf,0x5aaf,0x5aaf,0x5aaf,0x5aaf,0x5aaf,0x5aaf,
	0x5aaf,0x5aaf,0x5aaf,0x5aaf,0x5aaf,0x5aaf,0x5aaf,0x5aaf,0x5aaf,0x5aaf,0x5aaf,0x5aaf,0x5aaf,0x5aaf,0x5aaf,0x5aaf,
	0x5aaf,0x5aaf,0x5aaf,0x5aaf,0x5aaf,0x5aaf,0x5aaf,0x5aaf,0x5aaf,0x5aaf,0x5aaf,0x5aaf,0x5aaf,0x5aaf,0x5aaf,0x5aaf,
	0x5aaf,0x5aaf,0x5aaf,0x5aaf,0x5aaf,0x5aaf,0x5aaf,0x5aaf,0x5aaf,0x5aaf,0x5aaf,0x5aaf,0x5aaf,0x5aaf,0x5aaf,0x5aaf,
	0x5aaf,0x5aaf,0x5aaf,0x5aaf,0x5aaf,0x5aaf,0x5aaf,0x5aaf,0x5aaf,0x5aaf,0x5aaf,0x5aaf,0x5aaf,0x5aaf,0x5aaf,0x5aaf,
	0x5aaf,0x5aaf,0x5aaf,0x5aaf,0x5aaf,0x5aaf,0x5aaf,0x5aaf,0x5aaf,0x5aaf,0x5aaf,0x5aaf,0x5aaf,0x5aaf,0x5aaf,0x5aaf,
	0x5aaf,0x5aaf,0x5aaf,0x5aaf,0x5aaf,0x5aaf,0x5aaf,0x5aaf,0x5aaf,0x5aaf,0x5aaf,0x5aaf,0x5aaf,0x5aaf,0x5aaf,0x5aaf,
	0x5aaf,0x5aaf,0x5aaf,0x5aaf,0x5aaf,0x5aaf,0x5aaf,0x5aaf,0x5aaf,0x5aaf,0x5aaf,0x5aaf,0x5aaf,0x5aaf,0x5aaf,0x5aaf,
	0x5aaf,0x5aaf,0x5aaf,0x5aaf,0x5aaf,0x5aaf,0x5aaf,0x5aaf,0x5aaf,0x5aaf,0x5aaf,0x5aaf,0x5aaf,0x5aaf,0x5aaf,0x5aaf,
	0x5aaf,0x5aaf,0x5aaf,0x5aaf,0x5aaf,0x5aaf,0x5aaf,0x5aaf,0x5aaf,0x5aaf,0x5aaf,0x5aaf,0x5aaf,0x5aaf,0x5aaf,0x5aaf,
	0x5aaf,0x5aaf,0x5aaf,0x5aaf,0x5aaf,0x5aaf,0x5aaf,0x5aaf,0x5aaf,0x5aaf,0x5aaf,0x5aaf,0x5aaf,0x5aaf,0x5aaf,0x5aaf,
	0x5aaf,0x5aaf,0x5aaf,0x5aaf,0x5aaf,0x5aaf,0x5aaf,0x5aaf,0x5aaf,0x5aaf,0x5aaf,0x5aaf,0x5aaf,0x5aaf,0x5aaf,0x5aaf,
	0x5aaf,0x5aaf,0x5aaf,0x5aaf,0x5aaf,0x5aaf,0x5aaf,0x5aaf,0x5aaf,0x5aaf,0x5aaf,0x5aaf,0x5aaf,0x5aaf,0x5aaf,0x5aaf,
	0x5aaf,0x5aaf,0x5aaf,0x5aaf,0x5aaf,0x5aaf,0x5aaf,0x5aaf,0x5aaf,0x5aaf,0x5aaf,0x5aaf,0x5aaf,0x5aaf,0x5aaf,0x5aaf,
	0x5aaf,0x5aaf,0x5aaf,0x5aaf,0x5aaf,0x5aaf,0x5aaf,0x5aaf,0x5aaf,0x5aaf,0x5aaf,0x5aaf,0x5aaf,0x5aaf,0x5aaf,0x5aaf,
	0x5aaf,0x5aaf,0x5aaf,0x5aaf,0x5aaf,0x5aaf,0x5aaf,0x5aaf,0x5aaf,0x5aaf,0x5aaf,0x5aaf,0x5aaf,0x5aaf,0x5aaf,0x5aaf,
	0x5aaf,0x5aaf,0x5aaf,0x5aaf,0x5aaf,0x5aaf,0x5aaf,0x5aaf,0x5aaf,0x5aaf,0x5aaf,0x5aaf,0x5aaf,0x5aaf,0x5aaf,0x5aaf,
	0x5aaf,0x5aaf,0x5aaf,0x5aaf,0x5aaf,0x5aaf,0x5aaf,0x5aaf,0x5aaf,0x5aaf,0x5aaf,0x5aaf,0x5aaf,0x5aaf,0x5aaf,0x5aaf,
	0x5aaf,0x5aaf,0x5aaf,0x5aaf,0x5aaf,0x5aaf,0x5aaf,0x5aaf,0x5aaf,0x5aaf,0x5aaf,0x5aaf,0x5aaf,0x5aaf,0x5aaf,0x5aaf,
	0x5aaf,0x5aaf,0x5aaf,0x5aaf,0x5aaf,0x5aaf,0x5aaf,0x5aaf,0x5aaf,0x5aaf,0x5aaf,0x5aaf,0x5aaf,0x5aaf,0x5aaf,0x5aaf,
	0x5aaf,0x5aaf,0x5aaf,0x5aaf,0x5aaf,0x5aaf,0x5aaf,0x5aaf,0x5aaf,0x5aaf,0x5aaf,0x5aaf,0x5aaf,0x5aaf,0x5aaf,0x5aaf,
	0x5aaf,0x5aaf,0x5aaf,0x5aaf,0x5aaf,0x5aaf,0x5aaf,0x5aaf,0x5aaf,0x5aaf,0x5aaf,0x5aaf,0x5aaf,0x5aaf,0x5aaf,0x5aaf,
	0x5aaf,0x5aaf,0x5aaf,0x5aaf,0x5aaf,0x5aaf,0x5aaf,0x5aaf,0x5aaf,0x5aaf,0x5aaf,0x5aaf,0x5aaf,0x5aaf,0x5aaf,0x5aaf,
	0x5aaf,0x5aaf,0x5aaf,0x5aaf,0x5aaf,0x5aaf,0x5aaf,0x5aaf,0x5aaf,0x5aaf,0x5aaf,0x5aaf,0x5aaf,0x5aaf,0x5aaf,0x5aaf,
	0x5aaf,0x5aaf,0x5aaf,0x5aaf,0x5aaf,0x5aaf,0x5aaf,0x5aaf,0x5aaf,0x5aaf,0x5aaf,0x5aaf,0x5aaf,0x5aaf,0x5aaf,0x5aaf,
	0x5aaf,0x5aaf,0x5aaf,0x5aaf,0x5aaf,0x5aaf,0x5aaf,0x5aaf,0x5aaf,0x5aaf,0x5aaf,0x5aaf,0x5aaf,0x5aaf,0x5aaf,0x5aaf,
	0x5aaf,0x5aaf,0x5aaf,0x5aaf,0x5aaf,0x5aaf,0x5aaf,0x5aaf,0x5aaf,0x5aaf,0x5aaf,0x5aaf,0x5aaf,0x5aaf,0x5aaf,0x5aaf,
	0x5aaf,0x5aaf,0x5aaf,0x5aaf,0x5aaf,0x5aaf,0x5aaf,0x5aaf,0x5aaf,0x5aaf,0x5aaf,0x5aaf,0x5aaf,0x5aaf,0x5aaf,0x5aaf,
	0x5aaf,0x5aaf,0x5aaf,0x5aaf,0x5aaf,0x5aaf,0x5aaf,0x5aaf,0x5aaf,0x5aaf,0x5aaf,0x5aaf,0x5aaf,0x5aaf,0x5aaf,0x5aaf,
	0x5aaf,0x5aaf,0x5aaf,0x5aaf,0x5aaf,0x5aaf,0x5aaf,0x5aaf,0x5aaf,0x5aaf,0x5aaf,0x5aaf,0x5aaf,0x5aaf,0x5aaf,0x5aaf,
	0x5aaf,0x5aaf,0x5aaf,0x5aaf,0x5aaf,0x5aaf,0x5aaf,0x5aaf,0x5aaf,0x5aaf,0x5aaf,0x5aaf,0x5aaf,0x5aaf,0x5aaf,0x5aaf,
	0x5aaf,0x5aaf,0x5aaf,0x5aaf,0x5aaf,0x5aaf,0x5aaf,0x5aaf,0x5aaf,0x5aaf,0x5aaf,0x5aaf,0x5aaf,0x5aaf,0x5aaf,0x5aaf,
	0x5aaf,0x5aaf,0x5aaf,0x5aaf,0x5aaf,0x5aaf,0x5aaf,0x5aaf,0x5aaf,0x5aaf,0x5aaf,0x5aaf,0x5aaf,0x5aaf,0x5aaf,0x5aaf,
	0x5aaf,0x5aaf,0x5aaf,0x5aaf,0x5aaf,0x5aaf,0x5aaf,0x5aaf,0x5aaf,0x5aaf,0x5aaf,0x5aaf,0x5aaf,0x5aaf,0x5aaf,0x5aaf,
	0x5aaf,0x5aaf,0x5aaf,0x5aaf,0x5aaf,0x5aaf,0x5aaf,0x5aaf,0x5aaf,0x5aaf,0x5aaf,0x5aaf,0x5aaf,0x5aaf,0x5aaf,0x5aaf,
	0x5aaf,0x5aaf,0x5aaf,0x5aaf,0x5aaf,0x5aaf,0x5aaf,0x5aaf,0x5aaf,0x5aaf,0x5aaf,0x5aaf,0x5aaf,0x5aaf,0x5aaf,0x5aaf,
	0x5aaf,0x5aaf,0x5aaf,0x5aaf,0x5aaf,0x5aaf,0x5aaf,0x5aaf,0x5aaf,0x5aaf,0x5aaf,0x5aaf,0x5aaf,0x5aaf,0x5aaf,0x5aaf,
	0x5aaf,0x5aaf,0x5aaf,0x5aaf,0x5aaf,0x5aaf,0x5aaf,0x5aaf,0x5aaf,0x5aaf,0x5aaf,0x5aaf,0x5aaf,0x5aaf,0x5aaf,0x5aaf,
	0x5aaf,0x5aaf,0x5aaf,0x5aaf,0x5aaf,0x5aaf,0x5aaf,0x5aaf,0x5aaf,0x5aaf,0x5aaf,0x5aaf,0x5aaf,0x5aaf,0x5aaf,0x5aaf,
	0x5aaf,0x5aaf,0x5aaf,0x5aaf,0x5aaf,0x5aaf,0x5aaf,0x5aaf,0x5aaf,0x5aaf,0x5aaf,0x5aaf,0x5aaf,0x5aaf,0x5aaf,0x5aaf,
	0x5aaf,0x5aaf,0x5aaf,0x5aaf,0x5aaf,0x5aaf,0x5aaf,0x5aaf,0x5aaf,0x5aaf,0x5aaf,0x5aaf,0x5aaf,0x5aaf,0x5aaf,0x5aaf,
	0x5aaf,0x5aaf,0x5aaf,0x5aaf,0x5aaf,0x5aaf,0x5aaf,0x5aaf,0x5aaf,0x5aaf,0x5aaf,0x5aaf,0x5aaf,0x5aaf,0x5aaf,0x5aaf,
	0x5aaf,0x5aaf,0x5aaf,0x5aaf,0x5aaf,0x5aaf,0x5aaf,0x5aaf,0x5aaf,0x5aaf,0x5aaf,0x5aaf,0x5aaf,0x5aaf,0x5aaf,0x5aaf,
	0x5aaf,0x5aaf,0x5aaf,0x5aaf,0x5aaf,0x5aaf,0x5aaf,0x5aaf,0x5aaf,0x5aaf,0x5aaf,0x5aaf,0x5aaf,0x5aaf,0x5aaf,0x5aaf,
	0x5aaf,0x5aaf,0x5aaf,0x5aaf,0x5aaf,0x5aaf,0x5aaf,0x5aaf,0x5aaf,0x5aaf,0x5aaf,0x5aaf,0x5aaf,0x5aaf,0x5aaf,0x5aaf,
	0x5aaf,0x5aaf,0x5aaf,0x5aaf,0x5aaf,0x5aaf,0x5aaf,0x5aaf,0x5aaf,0x5aaf,0x5aaf,0x5aaf,0x5aaf,0x5aaf,0x5aaf,0x5aaf,
	0x5aaf,0x5aaf,0x5aaf,0x5aaf,0x5aaf,0x5aaf,0x5aaf,0x5aaf,0x5aaf,0x5aaf,0x5aaf,0x5aaf,0x5aaf,0x5aaf,0x5aaf,0x5aaf,
	0x5aaf,0x5aaf,0x5aaf,0x5aaf,0x5aaf,0x5aaf,0x5aaf,0x5aaf,0x5aaf,0x5aaf,0x5aaf,0x5aaf,0x5aaf,0x5aaf,0x5aaf,0x5aaf,
	0x5aaf,0x5aaf,0x5aaf,0x5aaf,0x5aaf,0x5aaf,0x5aaf,0x5aaf,0x5aaf,0x5aaf,0x5aaf,0x5aaf,0x5aaf,0x5aaf,0x5aaf,0x5aaf,
	0x5aaf,0x5aaf,0x5aaf,0x5aaf,0x5aaf,0x5aaf,0x5aaf,0x5aaf,0x5aaf,0x5aaf,0x5aaf,0x5aaf,0x5aaf,0x5aaf,0x5aaf,0x5aaf,
	0x5aaf,0x5aaf,0x5aaf,0x5aaf,0x5aaf,0x5aaf,0x5aaf,0x5aaf,0x5aaf,0x5aaf,0x5aaf,0x5aaf,0x5aaf,0x5aaf,0x5aaf,0x5aaf,
	0x5aaf,0x5aaf,0x5aaf,0x5aaf,0x5aaf,0x5aaf,0x5aaf,0x5aaf,0x5aaf,0x5aaf,0x5aaf,0x5aaf,0x5aaf,0x5aaf,0x5aaf,0x5aaf,
	0x5aaf,0x5aaf,0x5aaf,0x5aaf,0x5aaf,0x5aaf,0x5aaf,0x5aaf,0x5aaf,0x5aaf,0x5aaf,0x5aaf,0x5aaf,0x5aaf,0x5aaf,0x5aaf,
	0x5aaf,0x5aaf,0x5aaf,0x5aaf,0x5aaf,0x5aaf,0x5aaf,0x5aaf,0x5aaf,0x5aaf,0x5aaf,0x5aaf,0x5aaf,0x5aaf,0x5aaf,0x5aaf,
	0x5aaf,0x5aaf,0x5aaf,0x5aaf,0x5aaf,0x5aaf,0x5aaf,0x5aaf,0x5aaf,0x5aaf,0x5aaf,0x5aaf,0x5aaf,0x5aaf,0x5aaf,0x5aaf,
	0x5aaf,0x5aaf,0x5aaf,0x5aaf,0x5aaf,0x5aaf,0x5aaf,0x5aaf,0x5aaf,0x5aaf,0x5aaf,0x5aaf,0x5aaf,0x5aaf,0x5aaf,0x5aaf,
	0x5aaf,0x5aaf,0x5aaf,0x5aaf,0x5aaf,0x5aaf,0x5aaf,0x5aaf,0x5aaf,0x5aaf,0x5aaf,0x5aaf,0x5aaf,0x5aaf,0x5aaf,0x5aaf,
	0x5aaf,0x5aaf,0x5aaf,0x5aaf,0x5aaf,0x5aaf,0x5aaf,0x5aaf,0x5aaf,0x5aaf,0x5aaf,0x5aaf,0x5aaf,0x5aaf,0x5aaf,0x5aaf,
	0x5aaf,0x5aaf,0x5aaf,0x5aaf,0x5aaf,0x5aaf,0x5aaf,0x5aaf,0x5aaf,0x5aaf,0x5aaf,0x5aaf,0x5aaf,0x5aaf,0x5aaf,0x5aaf,
	0x5aaf,0x5aaf,0x5aaf,0x5aaf,0x5aaf,0x5aaf,0x5aaf,0x5aaf,0x5aaf,0x5aaf,0x5aaf,0x5aaf,0x5aaf,0x5aaf,0x5aaf,0x5aaf,
	0x5aaf,0x5aaf,0x5aaf,0x5aaf,0x5aaf,0x5aaf,0x5aaf,0x5aaf,0x5aaf,0x5aaf,0x5aaf,0x5aaf,0x5aaf,0x5aaf,0x5aaf,0x5aaf,
	0x5aaf,0x5aaf,0x5aaf,0x5aaf,0x5aaf,0x5aaf,0x5aaf,0x5aaf,0x5aaf,0x5aaf,0x5aaf,0x5aaf,0x5aaf,0x5aaf,0x5aaf,0x5aaf,
	0x5aaf,0x5aaf,0x5aaf,0x5aaf,0x5aaf,0x5aaf,0x5aaf,0x5aaf,0x5aaf,0x5aaf,0x5aaf,0x5aaf,0x5aaf,0x5aaf,0x5aaf,0x5aaf,
	0x5aaf,0x5aaf,0x5aaf,0x5aaf,0x5aaf,0x5aaf,0x5aaf,0x5aaf,0x5aaf,0x5aaf,0x5aaf,0x5aaf,0x5aaf,0x5aaf,0x5aaf,0x5aaf,
	0x5aaf,0x5aaf,0x5aaf,0x5aaf,0x5aaf,0x5aaf,0x5aaf,0x5aaf,0x5aaf,0x5aaf,0x5aaf,0x5aaf,0x5aaf,0x5aaf,0x5aaf,0x5aaf,
	0x5aaf,0x5aaf,0x5aaf,0x5aaf,0x5aaf,0x5aaf,0x5aaf,0x5aaf,0x5aaf,0x5aaf,0x5aaf,0x5aaf,0x5aaf,0x5aaf,0x5aaf,0x5aaf,
	0x5aaf,0x5aaf,0x5aaf,0x5aaf,0x5aaf,0x5aaf,0x5aaf,0x5aaf,0x5aaf,0x5aaf,0x5aaf,0x5aaf,0x5aaf,0x5aaf,0x5aaf,0x5aaf,
	0x5aaf,0x5aaf,0x5aaf,0x5aaf,0x5aaf,0x5aaf,0x5aaf,0x5aaf,0x5aaf,0x5aaf,0x5aaf,0x5aaf,0x5aaf,0x5aaf,0x5aaf,0x5aaf,
	0x5aaf,0x5aaf,0x5aaf,0x5aaf,0x5aaf,0x5aaf,0x5aaf,0x5aaf,0x5aaf,0x5aaf,0x5aaf,0x5aaf,0x5aaf,0x5aaf,0x5aaf,0x5aaf,
	0x5aaf,0x5aaf,0x5aaf,0x5aaf,0x5aaf,0x5aaf,0x5aaf,0x5aaf,0x5aaf,0x5aaf,0x5aaf,0x5aaf,0x5aaf,0x5aaf,0x5aaf,0x5aaf,
	0x5aaf,0x5aaf,0x5aaf,0x5aaf,0x5aaf,0x5aaf,0x5aaf,0x5aaf,0x5aaf,0x5aaf,0x5aaf,0x5aaf,0x5aaf,0x5aaf,0x5aaf,0x5aaf,
	0x5aaf,0x5aaf,0x5aaf,0x5aaf,0x5aaf,0x5aaf,0x5aaf,0x5aaf,0x5aaf,0x5aaf,0x5aaf,0x5aaf,0x5aaf,0x5aaf,0x5aaf,0x5aaf,
	0x5aaf,0x5aaf,0x5aaf,0x5aaf,0x5aaf,0x5aaf,0x5aaf,0x5aaf,0x5aaf,0x5aaf,0x5aaf,0x5aaf,0x5aaf,0x5aaf,0x5aaf,0x5aaf,
	0x5aaf,0x5aaf,0x5aaf,0x5aaf,0x5aaf,0x5aaf,0x5aaf,0x5aaf,0x5aaf,0x5aaf,0x5aaf,0x5aaf,0x5aaf,0x5aaf,0x5aaf,0x5aaf,
	0x5aaf,0x5aaf,0x5aaf,0x5aaf,0x5aaf,0x5aaf,0x5aaf,0x5aaf,0x5aaf,0x5aaf,0x5aaf,0x5aaf,0x5aaf,0x5aaf,0x5aaf,0x5aaf,
	0x5aaf,0x5aaf,0x5aaf,0x5aaf,0x5aaf,0x5aaf,0x5aaf,0x5aaf,0x5aaf,0x5aaf,0x5aaf,0x5aaf,0x5aaf,0x5aaf,0x5aaf,0x5aaf,
	0x5aaf,0x5aaf,0x5aaf,0x5aaf,0x5aaf,0x5aaf,0x5aaf,0x5aaf,0x5aaf,0x5aaf,0x5aaf,0x5aaf,0x5aaf,0x5aaf,0x5aaf,0x5aaf,
	0x5aaf,0x5aaf,0x5aaf,0x5aaf,0x5aaf,0x5aaf,0x5aaf,0x5aaf,0x5aaf,0x5aaf,0x5aaf,0x5aaf,0x5aaf,0x5aaf,0x5aaf,0x5aaf,
	0x5aaf,0x5aaf,0x5aaf,0x5aaf,0x5aaf,0x5aaf,0x5aaf,0x5aaf,0x5aaf,0x5aaf,0x5aaf,0x5aaf,0x5aaf,0x5aaf,0x5aaf,0x5aaf,
	0x5aaf,0x5aaf,0x5aaf,0x5aaf,0x5aaf,0x5aaf,0x5aaf,0x5aaf,0x5aaf,0x5aaf,0x5aaf,0x5aaf,0x5aaf,0x5aaf,0x5aaf,0x5aaf,
	0x5aaf,0x5aaf,0x5aaf,0x5aaf,0x5aaf,0x5aaf,0x5aaf,0x5aaf,0x5aaf,0x5aaf,0x5aaf,0x5aaf,0x5aaf,0x5aaf,0x5aaf,0x5aaf,
	0x5aaf,0x5aaf,0x5aaf,0x5aaf,0x5aaf,0x5aaf,0x5aaf,0x5aaf,0x5aaf,0x5aaf,0x5aaf,0x5aaf,0x5aaf,0x5aaf,0x5aaf,0x5aaf,
	0x5aaf,0x5aaf,0x5aaf,0x5aaf,0x5aaf,0x5aaf,0x5aaf,0x5aaf,0x5aaf,0x5aaf,0x5aaf,0x5aaf,0x5aaf,0x5aaf,0x5aaf,0x5aaf,
	0x5aaf,0x5aaf,0x5aaf,0x5aaf,0x5aaf,0x5aaf,0x5aaf,0x5aaf,0x5aaf,0x5aaf,0x5aaf,0x5aaf,0x5aaf,0x5aaf,0x5aaf,0x5aaf,
	0x5aaf,0x5aaf,0x5aaf,0x5aaf,0x5aaf,0x5aaf,0x5aaf,0x5aaf,0x5aaf,0x5aaf,0x5aaf,0x5aaf,0x5aaf,0x5aaf,0x5aaf,0x5aaf,
	0x5aaf,0x5aaf,0x5aaf,0x5aaf,0x5aaf,0x5aaf,0x5aaf,0x5aaf,0x5aaf,0x5aaf,0x5aaf,0x5aaf,0x5aaf,0x5aaf,0x5aaf,0x5aaf,
	0x5aaf,0x5aaf,0x5aaf,0x5aaf,0x5aaf,0x5aaf,0x5aaf,0x5aaf,0x5aaf,0x5aaf,0x5aaf,0x5aaf,0x5aaf,0x5aaf,0x5aaf,0x5aaf,
	0x5aaf,0x5aaf,0x5aaf,0x5aaf,0x5aaf,0x5aaf,0x5aaf,0x5aaf,0x5aaf,0x5aaf,0x5aaf,0x5aaf,0x5aaf,0x5aaf,0x5aaf,0x5aaf,
	0x5aaf,0x5aaf,0x5aaf,0x5aaf,0x5aaf,0x5aaf,0x5aaf,0x5aaf,0x5aaf,0x5aaf,0x5aaf,0x5aaf,0x5aaf,0x5aaf,0x5aaf,0x5aaf,
	0x5aaf,0x5aaf,0x5aaf,0x5aaf,0x5aaf,0x5aaf,0x5aaf,0x5aaf,0x5aaf,0x5aaf,0x5aaf,0x5aaf,0x5aaf,0x5aaf,0x5aaf,0x5aaf,
	0x5aaf,0x5aaf,0x5aaf,0x5aaf,0x5aaf,0x5aaf,0x5aaf,0x5aaf,0x5aaf,0x5aaf,0x5aaf,0x5aaf,0x5aaf,0x5aaf,0x5aaf,0x5aaf,
	0x5aaf,0x5aaf,0x5aaf,0x5aaf,0x5aaf,0x5aaf,0x5aaf,0x5aaf,0x5aaf,0x5aaf,0x5aaf,0x5aaf,0x5aaf,0x5aaf,0x5aaf,0x5aaf,
	0x5aaf,0x5aaf,0x5aaf,0x5aaf,0x5aaf,0x5aaf,0x5aaf,0x5aaf,0x5aaf,0x5aaf,0x5aaf,0x5aaf,0x5aaf,0x5aaf,0x5aaf,0x5aaf,
	0x5aaf,0x5aaf,0x5aaf,0x5aaf,0x5aaf,0x5aaf,0x5aaf,0x5aaf,0x5aaf,0x5aaf,0x5aaf,0x5aaf,0x5aaf,0x5aaf,0x5aaf,0x5aaf,
	0x5aaf,0x5aaf,0x5aaf,0x5aaf,0x5aaf,0x5aaf,0x5aaf,0x5aaf,0x5aaf,0x5aaf,0x5aaf,0x5aaf,0x5aaf,0x5aaf,0x5aaf,0x5aaf,
	0x5aaf,0x5aaf,0x5aaf,0x5aaf,0x5aaf,0x5aaf,0x5aaf,0x5aaf,0x5aaf,0x5aaf,0x5aaf,0x5aaf,0x5aaf,0x5aaf,0x5aaf,0x5aaf,
	0x5aaf,0x5aaf,0x5aaf,0x5aaf,0x5aaf,0x5aaf,0x5aaf,0x5aaf,0x5aaf,0x5aaf,0x5aaf,0x5aaf,0x5aaf,0x5aaf,0x5aaf,0x5aaf,
	0x5aaf,0x5aaf,0x5aaf,0x5aaf,0x5aaf,0x5aaf,0x5aaf,0x5aaf,0x5aaf,0x5aaf,0x5aaf,0x5aaf,0x5aaf,0x5aaf,0x5aaf,0x5aaf,
	0x5aaf,0x5aaf,0x5aaf,0x5aaf,0x5aaf,0x5aaf,0x5aaf,0x5aaf,0x5aaf,0x5aaf,0x5aaf,0x5aaf,0x5aaf,0x5aaf,0x5aaf,0x5aaf,
	0x5aaf,0x5aaf,0x5aaf,0x5aaf,0x5aaf,0x5aaf,0x5aaf,0x5aaf,0x5aaf,0x5aaf,0x5aaf,0x5aaf,0x5aaf,0x5aaf,0x5aaf,0x5aaf,
	0x5aaf,0x5aaf,0x5aaf,0x5aaf,0x5aaf,0x5aaf,0x5aaf,0x5aaf,0x5aaf,0x5aaf,0x5aaf,0x5aaf,0x5aaf,0x5aaf,0x5aaf,0x5aaf,
	0x5aaf,0x5aaf,0x5aaf,0x5aaf,0x5aaf,0x5aaf,0x5aaf,0x5aaf,0x5aaf,0x5aaf,0x5aaf,0x5aaf,0x5aaf,0x5aaf,0x5aaf,0x5aaf,
	0x5aaf,0x5aaf,0x5aaf,0x5aaf,0x5aaf,0x5aaf,0x5aaf,0x5aaf,0x5aaf,0x5aaf,0x5aaf,0x5aaf,0x5aaf,0x5aaf,0x5aaf,0x5aaf,
	0x5aaf,0x5aaf,0x5aaf,0x5aaf,0x5aaf,0x5aaf,0x5aaf,0x5aaf,0x5aaf,0x5aaf,0x5aaf,0x5aaf,0x5aaf,0x5aaf,0x5aaf,0x5aaf,
	0x5aaf,0x5aaf,0x5aaf,0x5aaf,0x5aaf,0x5aaf,0x5aaf,0x5aaf,0x5aaf,0x5aaf,0x5aaf,0x5aaf,0x5aaf,0x5aaf,0x5aaf,0x5aaf,
	0x5aaf,0x5aaf,0x5aaf,0x5aaf,0x5aaf,0x5aaf,0x5aaf,0x5aaf,0x5aaf,0x5aaf,0x5aaf,0x5aaf,0x5aaf,0x5aaf,0x5aaf,0x5aaf,
	0x5aaf,0x5aaf,0x5aaf,0x5aaf,0x5aaf,0x5aaf,0x5aaf,0x5aaf,0x5aaf,0x5aaf,0x5aaf,0x5aaf,0x5aaf,0x5aaf,0x5aaf,0x5aaf,
	0x5aaf,0x5aaf,0x5aaf,0x5aaf,0x5aaf,0x5aaf,0x5aaf,0x5aaf,0x5aaf,0x5aaf,0x5aaf,0x5aaf,0x5aaf,0x5aaf,0x5aaf,0x5aaf,
	0x5aaf,0x5aaf,0x5aaf,0x5aaf,0x5aaf,0x5aaf,0x5aaf,0x5aaf,0x5aaf,0x5aaf,0x5aaf,0x5aaf,0x5aaf,0x5aaf,0x5aaf,0x5aaf,
	0x5aaf,0x5aaf,0x5aaf,0x5aaf,0x5aaf,0x5aaf,0x5aaf,0x5aaf,0x5aaf,0x5aaf,0x5aaf,0x5aaf,0x5aaf,0x5aaf,0x5aaf,0x5aaf,
	0x5aaf,0x5aaf,0x5aaf,0x5aaf,0x5aaf,0x5aaf,0x5aaf,0x5aaf,0x5aaf,0x5aaf,0x5aaf,0x5aaf,0x5aaf,0x5aaf,0x5aaf,0x5aaf,
	0x5aaf,0x5aaf,0x5aaf,0x5aaf,0x5aaf,0x5aaf,0x5aaf,0x5aaf,0x5aaf,0x5aaf,0x5aaf,0x5aaf,0x5aaf,0x5aaf,0x5aaf,0x5aaf,
	0x5aaf,0x5aaf,0x5aaf,0x5aaf,0x5aaf,0x5aaf,0x5aaf,0x5aaf,0x5aaf,0x5aaf,0x5aaf,0x5aaf,0x5aaf,0x5aaf,0x5aaf,0x5aaf,
	0x5aaf,0x5aaf,0x5aaf,0x5aaf,0x5aaf,0x5aaf,0x5aaf,0x5aaf,0x5aaf,0x5aaf,0x5aaf,0x5aaf,0x5aaf,0x5aaf,0x5aaf,0x5aaf,
	0x5aaf,0x5aaf,0x5aaf,0x5aaf,0x5aaf,0x5aaf,0x5aaf,0x5aaf,0x5aaf,0x5aaf,0x5aaf,0x5aaf,0x5aaf,0x5aaf,0x5aaf,0x5aaf,
	0x5aaf,0x5aaf,0x5aaf,0x5aaf,0x5aaf,0x5aaf,0x5aaf,0x5aaf,0x5aaf,0x5aaf,0x5aaf,0x5aaf,0x5aaf,0x5aaf,0x5aaf,0x5aaf,
	0x5aaf,0x5aaf,0x5aaf,0x5aaf,0x5aaf,0x5aaf,0x5aaf,0x5aaf,0x5aaf,0x5aaf,0x5aaf,0x5aaf,0x5aaf,0x5aaf,0x5aaf,0x5aaf,
	0x5aaf,0x5aaf,0x5aaf,0x5aaf,0x5aaf,0x5aaf,0x5aaf,0x5aaf,0x5aaf,0x5aaf,0x5aaf,0x5aaf,0x5aaf,0x5aaf,0x5aaf,0x5aaf,
	0x5aaf,0x5aaf,0x5aaf,0x5aaf,0x5aaf,0x5aaf,0x5aaf,0x5aaf,0x5aaf,0x5aaf,0x5aaf,0x5aaf,0x5aaf,0x5aaf,0x5aaf,0x5aaf,
	0x5aaf,0x5aaf,0x5aaf,0x5aaf,0x5aaf,0x5aaf,0x5aaf,0x5aaf,0x5aaf,0x5aaf,0x5aaf,0x5aaf,0x5aaf,0x5aaf,0x5aaf,0x5aaf,
	0x5aaf,0x5aaf,0x5aaf,0x5aaf,0x5aaf,0x5aaf,0x5aaf,0x5aaf,0x5aaf,0x5aaf,0x5aaf,0x5aaf,0x5aaf,0x5aaf,0x5aaf,0x5aaf,
	0x5aaf,0x5aaf,0x5aaf,0x5aaf,0x5aaf,0x5aaf,0x5aaf,0x5aaf,0x5aaf,0x5aaf,0x5aaf,0x5aaf,0x5aaf,0x5aaf,0x5aaf,0x5aaf,
	0x5aaf,0x5aaf,0x5aaf,0x5aaf,0x5aaf,0x5aaf,0x5aaf,0x5aaf,0x5aaf,0x5aaf,0x5aaf,0x5aaf,0x5aaf,0x5aaf,0x5aaf,0x5aaf,
	0x5aaf,0x5aaf,0x5aaf,0x5aaf,0x5aaf,0x5aaf,0x5aaf,0x5aaf,0x5aaf,0x5aaf,0x5aaf,0x5aaf,0x5aaf,0x5aaf,0x5aaf,0x5aaf,
	0x5aaf,0x5aaf,0x5aaf,0x5aaf,0x5aaf,0x5aaf,0x5aaf,0x5aaf,0x5aaf,0x5aaf,0x5aaf,0x5aaf,0x5aaf,0x5aaf,0x5aaf,0x5aaf,
	0x5aaf,0x5aaf,0x5aaf,0x5aaf,0x5aaf,0x5aaf,0x5aaf,0x5aaf,0x5aaf,0x5aaf,0x5aaf,0x5aaf,0x5aaf,0x5aaf,0x5aaf,0x5aaf,
	0x5aaf,0x5aaf,0x5aaf,0x5aaf,0x5aaf,0x5aaf,0x5aaf,0x5aaf,0x5aaf,0x5aaf,0x5aaf,0x5aaf,0x5aaf,0x5aaf,0x5aaf,0x5aaf,
	0x5aaf,0x5aaf,0x5aaf,0x5aaf,0x5aaf,0x5aaf,0x5aaf,0x5aaf,0x5aaf,0x5aaf,0x5aaf,0x5aaf,0x5aaf,0x5aaf,0x5aaf,0x5aaf,
	0x5aaf,0x5aaf,0x5aaf,0x5aaf,0x5aaf,0x5aaf,0x5aaf,0x5aaf,0x5aaf,0x5aaf,0x5aaf,0x5aaf,0x5aaf,0x5aaf,0x5aaf,0x5aaf,
	0x5aaf,0x5aaf,0x5aaf,0x5aaf,0x5aaf,0x5aaf,0x5aaf,0x5aaf,0x5aaf,0x5aaf,0x5aaf,0x5aaf,0x5aaf,0x5aaf,0x5aaf,0x5aaf,
	0x5aaf,0x5aaf,0x5aaf,0x5aaf,0x5aaf,0x5aaf,0x5aaf,0x5aaf,0x5aaf,0x5aaf,0x5aaf,0x5aaf,0x5aaf,0x5aaf,0x5aaf,0x5aaf,
	0x5aaf,0x5aaf,0x5aaf,0x5aaf,0x5aaf,0x5aaf,0x5aaf,0x5aaf,0x5aaf,0x5aaf,0x5aaf,0x5aaf,0x5aaf,0x5aaf,0x5aaf,0x5aaf,
	0x5aaf,0x5aaf,0x5aaf,0x5aaf,0x5aaf,0x5aaf,0x5aaf,0x5aaf,0x5aaf,0x5aaf,0x5aaf,0x5aaf,0x5aaf,0x5aaf,0x5aaf,0x5aaf,
	0x5aaf,0x5aaf,0x5aaf,0x5aaf,0x5aaf,0x5aaf,0x5aaf,0x5aaf,0x5aaf,0x5aaf,0x5aaf,0x5aaf,0x5aaf,0x5aaf,0x5aaf,0x5aaf,
	0x5aaf,0x5aaf,0x5aaf,0x5aaf,0x5aaf,0x5aaf,0x5aaf,0x5aaf,0x5aaf,0x5aaf,0x5aaf,0x5aaf,0x5aaf,0x5aaf,0x5aaf,0x5aaf,
	0x5aaf,0x5aaf,0x5aaf,0x5aaf,0x5aaf,0x5aaf,0x5aaf,0x5aaf,0x5aaf,0x5aaf,0x5aaf,0x5aaf,0x5aaf,0x5aaf,0x5aaf,0x5aaf,
	0x5aaf,0x5aaf,0x5aaf,0x5aaf,0x5aaf,0x5aaf,0x5aaf,0x5aaf,0x5aaf,0x5aaf,0x5aaf,0x5aaf,0x5aaf,0x5aaf,0x5aaf,0x5aaf,
	0x5aaf,0x5aaf,0x5aaf,0x5aaf,0x5aaf,0x5aaf,0x5aaf,0x5aaf,0x5aaf,0x5aaf,0x5aaf,0x5aaf,0x5aaf,0x5aaf,0x5aaf,0x5aaf,
	0x5aaf,0x5aaf,0x5aaf,0x5aaf,0x5aaf,0x5aaf,0x5aaf,0x5aaf,0x5aaf,0x5aaf,0x5aaf,0x5aaf,0x5aaf,0x5aaf,0x5aaf,0x5aaf,
	0x5aaf,0x5aaf,0x5aaf,0x5aaf,0x5aaf,0x5aaf,0x5aaf,0x5aaf,0x5aaf,0x5aaf,0x5aaf,0x5aaf,0x5aaf,0x5aaf,0x5aaf,0x5aaf,
	0x5aaf,0x5aaf,0x5aaf,0x5aaf,0x5aaf,0x5aaf,0x5aaf,0x5aaf,0x5aaf,0x5aaf,0x5aaf,0x5aaf,0x5aaf,0x5aaf,0x5aaf,0x5aaf,
	0x5aaf,0x5aaf,0x5aaf,0x5aaf,0x5aaf,0x5aaf,0x5aaf,0x5aaf,0x5aaf,0x5aaf,0x5aaf,0x5aaf,0x5aaf,0x5aaf,0x5aaf,0x5aaf,
	0x5aaf,0x5aaf,0x5aaf,0x5aaf,0x5aaf,0x5aaf,0x5aaf,0x5aaf,0x5aaf,0x5aaf,0x5aaf,0x5aaf,0x5aaf,0x5aaf,0x5aaf,0x5aaf,
	0x5aaf,0x5aaf,0x5aaf,0x5aaf,0x5aaf,0x5aaf,0x5aaf,0x5aaf,0x5aaf,0x5aaf,0x5aaf,0x5aaf,0x5aaf,0x5aaf,0x5aaf,0x5aaf,
	0x5aaf,0x5aaf,0x5aaf,0x5aaf,0x5aaf,0x5aaf,0x5aaf,0x5aaf,0x5aaf,0x5aaf,0x5aaf,0x5aaf,0x5aaf,0x5aaf,0x5aaf,0x5aaf,
	0x5aaf,0x5aaf,0x5aaf,0x5aaf,0x5aaf,0x5aaf,0x5aaf,0x5aaf,0x5aaf,0x5aaf,0x5aaf,0x5aaf,0x5aaf,0x5aaf,0x5aaf,0x5aaf,
	0x5aaf,0x5aaf,0x5aaf,0x5aaf,0x5aaf,0x5aaf,0x5aaf,0x5aaf,0x5aaf,0x5aaf,0x5aaf,0x5aaf,0x5aaf,0x5aaf,0x5aaf,0x5aaf,
	0x5aaf,0x5aaf,0x5aaf,0x5aaf,0x5aaf,0x5aaf,0x5aaf,0x5aaf,0x5aaf,0x5aaf,0x5aaf,0x5aaf,0x5aaf,0x5aaf,0x5aaf,0x5aaf,
	0x5aaf,0x5aaf,0x5aaf,0x5aaf,0x5aaf,0x5aaf,0x5aaf,0x5aaf,0x5aaf,0x5aaf,0x5aaf,0x5aaf,0x5aaf,0x5aaf,0x5aaf,0x5aaf,
	0x5aaf,0x5aaf,0x5aaf,0x5aaf,0x5aaf,0x5aaf,0x5aaf,0x5aaf,0x5aaf,0x5aaf,0x5aaf,0x5aaf,0x5aaf,0x5aaf,0x5aaf,0x5aaf,
	0x5aaf,0x5aaf,0x5aaf,0x5aaf,0x5aaf,0x5aaf,0x5aaf,0x5aaf,0x5aaf,0x5aaf,0x5aaf,0x5aaf,0x5aaf,0x5aaf,0x5aaf,0x5aaf,
	0x5aaf,0x5aaf,0x5aaf,0x5aaf,0x5aaf,0x5aaf,0x5aaf,0x5aaf,0x5aaf,0x5aaf,0x5aaf,0x5aaf,0x5aaf,0x5aaf,0x5aaf,0x5aaf,
	0x5aaf,0x5aaf,0x5aaf,0x5aaf,0x5aaf,0x5aaf,0x5aaf,0x5aaf,0x5aaf,0x5aaf,0x5aaf,0x5aaf,0x5aaf,0x5aaf,0x5aaf,0x5aaf,
	0x5aaf,0x5aaf,0x5aaf,0x5aaf,0x5aaf,0x5aaf,0x5aaf,0x5aaf,0x5aaf,0x5aaf,0x5aaf,0x5aaf,0x5aaf,0x5aaf,0x5aaf,0x5aaf,
	0x5aaf,0x5aaf,0x5aaf,0x5aaf,0x5aaf,0x5aaf,0x5aaf,0x5aaf,0x5aaf,0x5aaf,0x5aaf,0x5aaf,0x5aaf,0x5aaf,0x5aaf,0x5aaf,
	0x5aaf,0x5aaf,0x5aaf,0x5aaf,0x5aaf,0x5aaf,0x5aaf,0x5aaf,0x5aaf,0x5aaf,0x5aaf,0x5aaf,0x5aaf,0x5aaf,0x5aaf,0x5aaf,
	0x5aaf,0x5aaf,0x5aaf,0x5aaf,0x5aaf,0x5aaf,0x5aaf,0x5aaf,0x5aaf,0x5aaf,0x5aaf,0x5aaf,0x5aaf,0x5aaf,0x5aaf,0x5aaf,
	0x5aaf,0x5aaf,0x5aaf,0x5aaf,0x5aaf,0x5aaf,0x5aaf,0x5aaf,0x5aaf,0x5aaf,0x5aaf,0x5aaf,0x5aaf,0x5aaf,0x5aaf,0x5aaf,
	0x5aaf,0x5aaf,0x5aaf,0x5aaf,0x5aaf,0x5aaf,0x5aaf,0x5aaf,0x5aaf,0x5aaf,0x5aaf,0x5aaf,0x5aaf,0x5aaf,0x5aaf,0x5aaf,
	0x5aaf,0x5aaf,0x5aaf,0x5aaf,0x5aaf,0x5aaf,0x5aaf,0x5aaf,0x5aaf,0x5aaf,0x5aaf,0x5aaf,0x5aaf,0x5aaf,0x5aaf,0x5aaf,
	0x5aaf,0x5aaf,0x5aaf,0x5aaf,0x5aaf,0x5aaf,0x5aaf,0x5aaf,0x5aaf,0x5aaf,0x5aaf,0x5aaf,0x5aaf,0x5aaf,0x5aaf,0x5aaf,
	0x5aaf,0x5aaf,0x5aaf,0x5aaf,0x5aaf,0x5aaf,0x5aaf,0x5aaf,0x5aaf,0x5aaf,0x5aaf,0x5aaf,0x5aaf,0x5aaf,0x5aaf,0x5aaf,
	0x5aaf,0x5aaf,0x5aaf,0x5aaf,0x5aaf,0x5aaf,0x5aaf,0x5aaf,0x5aaf,0x5aaf,0x5aaf,0x5aaf,0x5aaf,0x5aaf,0x5aaf,0x5aaf,
	0x5aaf,0x5aaf,0x5aaf,0x5aaf,0x5aaf,0x5aaf,0x5aaf,0x5aaf,0x5aaf,0x5aaf,0x5aaf,0x5aaf,0x5aaf,0x5aaf,0x5aaf,0x5aaf,
	0x5aaf,0x5aaf,0x5aaf,0x5aaf,0x5aaf,0x5aaf,0x5aaf,0x5aaf,0x5aaf,0x5aaf,0x5aaf,0x5aaf,0x5aaf,0x5aaf,0x5aaf,0x5aaf,
	0x5aaf,0x5aaf,0x5aaf,0x5aaf,0x5aaf,0x5aaf,0x5aaf,0x5aaf,0x5aaf,0x5aaf,0x5aaf,0x5aaf,0x5aaf,0x5aaf,0x5aaf,0x5aaf,
	0x5aaf,0x5aaf,0x5aaf,0x5aaf,0x5aaf,0x5aaf,0x5aaf,0x5aaf,0x5aaf,0x5aaf,0x5aaf,0x5aaf,0x5aaf,0x5aaf,0x5aaf,0x5aaf,
	0x5aaf,0x5aaf,0x5aaf,0x5aaf,0x5aaf,0x5aaf,0x5aaf,0x5aaf,0x5aaf,0x5aaf,0x5aaf,0x5aaf,0x5aaf,0x5aaf,0x5aaf,0x5aaf,
	0x5aaf,0x5aaf,0x5aaf,0x5aaf,0x5aaf,0x5aaf,0x5aaf,0x5aaf,0x5aaf,0x5aaf,0x5aaf,0x5aaf,0x5aaf,0x5aaf,0x5aaf,0x5aaf,
	0x5aaf,0x5aaf,0x5aaf,0x5aaf,0x5aaf,0x5aaf,0x5aaf,0x5aaf,0x5aaf,0x5aaf,0x5aaf,0x5aaf,0x5aaf,0x5aaf,0x5aaf,0x5aaf,
	0x5aaf,0x5aaf,0x5aaf,0x5aaf,0x5aaf,0x5aaf,0x5aaf,0x5aaf,0x5aaf,0x5aaf,0x5aaf,0x5aaf,0x5aaf,0x5aaf,0x5aaf,0x5aaf,
	0x5aaf,0x5aaf,0x5aaf,0x5aaf,0x5aaf,0x5aaf,0x5aaf,0x5aaf,0x5aaf,0x5aaf,0x5aaf,0x5aaf,0x5aaf,0x5aaf,0x5aaf,0x5eaf,
	0x5aaf,0x5aaf,0x5aaf,0x5aaf,0x5aaf,0x5aaf,0x5aaf,0x5aaf,0x5aaf,0x5aaf,0x5aaf,0x5aaf,0x5aaf,0x5aaf,0x5aaf,0x5aaf,
	0x5aaf,0x5aaf,0x5aaf,0x5aaf,0x5aaf,0x5aaf,0x5aaf,0x5aaf,0x5aaf,0x5aaf,0x5aaf,0x5aaf,0x5aaf,0x5aaf,0x5aaf,0x5aaf,
	0x5aaf,0x5aaf,0x5aaf,0x5aaf,0x5aaf,0x5aaf,0x5aaf,0x5aaf,0x5aaf,0x5aaf,0x5aaf,0x5aaf,0x5aaf,0x5aaf,0x5aaf,0x5aaf,
	0x5aaf,0x5aaf,0x5aaf,0x5aaf,0x5aaf,0x5aaf,0x5aaf,0x5aaf,0x5aaf,0x5aaf,0x5aaf,0x5aaf,0x5aaf,0x5aaf,0x5aaf,0x5aaf,
	0x5aaf,0x5aaf,0x5aaf,0x5aaf,0x5aaf,0x5aaf,0x5aaf,0x5aaf,0x5aaf,0x5aaf,0x5aaf,0x5aaf,0x5aaf,0x5aaf,0x5aaf,0x5aaf,
	0x5aaf,0x5aaf,0x5aaf,0x5aaf,0x5aaf,0x5aaf,0x5aaf,0x5aaf,0x5aaf,0x5aaf,0x5aaf,0x5aaf,0x5aaf,0x5aaf,0x5aaf,0x5aaf,
	0x5aaf,0x5aaf,0x5aaf,0x5aaf,0x5aaf,0x5aaf,0x5aaf,0x5aaf,0x5aaf,0x5aaf,0x5aaf,0x5aaf,0x5aaf,0x5aaf,0x5aaf,0x5aaf,
	0x5aaf,0x5aaf,0x5aaf,0x5aaf,0x5aaf,0x5aaf,0x5aaf,0x5aaf,0x5aaf,0x5aaf,0x5aaf,0x5aaf,0x5aaf,0x5aaf,0x5aaf,0x5aaf,
	0x5aaf,0x5aaf,0x5aaf,0x5aaf,0x5aaf,0x5aaf,0x5aaf,0x5aaf,0x5aaf,0x5aaf,0x5aaf,0x5aaf,0x5aaf,0x5aaf,0x5aaf,0x5aaf,
	0x5aaf,0x5aaf,0x5aaf,0x5aaf,0x5aaf,0x5aaf,0x5aaf,0x5aaf,0x5aaf,0x5aaf,0x5aaf,0x5aaf,0x5aaf,0x5aaf,0x5aaf,0x5aaf,
	0x5aaf,0x5aaf,0x5aaf,0x5aaf,0x5aaf,0x5aaf,0x5aaf,0x5aaf,0x5aaf,0x5aaf,0x5aaf,0x5aaf,0x5aaf,0x5aaf,0x5aaf,0x5aaf,
	0x5aaf,0x5aaf,0x5aaf,0x5aaf,0x5aaf,0x5aaf,0x5aaf,0x5aaf,0x5aaf,0x5aaf,0x5aaf,0x5aaf,0x5aaf,0x5aaf,0x5aaf,0x5aaf,
	0x5aaf,0x5aaf,0x5aaf,0x5aaf,0x5aaf,0x5aaf,0x5aaf,0x5ab0,0x5ab0,0x5aaf,0x5eaf,0x5eaf,0x5eaf,0x5aaf,0x5aaf,0x5aaf,
	0x5aaf,0x5aaf,0x5aaf,0x5aaf,0x5aaf,0x5aaf,0x5aaf,0x5aaf,0x5aaf,0x5aaf,0x5acf,0x5acf,0x5aaf,0x5aaf,0x5aaf,0x5aaf,
	0x5aaf,0x5aaf,0x5aaf,0x5aaf,0x5aaf,0x5aaf,0x5aaf,0x5aaf,0x5aaf,0x5aaf,0x5aaf,0x5aaf,0x5aaf,0x5aaf,0x5aaf,0x5aaf,
	0x5acf,0x5aaf,0x5aaf,0x5aaf,0x5aaf,0x5aaf,0x5aaf,0x5aaf,0x5aaf,0x5eaf,0x5eaf,0x5aaf,0x5aaf,0x5aaf,0x5aaf,0x5aaf,
	0x5aaf,0x5aaf,0x5aaf,0x5aaf,0x5aaf,0x5aaf,0x5aaf,0x5aaf,0x5aaf,0x5acf,0x5aaf,0x5aaf,0x5aaf,0x5aaf,0x5aaf,0x5aaf,
	0x5aaf,0x5aaf,0x5aaf,0x5aaf,0x5aaf,0x5aaf,0x5aaf,0x5aaf,0x5aaf,0x5aaf,0x5aaf,0x5aaf,0x5aaf,0x5aaf,0x5aaf,0x5aaf,
	0x5aaf,0x5aaf,0x5aaf,0x5aaf,0x5aaf,0x5aaf,0x5aaf,0x5aaf,0x5aaf,0x5aaf,0x5aaf,0x5aaf,0x5aaf,0x5aaf,0x5aaf,0x5aaf,
	0x5aaf,0x5aaf,0x5aaf,0x5aaf,0x5aaf,0x5aaf,0x5aaf,0x5aaf,0x5aaf,0x5aaf,0x5aaf,0x5aaf,0x5aaf,0x5aaf,0x5aaf,0x5aaf,
	0x5aaf,0x5aaf,0x5aaf,0x5aaf,0x5aaf,0x5aaf,0x5aaf,0x5aaf,0x5aaf,0x5aaf,0x5aaf,0x5aaf,0x5aaf,0x5aaf,0x5aaf,0x5aaf,
	0x5aaf,0x5aaf,0x5aaf,0x5aaf,0x5aaf,0x5aaf,0x5aaf,0x5aaf,0x5aaf,0x5aaf,0x5aaf,0x5aaf,0x5aaf,0x5aaf,0x5aaf,0x5aaf,
	0x5aaf,0x5aaf,0x5aaf,0x5aaf,0x5aaf,0x5aaf,0x5aaf,0x5aaf,0x5aaf,0x5aaf,0x5aaf,0x5aaf,0x5aaf,0x5aaf,0x5aaf,0x5aaf,
	0x5aaf,0x5aaf,0x5aaf,0x5aaf,0x5aaf,0x5aaf,0x5aaf,0x5aaf,0x5aaf,0x5aaf,0x5aaf,0x5aaf,0x5aaf,0x5aaf,0x5aaf,0x5aaf,
	0x5aaf,0x5aaf,0x5aaf,0x5aaf,0x5aaf,0x5aaf,0x5aaf,0x5aaf,0x5aaf,0x5aaf,0x5aaf,0x5aaf,0x5aaf,0x5aaf,0x5aaf,0x5aaf,
	0x5aaf,0x5aaf,0x5aaf,0x5aaf,0x5aaf,0x5aaf,0x5aaf,0x5aaf,0x5aaf,0x5aaf,0x5aaf,0x5aaf,0x5aaf,0x5aaf,0x5aaf,0x5aaf,
	0x5aaf,0x5aaf,0x5aaf,0x5aaf,0x5aaf,0x5aaf,0x5aaf,0x5aaf,0x5aaf,0x5aaf,0x5aaf,0x5aaf,0x5aaf,0x5aaf,0x5aaf,0x5aaf,
	0x5aaf,0x5aaf,0x5aaf,0x5aaf,0x5aaf,0x5aaf,0x5aaf,0x5ab0,0x5aaf,0x5eaf,0x5eaf,0x5eaf,0x5eaf,0x5eaf,0x5aaf,0x5aaf,
	0x5aaf,0x5aaf,0x5aaf,0x5aaf,0x5aaf,0x5aaf,0x5aaf,0x5aaf,0x5aaf,0x5aaf,0x5acf,0x5acf,0x5aaf,0x5aaf,0x5aaf,0x5aaf,
	0x5eaf,0x5eaf,0x5aaf,0x5aaf,0x5aaf,0x5aaf,0x5aaf,0x5aaf,0x5aaf,0x5aaf,0x5aaf,0x5aaf,0x5aaf,0x5aaf,0x5aaf,0x5aaf,
	0x5aaf,0x5aaf,0x5aaf,0x5aaf,0x5aaf,0x5aaf,0x5aaf,0x5aaf,0x5aaf,0x5eaf,0x5eaf,0x5eaf,0x5aaf,0x5aaf,0x5aaf,0x5aaf,
	0x5aaf,0x5aaf,0x5aaf,0x5aaf,0x5aaf,0x5aaf,0x5aaf,0x5aaf,0x5aaf,0x5aaf,0x5aaf,0x5aaf,0x5aaf,0x5aaf,0x5aaf,0x5aaf,
	0x5aaf,0x5aaf,0x5aaf,0x5aaf,0x5aaf,0x5aaf,0x5aaf,0x5aaf,0x5aaf,0x5aaf,0x5aaf,0x5aaf,0x5aaf,0x5aaf,0x5aaf,0x5aaf,
	0x5aaf,0x5aaf,0x5aaf,0x5aaf,0x5aaf,0x5aaf,0x5aaf,0x5aaf,0x5aaf,0x5aaf,0x5aaf,0x5aaf,0x5aaf,0x5aaf,0x5aaf,0x5aaf,
	0x5aaf,0x5aaf,0x5aaf,0x5aaf,0x5aaf,0x5aaf,0x5aaf,0x5aaf,0x5aaf,0x5aaf,0x5aaf,0x5aaf,0x5aaf,0x5aaf,0x5aaf,0x5aaf,
	0x5aaf,0x5aaf,0x5aaf,0x5aaf,0x5aaf,0x5aaf,0x5aaf,0x5aaf,0x5aaf,0x5aaf,0x5aaf,0x5aaf,0x5aaf,0x5aaf,0x5aaf,0x5aaf,
	0x5aaf,0x5aaf,0x5aaf,0x5aaf,0x5aaf,0x5aaf,0x5aaf,0x5aaf,0x5aaf,0x5aaf,0x5aaf,0x5aaf,0x5aaf,0x5aaf,0x5aaf,0x5aaf,
	0x5aaf,0x5aaf,0x5aaf,0x5aaf,0x5aaf,0x5aaf,0x5aaf,0x5aaf,0x5aaf,0x5aaf,0x5aaf,0x5aaf,0x5aaf,0x5aaf,0x5aaf,0x5aaf,
	0x5aaf,0x5aaf,0x5aaf,0x5aaf,0x5aaf,0x5aaf,0x5aaf,0x5aaf,0x5aaf,0x5aaf,0x5aaf,0x5aaf,0x5aaf,0x5aaf,0x5aaf,0x5aaf,
	0x5aaf,0x5aaf,0x5aaf,0x5aaf,0x5aaf,0x5aaf,0x5aaf,0x5aaf,0x5aaf,0x5aaf,0x5aaf,0x5aaf,0x5aaf,0x5aaf,0x5aaf,0x5aaf,
	0x5aaf,0x5aaf,0x5aaf,0x5aaf,0x5aaf,0x5aaf,0x5aaf,0x5aaf,0x5aaf,0x5aaf,0x5aaf,0x5aaf,0x5aaf,0x5aaf,0x5aaf,0x5aaf,
	0x5aaf,0x5aaf,0x5aaf,0x5aaf,0x5aaf,0x5aaf,0x5aaf,0x5aaf,0x5aaf,0x5aaf,0x5aaf,0x5aaf,0x5aaf,0x5aaf,0x5aaf,0x5aaf,
	0x5aaf,0x5aaf,0x5aaf,0x5aaf,0x5aaf,0x5aaf,0x5aaf,0x5aaf,0x5aaf,0x5eaf,0x5eaf,0x5eaf,0x5eaf,0x5eaf,0x5aaf,0x5aaf,
	0x5aaf,0x5aaf,0x5aaf,0x5aaf,0x5aaf,0x5aaf,0x5aaf,0x5aaf,0x5aaf,0x5aaf,0x5aaf,0x5aaf,0x5aaf,0x5aaf,0x5aaf,0x5eaf,
	0x5eaf,0x5eaf,0x5aaf,0x5aaf,0x5aaf,0x5aaf,0x5aaf,0x5aaf,0x5aaf,0x5aaf,0x5aaf,0x5aaf,0x5ecf,0x5ed0,0x5ed0,0x5ecf,
	0x5aaf,0x5aaf,0x5aaf,0x5aaf,0x5aaf,0x5aaf,0x5aaf,0x5aaf,0x5aaf,0x5aaf,0x5aaf,0x5aaf,0x5aaf,0x5aaf,0x5aaf,0x5aaf,
	0x5aaf,0x5aaf,0x5aaf,0x5aaf,0x5aaf,0x5aaf,0x5aaf,0x5aaf,0x5aaf,0x5aaf,0x5aaf,0x5aaf,0x5aaf,0x5aaf,0x5aaf,0x5aaf,
	0x5aaf,0x5aaf,0x5aaf,0x5aaf,0x5aaf,0x5aaf,0x5aaf,0x5aaf,0x5aaf,0x5aaf,0x5aaf,0x5aaf,0x5aaf,0x5aaf,0x5aaf,0x5aaf,
	0x5aaf,0x5aaf,0x5aaf,0x5aaf,0x5aaf,0x5aaf,0x5aaf,0x5aaf,0x5aaf,0x5aaf,0x5aaf,0x5aaf,0x5aaf,0x5aaf,0x5aaf,0x5aaf,
	0x5aaf,0x5aaf,0x5aaf,0x5aaf,0x5aaf,0x5aaf,0x5aaf,0x5aaf,0x5aaf,0x5aaf,0x5aaf,0x5aaf,0x5aaf,0x5aaf,0x5aaf,0x5aaf,
	0x5aaf,0x5aaf,0x5aaf,0x5aaf,0x5aaf,0x5aaf,0x5aaf,0x5aaf,0x5aaf,0x5aaf,0x5aaf,0x5aaf,0x5aaf,0x5aaf,0x5aaf,0x5aaf,
	0x5aaf,0x5aaf,0x5aaf,0x5aaf,0x5aaf,0x5aaf,0x5aaf,0x5aaf,0x5aaf,0x5aaf,0x5aaf,0x5aaf,0x5aaf,0x5aaf,0x5aaf,0x5aaf,
	0x5aaf,0x5aaf,0x5aaf,0x5aaf,0x5aaf,0x5aaf,0x5aaf,0x5aaf,0x5aaf,0x5aaf,0x5aaf,0x5aaf,0x5aaf,0x5aaf,0x5aaf,0x5aaf,
	0x5aaf,0x5aaf,0x5aaf,0x5aaf,0x5aaf,0x5aaf,0x5aaf,0x5aaf,0x5aaf,0x5aaf,0x5aaf,0x5aaf,0x5aaf,0x5aaf,0x5aaf,0x5aaf,
	0x5aaf,0x5aaf,0x5aaf,0x5aaf,0x5aaf,0x5aaf,0x5aaf,0x5aaf,0x5aaf,0x5aaf,0x5aaf,0x5aaf,0x5aaf,0x5aaf,0x5aaf,0x5aaf,
	0x5aaf,0x5aaf,0x5aaf,0x5aaf,0x5aaf,0x5aaf,0x5aaf,0x5aaf,0x5aaf,0x5aaf,0x5aaf,0x5aaf,0x5aaf,0x5aaf,0x5aaf,0x5aaf,
	0x5aaf,0x5aaf,0x5aaf,0x5aaf,0x5aaf,0x5aaf,0x5aaf,0x5aaf,0x5aaf,0x5aaf,0x5aaf,0x5aaf,0x5aaf,0x5aaf,0x5aaf,0x5aaf,
	0x5aaf,0x5aaf,0x5aaf,0x5aaf,0x5aaf,0x5aaf,0x5aaf,0x5aaf,0x5eaf,0x5eaf,0x5eaf,0x5eaf,0x5eaf,0x5eaf,0x5eaf,0x5aaf,
	0x5aaf,0x5aaf,0x5aaf,0x5aaf,0x5aaf,0x5aaf,0x5aaf,0x5aaf,0x5aaf,0x5aaf,0x5aaf,0x5aaf,0x5aaf,0x5aaf,0x5aaf,0x5aaf,
	0x5aaf,0x5aaf,0x5aaf,0x5aaf,0x5aaf,0x5aaf,0x5aaf,0x5aaf,0x5aaf,0x5aaf,0x5aaf,0x5aaf,0x5ed0,0x62f1,0x62f0,0x5ed0,
	0x5aaf,0x5aaf,0x5aaf,0x5aaf,0x5aaf,0x5aaf,0x5aaf,0x5aaf,0x5aaf,0x5aaf,0x5aaf,0x5aaf,0x5aaf,0x5aaf,0x5aaf,0x5aaf,
	0x5aaf,0x5aaf,0x5aaf,0x5aaf,0x5aaf,0x5aaf,0x5aaf,0x5aaf,0x5aaf,0x5aaf,0x5aaf,0x5aaf,0x5aaf,0x5aaf,0x5aaf,0x5aaf,
	0x5aaf,0x5aaf,0x5aaf,0x5aaf,0x5aaf,0x5aaf,0x5aaf,0x5aaf,0x5aaf,0x5aaf,0x5aaf,0x5aaf,0x5aaf,0x5aaf,0x5aaf,0x5aaf,
	0x5aaf,0x5aaf,0x5aaf,0x5aaf,0x5aaf,0x5aaf,0x5aaf,0x5aaf,0x5aaf,0x5aaf,0x5aaf,0x5aaf,0x5aaf,0x5aaf,0x5aaf,0x5aaf,
	0x5aaf,0x5aaf,0x5aaf,0x5aaf,0x5aaf,0x5aaf,0x5aaf,0x5aaf,0x5aaf,0x5aaf,0x5aaf,0x5aaf,0x5aaf,0x5aaf,0x5aaf,0x5aaf,
	0x5aaf,0x5aaf,0x5aaf,0x5aaf,0x5aaf,0x5aaf,0x5aaf,0x5aaf,0x5aaf,0x5aaf,0x5aaf,0x5aaf,0x5aaf,0x5aaf,0x5aaf,0x5aaf,
	0x5aaf,0x5aaf,0x5aaf,0x5aaf,0x5aaf,0x5aaf,0x5aaf,0x5aaf,0x5aaf,0x5aaf,0x5aaf,0x5aaf,0x5aaf,0x5aaf,0x5aaf,0x5aaf,
	0x5aaf,0x5aaf,0x5aaf,0x5aaf,0x5aaf,0x5aaf,0x5aaf,0x5aaf,0x5aaf,0x5aaf,0x5aaf,0x5aaf,0x5aaf,0x5aaf,0x5aaf,0x5aaf,
	0x5aaf,0x5aaf,0x5aaf,0x5aaf,0x5aaf,0x5aaf,0x5aaf,0x5aaf,0x5aaf,0x5aaf,0x5aaf,0x5aaf,0x5aaf,0x5aaf,0x5aaf,0x5aaf,
	0x5aaf,0x5aaf,0x5aaf,0x5aaf,0x5aaf,0x5aaf,0x5aaf,0x5aaf,0x5aaf,0x5aaf,0x5aaf,0x5aaf,0x5aaf,0x5aaf,0x5aaf,0x5aaf,
	0x5aaf,0x5aaf,0x5aaf,0x5aaf,0x5aaf,0x5aaf,0x5aaf,0x5aaf,0x5aaf,0x5aaf,0x5aaf,0x5aaf,0x5aaf,0x5aaf,0x5aaf,0x5aaf,
	0x5aaf,0x5aaf,0x5aaf,0x5aaf,0x5aaf,0x5aaf,0x5aaf,0x5aaf,0x5aaf,0x5aaf,0x5aaf,0x5ab0,0x5ab0,0x5ab0,0x5ab0,0x5ab0,
	0x5eb0,0x5eaf,0x5eaf,0x5eaf,0x5eaf,0x5aaf,0x5aaf,0x5eaf,0x5eaf,0x5eaf,0x5eaf,0x5eaf,0x5eaf,0x5eaf,0x5eaf,0x5acf,
	0x5acf,0x5aaf,0x5aaf,0x5aaf,0x5aaf,0x5aaf,0x5aaf,0x5aaf,0x5aaf,0x5aaf,0x5aaf,0x5aaf,0x5aaf,0x5aaf,0x5aaf,0x5aaf,
	0x5aaf,0x5aaf,0x5aaf,0x5aaf,0x5aaf,0x5aaf,0x5aaf,0x5aaf,0x5ecf,0x5ecf,0x5ecf,0x5ecf,0x5ef0,0x62f1,0x62f1,0x62f0,
	0x5aaf,0x5aaf,0x5aaf,0x5aaf,0x5aaf,0x5aaf,0x5aaf,0x5aaf,0x5aaf,0x5aaf,0x5aaf,0x5aaf,0x5aaf,0x5aaf,0x5aaf,0x5aaf,
	0x5aaf,0x5aaf,0x5aaf,0x5aaf,0x5aaf,0x5aaf,0x5aaf,0x5acf,0x5acf,0x5aaf,0x5aaf,0x5aaf,0x5aaf,0x5aaf,0x5aaf,0x5aaf,
	0x5aaf,0x5aaf,0x5aaf,0x5aaf,0x5aaf,0x5aaf,0x5aaf,0x5aaf,0x5aaf,0x5aaf,0x5aaf,0x5aaf,0x5aaf,0x5aaf,0x5aaf,0x5aaf,
	0x5aaf,0x5aaf,0x5aaf,0x5aaf,0x5aaf,0x5aaf,0x5aaf,0x5aaf,0x5aaf,0x5aaf,0x5aaf,0x5aaf,0x5aaf,0x5aaf,0x5aaf,0x5aaf,
	0x5aaf,0x5aaf,0x5aaf,0x5aaf,0x5aaf,0x5aaf,0x5aaf,0x5aaf,0x5aaf,0x5aaf,0x5aaf,0x5aaf,0x5aaf,0x5aaf,0x5aaf,0x5aaf,
	0x5aaf,0x5aaf,0x5aaf,0x5aaf,0x5aaf,0x5aaf,0x5aaf,0x5aaf,0x5aaf,0x5aaf,0x5aaf,0x5aaf,0x5aaf,0x5aaf,0x5aaf,0x5aaf,
	0x5aaf,0x5aaf,0x5aaf,0x5aaf,0x5aaf,0x5aaf,0x5aaf,0x5aaf,0x5aaf,0x5aaf,0x5aaf,0x5aaf,0x5aaf,0x5aaf,0x5aaf,0x5aaf,
	0x5aaf,0x5aaf,0x5aaf,0x5aaf,0x5aaf,0x5aaf,0x5aaf,0x5aaf,0x5aaf,0x5aaf,0x5aaf,0x5aaf,0x5aaf,0x5aaf,0x5aaf,0x5aaf,
	0x5aaf,0x5aaf,0x5aaf,0x5aaf,0x5aaf,0x5aaf,0x5aaf,0x5aaf,0x5aaf,0x5aaf,0x5aaf,0x5aaf,0x5aaf,0x5aaf,0x5aaf,0x5aaf,
	0x5aaf,0x5aaf,0x5aaf,0x5aaf,0x5aaf,0x5aaf,0x5aaf,0x5aaf,0x5aaf,0x5aaf,0x5aaf,0x5aaf,0x5aaf,0x5aaf,0x5aaf,0x5aaf,
	0x5aaf,0x5aaf,0x5aaf,0x5aaf,0x5aaf,0x5aaf,0x5aaf,0x5aaf,0x5aaf,0x5aaf,0x5aaf,0x5aaf,0x5aaf,0x5aaf,0x5aaf,0x5aaf,
	0x5aaf,0x5aaf,0x5aaf,0x5aaf,0x5aaf,0x5aaf,0x5aaf,0x5aaf,0x5aaf,0x5aaf,0x5aaf,0x5ab0,0x5ab0,0x5ab0,0x5ab0,0x5eb0,
	0x5eb0,0x5eaf,0x5eaf,0x5eaf,0x5eaf,0x5eaf,0x5eaf,0x5eaf,0x5eaf,0x5eaf,0x5eaf,0x5eaf,0x5eaf,0x5eaf,0x5eaf,0x5ecf,
	0x5ecf,0x5aaf,0x5aaf,0x5aaf,0x5aaf,0x5aaf,0x5aaf,0x5aaf,0x5aaf,0x5aaf,0x5aaf,0x5aaf,0x5aaf,0x5aaf,0x5aaf,0x5aaf,
	0x5aaf,0x5aaf,0x5aaf,0x5aaf,0x5aaf,0x5aaf,0x5aaf,0x5ed0,0x5ed0,0x5ed0,0x5ef0,0x62f1,0x62f1,0x62f1,0x62f1,0x5ed0,
	0x5ed0,0x5ed0,0x5aaf,0x5aaf,0x5aaf,0x5aaf,0x5aaf,0x5aaf,0x5aaf,0x5ed0,0x5ed0,0x5eaf,0x5eaf,0x5aaf,0x5aaf,0x5aaf,
	0x5aaf,0x5aaf,0x5aaf,0x5aaf,0x5aaf,0x5aaf,0x5aaf,0x5ed0,0x5ed0,0x5ed0,0x5aaf,0x5aaf,0x5aaf,0x5aaf,0x5aaf,0x5aaf,
	0x5aaf,0x5aaf,0x5aaf,0x5aaf,0x5aaf,0x5aaf,0x5aaf,0x5aaf,0x5aaf,0x5aaf,0x5aaf,0x5aaf,0x5aaf,0x5aaf,0x5aaf,0x5aaf,
	0x5aaf,0x5aaf,0x5aaf,0x5aaf,0x5aaf,0x5aaf,0x5aaf,0x5aaf,0x5aaf,0x5aaf,0x5aaf,0x5aaf,0x5aaf,0x5aaf,0x5aaf,0x5aaf,
	0x5aaf,0x5aaf,0x5aaf,0x5aaf,0x5aaf,0x5aaf,0x5aaf,0x5aaf,0x5aaf,0x5aaf,0x5aaf,0x5aaf,0x5aaf,0x5aaf,0x5aaf,0x5aaf,
	0x5aaf,0x5aaf,0x5aaf,0x5aaf,0x5aaf,0x5aaf,0x5aaf,0x5aaf,0x5aaf,0x5aaf,0x5aaf,0x5aaf,0x5aaf,0x5aaf,0x5aaf,0x5aaf,
	0x5aaf,0x5aaf,0x5aaf,0x5aaf,0x5aaf,0x5aaf,0x5aaf,0x5aaf,0x5aaf,0x5aaf,0x5aaf,0x5aaf,0x5aaf,0x5aaf,0x5aaf,0x5aaf,
	0x5aaf,0x5aaf,0x5aaf,0x5aaf,0x5aaf,0x5aaf,0x5aaf,0x5aaf,0x5aaf,0x5aaf,0x5aaf,0x5aaf,0x5aaf,0x5aaf,0x5aaf,0x5aaf,
	0x5aaf,0x5aaf,0x5aaf,0x5aaf,0x5aaf,0x5aaf,0x5aaf,0x5aaf,0x5aaf,0x5aaf,0x5aaf,0x5aaf,0x5aaf,0x5aaf,0x5aaf,0x5aaf,
	0x5aaf,0x5aaf,0x5aaf,0x5aaf,0x5aaf,0x5aaf,0x5aaf,0x5aaf,0x5aaf,0x5aaf,0x5aaf,0x5aaf,0x5aaf,0x5aaf,0x5aaf,0x5aaf,
	0x5aaf,0x5aaf,0x5aaf,0x5aaf,0x5aaf,0x5aaf,0x5aaf,0x5aaf,0x5aaf,0x5aaf,0x5aaf,0x5aaf,0x5aaf,0x5aaf,0x5aaf,0x5aaf,
	0x5aaf,0x5aaf,0x5aaf,0x5aaf,0x5aaf,0x5aaf,0x5aaf,0x5aaf,0x5aaf,0x5aaf,0x5aaf,0x5ab0,0x5ab0,0x5ab0,0x5ab0,0x5eaf,
	0x5eaf,0x5eaf,0x5eaf,0x5eaf,0x5eaf,0x5eaf,0x5eaf,0x5eaf,0x5eaf,0x5eaf,0x5eaf,0x5eaf,0x5eaf,0x5eaf,0x5eaf,0x5ecf,
	0x5ecf,0x5aaf,0x5aaf,0x5aaf,0x5aaf,0x5aaf,0x5aaf,0x5aaf,0x5aaf,0x5aaf,0x5aaf,0x5aaf,0x5aaf,0x5aaf,0x5eaf,0x5eaf,
	0x5ed0,0x5eaf,0x5aaf,0x5aaf,0x5aaf,0x5aaf,0x5aaf,0x5ed0,0x5ed0,0x5ed0,0x62f1,0x62f1,0x62f1,0x62f0,0x5ed0,0x5ecf,
	0x5ed0,0x5ed0,0x5ecf,0x5aaf,0x5aaf,0x5aaf,0x5aaf,0x5aaf,0x5aaf,0x5ed0,0x5ed0,0x5ed0,0x5eaf,0x5aaf,0x5aaf,0x5aaf,
	0x5aaf,0x5aaf,0x5aaf,0x5aaf,0x5aaf,0x5aaf,0x5ed0,0x5ef0,0x62f1,0x5ed0,0x5acf,0x5aaf,0x5aaf,0x5aaf,0x5aaf,0x5aaf,
	0x5aaf,0x5aaf,0x5aaf,0x5aaf,0x5aaf,0x5aaf,0x5aaf,0x5aaf,0x5aaf,0x5aaf,0x5aaf,0x5aaf,0x5aaf,0x5aaf,0x5aaf,0x5aaf,
	0x5aaf,0x5aaf,0x5aaf,0x5aaf,0x5aaf,0x5aaf,0x5aaf,0x5aaf,0x5aaf,0x5aaf,0x5aaf,0x5aaf,0x5aaf,0x5aaf,0x5aaf,0x5aaf,
	0x5aaf,0x5aaf,0x5aaf,0x5aaf,0x5aaf,0x5aaf,0x5aaf,0x5aaf,0x5aaf,0x5aaf,0x5aaf,0x5aaf,0x5aaf,0x5aaf,0x5aaf,0x5aaf,
	0x5aaf,0x5aaf,0x5aaf,0x5aaf,0x5aaf,0x5aaf,0x5aaf,0x5aaf,0x5aaf,0x5aaf,0x5aaf,0x5aaf,0x5aaf,0x5aaf,0x5aaf,0x5aaf,
	0x5aaf,0x5aaf,0x5aaf,0x5aaf,0x5aaf,0x5aaf,0x5aaf,0x5aaf,0x5aaf,0x5aaf,0x5aaf,0x5aaf,0x5aaf,0x5aaf,0x5aaf,0x5aaf,
	0x5aaf,0x5aaf,0x5aaf,0x5aaf,0x5aaf,0x5aaf,0x5aaf,0x5aaf,0x5aaf,0x5aaf,0x5aaf,0x5aaf,0x5aaf,0x5aaf,0x5aaf,0x5aaf,
	0x5aaf,0x5aaf,0x5aaf,0x5aaf,0x5aaf,0x5aaf,0x5aaf,0x5aaf,0x5aaf,0x5aaf,0x5aaf,0x5aaf,0x5aaf,0x5aaf,0x5aaf,0x5aaf,
	0x5aaf,0x5aaf,0x5aaf,0x5aaf,0x5aaf,0x5aaf,0x5aaf,0x5aaf,0x5aaf,0x5aaf,0x5aaf,0x5aaf,0x5aaf,0x5aaf,0x5aaf,0x5aaf,
	0x5aaf,0x5aaf,0x5aaf,0x5aaf,0x5aaf,0x5aaf,0x5aaf,0x5aaf,0x5aaf,0x5aaf,0x5aaf,0x5aaf,0x5aaf,0x5aaf,0x5aaf,0x5aaf,
	0x5aaf,0x5aaf,0x5aaf,0x5aaf,0x5aaf,0x5aaf,0x5aaf,0x5aaf,0x5aaf,0x5aaf,0x5eaf,0x5eaf,0x5aaf,0x5aaf,0x5aaf,0x5eaf,
	0x5eaf,0x5eaf,0x5eaf,0x5eaf,0x5eaf,0x5eaf,0x5eaf,0x5eaf,0x5eaf,0x5eaf,0x5eaf,0x5eaf,0x5eaf,0x5eaf,0x5eaf,0x5eaf,
	0x5eaf,0x5aaf,0x5aaf,0x5aaf,0x5eaf,0x5aaf,0x5aaf,0x5aaf,0x5aaf,0x5aaf,0x5aaf,0x5aaf,0x5aaf,0x5aaf,0x5ecf,0x5ed0,
	0x5ed0,0x5ed0,0x5aaf,0x5aaf,0x5eaf,0x5ecf,0x5ecf,0x5acf,0x5aaf,0x5ecf,0x5ed0,0x62f1,0x62f1,0x62f0,0x5ecf,0x5aaf,
	0x62f1,0x62f1,0x5ed0,0x5acf,0x5acf,0x5ecf,0x5aaf,0x5aaf,0x5aaf,0x5ed0,0x5ed0,0x5ed0,0x5ecf,0x5aaf,0x5ecf,0x5ecf,
	0x5aaf,0x5aaf,0x5ecf,0x5aaf,0x5aaf,0x5ed0,0x62f1,0x62f1,0x62f1,0x62f1,0x5ed0,0x5aaf,0x5aaf,0x5aaf,0x5aaf,0x5aaf,
	0x5aaf,0x5aaf,0x5aaf,0x5aaf,0x5aaf,0x5aaf,0x5aaf,0x5aaf,0x5aaf,0x5aaf,0x5aaf,0x5aaf,0x5aaf,0x5aaf,0x5aaf,0x5aaf,
	0x5aaf,0x5aaf,0x5aaf,0x5aaf,0x5aaf,0x5aaf,0x5aaf,0x5aaf,0x5aaf,0x5aaf,0x5aaf,0x5aaf,0x5aaf,0x5aaf,0x5aaf,0x5aaf,
	0x5aaf,0x5aaf,0x5aaf,0x5aaf,0x5aaf,0x5aaf,0x5aaf,0x5aaf,0x5aaf,0x5aaf,0x5aaf,0x5aaf,0x5aaf,0x5aaf,0x5aaf,0x5aaf,
	0x5aaf,0x5aaf,0x5aaf,0x5aaf,0x5aaf,0x5aaf,0x5aaf,0x5aaf,0x5aaf,0x5aaf,0x5aaf,0x5aaf,0x5aaf,0x5aaf,0x5aaf,0x5aaf,
	0x5aaf,0x5aaf,0x5aaf,0x5aaf,0x5aaf,0x5aaf,0x5aaf,0x5aaf,0x5aaf,0x5aaf,0x5aaf,0x5aaf,0x5aaf,0x5aaf,0x5aaf,0x5aaf,
	0x5aaf,0x5aaf,0x5aaf,0x5aaf,0x5aaf,0x5aaf,0x5aaf,0x5aaf,0x5aaf,0x5aaf,0x5aaf,0x5aaf,0x5aaf,0x5aaf,0x5aaf,0x5aaf,
	0x5aaf,0x5aaf,0x5aaf,0x5aaf,0x5aaf,0x5aaf,0x5aaf,0x5aaf,0x5aaf,0x5aaf,0x5aaf,0x5aaf,0x5aaf,0x5aaf,0x5aaf,0x5aaf,
	0x5aaf,0x5aaf,0x5aaf,0x5aaf,0x5aaf,0x5aaf,0x5aaf,0x5aaf,0x5aaf,0x5aaf,0x5aaf,0x5aaf,0x5aaf,0x5aaf,0x5aaf,0x5aaf,
	0x5aaf,0x5aaf,0x5aaf,0x5aaf,0x5aaf,0x5aaf,0x5aaf,0x5aaf,0x5aaf,0x5aaf,0x5aaf,0x5aaf,0x5aaf,0x5aaf,0x5aaf,0x5aaf,
	0x5aaf,0x5aaf,0x5aaf,0x5aaf,0x5aaf,0x5aaf,0x5aaf,0x5aaf,0x5aaf,0x5aaf,0x5eaf,0x5eaf,0x5aaf,0x5aaf,0x5aaf,0x5ecf,
	0x5ecf,0x5aaf,0x5ecf,0x5ecf,0x5eaf,0x5eaf,0x5aaf,0x5eb0,0x5eb0,0x5aaf,0x5aaf,0x5aaf,0x5aaf,0x5eb0,0x5eaf,0x5aaf,
	0x5eaf,0x5aaf,0x5aaf,0x5aaf,0x5eaf,0x5aaf,0x5aaf,0x5eaf,0x5eaf,0x5aaf,0x5aaf,0x5eaf,0x5aaf,0x5aaf,0x5ecf,0x5ed0,
	0x62f0,0x5ed0,0x5aaf,0x5ecf,0x5ed0,0x62f0,0x62f0,0x5ecf,0x5aaf,0x5aaf,0x5ed0,0x5ef0,0x62f0,0x5ed0,0x5aaf,0x5ed0,
	0x5ed0,0x5ed0,0x5ed0,0x5aaf,0x5ed0,0x5ed0,0x5ed0,0x5ed0,0x5ed0,0x5ed0,0x5ed0,0x5ecf,0x5aaf,0x5aaf,0x5aaf,0x5aaf,
	0x5ed0,0x5ed0,0x5ed0,0x5ed0,0x5ed0,0x5ed0,0x5aaf,0x5aaf,0x5ed0,0x5ed0,0x5aaf,0x5aaf,0x5aaf,0x5aaf,0x5aaf,0x5aaf,
	0x5aaf,0x5aaf,0x5aaf,0x5aaf,0x5aaf,0x5aaf,0x5aaf,0x5aaf,0x5aaf,0x5aaf,0x5aaf,0x5aaf,0x5aaf,0x5aaf,0x5aaf,0x5aaf,
	0x5aaf,0x5aaf,0x5aaf,0x5aaf,0x5aaf,0x5aaf,0x5aaf,0x5aaf,0x5aaf,0x5aaf,0x5aaf,0x5aaf,0x5aaf,0x5aaf,0x5aaf,0x5aaf,
	0x5aaf,0x5aaf,0x5aaf,0x5aaf,0x5aaf,0x5aaf,0x5aaf,0x5aaf,0x5aaf,0x5aaf,0x5aaf,0x5aaf,0x5aaf,0x5aaf,0x5aaf,0x5aaf,
	0x5aaf,0x5aaf,0x5aaf,0x5aaf,0x5aaf,0x5aaf,0x5aaf,0x5aaf,0x5aaf,0x5aaf,0x5aaf,0x5aaf,0x5aaf,0x5aaf,0x5aaf,0x5aaf,
	0x5aaf,0x5aaf,0x5aaf,0x5aaf,0x5aaf,0x5aaf,0x5aaf,0x5aaf,0x5aaf,0x5aaf,0x5aaf,0x5aaf,0x5aaf,0x5aaf,0x5aaf,0x5aaf,
	0x5aaf,0x5aaf,0x5aaf,0x5aaf,0x5aaf,0x5aaf,0x5aaf,0x5aaf,0x5aaf,0x5aaf,0x5aaf,0x5aaf,0x5aaf,0x5aaf,0x5aaf,0x5aaf,
	0x5aaf,0x5aaf,0x5aaf,0x5aaf,0x5aaf,0x5aaf,0x5aaf,0x5aaf,0x5aaf,0x5aaf,0x5aaf,0x5aaf,0x5aaf,0x5aaf,0x5aaf,0x5aaf,
	0x5aaf,0x5aaf,0x5aaf,0x5aaf,0x5aaf,0x5aaf,0x5aaf,0x5aaf,0x5aaf,0x5aaf,0x5aaf,0x5aaf,0x5aaf,0x5aaf,0x5aaf,0x5aaf,
	0x5aaf,0x5aaf,0x5aaf,0x5aaf,0x5aaf,0x5aaf,0x5aaf,0x5aaf,0x5aaf,0x5aaf,0x5aaf,0x5aaf,0x5aaf,0x5aaf,0x5aaf,0x5aaf,
	0x5aaf,0x5aaf,0x5aaf,0x5aaf,0x5aaf,0x5aaf,0x5aaf,0x5aaf,0x5aaf,0x5aaf,0x5eaf,0x5aaf,0x5eaf,0x5eaf,0x5aaf,0x5aae,
	0x5aaf,0x5eaf,0x5aaf,0x5aaf,0x5ecf,0x5ed0,0x5ab0,0x5aaf,0x5ab0,0x5ed1,0x5ed1,0x5eb1,0x5ab0,0x5ab0,0x5aaf,0x5aaf,
	0x5aaf,0x5eb0,0x5aaf,0x5aaf,0x5aaf,0x5aaf,0x5aaf,0x5aaf,0x5aaf,0x5aaf,0x5aaf,0x5eaf,0x5aaf,0x5aaf,0x5ecf,0x5ed0,
	0x5aaf,0x5ecf,0x5ed0,0x5ed0,0x5ef0,0x62f1,0x62f1,0x5ed0,0x5ed0,0x5ecf,0x5acf,0x5acf,0x5acf,0x5aaf,0x5ecf,0x62f0,
	0x5acf,0x5acf,0x5aaf,0x5ed0,0x5ed0,0x62f1,0x62f1,0x62f1,0x5ed0,0x5ed0,0x5ed0,0x5ed0,0x5aaf,0x5aaf,0x5aaf,0x5ecf,
	0x62f0,0x62f1,0x62f1,0x5ef0,0x5ed0,0x5aaf,0x5acf,0x5ecf,0x5acf,0x5aaf,0x5aaf,0x5aaf,0x5aaf,0x5aaf,0x5aaf,0x5aaf,
	0x5aaf,0x5aaf,0x5aaf,0x5aaf,0x5aaf,0x5aaf,0x5aaf,0x5aaf,0x5aaf,0x5aaf,0x5aaf,0x5aaf,0x5aaf,0x5aaf,0x5aaf,0x5aaf,
	0x5aaf,0x5aaf,0x5aaf,0x5aaf,0x5aaf,0x5aaf,0x5aaf,0x5aaf,0x5aaf,0x5aaf,0x5aaf,0x5aaf,0x5aaf,0x5aaf,0x5aaf,0x5aaf,
	0x5aaf,0x5aaf,0x5aaf,0x5aaf,0x5aaf,0x5aaf,0x5aaf,0x5aaf,0x5aaf,0x5aaf,0x5aaf,0x5aaf,0x5aaf,0x5aaf,0x5aaf,0x5aaf,
	0x5aaf,0x5aaf,0x5aaf,0x5aaf,0x5aaf,0x5aaf,0x5aaf,0x5aaf,0x5aaf,0x5aaf,0x5aaf,0x5aaf,0x5aaf,0x5aaf,0x5aaf,0x5aaf,
	0x5aaf,0x5aaf,0x5aaf,0x5aaf,0x5aaf,0x5aaf,0x5aaf,0x5aaf,0x5aaf,0x5aaf,0x5aaf,0x5aaf,0x5aaf,0x5aaf,0x5aaf,0x5aaf,
	0x5aaf,0x5aaf,0x5aaf,0x5aaf,0x5aaf,0x5aaf,0x5aaf,0x5aaf,0x5aaf,0x5aaf,0x5aaf,0x5aaf,0x5aaf,0x5aaf,0x5aaf,0x5aaf,
	0x5aaf,0x5aaf,0x5aaf,0x5aaf,0x5aaf,0x5aaf,0x5aaf,0x5aaf,0x5aaf,0x5aaf,0x5aaf,0x5aaf,0x5aaf,0x5aaf,0x5aaf,0x5aaf,
	0x5aaf,0x5aaf,0x5aaf,0x5aaf,0x5aaf,0x5aaf,0x5aaf,0x5aaf,0x5aaf,0x5aaf,0x5aaf,0x5aaf,0x5aaf,0x5aaf,0x5aaf,0x5aaf,
	0x5aaf,0x5aaf,0x5aaf,0x5aaf,0x5aaf,0x5aaf,0x5aaf,0x5aaf,0x5aaf,0x5aaf,0x5aaf,0x5aaf,0x5aaf,0x5aaf,0x5aaf,0x5aaf,
	0x5aaf,0x5aaf,0x5aaf,0x5aaf,0x5aaf,0x5aaf,0x5aaf,0x5aaf,0x5aaf,0x5aaf,0x5ecf,0x5ecf,0x5aaf,0x5aaf,0x5ecf,0x5eaf,
	0x5aae,0x5aaf,0x5aaf,0x5aaf,0x5aaf,0x5aaf,0x5ab0,0x5ed1,0x62f2,0x6b15,0x6b35,0x5ed2,0x5ab1,0x5ab1,0x5ab0,0x5ab0,
	0x5ab0,0x5ab0,0x5eb0,0x5aaf,0x5aaf,0x5aaf,0x5eaf,0x5aaf,0x5aaf,0x5eaf,0x5eb0,0x5aaf,0x5aaf,0x5acf,0x5ed0,0x5ed0,
	0x5aaf,0x5ed0,0x62f1,0x62f1,0x62f1,0x62f1,0x62f1,0x62f1,0x62f1,0x5ed0,0x5aaf,0x5aaf,0x5aaf,0x5ecf,0x62f0,0x62f1,
	0x5aaf,0x5aaf,0x5ecf,0x5ef0,0x62f1,0x62f1,0x62f1,0x62f1,0x62f1,0x62f1,0x62f0,0x5ed0,0x5ecf,0x5aaf,0x5acf,0x5ed0,
	0x62f0,0x62f1,0x62f1,0x62f1,0x5ed0,0x5ed0,0x5ed0,0x62f1,0x5ed0,0x5ed0,0x5ed0,0x5acf,0x5aaf,0x5aaf,0x5aaf,0x5aaf,
	0x5aaf,0x5aaf,0x5aaf,0x5aaf,0x5aaf,0x5aaf,0x5aaf,0x5aaf,0x5aaf,0x5aaf,0x5aaf,0x5aaf,0x5aaf,0x5aaf,0x5aaf,0x5aaf,
	0x5aaf,0x5aaf,0x5aaf,0x5aaf,0x5aaf,0x5aaf,0x5aaf,0x5aaf,0x5aaf,0x5aaf,0x5aaf,0x5aaf,0x5aaf,0x5aaf,0x5aaf,0x5aaf,
	0x5aaf,0x5aaf,0x5aaf,0x5aaf,0x5aaf,0x5aaf,0x5aaf,0x5aaf,0x5aaf,0x5aaf,0x5aaf,0x5aaf,0x5aaf,0x5aaf,0x5aaf,0x5aaf,
	0x5aaf,0x5aaf,0x5aaf,0x5aaf,0x5aaf,0x5aaf,0x5aaf,0x5aaf,0x5aaf,0x5aaf,0x5aaf,0x5aaf,0x5aaf,0x5aaf,0x5aaf,0x5aaf,
	0x5aaf,0x5aaf,0x5aaf,0x5aaf,0x5aaf,0x5aaf,0x5aaf,0x5aaf,0x5aaf,0x5aaf,0x5aaf,0x5aaf,0x5aaf,0x5aaf,0x5aaf,0x5aaf,
	0x5aaf,0x5aaf,0x5aaf,0x5aaf,0x5aaf,0x5aaf,0x5aaf,0x5aaf,0x5aaf,0x5aaf,0x5aaf,0x5aaf,0x5aaf,0x5aaf,0x5aaf,0x5aaf,
	0x5aaf,0x5aaf,0x5aaf,0x5aaf,0x5aaf,0x5aaf,0x5aaf,0x5aaf,0x5aaf,0x5aaf,0x5aaf,0x5aaf,0x5aaf,0x5aaf,0x5aaf,0x5aaf,
	0x5aaf,0x5aaf,0x5aaf,0x5aaf,0x5aaf,0x5aaf,0x5aaf,0x5aaf,0x5aaf,0x5aaf,0x5aaf,0x5aaf,0x5aaf,0x5aaf,0x5aaf,0x5aaf,
	0x5aaf,0x5aaf,0x5aaf,0x5aaf,0x5aaf,0x5aaf,0x5aaf,0x5aaf,0x5aaf,0x5aaf,0x5aaf,0x5aaf,0x5aaf,0x5aaf,0x5aaf,0x5aaf,
	0x5aaf,0x5aaf,0x5aaf,0x5aaf,0x5aaf,0x5aaf,0x5aaf,0x5aaf,0x5aaf,0x5aaf,0x5aaf,0x5aaf,0x5aae,0x5aae,0x5aaf,0x5aaf,
	0x5aaf,0x5ad0,0x5ad0,0x5ad0,0x5aaf,0x5ab0,0x5ab1,0x6714,0x6b36,0x6f56,0x6f57,0x6b36,0x6f56,0x6f56,0x5ef2,0x56b0,
	0x5ab0,0x5a90,0x5ab0,0x5eb0,0x5eb0,0x5eaf,0x5eaf,0x5aaf,0x5aaf,0x5eaf,0x5ed0,0x5aaf,0x5aaf,0x5ed0,0x62f1,0x62f0,
	0x5ef0,0x62f0,0x62f1,0x62f1,0x62f1,0x62f0,0x62f0,0x62f1,0x62f1,0x5ed0,0x5aaf,0x5aaf,0x5ecf,0x5ed0,0x62f1,0x62f1,
	0x5aaf,0x5aaf,0x5ed0,0x5ef0,0x62f1,0x62f1,0x62f1,0x62f1,0x62f1,0x62f1,0x62f1,0x5ed0,0x5ecf,0x5acf,0x5acf,0x5ed0,
	0x5ef0,0x5ef0,0x5ef0,0x62f1,0x62f1,0x5ed0,0x5ef0,0x62f1,0x5ed0,0x5ed0,0x62f1,0x5ed0,0x5aaf,0x5aaf,0x5aaf,0x5aaf,
	0x5aaf,0x5aaf,0x5aaf,0x5aaf,0x5aaf,0x5aaf,0x5aaf,0x5aaf,0x5aaf,0x5aaf,0x5aaf,0x5aaf,0x5aaf,0x5aaf,0x5aaf,0x5aaf,
	0x5aaf,0x5aaf,0x5aaf,0x5aaf,0x5aaf,0x5aaf,0x5aaf,0x5aaf,0x5aaf,0x5aaf,0x5aaf,0x5aaf,0x5aaf,0x5aaf,0x5aaf,0x5aaf,
	0x5aaf,0x5aaf,0x5aaf,0x5aaf,0x5aaf,0x5aaf,0x5aaf,0x5aaf,0x5aaf,0x5aaf,0x5aaf,0x5aaf,0x5aaf,0x5aaf,0x5aaf,0x5aaf,
	0x5aaf,0x5aaf,0x5aaf,0x5aaf,0x5aaf,0x5aaf,0x5aaf,0x5aaf,0x5aaf,0x5aaf,0x5aaf,0x5aaf,0x5aaf,0x5aaf,0x5aaf,0x5aaf,
	0x5aaf,0x5aaf,0x5aaf,0x5aaf,0x5aaf,0x5aaf,0x5aaf,0x5aaf,0x5aaf,0x5aaf,0x5aaf,0x5aaf,0x5aaf,0x5aaf,0x5aaf,0x5aaf,
	0x5aaf,0x5aaf,0x5aaf,0x5aaf,0x5aaf,0x5aaf,0x5aaf,0x5aaf,0x5aaf,0x5aaf,0x5aaf,0x5aaf,0x5aaf,0x5aaf,0x5aaf,0x5aaf,
	0x5aaf,0x5aaf,0x5aaf,0x5aaf,0x5aaf,0x5aaf,0x5aaf,0x5aaf,0x5aaf,0x5aaf,0x5aaf,0x5aaf,0x5aaf,0x5aaf,0x5aaf,0x5aaf,
	0x5aaf,0x5aaf,0x5aaf,0x5aaf,0x5aaf,0x5aaf,0x5aaf,0x5aaf,0x5aaf,0x5aaf,0x5aaf,0x5aaf,0x5aaf,0x5aaf,0x5aaf,0x5aaf,
	0x5aaf,0x5aaf,0x5aaf,0x5aaf,0x5aaf,0x5aaf,0x5aaf,0x5aaf,0x5aaf,0x5aaf,0x5aaf,0x5aaf,0x5aaf,0x5aaf,0x5aaf,0x5aaf,
	0x5aaf,0x5aaf,0x5aaf,0x5aaf,0x5aaf,0x5aaf,0x5aaf,0x5aaf,0x5aaf,0x5aaf,0x5aaf,0x5aaf,0x5eaf,0x5aaf,0x5aaf,0x5aaf,
	0x5aaf,0x5aaf,0x5ad0,0x5ab0,0x56b0,0x5ad1,0x62f3,0x6b56,0x6f57,0x6b36,0x6b37,0x6b58,0x7399,0x6f78,0x62f4,0x5ab1,
	0x5ab1,0x5ab0,0x5a90,0x5ab0,0x5eb0,0x5eaf,0x5aaf,0x5aaf,0x5aaf,0x5ed0,0x5ed0,0x5ed0,0x5ed0,0x5ef0,0x62f1,0x62f1,
	0x62f1,0x62f1,0x62f1,0x62f1,0x62f1,0x62f0,0x62f0,0x62f0,0x5ed0,0x5ecf,0x5aaf,0x5ecf,0x5ed0,0x5ed0,0x5ed0,0x62f0,
	0x5aaf,0x5aaf,0x5aaf,0x5ed0,0x5ed0,0x5ef0,0x62f1,0x5ef0,0x62f1,0x62f1,0x62f1,0x5ef0,0x5ef0,0x5ef0,0x5ed0,0x5acf,
	0x5ed0,0x5ef0,0x62f0,0x5ef0,0x62f1,0x62f1,0x62f1,0x5ed0,0x5ed0,0x5ed0,0x5ef0,0x5ed0,0x5ed0,0x5acf,0x5aaf,0x5aaf,
	0x5aaf,0x5aaf,0x5aaf,0x5aaf,0x5aaf,0x5aaf,0x5aaf,0x5aaf,0x5aaf,0x5aaf,0x5aaf,0x5aaf,0x5aaf,0x5aaf,0x5aaf,0x5aaf,
	0x5aaf,0x5aaf,0x5aaf,0x5aaf,0x5aaf,0x5aaf,0x5aaf,0x5aaf,0x5aaf,0x5aaf,0x5aaf,0x5aaf,0x5aaf,0x5aaf,0x5aaf,0x5aaf,
	0x5aaf,0x5aaf,0x5aaf,0x5aaf,0x5aaf,0x5aaf,0x5aaf,0x5aaf,0x5aaf,0x5aaf,0x5aaf,0x5aaf,0x5aaf,0x5aaf,0x5aaf,0x5aaf,
	0x5aaf,0x5aaf,0x5aaf,0x5aaf,0x5aaf,0x5aaf,0x5aaf,0x5aaf,0x5aaf,0x5aaf,0x5aaf,0x5aaf,0x5aaf,0x5aaf,0x5aaf,0x5aaf,
	0x5aaf,0x5aaf,0x5aaf,0x5aaf,0x5aaf,0x5aaf,0x5aaf,0x5aaf,0x5aaf,0x5aaf,0x5aaf,0x5aaf,0x5aaf,0x5aaf,0x5aaf,0x5aaf,
	0x5aaf,0x5aaf,0x5aaf,0x5aaf,0x5aaf,0x5aaf,0x5aaf,0x5aaf,0x5aaf,0x5aaf,0x5aaf,0x5aaf,0x5aaf,0x5aaf,0x5aaf,0x5aaf,
	0x5aaf,0x5aaf,0x5aaf,0x5aaf,0x5aaf,0x5aaf,0x5aaf,0x5aaf,0x5aaf,0x5aaf,0x5aaf,0x5aaf,0x5aaf,0x5aaf,0x5aaf,0x5aaf,
	0x5aaf,0x5aaf,0x5aaf,0x5aaf,0x5aaf,0x5aaf,0x5aaf,0x5aaf,0x5aaf,0x5aaf,0x5aaf,0x5aaf,0x5aaf,0x5aaf,0x5aaf,0x5aaf,
	0x5aaf,0x5aaf,0x5aaf,0x5aaf,0x5aaf,0x5aaf,0x5aaf,0x5aaf,0x5aaf,0x5aaf,0x5aaf,0x5aaf,0x5aaf,0x5aaf,0x5aaf,0x5aaf,
	0x5aaf,0x5aaf,0x5aaf,0x5aaf,0x5aaf,0x5aaf,0x5aaf,0x5aaf,0x5aaf,0x5aaf,0x5eaf,0x5ed0,0x5eaf,0x5eaf,0x5aaf,0x5ab0,
	0x5ad1,0x5ab0,0x5690,0x56b0,0x5ef3,0x6f77,0x6f57,0x6b37,0x6737,0x6737,0x6738,0x6f79,0x6f79,0x6b58,0x6b57,0x6f77,
	0x6f57,0x66f3,0x5eb1,0x5ab0,0x5aaf,0x5aaf,0x5aaf,0x5aaf,0x5eaf,0x5ed0,0x62f1,0x62f1,0x5ed0,0x5ef0,0x5ef0,0x5ef0,
	0x62f1,0x62f0,0x5ef0,0x5ef0,0x62f1,0x62f1,0x62f1,0x5ef0,0x5ed0,0x5aaf,0x5aaf,0x5acf,0x5ecf,0x5aaf,0x5acf,0x5ed0,
	0x5ed0,0x5ed0,0x5ed0,0x5aaf,0x5aaf,0x5ed0,0x62f0,0x5ed0,0x5ef0,0x62f1,0x62f1,0x62f1,0x62f0,0x62f1,0x5ef0,0x5acf,
	0x5acf,0x5ed0,0x62f0,0x5ef0,0x5ef0,0x62f1,0x62f1,0x5ed0,0x5aaf,0x5aaf,0x5ed0,0x5ed0,0x5ed0,0x5ed0,0x5aaf,0x5aaf,
	0x5aaf,0x5aaf,0x5aaf,0x5aaf,0x5aaf,0x5aaf,0x5aaf,0x5aaf,0x5aaf,0x5aaf,0x5aaf,0x5aaf,0x5aaf,0x5aaf,0x5aaf,0x5aaf,
	0x5aaf,0x5aaf,0x5aaf,0x5aaf,0x5aaf,0x5aaf,0x5aaf,0x5aaf,0x5aaf,0x5aaf,0x5aaf,0x5aaf,0x5aaf,0x5aaf,0x5aaf,0x5aaf,
	0x5aaf,0x5aaf,0x5aaf,0x5aaf,0x5aaf,0x5aaf,0x5aaf,0x5aaf,0x5aaf,0x5aaf,0x5aaf,0x5aaf,0x5aaf,0x5aaf,0x5aaf,0x5aaf,
	0x5aaf,0x5aaf,0x5aaf,0x5aaf,0x5aaf,0x5aaf,0x5aaf,0x5aaf,0x5aaf,0x5aaf,0x5aaf,0x5aaf,0x5aaf,0x5aaf,0x5aaf,0x5aaf,
	0x5aaf,0x5aaf,0x5aaf,0x5aaf,0x5aaf,0x5aaf,0x5aaf,0x5aaf,0x5aaf,0x5aaf,0x5aaf,0x5aaf,0x5aaf,0x5aaf,0x5aaf,0x5aaf,
	0x5aaf,0x5aaf,0x5aaf,0x5aaf,0x5aaf,0x5aaf,0x5aaf,0x5aaf,0x5aaf,0x5aaf,0x5aaf,0x5aaf,0x5aaf,0x5aaf,0x5aaf,0x5aaf,
	0x5aaf,0x5aaf,0x5aaf,0x5aaf,0x5aaf,0x5aaf,0x5aaf,0x5aaf,0x5aaf,0x5aaf,0x5aaf,0x5aaf,0x5aaf,0x5aaf,0x5aaf,0x5aaf,
	0x5aaf,0x5aaf,0x5aaf,0x5aaf,0x5aaf,0x5aaf,0x5aaf,0x5aaf,0x5aaf,0x5aaf,0x5aaf,0x5aaf,0x5aaf,0x5aaf,0x5aaf,0x5aaf,
	0x5aaf,0x5aaf,0x5aaf,0x5aaf,0x5aaf,0x5aaf,0x5aaf,0x5aaf,0x5aaf,0x5aaf,0x5aaf,0x5aaf,0x5aaf,0x5aaf,0x5aaf,0x5aaf,
	0x5aaf,0x5aaf,0x5aaf,0x5aaf,0x5aaf,0x5aaf,0x5aaf,0x5aaf,0x5aaf,0x5aaf,0x5eb0,0x5eaf,0x5aaf,0x5ed1,0x5eb0,0x5ab0,
	0x56b0,0x62f3,0x6b35,0x6b56,0x6f57,0x7399,0x6f78,0x6b37,0x6b38,0x6b59,0x6f79,0x6f7a,0x6b79,0x6b58,0x6b57,0x6f78,
	0x7378,0x6f35,0x66f3,0x62d1,0x5ab0,0x5aaf,0x5aaf,0x5aaf,0x5eaf,0x5ed0,0x62d0,0x62f0,0x5ecf,0x5ed0,0x5ed0,0x5ef0,
	0x62f1,0x5ef0,0x5ef0,0x5ef0,0x5ef0,0x62f0,0x62f0,0x5ef0,0x5ed0,0x5acf,0x5aaf,0x5aaf,0x5acf,0x5acf,0x5ecf,0x5ed0,
	0x5ef0,0x62f1,0x5ed0,0x5ecf,0x5aaf,0x5aaf,0x5ecf,0x5aaf,0x5ed0,0x62f0,0x62f0,0x62f0,0x62f0,0x62f0,0x62f1,0x5ef0,
	0x5aaf,0x5acf,0x5ef0,0x62f0,0x62f1,0x62f1,0x5ed0,0x5aaf,0x5aaf,0x5eaf,0x5aaf,0x5aaf,0x5aaf,0x5aaf,0x5aaf,0x5aaf,
	0x5aaf,0x5aaf,0x5aaf,0x5aaf,0x5aaf,0x5aaf,0x5aaf,0x5aaf,0x5aaf,0x5aaf,0x5aaf,0x5aaf,0x5aaf,0x5aaf,0x5aaf,0x5aaf,
	0x5aaf,0x5aaf,0x5aaf,0x5aaf,0x5aaf,0x5aaf,0x5aaf,0x5aaf,0x5aaf,0x5aaf,0x5aaf,0x5aaf,0x5aaf,0x5aaf,0x5aaf,0x5aaf,
	0x5aaf,0x5aaf,0x5aaf,0x5aaf,0x5aaf,0x5aaf,0x5aaf,0x5aaf,0x5aaf,0x5aaf,0x5aaf,0x5aaf,0x5aaf,0x5aaf,0x5aaf,0x5aaf,
	0x5aaf,0x5aaf,0x5aaf,0x5aaf,0x5aaf,0x5aaf,0x5aaf,0x5aaf,0x5aaf,0x5aaf,0x5aaf,0x5aaf,0x5aaf,0x5aaf,0x5aaf,0x5aaf,
	0x5aaf,0x5aaf,0x5aaf,0x5aaf,0x5aaf,0x5aaf,0x5aaf,0x5aaf,0x5aaf,0x5aaf,0x5aaf,0x5aaf,0x5aaf,0x5aaf,0x5aaf,0x5aaf,
	0x5aaf,0x5aaf,0x5aaf,0x5aaf,0x5aaf,0x5aaf,0x5aaf,0x5aaf,0x5aaf,0x5aaf,0x5aaf,0x5aaf,0x5aaf,0x5aaf,0x5aaf,0x5aaf,
	0x5aaf,0x5aaf,0x5aaf,0x5aaf,0x5aaf,0x5aaf,0x5aaf,0x5aaf,0x5aaf,0x5aaf,0x5aaf,0x5aaf,0x5aaf,0x5aaf,0x5aaf,0x5aaf,
	0x5aaf,0x5aaf,0x5aaf,0x5aaf,0x5aaf,0x5aaf,0x5aaf,0x5aaf,0x5aaf,0x5aaf,0x5aaf,0x5aaf,0x5aaf,0x5aaf,0x5aaf,0x5aaf,
	0x5aaf,0x5aaf,0x5aaf,0x5aaf,0x5aaf,0x5aaf,0x5aaf,0x5aaf,0x5aaf,0x5aaf,0x5aaf,0x5aaf,0x5aaf,0x5aaf,0x5aaf,0x5eaf,
	0x5eaf,0x5eaf,0x5eaf,0x5aaf,0x5aaf,0x5aaf,0x5aaf,0x5aaf,0x5aaf,0x5aaf,0x5ab0,0x5ab0,0x62f2,0x7356,0x6b35,0x5ab1,
	0x5ab1,0x6b56,0x7399,0x6f78,0x7379,0x6f79,0x6b58,0x6b38,0x6f79,0x6f7a,0x6f7a,0x6b7a,0x6f7a,0x6f79,0x6737,0x6737,
	0x6b57,0x6f56,0x6f36,0x6713,0x5ab0,0x5ab0,0x5ab0,0x5aaf,0x5aaf,0x5aaf,0x5aaf,0x5acf,0x5acf,0x5ecf,0x5ef0,0x62f0,
	0x62f0,0x5ef0,0x5ef0,0x5ef0,0x5ef0,0x5ef0,0x5ef0,0x5ef0,0x62f0,0x5ef0,0x5aaf,0x5aaf,0x5aaf,0x5acf,0x5ed0,0x62f1,
	0x62f1,0x62f1,0x62f0,0x62f0,0x5ed0,0x5ed0,0x62f0,0x5ed0,0x5ed0,0x62f0,0x62f0,0x62f0,0x62f0,0x62f0,0x62f0,0x5ecf,
	0x5aaf,0x5aaf,0x5acf,0x5ecf,0x5ed0,0x5ed0,0x5eaf,0x5aaf,0x5eaf,0x5ed0,0x5aaf,0x5aaf,0x5aaf,0x5aaf,0x5aaf,0x5aaf,
	0x5aaf,0x5aaf,0x5aaf,0x5aaf,0x5aaf,0x5aaf,0x5aaf,0x5aaf,0x5aaf,0x5aaf,0x5aaf,0x5aaf,0x5aaf,0x5aaf,0x5aaf,0x5aaf,
	0x5aaf,0x5aaf,0x5aaf,0x5aaf,0x5aaf,0x5aaf,0x5aaf,0x5aaf,0x5aaf,0x5aaf,0x5aaf,0x5aaf,0x5aaf,0x5aaf,0x5aaf,0x5aaf,
	0x5aaf,0x5aaf,0x5aaf,0x5aaf,0x5aaf,0x5aaf,0x5aaf,0x5aaf,0x5aaf,0x5aaf,0x5aaf,0x5aaf,0x5aaf,0x5aaf,0x5aaf,0x5aaf,
	0x5aaf,0x5aaf,0x5aaf,0x5aaf,0x5aaf,0x5aaf,0x5aaf,0x5aaf,0x5aaf,0x5aaf,0x5aaf,0x5aaf,0x5aaf,0x5aaf,0x5aaf,0x5aaf,
	0x5aaf,0x5aaf,0x5aaf,0x5aaf,0x5aaf,0x5aaf,0x5aaf,0x5aaf,0x5aaf,0x5aaf,0x5aaf,0x5aaf,0x5aaf,0x5aaf,0x5aaf,0x5aaf,
	0x5aaf,0x5aaf,0x5aaf,0x5aaf,0x5aaf,0x5aaf,0x5aaf,0x5aaf,0x5aaf,0x5eaf,0x5aaf,0x5aaf,0x5aaf,0x5aaf,0x5aaf,0x5aaf,
	0x5aaf,0x5aaf,0x5aaf,0x5aaf,0x5eaf,0x5aaf,0x5aaf,0x5aaf,0x5aaf,0x5aaf,0x5aaf,0x5aaf,0x5aaf,0x5aaf,0x5aaf,0x5aaf,
	0x5aaf,0x5aaf,0x5aaf,0x5aaf,0x5aaf,0x5aaf,0x5aaf,0x5aaf,0x5aaf,0x5eaf,0x5eaf,0x5eaf,0x5aaf,0x5aaf,0x5aaf,0x5aaf,
	0x5aaf,0x5aaf,0x5aaf,0x5aaf,0x5aaf,0x5eb0,0x5eaf,0x5aaf,0x5aaf,0x5aaf,0x5aaf,0x5aaf,0x5aaf,0x5aaf,0x5aaf,0x5ecf,
	0x5eaf,0x5ecf,0x5ecf,0x5aaf,0x5eaf,0x5ecf,0x5aaf,0x5eaf,0x5eb0,0x5aaf,0x5ab0,0x5ab1,0x6b36,0x7398,0x6b57,0x6716,
	0x6736,0x6f78,0x6f99,0x6f79,0x6f79,0x6f79,0x6f59,0x6b58,0x6f79,0x6f7a,0x6f7a,0x6f7a,0x6f7a,0x6f79,0x6b59,0x6b58,
	0x6b57,0x6b36,0x6f36,0x6b35,0x5ed2,0x5ab0,0x56b0,0x5ab0,0x5ab0,0x5ab0,0x5ab0,0x5aaf,0x5ef0,0x5ef0,0x5acf,0x5acf,
	0x5ed0,0x5ef0,0x62f1,0x6311,0x6711,0x62f1,0x62f0,0x5ef0,0x62f0,0x62f0,0x5ef0,0x5ed0,0x5aaf,0x5acf,0x62f1,0x6712,
	0x62f0,0x62f1,0x62f0,0x62f0,0x5ed0,0x5ed0,0x62f1,0x62f0,0x5ed0,0x62f0,0x62f0,0x5ef0,0x5ed0,0x5ed0,0x5ed0,0x5acf,
	0x5aaf,0x5aaf,0x5acf,0x5ed0,0x5ecf,0x5aaf,0x5aaf,0x5aaf,0x5eaf,0x5eaf,0x5aaf,0x5aaf,0x5aaf,0x5aaf,0x5aaf,0x5aaf,
	0x5aaf,0x5aaf,0x5aaf,0x5aaf,0x5aaf,0x5aaf,0x5aaf,0x5aaf,0x5aaf,0x5aaf,0x5aaf,0x5aaf,0x5aaf,0x5aaf,0x5aaf,0x5aaf,
	0x5aaf,0x5aaf,0x5aaf,0x5aaf,0x5aaf,0x5aaf,0x5aaf,0x5aaf,0x5aaf,0x5aaf,0x5aaf,0x5aaf,0x5aaf,0x5aaf,0x5aaf,0x5aaf,
	0x5aaf,0x5aaf,0x5aaf,0x5aaf,0x5aaf,0x5aaf,0x5aaf,0x5aaf,0x5aaf,0x5aaf,0x5aaf,0x5aaf,0x5aaf,0x5aaf,0x5aaf,0x5aaf,
	0x5aaf,0x5aaf,0x5aaf,0x5aaf,0x5aaf,0x5aaf,0x5aaf,0x5aaf,0x5aaf,0x5aaf,0x5aaf,0x5aaf,0x5aaf,0x5aaf,0x5aaf,0x5aaf,
	0x5aaf,0x5aaf,0x5aaf,0x5aaf,0x5aaf,0x5aaf,0x5aaf,0x5aaf,0x5aaf,0x5aaf,0x5aaf,0x5aaf,0x5aaf,0x5aaf,0x5aaf,0x5aaf,
	0x5aaf,0x5aaf,0x5aaf,0x5aaf,0x5aaf,0x5aaf,0x5aaf,0x5aaf,0x5aaf,0x5aaf,0x5aaf,0x5aaf,0x5aaf,0x5aaf,0x5aaf,0x5aaf,
	0x5aaf,0x5aaf,0x5aaf,0x5aaf,0x5aaf,0x5aaf,0x5aaf,0x5aaf,0x5aaf,0x5aaf,0x5aaf,0x5aaf,0x5aaf,0x5aaf,0x5aaf,0x5aaf,
	0x5aaf,0x5aaf,0x5aaf,0x5aaf,0x5aaf,0x5aaf,0x5aaf,0x5aaf,0x5aaf,0x5eaf,0x5eaf,0x5eaf,0x5aaf,0x5aaf,0x5aaf,0x5aaf,
	0x5aaf,0x5aaf,0x5aaf,0x5aaf,0x5aaf,0x5eb0,0x5eb0,0x5eaf,0x5aaf,0x5aaf,0x5aaf,0x5aaf,0x5aaf,0x5aaf,0x5aaf,0x5ecf,
	0x5aae,0x5aae,0x5ecf,0x5eaf,0x5eaf,0x5aaf,0x5aaf,0x5eb0,0x5aaf,0x5ab0,0x56b0,0x5ef3,0x6b57,0x6f78,0x6b37,0x6b58,
	0x6f79,0x6f79,0x6f79,0x6f79,0x6f79,0x6f79,0x6f79,0x6f79,0x6f79,0x6f79,0x6f7a,0x6f7a,0x6f7a,0x6f7a,0x6f79,0x6b59,
	0x6b58,0x6b37,0x6b36,0x6b36,0x6714,0x5ed2,0x56b1,0x56b1,0x5ad1,0x6313,0x6734,0x5ef2,0x5ef0,0x5ef0,0x5ef0,0x5acf,
	0x5acf,0x5ef0,0x6311,0x6b32,0x6b32,0x6711,0x62f1,0x62f0,0x62f1,0x5ef0,0x5ef1,0x5ef1,0x5ed0,0x5ed1,0x6312,0x6733,
	0x62f0,0x62f1,0x5ef0,0x5ed0,0x5aaf,0x5acf,0x5ef0,0x62f0,0x62f1,0x62f0,0x5ef0,0x5ed0,0x5ecf,0x5ecf,0x5ecf,0x5ed0,
	0x5acf,0x5ecf,0x5ef0,0x62f1,0x5ed0,0x5ed0,0x5aaf,0x5aaf,0x5aaf,0x5aaf,0x5aaf,0x5aaf,0x5aaf,0x5aaf,0x5aaf,0x5aaf,
	0x5aaf,0x5aaf,0x5aaf,0x5aaf,0x5aaf,0x5aaf,0x5aaf,0x5aaf,0x5aaf,0x5aaf,0x5aaf,0x5aaf,0x5aaf,0x5aaf,0x5aaf,0x5aaf,
	0x5aaf,0x5aaf,0x5aaf,0x5aaf,0x5aaf,0x5aaf,0x5aaf,0x5aaf,0x5aaf,0x5aaf,0x5aaf,0x5aaf,0x5aaf,0x5aaf,0x5aaf,0x5aaf,
	0x5aaf,0x5aaf,0x5aaf,0x5aaf,0x5aaf,0x5aaf,0x5aaf,0x5aaf,0x5aaf,0x5aaf,0x5aaf,0x5aaf,0x5aaf,0x5aaf,0x5aaf,0x5aaf,
	0x5aaf,0x5aaf,0x5aaf,0x5aaf,0x5aaf,0x5aaf,0x5aaf,0x5aaf,0x5aaf,0x5aaf,0x5aaf,0x5aaf,0x5aaf,0x5aaf,0x5aaf,0x5aaf,
	0x5aaf,0x5aaf,0x5aaf,0x5aaf,0x5aaf,0x5aaf,0x5aaf,0x5aaf,0x5aaf,0x5aaf,0x5aaf,0x5aaf,0x5aaf,0x5aaf,0x5aaf,0x5aaf,
	0x5aaf,0x5aaf,0x5aaf,0x5aaf,0x5aaf,0x5aaf,0x5aaf,0x5aaf,0x5aaf,0x5aaf,0x5aaf,0x5aaf,0x5aaf,0x5aaf,0x5aaf,0x5acf,
	0x5aaf,0x5aaf,0x5aaf,0x5aaf,0x5aaf,0x5aaf,0x5aaf,0x5aaf,0x5aaf,0x5aaf,0x5aaf,0x5aaf,0x5aaf,0x5aaf,0x5aaf,0x5aaf,
	0x5aaf,0x5aaf,0x5aaf,0x5aaf,0x5aaf,0x5aaf,0x5aaf,0x5aaf,0x5aaf,0x5eaf,0x5eaf,0x5eaf,0x5aaf,0x5aaf,0x5aaf,0x5aaf,
	0x5aaf,0x5aaf,0x5aaf,0x5aaf,0x5aaf,0x5eaf,0x5eaf,0x5aaf,0x5aaf,0x5aaf,0x5aaf,0x5aaf,0x5aaf,0x5aaf,0x5aaf,0x5aaf,
	0x5eaf,0x5aaf,0x5eaf,0x5ed0,0x5aaf,0x5ab0,0x5ab0,0x5a90,0x5ab0,0x62f2,0x6314,0x6736,0x6f58,0x6b58,0x6b58,0x6b59,
	0x6b79,0x6f7a,0x6f79,0x6b79,0x6b79,0x6f79,0x6f7a,0x6f79,0x6f79,0x6b59,0x6b58,0x6b59,0x6f79,0x6f7a,0x6b59,0x6737,
	0x6b59,0x6f58,0x6b37,0x6b37,0x6b37,0x6b57,0x6b36,0x6b36,0x6b57,0x7398,0x7378,0x6735,0x5ef1,0x5ef0,0x5ef1,0x5ef1,
	0x5ed0,0x5ef1,0x6712,0x6b33,0x6712,0x6712,0x6712,0x6711,0x6311,0x5ef0,0x5ef1,0x6312,0x6712,0x6713,0x6733,0x6733,
	0x62f1,0x62f0,0x62f0,0x5ed0,0x5aaf,0x5aaf,0x5ed0,0x5ef0,0x62f1,0x62f1,0x62f1,0x5ef0,0x5ed0,0x5ed0,0x5ed0,0x5ed0,
	0x5ed0,0x5ef0,0x62f0,0x5ed0,0x5ed0,0x5ed0,0x5ed0,0x5ed0,0x5aaf,0x5aaf,0x5aaf,0x5aaf,0x5aaf,0x5aaf,0x5aaf,0x5aaf,
	0x5aaf,0x5aaf,0x5aaf,0x5aaf,0x5aaf,0x5aaf,0x5aaf,0x5aaf,0x5aaf,0x5aaf,0x5aaf,0x5aaf,0x5aaf,0x5aaf,0x5aaf,0x5aaf,
	0x5aaf,0x5aaf,0x5aaf,0x5aaf,0x5aaf,0x5aaf,0x5aaf,0x5aaf,0x5aaf,0x5aaf,0x5aaf,0x5aaf,0x5aaf,0x5aaf,0x5aaf,0x5aaf,
	0x5aaf,0x5aaf,0x5aaf,0x5aaf,0x5aaf,0x5aaf,0x5aaf,0x5aaf,0x5aaf,0x5aaf,0x5aaf,0x5aaf,0x5aaf,0x5aaf,0x5aaf,0x5aaf,
	0x5aaf,0x5aaf,0x5aaf,0x5aaf,0x5aaf,0x5aaf,0x5aaf,0x5aaf,0x5aaf,0x5aaf,0x5aaf,0x5aaf,0x5aaf,0x5aaf,0x5aaf,0x5aaf,
	0x5aaf,0x5aaf,0x5aaf,0x5aaf,0x5aaf,0x5aaf,0x5aaf,0x5aaf,0x5aaf,0x5aaf,0x5aaf,0x5aaf,0x5aaf,0x5aaf,0x5aaf,0x5aaf,
	0x5aaf,0x5aaf,0x5aaf,0x5aaf,0x5aaf,0x5aaf,0x5aaf,0x5aaf,0x5aaf,0x5aaf,0x5aaf,0x5aaf,0x5aaf,0x5aaf,0x5aaf,0x5acf,
	0x5aaf,0x5aaf,0x5aaf,0x5aaf,0x5aaf,0x5aaf,0x5aaf,0x5aaf,0x5aaf,0x5aaf,0x5aaf,0x5aaf,0x5aaf,0x5aaf,0x5aaf,0x5aaf,
	0x5aaf,0x5aaf,0x5aaf,0x5aaf,0x5aaf,0x5aaf,0x5aaf,0x5aaf,0x5aaf,0x5eaf,0x5eaf,0x5eaf,0x5aaf,0x5aaf,0x5aaf,0x5aaf,
	0x5aaf,0x5aaf,0x5aaf,0x5aaf,0x5aaf,0x5aaf,0x5aaf,0x5aaf,0x5aaf,0x5aaf,0x5aaf,0x5aaf,0x5eaf,0x5eaf,0x5eaf,0x5aaf,
	0x5eb0,0x5eb0,0x5ab0,0x5aaf,0x5ab0,0x6713,0x62f2,0x5ab0,0x5ab1,0x6734,0x6b36,0x6736,0x6f58,0x6f79,0x6f79,0x6f59,
	0x6f59,0x6f79,0x6f79,0x6f79,0x6f79,0x6f79,0x6f79,0x6f79,0x6b59,0x6738,0x6737,0x6b58,0x6b58,0x6b58,0x6738,0x6737,
	0x6f59,0x6f79,0x6b37,0x6b37,0x6f58,0x7379,0x7399,0x7379,0x7379,0x7378,0x6f57,0x6b36,0x6313,0x5ef1,0x5ef1,0x5ed1,
	0x5ed1,0x5ef1,0x6312,0x6312,0x5ed1,0x62f1,0x6312,0x6311,0x6311,0x62f1,0x62f1,0x6713,0x6733,0x6733,0x6733,0x6733,
	0x6711,0x62f0,0x5ef0,0x62f1,0x5ed0,0x5ed0,0x5ed0,0x62f0,0x62f1,0x62f1,0x62f1,0x62f1,0x62f1,0x62f1,0x62f1,0x5ef0,
	0x5ef0,0x62f1,0x62f0,0x5ecf,0x5aaf,0x5ed0,0x62f1,0x62d0,0x5ed0,0x5aaf,0x5aaf,0x5aaf,0x5aaf,0x5aaf,0x5aaf,0x5aaf,
	0x5aaf,0x5aaf,0x5aaf,0x5aaf,0x5aaf,0x5acf,0x5aaf,0x5aaf,0x5aaf,0x5aaf,0x5aaf,0x5aaf,0x5aaf,0x5aaf,0x5aaf,0x5aaf,
	0x5aaf,0x5aaf,0x5aaf,0x5aaf,0x5aaf,0x5aaf,0x5aaf,0x5aaf,0x5aaf,0x5aaf,0x5aaf,0x5aaf,0x5aaf,0x5aaf,0x5aaf,0x5aaf,
	0x5aaf,0x5aaf,0x5aaf,0x5aaf,0x5aaf,0x5aaf,0x5aaf,0x5aaf,0x5aaf,0x5aaf,0x5aaf,0x5aaf,0x5aaf,0x5aaf,0x5aaf,0x5aaf,
	0x5aaf,0x5aaf,0x5aaf,0x5aaf,0x5aaf,0x5aaf,0x5aaf,0x5aaf,0x5aaf,0x5aaf,0x5aaf,0x5aaf,0x5aaf,0x5aaf,0x5aaf,0x5aaf,
	0x5aaf,0x5aaf,0x5aaf,0x5aaf,0x5aaf,0x5aaf,0x5aaf,0x5aaf,0x5aaf,0x5aaf,0x5aaf,0x5aaf,0x5aaf,0x5aaf,0x5aaf,0x5aaf,
	0x5aaf,0x5aaf,0x5aaf,0x5aaf,0x5aaf,0x5aaf,0x5aaf,0x5aaf,0x5aaf,0x5aaf,0x5aaf,0x5aaf,0x5aaf,0x5aaf,0x5acf,0x5aaf,
	0x5aaf,0x5aaf,0x5aaf,0x5aaf,0x5aaf,0x5aaf,0x5aaf,0x5aaf,0x5aaf,0x5aaf,0x5aaf,0x5aaf,0x5aaf,0x5aaf,0x5aaf,0x5aaf,
	0x5aaf,0x5aaf,0x5aaf,0x5aaf,0x5aaf,0x5aaf,0x5aaf,0x5aaf,0x5aaf,0x5aaf,0x5aaf,0x5aaf,0x5aaf,0x5eaf,0x5eaf,0x5aaf,
	0x5aaf,0x5aaf,0x5aaf,0x5eaf,0x5aaf,0x5acf,0x5acf,0x5aaf,0x5aaf,0x5aaf,0x5aaf,0x5eaf,0x5eaf,0x5eb0,0x5eb0,0x5ab0,
	0x5ab0,0x5ab0,0x6713,0x6713,0x6713,0x7397,0x6f56,0x5ed2,0x6314,0x6b36,0x6b36,0x6b36,0x6b57,0x6f79,0x7379,0x6f79,
	0x6b59,0x6b58,0x6f79,0x6f79,0x6f79,0x6f79,0x6f79,0x6f79,0x6b59,0x6b58,0x6737,0x6737,0x6737,0x6737,0x6737,0x6b58,
	0x6b58,0x6b38,0x6b38,0x6b38,0x6f58,0x6f79,0x7379,0x6f79,0x6f79,0x6f59,0x6b37,0x6b37,0x6b56,0x6b55,0x6734,0x6313,
	0x5ef2,0x5ef2,0x5ef2,0x5ef1,0x5ed1,0x5ef1,0x5ef1,0x5ef1,0x62f1,0x62f1,0x6312,0x6733,0x6733,0x6733,0x6733,0x6733,
	0x6311,0x62f1,0x5ef0,0x62f1,0x62f1,0x5ef0,0x5ef0,0x62f1,0x62f1,0x5ef0,0x5ef0,0x5ef0,0x5ef0,0x62f1,0x62f1,0x62f1,
	0x5ef0,0x62f1,0x62f1,0x5ed0,0x5aaf,0x5eaf,0x5ed0,0x5ed0,0x5ed0,0x5eaf,0x5aaf,0x5aaf,0x5aaf,0x5aaf,0x5aaf,0x5aaf,
	0x5aaf,0x5aaf,0x5aaf,0x5aaf,0x5aaf,0x5acf,0x5aaf,0x5aaf,0x5aaf,0x5aaf,0x5aaf,0x5aaf,0x5aaf,0x5aaf,0x5aaf,0x5aaf,
	0x5aaf,0x5aaf,0x5aaf,0x5aaf,0x5aaf,0x5aaf,0x5aaf,0x5aaf,0x5aaf,0x5aaf,0x5aaf,0x5aaf,0x5aaf,0x5aaf,0x5aaf,0x5aaf,
	0x5aaf,0x5aaf,0x5aaf,0x5aaf,0x5aaf,0x5aaf,0x5aaf,0x5aaf,0x5aaf,0x5aaf,0x5aaf,0x5aaf,0x5aaf,0x5aaf,0x5aaf,0x5aaf,
	0x5aaf,0x5aaf,0x5aaf,0x5aaf,0x5aaf,0x5aaf,0x5aaf,0x5aaf,0x5aaf,0x5aaf,0x5aaf,0x5aaf,0x5aaf,0x5aaf,0x5aaf,0x5aaf,
	0x5aaf,0x5aaf,0x5aaf,0x5aaf,0x5aaf,0x5aaf,0x5aaf,0x5aaf,0x5aaf,0x5aaf,0x5aaf,0x5aaf,0x5aaf,0x5aaf,0x5aaf,0x5aaf,
	0x5aaf,0x5aaf,0x5aaf,0x5aaf,0x5aaf,0x5aaf,0x5aaf,0x5aaf,0x5aaf,0x5aaf,0x5aaf,0x5aaf,0x5aaf,0x5aaf,0x5aaf,0x5aaf,
	0x5ed0,0x5ed0,0x5ed0,0x5aaf,0x5aaf,0x5ed0,0x5ed0,0x5aaf,0x5aaf,0x5aaf,0x5aaf,0x5aaf,0x5aaf,0x5aaf,0x5aaf,0x5aaf,
	0x5aaf,0x5aaf,0x5aaf,0x5aaf,0x5aaf,0x5aaf,0x5aaf,0x5aaf,0x5aaf,0x5aaf,0x5aaf,0x5aaf,0x5aaf,0x5eaf,0x5eaf,0x5eaf,
	0x5eaf,0x5eaf,0x5eaf,0x5eaf,0x5aaf,0x5acf,0x5acf,0x5aaf,0x5aaf,0x5aaf,0x5aaf,0x5eaf,0x5eb0,0x5eb0,0x5eb0,0x5ab0,
	0x5ab0,0x5ad1,0x7376,0x7376,0x6f56,0x7798,0x6f56,0x62f3,0x6b35,0x6b56,0x6b36,0x6b57,0x6f78,0x6f79,0x7379,0x6f59,
	0x6b38,0x6b38,0x6f79,0x6f79,0x6f79,0x6f79,0x6f79,0x6f79,0x6f79,0x6f59,0x6b38,0x6737,0x6b38,0x6b58,0x6b58,0x6f59,
	0x6b58,0x6737,0x6b38,0x6b38,0x6b38,0x6f59,0x6f79,0x737a,0x737a,0x7379,0x6f58,0x6b58,0x7378,0x7398,0x6f77,0x6b56,
	0x6314,0x5ed2,0x5ad2,0x62f3,0x6734,0x6313,0x5ef1,0x5ed0,0x62f1,0x62f1,0x62f2,0x6713,0x6713,0x6733,0x6733,0x6733,
	0x6311,0x6732,0x62f1,0x62f1,0x6311,0x62f1,0x5ef0,0x62f1,0x5ef1,0x62f1,0x62f1,0x5ef0,0x5ef0,0x5ef0,0x5ef1,0x62f1,
	0x5ef0,0x5ef0,0x62f1,0x62f1,0x5ed0,0x5eaf,0x5aaf,0x5aaf,0x5eaf,0x5eaf,0x5aaf,0x5aaf,0x5aaf,0x5aaf,0x5aaf,0x5aaf,
	0x5aaf,0x5aaf,0x5aaf,0x5aaf,0x5acf,0x5aaf,0x5aaf,0x5acf,0x5acf,0x5aaf,0x5aaf,0x5aaf,0x5aaf,0x5aaf,0x5aaf,0x5aaf,
	0x5aaf,0x5aaf,0x5aaf,0x5aaf,0x5aaf,0x5aaf,0x5aaf,0x5aaf,0x5aaf,0x5aaf,0x5aaf,0x5aaf,0x5aaf,0x5aaf,0x5aaf,0x5aaf,
	0x5aaf,0x5aaf,0x5aaf,0x5aaf,0x5aaf,0x5aaf,0x5aaf,0x5aaf,0x5aaf,0x5aaf,0x5aaf,0x5aaf,0x5aaf,0x5aaf,0x5aaf,0x5aaf,
	0x5aaf,0x5aaf,0x5aaf,0x5aaf,0x5aaf,0x5aaf,0x5aaf,0x5aaf,0x5aaf,0x5aaf,0x5aaf,0x5aaf,0x5aaf,0x5aaf,0x5aaf,0x5aaf,
	0x5aaf,0x5aaf,0x5aaf,0x5aaf,0x5aaf,0x5aaf,0x5aaf,0x5aaf,0x5aaf,0x5aaf,0x5aaf,0x5aaf,0x5aaf,0x5aaf,0x5aaf,0x5aaf,
	0x5aaf,0x5aaf,0x5aaf,0x5aaf,0x5aaf,0x5aaf,0x5aaf,0x5aaf,0x5aaf,0x5aaf,0x5aaf,0x5aaf,0x5acf,0x5ed0,0x5ed0,0x5acf,
	0x5ed0,0x62f1,0x5ed0,0x5ed0,0x5ed0,0x62f0,0x5ef0,0x5ed0,0x5aaf,0x5aaf,0x5aaf,0x5aaf,0x5aaf,0x5aaf,0x5aaf,0x5aaf,
	0x5aaf,0x5aaf,0x5aaf,0x5aaf,0x5aaf,0x5aaf,0x5aaf,0x5aaf,0x5aaf,0x5aaf,0x5aaf,0x5aaf,0x5aaf,0x5eaf,0x5eaf,0x5eaf,
	0x5eaf,0x5eaf,0x5eaf,0x5eaf,0x5aaf,0x5aaf,0x5aaf,0x5aaf,0x5aaf,0x5aaf,0x5aaf,0x5eaf,0x5eaf,0x5eb0,0x5eb0,0x5ab0,
	0x56b0,0x5ef2,0x6f56,0x6b35,0x6b35,0x6f76,0x6b35,0x5ed3,0x6714,0x6735,0x6b36,0x6f57,0x7399,0x7379,0x7379,0x6b38,
	0x6737,0x6b38,0x6f59,0x6f79,0x6f58,0x6f79,0x6f79,0x6f79,0x6f58,0x6f58,0x6b38,0x6737,0x6f59,0x7379,0x6f79,0x7379,
	0x6f59,0x6b38,0x6737,0x6717,0x6717,0x6f59,0x6f7a,0x737a,0x6f5a,0x6b38,0x6b38,0x6f7a,0x7379,0x7379,0x6f58,0x6b57,
	0x6736,0x5ef4,0x5ef3,0x6b55,0x7398,0x6f76,0x6313,0x5ef1,0x5ef1,0x5ef1,0x62f2,0x6312,0x6713,0x6734,0x6733,0x6733,
	0x6312,0x6b33,0x6712,0x6712,0x6732,0x6311,0x5ef0,0x62f1,0x5ef1,0x62f1,0x62f1,0x5ef1,0x5ef0,0x5ef1,0x5ef0,0x5ef0,
	0x62f1,0x62f1,0x62f1,0x62f1,0x62f0,0x5ed0,0x5ed0,0x5eaf,0x5eaf,0x5eaf,0x5aaf,0x5aaf,0x5aaf,0x5aaf,0x5aaf,0x5aaf,
	0x5aaf,0x5aaf,0x5aaf,0x5ed0,0x5ed0,0x5aaf,0x5ed0,0x5ed0,0x5ed0,0x5ed0,0x5aaf,0x5aaf,0x5aaf,0x5aaf,0x5aaf,0x5aaf,
	0x5aaf,0x5aaf,0x5aaf,0x5aaf,0x5aaf,0x5aaf,0x5aaf,0x5aaf,0x5aaf,0x5aaf,0x5aaf,0x5aaf,0x5aaf,0x5aaf,0x5aaf,0x5aaf,
	0x5aaf,0x5aaf,0x5aaf,0x5aaf,0x5aaf,0x5aaf,0x5aaf,0x5aaf,0x5aaf,0x5aaf,0x5aaf,0x5aaf,0x5aaf,0x5aaf,0x5aaf,0x5aaf,
	0x5aaf,0x5aaf,0x5aaf,0x5aaf,0x5aaf,0x5aaf,0x5aaf,0x5aaf,0x5aaf,0x5aaf,0x5aaf,0x5aaf,0x5aaf,0x5aaf,0x5aaf,0x5aaf,
	0x5aaf,0x5aaf,0x5aaf,0x5aaf,0x5aaf,0x5aaf,0x5aaf,0x5aaf,0x5aaf,0x5aaf,0x5aaf,0x5aaf,0x5aaf,0x5aaf,0x5aaf,0x5aaf,
	0x5aaf,0x5aaf,0x5aaf,0x5aaf,0x5aaf,0x5aaf,0x5aaf,0x5aaf,0x5aaf,0x5aaf,0x5aaf,0x5aaf,0x5ed0,0x5ef0,0x5ed0,0x5ed0,
	0x62f1,0x62f1,0x62f1,0x5ed0,0x5ed0,0x5ed0,0x5ed0,0x5acf,0x5aaf,0x5aaf,0x5aaf,0x5aaf,0x5aaf,0x5aaf,0x5aaf,0x5aaf,
	0x5aaf,0x5aaf,0x5aaf,0x5aaf,0x5aaf,0x5aaf,0x5aaf,0x5aaf,0x5aaf,0x5aaf,0x5aaf,0x5aaf,0x5aaf,0x5eaf,0x5eaf,0x5eaf,
	0x5eaf,0x5eaf,0x5eaf,0x5eaf,0x5aaf,0x5ab0,0x5ab0,0x5ab0,0x5ab0,0x5ab0,0x5aaf,0x5eaf,0x5eaf,0x5eaf,0x5eaf,0x5ab0,
	0x5ab0,0x5ed1,0x62f2,0x5ed1,0x5ed2,0x6713,0x6713,0x5ed2,0x5ef2,0x62f3,0x6b36,0x6b57,0x6f58,0x6f58,0x6f58,0x6b37,
	0x6b37,0x6b37,0x6b58,0x6b58,0x6b37,0x6f58,0x6f79,0x6f79,0x6b58,0x6b58,0x6737,0x6b37,0x6b58,0x6f58,0x6f79,0x7379,
	0x6f79,0x6b38,0x6737,0x6737,0x6737,0x6b38,0x6f59,0x6f7a,0x6b39,0x6738,0x6b39,0x6f7a,0x6f7a,0x6f79,0x6b58,0x6737,
	0x6b37,0x6735,0x6735,0x6f77,0x7398,0x6f77,0x6313,0x5ef1,0x62f1,0x62f1,0x6312,0x6713,0x6713,0x6734,0x6733,0x6733,
	0x6312,0x6732,0x6732,0x6b33,0x6b33,0x6312,0x62f1,0x5ef1,0x62f1,0x62f1,0x62f1,0x5ef1,0x5ef1,0x5ef1,0x62f1,0x62f1,
	0x62f1,0x62f1,0x5ef1,0x5ef1,0x62f1,0x62f0,0x62d0,0x5ed0,0x5eaf,0x5aaf,0x5aaf,0x5aaf,0x5aaf,0x5aaf,0x5aaf,0x5ecf,
	0x5aaf,0x5aaf,0x5acf,0x5ed0,0x5ed0,0x5ecf,0x5ed0,0x62f0,0x62f0,0x5ed0,0x5ed0,0x5aaf,0x5aaf,0x5aaf,0x5aaf,0x5aaf,
	0x5aaf,0x5aaf,0x5aaf,0x5aaf,0x5aaf,0x5aaf,0x5aaf,0x5aaf,0x5aaf,0x5aaf,0x5aaf,0x5eaf,0x5aaf,0x5aaf,0x5aaf,0x5aaf,
	0x5aaf,0x5aaf,0x5aaf,0x5aaf,0x5aaf,0x5aaf,0x5aaf,0x5aaf,0x5aaf,0x5aaf,0x5aaf,0x5aaf,0x5aaf,0x5aaf,0x5aaf,0x5aaf,
	0x5aaf,0x5aaf,0x5aaf,0x5aaf,0x5aaf,0x5aaf,0x5aaf,0x5aaf,0x5aaf,0x5aaf,0x5aaf,0x5aaf,0x5aaf,0x5aaf,0x5aaf,0x5aaf,
	0x5aaf,0x5aaf,0x5aaf,0x5aaf,0x5aaf,0x5aaf,0x5aaf,0x5aaf,0x5aaf,0x5aaf,0x5aaf,0x5aaf,0x5aaf,0x5aaf,0x5aaf,0x5aaf,
	0x5aaf,0x5aaf,0x5aaf,0x5aaf,0x5aaf,0x5aaf,0x5eaf,0x5aaf,0x5aaf,0x5aaf,0x5acf,0x5ed0,0x5ed0,0x62f1,0x62f1,0x62f1,
	0x62f1,0x62f1,0x62f1,0x5ed0,0x5acf,0x5aaf,0x5acf,0x5acf,0x5acf,0x5aaf,0x5aaf,0x5aaf,0x5aaf,0x5aaf,0x5aaf,0x5eaf,
	0x5eaf,0x5aaf,0x5aaf,0x5aaf,0x5aaf,0x5aaf,0x5aaf,0x5aaf,0x5aaf,0x5aaf,0x5aaf,0x5aaf,0x5aaf,0x5eaf,0x5eaf,0x5eaf,
	0x5eaf,0x5eaf,0x5eb0,0x5ab0,0x5ed1,0x5ef2,0x5ad1,0x56b0,0x5ab0,0x5ab0,0x5ab0,0x5aaf,0x5eaf,0x5eaf,0x5eaf,0x5ed0,
	0x5ab0,0x5ab0,0x5ab0,0x568f,0x5ab0,0x5ab0,0x5ed2,0x5ed1,0x5ed1,0x5ef2,0x6b36,0x6b36,0x6b36,0x6b37,0x6b37,0x6b37,
	0x6b37,0x6b37,0x6b37,0x6b37,0x6737,0x6b37,0x6f59,0x6f79,0x6b58,0x6b38,0x6737,0x6b37,0x6b37,0x6737,0x6b58,0x6f79,
	0x6f58,0x6737,0x6717,0x6b38,0x6b38,0x6737,0x6b58,0x6f59,0x6738,0x6b38,0x6f5a,0x6f5a,0x6f7a,0x6f7a,0x6b58,0x6737,
	0x6737,0x6756,0x6f77,0x7398,0x6f77,0x6b56,0x6313,0x5ef1,0x62f1,0x6312,0x6733,0x6713,0x6313,0x6713,0x6733,0x6734,
	0x5ef1,0x5ef0,0x62f1,0x6712,0x6311,0x6311,0x6312,0x5ef1,0x62f1,0x5ef1,0x5ef1,0x62f1,0x5ef1,0x5ef1,0x6311,0x6732,
	0x62f1,0x5ef1,0x5ef1,0x62f1,0x62f1,0x62f1,0x62f1,0x5ef0,0x5ecf,0x5aaf,0x5ecf,0x5ed0,0x5ecf,0x5aaf,0x5aaf,0x5aaf,
	0x5aaf,0x5aaf,0x5ecf,0x5ed0,0x5ef0,0x5ef0,0x62f1,0x62f1,0x62f1,0x62f1,0x5ed0,0x5aaf,0x5aaf,0x5aaf,0x5aaf,0x5aaf,
	0x5aaf,0x5aaf,0x5aaf,0x5aaf,0x5aaf,0x5aaf,0x5aaf,0x5aaf,0x5eaf,0x5aaf,0x5aaf,0x5eaf,0x5aaf,0x5aaf,0x5aaf,0x5aaf,
	0x5eaf,0x5aaf,0x5aaf,0x5aaf,0x5aaf,0x5aaf,0x5aaf,0x5aaf,0x5aaf,0x5aaf,0x5aaf,0x5aaf,0x5aaf,0x5aaf,0x5aaf,0x5aaf,
	0x5aaf,0x5aaf,0x5aaf,0x5aaf,0x5aaf,0x5aaf,0x5aaf,0x5aaf,0x5aaf,0x5aaf,0x5aaf,0x5aaf,0x5aaf,0x5aaf,0x5aaf,0x5aaf,
	0x5aaf,0x5aaf,0x5aaf,0x5aaf,0x5aaf,0x5aaf,0x5aaf,0x5aaf,0x5aaf,0x5aaf,0x5aaf,0x5aaf,0x5aaf,0x5aaf,0x5aaf,0x5aaf,
	0x5aaf,0x5aaf,0x5aaf,0x5aaf,0x5aaf,0x5eaf,0x5eaf,0x5aaf,0x5aaf,0x5ed0,0x5ed0,0x5ed0,0x5ed0,0x62f1,0x62f1,0x62f1,
	0x62f1,0x62f1,0x62f1,0x5ed0,0x5acf,0x5ed0,0x5ef0,0x62f1,0x5ef0,0x5ed0,0x5aaf,0x5aaf,0x5aaf,0x5aaf,0x5aaf,0x5aaf,
	0x5eaf,0x5aaf,0x5aaf,0x5aaf,0x5eaf,0x5eaf,0x5aaf,0x5aaf,0x5aaf,0x5ed0,0x5ad0,0x5ad0,0x5aaf,0x5aaf,0x5eaf,0x5eaf,
	0x5eaf,0x5ab0,0x5ab0,0x5ab0,0x6b35,0x7378,0x6b56,0x62f4,0x62f3,0x5ed1,0x5ab0,0x5aaf,0x5aaf,0x5eaf,0x5eaf,0x5eaf,
	0x5ab0,0x5ab0,0x5ab0,0x5aaf,0x5ed0,0x5ef1,0x5ef1,0x5ef1,0x5ef1,0x5ed1,0x62f3,0x6715,0x6716,0x6737,0x6b37,0x6b37,
	0x6b37,0x6b38,0x6b37,0x6b37,0x6b37,0x6716,0x6717,0x6717,0x6737,0x6737,0x6b37,0x6b38,0x6b37,0x6737,0x6b37,0x6737,
	0x6b37,0x6737,0x6736,0x6716,0x6737,0x6737,0x6737,0x6737,0x6738,0x6b38,0x6b38,0x6b38,0x6b59,0x6b39,0x6b38,0x6737,
	0x6737,0x6736,0x6b56,0x6f77,0x6b56,0x6b35,0x62f3,0x5ef1,0x6312,0x6733,0x6b33,0x6713,0x6313,0x62f2,0x6313,0x6733,
	0x5ef1,0x5ef1,0x5ef1,0x62f1,0x5ef1,0x62f1,0x6312,0x62f1,0x5ef1,0x62f1,0x5ef1,0x62f1,0x62f1,0x5ef1,0x6311,0x6b33,
	0x6712,0x6311,0x5ef1,0x5ef1,0x62f1,0x62f1,0x62f1,0x5ed0,0x5aaf,0x5acf,0x5ed0,0x62f1,0x5ed0,0x5aaf,0x5aaf,0x5aaf,
	0x5aaf,0x5aaf,0x5aaf,0x5ed0,0x5ed0,0x5ed0,0x5ed0,0x5ef0,0x5ed0,0x5ed0,0x5ed0,0x5acf,0x5aaf,0x5aaf,0x5aaf,0x5aaf,
	0x5aaf,0x5aaf,0x5aaf,0x5aaf,0x5aaf,0x5aaf,0x5aaf,0x5eaf,0x5eaf,0x5eaf,0x5eaf,0x5eaf,0x5aaf,0x5aaf,0x5aaf,0x5aaf,
	0x5eaf,0x5aaf,0x5aaf,0x5aaf,0x5aaf,0x5aaf,0x5aaf,0x5aaf,0x5aaf,0x5aaf,0x5aaf,0x5aaf,0x5aaf,0x5aaf,0x5aaf,0x5aaf,
	0x5aaf,0x5aaf,0x5aaf,0x5aaf,0x5aaf,0x5aaf,0x5aaf,0x5aaf,0x5aaf,0x5aaf,0x5aaf,0x5aaf,0x5aaf,0x5aaf,0x5aaf,0x5aaf,
	0x5aaf,0x5aaf,0x5aaf,0x5aaf,0x5aaf,0x5aaf,0x5aaf,0x5aaf,0x5aaf,0x5eaf,0x5eaf,0x5aaf,0x5aaf,0x5eaf,0x5eaf,0x5aaf,
	0x5aaf,0x5aaf,0x5eaf,0x5eaf,0x5eaf,0x5aaf,0x5aaf,0x5aaf,0x5aaf,0x5acf,0x5ecf,0x5acf,0x5ed0,0x5ed0,0x5ef0,0x62f1,
	0x62f1,0x62f1,0x62f0,0x5ed0,0x5ed0,0x5ed0,0x62f1,0x62f1,0x62f1,0x5ed0,0x5ecf,0x5aaf,0x5aaf,0x5ecf,0x5aaf,0x5aaf,
	0x5aaf,0x5aaf,0x5eaf,0x5eaf,0x5eaf,0x5eaf,0x5aaf,0x5aaf,0x5eaf,0x5ed0,0x5ef1,0x5ed0,0x5aaf,0x5aaf,0x5aaf,0x5eaf,
	0x5eb0,0x5eb0,0x568f,0x62f2,0x7378,0x7379,0x7379,0x7399,0x7378,0x6714,0x5ab0,0x56af,0x5aaf,0x5acf,0x5ecf,0x5aaf,
	0x5aaf,0x5aaf,0x5aaf,0x5ab0,0x5ed1,0x5ed1,0x5ed1,0x5ef1,0x5ef1,0x5ed1,0x5ad2,0x5ed3,0x6315,0x6736,0x6737,0x6b37,
	0x6b38,0x6f58,0x6b38,0x6b38,0x6b37,0x66f6,0x62f6,0x62f6,0x6316,0x6717,0x6b37,0x6b37,0x6b37,0x6b37,0x6737,0x6716,
	0x6737,0x6b37,0x6737,0x6316,0x62f5,0x6316,0x6717,0x6717,0x6737,0x6738,0x6717,0x6717,0x6717,0x6718,0x6b37,0x6737,
	0x6736,0x6735,0x6735,0x6b56,0x6b55,0x6314,0x5ef2,0x6712,0x6733,0x6b33,0x6b34,0x6b34,0x6713,0x6713,0x6313,0x6713,
	0x5ef1,0x5ef1,0x5ef1,0x5ef1,0x5ef1,0x5ef1,0x62f1,0x6312,0x5ef1,0x5ef1,0x62f1,0x62f1,0x5ef1,0x62f1,0x6312,0x6712,
	0x6312,0x62f1,0x5ef1,0x5ef1,0x62f1,0x62f1,0x62f1,0x5ed0,0x5aaf,0x5acf,0x5ed0,0x62f1,0x5ed0,0x5acf,0x5ecf,0x5ed0,
	0x5ed0,0x5aaf,0x5aaf,0x5aaf,0x5aaf,0x5aaf,0x5ed0,0x5ed0,0x5ed0,0x5acf,0x5acf,0x5aaf,0x5aaf,0x5aaf,0x5aaf,0x5aaf,
	0x5aaf,0x5aaf,0x5aaf,0x5aaf,0x5aaf,0x5aaf,0x5aaf,0x5aaf,0x5aaf,0x5aaf,0x5aaf,0x5aaf,0x5aaf,0x5aaf,0x5aaf,0x5aaf,
	0x5aaf,0x5aaf,0x5aaf,0x5aaf,0x5aaf,0x5aaf,0x5aaf,0x5aaf,0x5aaf,0x5aaf,0x5aaf,0x5aaf,0x5aaf,0x5aaf,0x5aaf,0x5aaf,
	0x5aaf,0x5aaf,0x5aaf,0x5aaf,0x5aaf,0x5aaf,0x5aaf,0x5aaf,0x5aaf,0x5aaf,0x5aaf,0x5aaf,0x5aaf,0x5aaf,0x5aaf,0x5aaf,
	0x5aaf,0x5aaf,0x5aaf,0x5aaf,0x5aaf,0x5aaf,0x5aaf,0x5aaf,0x5aaf,0x5eaf,0x5eaf,0x5eaf,0x5aaf,0x5eaf,0x5eaf,0x5eaf,
	0x5eaf,0x5aaf,0x5aaf,0x5eaf,0x5eaf,0x5aaf,0x5aaf,0x5ed0,0x5ed0,0x5ed0,0x5aaf,0x5aaf,0x5aaf,0x5ed0,0x5ef0,0x62f0,
	0x5ed0,0x5ed0,0x62f1,0x62f1,0x62f1,0x62f1,0x62f1,0x5ed0,0x5ed0,0x5ed0,0x5aaf,0x5ed0,0x5ed0,0x62f1,0x5ed0,0x5eaf,
	0x5aaf,0x5eaf,0x5eaf,0x5eaf,0x5aaf,0x5eaf,0x5ed0,0x5ed0,0x5ed0,0x5ef1,0x5ef1,0x5ef0,0x5ed0,0x5eaf,0x5eaf,0x5eb0,
	0x5ab0,0x62f2,0x62f3,0x6735,0x6f79,0x737a,0x7379,0x6f58,0x6b57,0x6b36,0x62f4,0x62f2,0x5ad0,0x56af,0x5ad0,0x62f2,
	0x6712,0x62f2,0x62f1,0x5ed1,0x5ed1,0x5ed1,0x6312,0x6713,0x6713,0x6312,0x5ad2,0x5ef4,0x6716,0x6b37,0x6b38,0x6f58,
	0x6f59,0x6f38,0x6b37,0x6b37,0x6b17,0x6716,0x62f6,0x6716,0x6717,0x6b37,0x6717,0x6717,0x6717,0x6b37,0x6b37,0x6717,
	0x6717,0x6737,0x6b37,0x6716,0x62f5,0x6316,0x6717,0x6737,0x6b38,0x6717,0x62f6,0x62f6,0x6717,0x6717,0x6b37,0x6b37,
	0x6736,0x6314,0x5ef2,0x6313,0x6313,0x5ef2,0x62f2,0x6312,0x6712,0x6712,0x6733,0x6b33,0x6b34,0x6734,0x6733,0x6733,
	0x6311,0x5ef1,0x62f1,0x62f1,0x5ef1,0x5ed0,0x62f1,0x6712,0x6312,0x5ef1,0x6312,0x6712,0x5ef1,0x62f1,0x6312,0x5ef1,
	0x5ef1,0x62f1,0x62f1,0x62f1,0x62f1,0x62f1,0x62f1,0x5ed0,0x5aaf,0x5acf,0x5ed0,0x5ed0,0x5ed0,0x5ecf,0x5ed0,0x62f1,
	0x5ed0,0x5acf,0x5aaf,0x5aaf,0x5aaf,0x5aaf,0x5aaf,0x5acf,0x5acf,0x5aaf,0x5aaf,0x5aaf,0x5aaf,0x5aaf,0x5acf,0x5ed0,
	0x5ecf,0x5aaf,0x5aaf,0x5aaf,0x5aaf,0x5aaf,0x5aaf,0x5aaf,0x5aaf,0x5aaf,0x5aaf,0x5aaf,0x5aaf,0x5aaf,0x5aaf,0x5aaf,
	0x5aaf,0x5aaf,0x5aaf,0x5aaf,0x5aaf,0x5aaf,0x5aaf,0x5aaf,0x5aaf,0x5aaf,0x5aaf,0x5aaf,0x5aaf,0x5aaf,0x5aaf,0x5aaf,
	0x5aaf,0x5aaf,0x5aaf,0x5aaf,0x5aaf,0x5aaf,0x5aaf,0x5aaf,0x5aaf,0x5aaf,0x5aaf,0x5aaf,0x5aaf,0x5aaf,0x5aaf,0x5aaf,
	0x5aaf,0x5aaf,0x5aaf,0x5aaf,0x5aaf,0x5aaf,0x5aaf,0x5aaf,0x5aaf,0x5aaf,0x5aaf,0x5aaf,0x5aaf,0x5aaf,0x5aaf,0x5eaf,
	0x5aaf,0x5aaf,0x5aaf,0x5eaf,0x5ed0,0x5eaf,0x5eaf,0x5ed0,0x5ed0,0x5ed0,0x5ecf,0x5aaf,0x5aaf,0x5ed0,0x5ed0,0x5ed0,
	0x5acf,0x5ed0,0x62f1,0x5ef0,0x5ed0,0x62f1,0x62f1,0x5ed0,0x5ed0,0x5aaf,0x5acf,0x5ed0,0x62f1,0x62f1,0x62f1,0x5ed0,
	0x5eaf,0x5eaf,0x5eaf,0x5aaf,0x5aaf,0x5ed0,0x5ed0,0x62f1,0x62f1,0x5ef1,0x5ef1,0x62f1,0x62f0,0x5ed0,0x5eaf,0x5aaf,
	0x5ed1,0x6f56,0x6f78,0x6b57,0x6b38,0x6f59,0x7359,0x6b38,0x6737,0x6b37,0x6b57,0x6b56,0x5ef3,0x56b0,0x62f2,0x7376,
	0x7797,0x7376,0x6b35,0x6313,0x5ed2,0x5ed2,0x6b35,0x7377,0x7377,0x6734,0x5ef3,0x6315,0x6b57,0x6f58,0x6f58,0x6f59,
	0x6f59,0x6b38,0x6b37,0x6b37,0x6b37,0x6b37,0x66f6,0x6716,0x6717,0x6717,0x66f6,0x6716,0x6717,0x6717,0x6b38,0x6717,
	0x6716,0x6737,0x6b37,0x6737,0x62f6,0x62f6,0x6316,0x6717,0x6737,0x6316,0x62f6,0x6717,0x6b17,0x6716,0x6716,0x6b57,
	0x6735,0x5ef2,0x5ef2,0x62f2,0x5ef2,0x5ed1,0x62f2,0x62f1,0x5ef0,0x62f1,0x6712,0x6733,0x6733,0x6733,0x6713,0x6713,
	0x6312,0x6312,0x6712,0x6312,0x5ef1,0x5ef1,0x6312,0x6733,0x6733,0x6733,0x6733,0x6733,0x6312,0x6312,0x6312,0x5ef1,
	0x5ef1,0x6712,0x6732,0x6312,0x6311,0x62f1,0x62f1,0x5ef0,0x5ed0,0x5ed0,0x5ed0,0x5ef0,0x5ed0,0x5ecf,0x5ed0,0x62f0,
	0x5ef0,0x5ed0,0x5ed0,0x5acf,0x5acf,0x5aaf,0x5aaf,0x5aaf,0x5aaf,0x5aaf,0x5aaf,0x5acf,0x5ed0,0x5ed0,0x5ed0,0x5ef0,
	0x5ed0,0x5acf,0x5aaf,0x5ed0,0x5ed0,0x5aaf,0x5aaf,0x5eaf,0x5ed0,0x5ed0,0x5ed0,0x5ed0,0x5eaf,0x5eaf,0x5aaf,0x5aaf,
	0x5aaf,0x5aaf,0x5aaf,0x5aaf,0x5aaf,0x5aaf,0x5aaf,0x5aaf,0x5aaf,0x5aaf,0x5aaf,0x5aaf,0x5aaf,0x5aaf,0x5aaf,0x5aaf,
	0x5aaf,0x5aaf,0x5aaf,0x5aaf,0x5aaf,0x5aaf,0x5aaf,0x5aaf,0x5aaf,0x5aaf,0x5aaf,0x5aaf,0x5aaf,0x5aaf,0x5aaf,0x5aaf,
	0x5aaf,0x5aaf,0x5aaf,0x5aaf,0x5aaf,0x5aaf,0x5aaf,0x5aaf,0x5aaf,0x5aaf,0x5aaf,0x5aaf,0x5aaf,0x5aaf,0x5aaf,0x5aaf,
	0x5aaf,0x5aaf,0x5eaf,0x5ed0,0x62d0,0x5ed0,0x5ed0,0x62f1,0x62f1,0x62f1,0x5ed0,0x5aaf,0x5aaf,0x5aaf,0x5aaf,0x5ed0,
	0x5ed0,0x5ed0,0x5ed0,0x5ed0,0x5ed0,0x5ed0,0x62f1,0x5ef0,0x5ecf,0x5acf,0x5ed0,0x62f1,0x5ef0,0x5ed0,0x5ed0,0x5ed0,
	0x5aaf,0x5aaf,0x5aaf,0x5eaf,0x5ed0,0x5ed0,0x62f1,0x62f1,0x62f1,0x5ef1,0x5ef1,0x5ef1,0x5ed0,0x5ecf,0x5aaf,0x5ab0,
	0x6714,0x7398,0x6f79,0x6f79,0x6b59,0x6b38,0x6b38,0x6b38,0x6b37,0x6b57,0x6f58,0x6b57,0x6315,0x5ef4,0x6b36,0x7378,
	0x6f57,0x6b36,0x6b36,0x6735,0x6715,0x6736,0x6f77,0x7398,0x7398,0x6f77,0x6736,0x6757,0x6f78,0x6f79,0x6f79,0x6b38,
	0x6737,0x6b38,0x6f59,0x6f58,0x6b37,0x6b37,0x6717,0x62f6,0x62f6,0x62f6,0x62f6,0x62f6,0x66f7,0x6b17,0x6b18,0x6717,
	0x62f6,0x6717,0x6717,0x6716,0x62f6,0x62f6,0x62f6,0x6717,0x6b37,0x62f6,0x62f6,0x62f6,0x6b17,0x6716,0x6715,0x6714,
	0x62f3,0x5ef1,0x6312,0x6312,0x5ef1,0x5ef1,0x5ef1,0x5ef0,0x5ef0,0x62f1,0x6312,0x6712,0x6312,0x62f2,0x5ef1,0x5ef1,
	0x5ef1,0x6312,0x6712,0x6312,0x5ef1,0x62f1,0x6712,0x6712,0x6712,0x6b33,0x6733,0x6733,0x6712,0x5ef1,0x5ef1,0x5ef1,
	0x6312,0x6733,0x6733,0x62f1,0x6311,0x62f1,0x62f1,0x62f1,0x5ef0,0x5ef0,0x5ef0,0x62f1,0x5ef0,0x5ed0,0x5acf,0x5ed0,
	0x62f0,0x62f1,0x5ef0,0x5ed0,0x5ed0,0x5aaf,0x5aaf,0x5aaf,0x5ed0,0x5ed0,0x5ed0,0x5ed0,0x5ef0,0x62f1,0x62f1,0x62f1,
	0x62f1,0x5ed0,0x5ed0,0x5ed0,0x5ed0,0x5aaf,0x5eaf,0x5ed0,0x62d0,0x62f1,0x62f1,0x5ed0,0x5ed0,0x5eaf,0x5aaf,0x5aaf,
	0x5aaf,0x5aaf,0x5aaf,0x5aaf,0x5aaf,0x5aaf,0x5aaf,0x5aaf,0x5aaf,0x5aaf,0x5aaf,0x5aaf,0x5aaf,0x5aaf,0x5aaf,0x5aaf,
	0x5aaf,0x5aaf,0x5aaf,0x5aaf,0x5aaf,0x5aaf,0x5aaf,0x5aaf,0x5aaf,0x5aaf,0x5aaf,0x5aaf,0x5aaf,0x5aaf,0x5aaf,0x5aaf,
	0x5aaf,0x5aaf,0x5aaf,0x5aaf,0x5aaf,0x5aaf,0x5aaf,0x5aaf,0x5aaf,0x5aaf,0x5aaf,0x5aaf,0x5aaf,0x5aaf,0x5aaf,0x5aaf,
	0x5aaf,0x5aaf,0x5ed0,0x62d0,0x62f1,0x62f1,0x62f1,0x62f1,0x62f1,0x62f1,0x5ed0,0x5acf,0x5aaf,0x5aaf,0x5aaf,0x5ed0,
	0x62f1,0x5ef0,0x5ed0,0x5ed0,0x5ed0,0x5ed0,0x62f1,0x5ef0,0x5acf,0x5aaf,0x5ed0,0x5ef0,0x5ed0,0x5aaf,0x5aaf,0x5aaf,
	0x5aaf,0x5aaf,0x5aaf,0x5ed0,0x5ed0,0x62d0,0x62f1,0x62f1,0x62f1,0x62f1,0x5ef1,0x5ef0,0x5acf,0x5aaf,0x5ab0,0x5ab0,
	0x6714,0x7378,0x6f79,0x6f7a,0x6b58,0x6b38,0x6737,0x6717,0x6717,0x6f59,0x7379,0x6f58,0x6b37,0x6b58,0x6f79,0x7379,
	0x6f58,0x6b37,0x6b37,0x6b58,0x6f79,0x6f79,0x6f79,0x6f58,0x6f78,0x6f79,0x6b78,0x6b57,0x6f78,0x7399,0x6f79,0x6737,
	0x6737,0x6b38,0x6f58,0x6b58,0x6b37,0x6b37,0x6717,0x62f6,0x62f6,0x62f6,0x62f6,0x62d6,0x6717,0x6b18,0x6717,0x62f6,
	0x66f6,0x6717,0x66f6,0x62f6,0x62f6,0x62f6,0x6717,0x6b18,0x6717,0x62f6,0x62d6,0x62f6,0x66f6,0x66f5,0x62f4,0x5ed2,
	0x5ed1,0x5ef1,0x6311,0x6712,0x6712,0x6312,0x62f1,0x5ef0,0x5ef0,0x5ef1,0x5ef1,0x62f1,0x6312,0x62f2,0x5ef1,0x5ef1,
	0x5ef1,0x62f1,0x62f1,0x62f1,0x62f1,0x6312,0x6312,0x6312,0x6312,0x6733,0x6733,0x6712,0x6312,0x5ef1,0x5ef1,0x5ef1,
	0x62f1,0x6712,0x6312,0x5ef1,0x62f1,0x62f0,0x62f1,0x62f1,0x62f0,0x62f0,0x62f0,0x62f1,0x62f1,0x5ef0,0x5ed0,0x5ed0,
	0x62f1,0x62f1,0x62f1,0x5ed0,0x5ed0,0x5aaf,0x5aaf,0x5ed0,0x5ef0,0x5ed0,0x5ed0,0x5ed0,0x62f1,0x62f1,0x62f1,0x62f1,
	0x62f1,0x5ef0,0x5ed0,0x5ed0,0x5ed0,0x5ed0,0x5ed0,0x62d0,0x62f1,0x62f1,0x62f1,0x62f1,0x5ed0,0x5eaf,0x5aaf,0x5aaf,
	0x5aaf,0x5aaf,0x5aaf,0x5aaf,0x5aaf,0x5aaf,0x5aaf,0x5aaf,0x5aaf,0x5aaf,0x5aaf,0x5aaf,0x5aaf,0x5aaf,0x5aaf,0x5aaf,
	0x5aaf,0x5aaf,0x5aaf,0x5aaf,0x5aaf,0x5aaf,0x5aaf,0x5aaf,0x5aaf,0x5aaf,0x5aaf,0x5aaf,0x5aaf,0x5aaf,0x5aaf,0x5aaf,
	0x5aaf,0x5aaf,0x5aaf,0x5aaf,0x5aaf,0x5aaf,0x5aaf,0x5aaf,0x5aaf,0x5eaf,0x5ed0,0x5eaf,0x5eaf,0x5ed0,0x5ecf,0x5aaf,
	0x5aaf,0x5eaf,0x5ed0,0x5ed0,0x62f1,0x62f1,0x62f1,0x62f1,0x62f1,0x62f1,0x5ed0,0x5ed0,0x5aaf,0x5aaf,0x5aaf,0x5ed0,
	0x62f1,0x62f1,0x5ed0,0x5ef0,0x5ef0,0x62f1,0x62f1,0x5ed0,0x5aaf,0x5aaf,0x5aaf,0x5ed0,0x5ed0,0x5aaf,0x5aaf,0x5eaf,
	0x5ecf,0x5aaf,0x5aaf,0x5ed0,0x5ed0,0x5ed0,0x62d0,0x62f1,0x62f1,0x5ef0,0x5ef0,0x5ad0,0x5acf,0x5aaf,0x5ed0,0x5ed1,
	0x5ed2,0x6736,0x6b58,0x6f7a,0x6b58,0x6b37,0x6b58,0x6b38,0x6b38,0x6f79,0x6f79,0x6b58,0x6b58,0x6f79,0x6f59,0x6f7a,
	0x737a,0x6b59,0x6738,0x6738,0x6f59,0x6f79,0x6f79,0x6f7a,0x6f7a,0x6f79,0x6b79,0x6b78,0x6f79,0x6f99,0x6f79,0x6b58,
	0x6b38,0x6b37,0x6737,0x6737,0x6717,0x6717,0x66f6,0x62f6,0x6717,0x6717,0x62f6,0x62f6,0x6717,0x6b18,0x66f6,0x62f6,
	0x62f6,0x66f7,0x62f6,0x62d6,0x62f6,0x6717,0x66f7,0x62f6,0x62f6,0x62f6,0x66f7,0x66f6,0x66f5,0x62f4,0x62d3,0x5ed1,
	0x5ed1,0x5ef0,0x5ef0,0x6711,0x6732,0x6712,0x6311,0x62f0,0x62f0,0x5ef0,0x5ef0,0x62f1,0x6312,0x6713,0x6312,0x6312,
	0x62f2,0x5ef1,0x5ef1,0x62f1,0x5ef1,0x62f1,0x6312,0x6311,0x6712,0x6312,0x6733,0x6733,0x62f2,0x6312,0x6713,0x6312,
	0x5ef1,0x6311,0x5ef1,0x5ef1,0x5ef0,0x5ef0,0x62f1,0x62f0,0x62f0,0x62f1,0x62f0,0x5ef0,0x62f0,0x62f1,0x62f0,0x62f0,
	0x62f0,0x62f0,0x5ed0,0x5acf,0x5aaf,0x5aaf,0x5aaf,0x5ed0,0x62f1,0x5ef0,0x5ed0,0x62f1,0x62f1,0x62f1,0x62f1,0x62f1,
	0x62f0,0x62f0,0x5ed0,0x5ecf,0x5ed0,0x5ed0,0x5ed0,0x62f1,0x62f1,0x62f1,0x62f0,0x62f1,0x5ed0,0x5eaf,0x5aaf,0x5eaf,
	0x5eaf,0x5aaf,0x5aaf,0x5aaf,0x5aaf,0x5aaf,0x5aaf,0x5aaf,0x5aaf,0x5aaf,0x5aaf,0x5aaf,0x5eaf,0x5aaf,0x5aaf,0x5aaf,
	0x5aaf,0x5aaf,0x5aaf,0x5aaf,0x5aaf,0x5aaf,0x5aaf,0x5aaf,0x5aaf,0x5aaf,0x5aaf,0x5eaf,0x5aaf,0x5eaf,0x5eaf,0x5aaf,
	0x5eaf,0x5eaf,0x5eb0,0x5aaf,0x5aaf,0x5aaf,0x5aaf,0x5aaf,0x5aaf,0x5ed0,0x5ed0,0x5ed0,0x5eaf,0x62d0,0x5ed0,0x5eaf,
	0x5aaf,0x5aaf,0x5ecf,0x5ecf,0x5ed0,0x62f0,0x62f0,0x62f0,0x62f1,0x62f1,0x5ed0,0x5ed0,0x5ecf,0x5acf,0x5aaf,0x5aaf,
	0x5ed0,0x62f1,0x62f1,0x62f1,0x62f0,0x62f0,0x5ed0,0x5ecf,0x5aaf,0x5ecf,0x5aaf,0x5aaf,0x5aaf,0x5aaf,0x5acf,0x5ed0,
	0x5ed0,0x5ecf,0x5aaf,0x5ecf,0x5aaf,0x5aaf,0x5ed0,0x62f0,0x62f0,0x5ecf,0x5acf,0x5acf,0x5ecf,0x5ed0,0x5ed1,0x5ef2,
	0x5ef3,0x6737,0x6b58,0x6b7a,0x6b58,0x6b37,0x6737,0x6b38,0x6f79,0x6f79,0x6f79,0x6f59,0x6f59,0x6f7a,0x6f7a,0x6f7a,
	0x6f7a,0x6b59,0x6738,0x6738,0x6b59,0x6f7a,0x6f7a,0x6f7a,0x6f7a,0x6f79,0x6f79,0x6f79,0x6f79,0x6f79,0x6f79,0x6f79,
	0x6b58,0x6b37,0x6b37,0x6b37,0x6b37,0x6716,0x6717,0x66f6,0x6717,0x66f7,0x62f6,0x6717,0x6717,0x6717,0x62f6,0x62f6,
	0x62f6,0x62f6,0x62f6,0x62f6,0x62f6,0x62f6,0x62f6,0x62f6,0x62f6,0x66f6,0x6717,0x62f6,0x62f5,0x62f3,0x5ed2,0x5ed2,
	0x5ef1,0x5ef1,0x5ef0,0x6311,0x6732,0x6311,0x6711,0x6311,0x6311,0x62f1,0x62f1,0x6712,0x6733,0x6733,0x6733,0x6733,
	0x6b34,0x6713,0x6312,0x6312,0x6312,0x6732,0x6311,0x6311,0x6733,0x6713,0x6313,0x6713,0x6714,0x6734,0x6734,0x6713,
	0x6312,0x6312,0x6733,0x6312,0x5ef1,0x5ef0,0x62f1,0x62f1,0x62f0,0x62f0,0x62f0,0x62f1,0x62f1,0x62f0,0x62f0,0x62f1,
	0x62f0,0x62f0,0x5ed0,0x5aaf,0x5acf,0x5aaf,0x5aaf,0x5aaf,0x5ad0,0x5ed0,0x5ef1,0x62f1,0x62f1,0x62f1,0x62f1,0x62f1,
	0x62f1,0x62d0,0x5ecf,0x5aaf,0x5aaf,0x5ecf,0x5ed0,0x62f1,0x62f1,0x62f1,0x62f0,0x5ed0,0x5aaf,0x5aaf,0x5ed0,0x62f0,
	0x5ed0,0x5aaf,0x5aaf,0x5aaf,0x5aaf,0x5aaf,0x5eaf,0x5aaf,0x5aaf,0x5aaf,0x5aaf,0x5aaf,0x5eaf,0x5aaf,0x5aaf,0x5aaf,
	0x5aaf,0x5aaf,0x5aaf,0x5aaf,0x5aaf,0x5eaf,0x5eaf,0x5aaf,0x5aaf,0x5aaf,0x5eaf,0x5ecf,0x5eaf,0x5ed0,0x5eaf,0x5aaf,
	0x5ed0,0x62f1,0x5ed0,0x5ab0,0x5aaf,0x5ab0,0x5ab0,0x5aaf,0x5ad0,0x5ed1,0x62f1,0x5ed0,0x5eaf,0x62d1,0x62f1,0x5ed0,
	0x5aaf,0x5aaf,0x5ed0,0x5ed0,0x5acf,0x5acf,0x5ef0,0x5ef0,0x62f1,0x62f1,0x62f0,0x5ef0,0x62f1,0x5ed0,0x5aaf,0x5aaf,
	0x5ed0,0x62f0,0x62f1,0x62f0,0x5ecf,0x5eaf,0x5ecf,0x5aaf,0x5ed0,0x62f0,0x5ed0,0x5ecf,0x5aaf,0x5ed0,0x62f0,0x62f1,
	0x5ef0,0x5ed0,0x5acf,0x5aaf,0x5acf,0x5aaf,0x5ecf,0x5ed0,0x5ed0,0x5ecf,0x5ace,0x5acf,0x5ed0,0x5ef1,0x5ef2,0x6314,
	0x6736,0x6b78,0x6b79,0x6b79,0x6b79,0x6f58,0x6b38,0x6b38,0x6f59,0x6f79,0x6b38,0x6b38,0x6b59,0x6f7a,0x6f7a,0x6f7a,
	0x6f79,0x6b38,0x6738,0x6738,0x6738,0x6f59,0x6f79,0x6f79,0x6f79,0x6b59,0x6b38,0x6b58,0x737a,0x6f79,0x6f59,0x6b58,
	0x6f58,0x6b38,0x6b37,0x6b37,0x6b37,0x6b38,0x6b38,0x6b38,0x6717,0x66f6,0x6717,0x66f6,0x62f6,0x62f6,0x62f6,0x62f6,
	0x62f6,0x62f6,0x62f6,0x62f6,0x62f6,0x62f6,0x62f6,0x62d6,0x6717,0x6f58,0x6f59,0x6716,0x62f4,0x5ef4,0x5ef3,0x5ef2,
	0x5ad1,0x5ef1,0x5ef1,0x5ef1,0x62f0,0x5ef0,0x6732,0x6b33,0x6b33,0x6311,0x6312,0x6b33,0x6b33,0x6733,0x6733,0x6734,
	0x6b34,0x6733,0x6713,0x6312,0x6712,0x6732,0x6712,0x6312,0x6733,0x6733,0x6733,0x6b34,0x6b34,0x6714,0x6733,0x6733,
	0x6712,0x6732,0x6733,0x6712,0x62f1,0x5ef0,0x5ef0,0x5ef0,0x5ef0,0x62f1,0x62f0,0x62f0,0x62f1,0x62f1,0x62f1,0x62f0,
	0x62f0,0x62f1,0x62f0,0x5ef0,0x5ed0,0x5ed0,0x5acf,0x5ed0,0x5ed0,0x5ed0,0x5ed0,0x5ef1,0x62f1,0x62f1,0x5ef0,0x62f1,
	0x62f1,0x62f0,0x5ed0,0x5eaf,0x5aaf,0x5aaf,0x5ed0,0x5ef0,0x62f1,0x62f0,0x5ed0,0x5ed0,0x5ed0,0x5ed0,0x5ef0,0x62f1,
	0x5ed0,0x5aaf,0x5aaf,0x5aaf,0x5eaf,0x5eaf,0x5eaf,0x5aaf,0x5aaf,0x5aaf,0x5aaf,0x5aaf,0x5aaf,0x5aaf,0x5eaf,0x5eaf,
	0x5aaf,0x5aaf,0x5aaf,0x5aaf,0x5aaf,0x5eaf,0x5eaf,0x5aaf,0x5aaf,0x5aaf,0x5aaf,0x5aaf,0x5aaf,0x5ecf,0x5ecf,0x5ed0,
	0x62f1,0x62f1,0x5ed0,0x5aaf,0x5aaf,0x5ab0,0x5ab0,0x5ab0,0x5ed0,0x5ad0,0x5ed0,0x5ed0,0x5ed0,0x5ed0,0x5ed0,0x5aaf,
	0x5ecf,0x5ed0,0x62f0,0x5ef0,0x5acf,0x5acf,0x5eef,0x5ef0,0x5ef0,0x62f1,0x62f0,0x62f0,0x62f1,0x62f0,0x5ed0,0x5eaf,
	0x5eaf,0x5eaf,0x5ecf,0x5ecf,0x5eaf,0x5ecf,0x5ecf,0x5ecf,0x62d0,0x62f1,0x62f0,0x5ed0,0x5ecf,0x62f0,0x62f1,0x5ef0,
	0x5ef1,0x62f1,0x5ef0,0x5ed0,0x5aaf,0x5aaf,0x5ecf,0x5ecf,0x5ecf,0x5ecf,0x5ace,0x5acf,0x5ad0,0x5ab0,0x62f3,0x6b57,
	0x6b58,0x6b58,0x6b79,0x6f7a,0x6f79,0x6f58,0x6b58,0x6b58,0x6f79,0x6b58,0x6737,0x6b38,0x6f59,0x6f7a,0x6f7a,0x6f59,
	0x6b58,0x6737,0x6b37,0x6b58,0x6f79,0x6b58,0x6f79,0x6f79,0x6b58,0x6b38,0x6b38,0x6b58,0x6f79,0x6f59,0x6b58,0x6b58,
	0x6b38,0x6b38,0x6b37,0x6b37,0x6b37,0x6b37,0x6716,0x6717,0x6717,0x62f6,0x6716,0x66f6,0x62f6,0x62f6,0x62f6,0x62f6,
	0x62f6,0x62f6,0x62f6,0x62f6,0x62f6,0x62f6,0x62f6,0x6717,0x6b38,0x6f38,0x6b58,0x6f58,0x6f78,0x6b57,0x6b57,0x6b56,
	0x6734,0x6313,0x6312,0x5ef1,0x5ef1,0x6311,0x6732,0x6b33,0x6b33,0x6713,0x6713,0x6733,0x6733,0x6734,0x6714,0x6314,
	0x6b33,0x6b34,0x6713,0x62f1,0x62f1,0x6312,0x6311,0x6311,0x6312,0x6732,0x6733,0x6734,0x6713,0x6713,0x6733,0x6733,
	0x6733,0x6733,0x6712,0x62f1,0x6311,0x6311,0x62f1,0x62f1,0x62f1,0x62f1,0x62f1,0x5ed0,0x62f0,0x62f0,0x62f0,0x62f0,
	0x62f0,0x5ed0,0x5ed0,0x62f1,0x62f1,0x5ef0,0x5ed0,0x5ef1,0x62f1,0x5ed0,0x5acf,0x5ed0,0x62f1,0x62f1,0x5ef0,0x62f0,
	0x62f0,0x62f0,0x62f0,0x5ecf,0x5eaf,0x5aaf,0x5ecf,0x5ed0,0x62f1,0x62f0,0x5ecf,0x5ef0,0x62f1,0x62f0,0x62f0,0x62f1,
	0x62f0,0x5ed0,0x5eaf,0x5aaf,0x5aaf,0x5aaf,0x5aaf,0x5eaf,0x5eaf,0x5eaf,0x5eaf,0x5ed0,0x62d0,0x5ed0,0x5aaf,0x5aaf,
	0x5eaf,0x5eaf,0x5eaf,0x5aaf,0x5aaf,0x5aaf,0x5eaf,0x5eaf,0x5eaf,0x5eaf,0x5eaf,0x5aaf,0x5aaf,0x5aaf,0x5aaf,0x5ed0,
	0x62f1,0x62f0,0x5ed0,0x5acf,0x5acf,0x5acf,0x5aaf,0x5acf,0x5ed0,0x5aaf,0x5aaf,0x5ed0,0x5ef0,0x5ed0,0x5aaf,0x5aaf,
	0x5ecf,0x5ef0,0x62f1,0x5ef0,0x5ef0,0x5ef0,0x5ef0,0x5ef0,0x5ef0,0x62f0,0x62f0,0x62f0,0x62f1,0x62f0,0x5ed0,0x5ecf,
	0x5aaf,0x5aaf,0x5aaf,0x5aaf,0x5ecf,0x5ed0,0x5ed0,0x5ed0,0x62f1,0x62f1,0x62f0,0x5ed0,0x5ed0,0x62f1,0x62f1,0x5ef1,
	0x5ef1,0x5ef1,0x5ef0,0x5ed0,0x5aaf,0x5aaf,0x5aaf,0x5aaf,0x5aaf,0x5ecf,0x5aaf,0x5aaf,0x5ab0,0x5ab1,0x6b35,0x7379,
	0x6f58,0x6b59,0x6f7a,0x6f7a,0x6b58,0x6737,0x6737,0x6b58,0x6b58,0x6737,0x6737,0x6b58,0x6f79,0x6f79,0x6f79,0x6f79,
	0x6b38,0x6b38,0x6b58,0x6f79,0x737a,0x6f79,0x6f79,0x6f79,0x6b58,0x6b38,0x6737,0x6737,0x6738,0x6b38,0x6738,0x6b38,
	0x6b38,0x6717,0x6b37,0x6b37,0x6b17,0x6717,0x62f6,0x62f6,0x62f6,0x62f6,0x62f6,0x62f6,0x62f6,0x62f6,0x66f6,0x6717,
	0x6b17,0x6717,0x66f6,0x62f6,0x62f6,0x62f6,0x66f7,0x6b38,0x6b38,0x6b37,0x6717,0x6f58,0x7399,0x6f99,0x6f99,0x6f78,
	0x6b56,0x6314,0x6314,0x6312,0x62f2,0x6312,0x6733,0x6b34,0x6b34,0x6b33,0x6733,0x6733,0x6734,0x6734,0x6734,0x6735,
	0x6733,0x6713,0x6312,0x5ef1,0x5ef1,0x5ef1,0x5ef1,0x5ef0,0x62f1,0x6712,0x6312,0x6312,0x62f2,0x6312,0x6733,0x6733,
	0x6732,0x6732,0x6311,0x5ed0,0x5ef1,0x5ef1,0x5ef0,0x5ef0,0x5ef0,0x5ef1,0x62f1,0x62f1,0x62f1,0x62f1,0x5ef0,0x5ef0,
	0x62f1,0x62f1,0x62f1,0x62f1,0x62f1,0x5ef0,0x5ef0,0x62f1,0x62f1,0x5ed0,0x5acf,0x5ed0,0x62f1,0x62f1,0x62f0,0x62f0,
	0x62f0,0x62f0,0x62f0,0x62f0,0x5ecf,0x5ed0,0x5ef0,0x5ed0,0x5ed0,0x62f0,0x5ef0,0x62f1,0x62f1,0x62f1,0x62f1,0x62f1,
	0x62f1,0x62d0,0x5ecf,0x5aaf,0x5aaf,0x5aaf,0x5ed0,0x5ed0,0x5ed0,0x5ed0,0x5ecf,0x5ed0,0x62f1,0x5ed0,0x5aaf,0x5aaf,
	0x5aaf,0x5eaf,0x5eaf,0x5aaf,0x5aaf,0x5aaf,0x5aaf,0x5eaf,0x5eaf,0x5eaf,0x5eaf,0x5ecf,0x5ecf,0x5eaf,0x5aaf,0x5ecf,
	0x5ef0,0x5ef0,0x5ecf,0x5ecf,0x5ecf,0x5ecf,0x5acf,0x5acf,0x5acf,0x5acf,0x5ecf,0x62f0,0x62f0,0x5ef0,0x5ecf,0x5aaf,
	0x5acf,0x5acf,0x5ef0,0x62f1,0x62f0,0x5ef0,0x5ef0,0x5ef0,0x5ef0,0x62f0,0x5ef0,0x62f0,0x62f1,0x5ed0,0x5ecf,0x5aaf,
	0x5aaf,0x5eaf,0x5eaf,0x5eaf,0x5ed0,0x5ed0,0x5ef0,0x62f0,0x62f1,0x62f0,0x5ed0,0x5ecf,0x5ecf,0x5ef0,0x62f1,0x62f1,
	0x5ef1,0x5ef0,0x5acf,0x5acf,0x5acf,0x5aaf,0x5aae,0x5aaf,0x5ecf,0x62d0,0x5eb0,0x5eb0,0x5ab0,0x62f3,0x7377,0x7378,
	0x6f58,0x6b38,0x6f5a,0x6b59,0x6738,0x6b37,0x6b37,0x6b37,0x6b58,0x6737,0x6b37,0x6b58,0x6f79,0x6f79,0x6f79,0x6f79,
	0x6f59,0x6f59,0x6f79,0x6f79,0x6f79,0x7379,0x6f79,0x6f79,0x6f79,0x6b58,0x6316,0x62f6,0x62f6,0x6717,0x6717,0x6737,
	0x6717,0x6717,0x6717,0x6717,0x6716,0x6716,0x62f6,0x62f6,0x62f6,0x62f6,0x62f6,0x62f6,0x62f6,0x62f6,0x6717,0x6b17,
	0x6b38,0x6b17,0x6717,0x66f6,0x62f6,0x62f6,0x66f7,0x6717,0x62f6,0x6717,0x6b37,0x6f58,0x6f79,0x6f79,0x6f79,0x7379,
	0x6f77,0x6735,0x6b56,0x6f76,0x6b35,0x6734,0x6734,0x6734,0x6714,0x6734,0x6734,0x6734,0x6734,0x6714,0x6735,0x6b56,
	0x6733,0x6312,0x5ef1,0x5ef1,0x5ef1,0x5ef1,0x5ef0,0x5ef0,0x6311,0x6732,0x6732,0x62f1,0x5ed1,0x5ef1,0x6712,0x6732,
	0x6311,0x6311,0x5ef1,0x5ef1,0x5ef1,0x5ef1,0x5ef1,0x5ef1,0x5ef1,0x5ef1,0x5ef1,0x5ef1,0x62f1,0x62f1,0x62f1,0x5ef1,
	0x5ef1,0x5ef1,0x5ef1,0x5ed0,0x5ef1,0x5ef0,0x5ef0,0x62f0,0x62f0,0x5ef0,0x5ed0,0x5ed0,0x5ef0,0x62f0,0x62f0,0x62f0,
	0x62f0,0x62f0,0x62f1,0x62f0,0x5ecf,0x5ed0,0x62f1,0x5ed0,0x5ecf,0x5ed0,0x62f1,0x62f1,0x62f0,0x62f0,0x62f1,0x5ef0,
	0x5ed0,0x5ed0,0x5eaf,0x5aaf,0x5aaf,0x5ecf,0x5ed0,0x62f1,0x62f0,0x5ed0,0x5ecf,0x5ed0,0x5ed0,0x5ed0,0x5ed0,0x5ed0,
	0x5aaf,0x5aaf,0x5eaf,0x5aaf,0x5aaf,0x5aaf,0x5eaf,0x5eaf,0x5eaf,0x5eaf,0x5eaf,0x5ed0,0x5ed0,0x5ed0,0x5ed0,0x5ecf,
	0x5ef0,0x5ef0,0x5eef,0x5ef0,0x5ef0,0x5ef0,0x5ecf,0x5acf,0x5acf,0x5acf,0x5ecf,0x5ef0,0x5ed0,0x5ecf,0x5ecf,0x5acf,
	0x5aae,0x5acf,0x5ed0,0x62f1,0x62f1,0x5ef0,0x5ef0,0x62f1,0x62f0,0x62f0,0x5ed0,0x5ed0,0x5ef0,0x5ecf,0x5aaf,0x5aaf,
	0x5eaf,0x5eaf,0x5aaf,0x5eaf,0x5ecf,0x5ed0,0x62f0,0x62f1,0x62f0,0x5ef0,0x5ed0,0x5ecf,0x5ecf,0x5ed0,0x5ef0,0x5ef1,
	0x5ef0,0x5ef0,0x5ed0,0x5ed0,0x5ed0,0x5ecf,0x5aaf,0x5acf,0x62f0,0x62f1,0x5ed0,0x5eb0,0x5eb0,0x66f3,0x6f56,0x6f36,
	0x6b37,0x6b37,0x6b38,0x6b39,0x6b38,0x6b37,0x6737,0x6737,0x6737,0x6b37,0x6b37,0x6b58,0x6b58,0x6f79,0x6f79,0x6f79,
	0x7379,0x6f79,0x6f79,0x6f58,0x6b38,0x6f59,0x737a,0x6f79,0x6b38,0x6737,0x6316,0x5ef5,0x62f6,0x6717,0x6737,0x6737,
	0x6717,0x62f6,0x62f6,0x6716,0x62f6,0x62f6,0x62f6,0x62f6,0x62f6,0x62f6,0x62f6,0x62f6,0x62f6,0x62f6,0x66f6,0x6717,
	0x6717,0x6b37,0x6717,0x6717,0x62f6,0x62f6,0x62f6,0x62f6,0x62f5,0x6b38,0x6f59,0x6f59,0x6f79,0x6f7a,0x6f79,0x6f79,
	0x6f78,0x6736,0x6f57,0x7399,0x6f57,0x6b35,0x6714,0x6714,0x6714,0x6734,0x6734,0x6714,0x6735,0x6735,0x6735,0x6b57,
	0x6734,0x6312,0x62f2,0x6713,0x6312,0x6311,0x5ef1,0x5ef1,0x6311,0x6311,0x6732,0x6712,0x62f1,0x5ef0,0x5ef1,0x6311,
	0x5ef0,0x5ef0,0x5ef1,0x5ed1,0x5ed2,0x6734,0x6f76,0x6f75,0x6713,0x5ef1,0x5ef1,0x5ed1,0x5ad0,0x5ef1,0x5ef1,0x5ef1,
	0x5ed2,0x5ef2,0x5ef1,0x5ed1,0x5ef1,0x5ef1,0x62f1,0x62f0,0x62f0,0x62f0,0x62f0,0x5ef0,0x5ecf,0x5ef0,0x62f0,0x62f0,
	0x62f0,0x62f0,0x62f0,0x62f0,0x5ecf,0x5ecf,0x5ef0,0x5ed0,0x5aaf,0x5ed0,0x62f1,0x62f1,0x5ed0,0x5ed0,0x5ef0,0x5ed0,
	0x5eaf,0x5aaf,0x5aaf,0x5eaf,0x5eaf,0x5aaf,0x5ecf,0x5ed0,0x62f0,0x5ed0,0x62d0,0x5ed0,0x5aaf,0x5eaf,0x5ed0,0x5ed0,
	0x5ed0,0x5eaf,0x5aaf,0x5aaf,0x5aaf,0x5eaf,0x5ecf,0x5ed0,0x5ed0,0x5ecf,0x5ecf,0x5ed0,0x62f0,0x62f1,0x62f0,0x5acf,
	0x5ed0,0x5ef0,0x5ef0,0x6310,0x6310,0x62f0,0x5ef0,0x5ecf,0x5acf,0x5acf,0x5aaf,0x5acf,0x5acf,0x5aae,0x5acf,0x5acf,
	0x5aae,0x5acf,0x5ef0,0x62f1,0x62f1,0x62f1,0x62f1,0x62f1,0x62f0,0x5ef0,0x5acf,0x5acf,0x5acf,0x5acf,0x5aaf,0x5ed0,
	0x5ed0,0x5ed0,0x5ed0,0x5ecf,0x5aaf,0x5aaf,0x5ed0,0x62f1,0x62f0,0x62f1,0x62f0,0x5ed0,0x5ed0,0x5ef0,0x5ef0,0x5ef0,
	0x5ef0,0x5ed0,0x5ef0,0x62f1,0x5ef0,0x5ef0,0x5ed0,0x5ed0,0x5ef0,0x5ed0,0x5eb0,0x5eb0,0x5ed1,0x62f2,0x62f2,0x6714,
	0x6b36,0x6b37,0x6b17,0x6b18,0x6b17,0x6717,0x6716,0x62f6,0x6716,0x6737,0x6737,0x6737,0x6b58,0x6f79,0x6f79,0x6f79,
	0x6f79,0x6f59,0x6f58,0x6b38,0x6b37,0x6b58,0x6f59,0x6b58,0x6717,0x62f6,0x62f5,0x62f6,0x6316,0x6717,0x6717,0x6717,
	0x6316,0x62f5,0x62f6,0x62f6,0x62f6,0x62f6,0x62f6,0x5ef6,0x62f6,0x62f6,0x62f6,0x62f6,0x62f6,0x62f6,0x66f6,0x66f6,
	0x62f6,0x6717,0x6717,0x66f6,0x62f6,0x62f6,0x62f6,0x62f6,0x6717,0x6f59,0x7379,0x6f58,0x6b58,0x6b59,0x6f79,0x6f79,
	0x6b58,0x6b37,0x6f58,0x6f79,0x6f78,0x6b57,0x6736,0x6735,0x6735,0x6315,0x6715,0x6b56,0x6f78,0x6b57,0x6736,0x6b37,
	0x6733,0x6312,0x6312,0x6733,0x6733,0x6312,0x5ef1,0x5ef1,0x5ef1,0x5ef0,0x6712,0x6732,0x6312,0x62f1,0x5ef0,0x5ef0,
	0x5ef0,0x5ef1,0x5ed1,0x5ed2,0x62f3,0x6b56,0x7798,0x7398,0x6b35,0x5ef2,0x5ef2,0x5ed1,0x5ef1,0x62f2,0x5ef2,0x5ad2,
	0x6714,0x6b55,0x6b55,0x6713,0x5ef1,0x5ef1,0x62f1,0x62f0,0x62f0,0x62f0,0x62f0,0x5ef0,0x5eef,0x5ef0,0x62f0,0x62f0,
	0x62f0,0x62f0,0x62f0,0x62f0,0x5ed0,0x5aaf,0x5ed0,0x5ed0,0x5aaf,0x5ecf,0x5ed0,0x5ed0,0x5aaf,0x5ecf,0x5ed0,0x5acf,
	0x5aaf,0x5eaf,0x5ecf,0x5ed0,0x5ecf,0x5aaf,0x5aaf,0x5ecf,0x5ed0,0x62f0,0x62f1,0x62f0,0x5ed0,0x5eaf,0x5eaf,0x5ed0,
	0x5ed0,0x5eaf,0x5aaf,0x5aaf,0x5aaf,0x5eaf,0x5ed0,0x62d0,0x62f0,0x62d0,0x5ed0,0x62f1,0x62f1,0x62f1,0x5ef0,0x5ed0,
	0x5ed0,0x5ef0,0x5ef0,0x62f0,0x62f0,0x62f0,0x5ef0,0x5ef0,0x5ef0,0x5ed0,0x5ad0,0x5ad0,0x5aaf,0x56af,0x5acf,0x5acf,
	0x5acf,0x5ed0,0x5ef0,0x62f1,0x62f1,0x62f1,0x62f1,0x62f1,0x5ef0,0x5ef0,0x5acf,0x5acf,0x5acf,0x5acf,0x5acf,0x5ed0,
	0x62d0,0x62f1,0x62f1,0x5ed0,0x5aaf,0x5aaf,0x5ed0,0x62f1,0x62f0,0x62f1,0x62f1,0x62f1,0x62f0,0x62f1,0x5ef0,0x5ef0,
	0x5ed0,0x5ad0,0x5ed0,0x5ef1,0x62f1,0x62f1,0x62f1,0x62f1,0x5ef0,0x5ed0,0x5aaf,0x5aaf,0x5ed0,0x5ef1,0x5ed1,0x62f2,
	0x6734,0x6b36,0x6b16,0x6716,0x6717,0x6717,0x6716,0x6716,0x6737,0x6737,0x6737,0x6737,0x6b58,0x7379,0x7379,0x6f59,
	0x6b58,0x6f58,0x6f59,0x6b38,0x6737,0x6b38,0x6b38,0x6b37,0x6737,0x6716,0x62f5,0x62f6,0x6316,0x6316,0x6316,0x62f6,
	0x62f6,0x62f6,0x62f6,0x62f6,0x62f6,0x62f6,0x62f6,0x62f7,0x62f6,0x62f6,0x62f6,0x62f6,0x62f6,0x62f6,0x62f6,0x66f7,
	0x66f7,0x6717,0x6716,0x62f6,0x62f6,0x62f6,0x62f6,0x66f6,0x6b38,0x6f58,0x6b38,0x6b37,0x6738,0x6b59,0x6f79,0x6f59,
	0x6b59,0x6f79,0x6f79,0x6f79,0x7379,0x6f79,0x6f58,0x6b57,0x6b57,0x6315,0x6315,0x6b57,0x7379,0x6f58,0x6716,0x6717,
	0x6312,0x6312,0x6713,0x6733,0x6733,0x6713,0x62f1,0x5ef1,0x5ef1,0x5ef1,0x6732,0x6733,0x6733,0x6312,0x62f1,0x5ef1,
	0x5ef1,0x5ed1,0x62f3,0x6f56,0x6f78,0x7379,0x7378,0x7378,0x6f78,0x6736,0x5ad2,0x5ef3,0x6735,0x6f56,0x6734,0x62f4,
	0x6f57,0x6f77,0x6f56,0x6f56,0x6313,0x5ef1,0x5ef1,0x62f1,0x62f0,0x62f0,0x5ef0,0x5ef0,0x5ef0,0x5ef0,0x5ef0,0x62f0,
	0x5ef0,0x5ecf,0x5ed0,0x62f0,0x62f1,0x5ecf,0x5aaf,0x5aaf,0x5aaf,0x5acf,0x5ecf,0x5ecf,0x5aaf,0x5aaf,0x5aaf,0x5aaf,
	0x5aaf,0x5aaf,0x5ed0,0x62f1,0x62f1,0x62d0,0x62f0,0x62f0,0x62f0,0x62f0,0x5ed0,0x5ed0,0x5ecf,0x5aaf,0x5aaf,0x5aaf,
	0x5aaf,0x5aaf,0x5aaf,0x5aaf,0x5eaf,0x5ed0,0x5ecf,0x5ecf,0x62f0,0x62f0,0x62d0,0x62f1,0x62f1,0x62f1,0x5ef1,0x5ef1,
	0x5ef1,0x5ef0,0x5ef0,0x5ef0,0x5ef0,0x5ef0,0x5ef0,0x5ef1,0x5ef1,0x5ef1,0x5ed1,0x5ed1,0x56b0,0x56b0,0x56af,0x56b0,
	0x5ad0,0x5ef1,0x62f1,0x62f1,0x62f1,0x62f0,0x62f0,0x62f0,0x5ef0,0x5ef0,0x5ef0,0x5ef0,0x5ecf,0x5acf,0x5acf,0x5ecf,
	0x5ed0,0x62d0,0x62f1,0x5ed0,0x5ed0,0x5aaf,0x5ecf,0x62f1,0x62f1,0x62f0,0x62f1,0x62f1,0x62f1,0x62f1,0x5ef0,0x5ef0,
	0x5ad0,0x5acf,0x5ed0,0x62f1,0x62f1,0x5ef0,0x5ef1,0x62f1,0x62f1,0x62f1,0x5ad0,0x5aaf,0x5ed0,0x5acf,0x5ed0,0x5ef1,
	0x62f2,0x62f3,0x66f5,0x66f5,0x66f6,0x66f6,0x62f6,0x6717,0x6b38,0x6717,0x6717,0x6b38,0x6f59,0x7379,0x6f79,0x6b38,
	0x6b37,0x6f59,0x737a,0x6b58,0x6717,0x62f6,0x6717,0x6737,0x6737,0x6b37,0x6716,0x62f6,0x62f6,0x62f5,0x62f6,0x62f6,
	0x62f6,0x62f6,0x6717,0x6717,0x62f6,0x62f6,0x6b38,0x6b59,0x6b38,0x62f7,0x62f6,0x62f6,0x62f6,0x62f6,0x62d6,0x62f6,
	0x66f6,0x62f6,0x62f6,0x62f6,0x62f6,0x62f6,0x62f6,0x62f6,0x6b18,0x6b38,0x6b37,0x6b37,0x6b59,0x6f79,0x6f79,0x6738,
	0x6b58,0x6f7a,0x6f79,0x6f79,0x6f7a,0x6f59,0x6f79,0x6f79,0x6f79,0x6737,0x6316,0x6316,0x6716,0x6b37,0x6316,0x62f5,
	0x62f2,0x6312,0x6733,0x6733,0x6733,0x6733,0x6712,0x6312,0x6312,0x6712,0x6733,0x6713,0x62f2,0x62f2,0x62f2,0x5ef1,
	0x5ed1,0x5ef2,0x6714,0x7358,0x7379,0x6f79,0x6b37,0x6b57,0x6f79,0x6f78,0x6736,0x6736,0x6b36,0x6f77,0x6f57,0x6b57,
	0x6f78,0x6f78,0x6b56,0x6b56,0x6714,0x5ef1,0x5ef1,0x5ef1,0x62f1,0x62f0,0x5ef0,0x5ef0,0x5ef0,0x5ef0,0x5ef0,0x5ef0,
	0x5ef0,0x5ecf,0x5ed0,0x5ed0,0x5ed0,0x5ed0,0x5ecf,0x5aaf,0x5aaf,0x5ecf,0x5ecf,0x5aaf,0x5aaf,0x5aaf,0x5aaf,0x5aaf,
	0x5ed0,0x5ed0,0x62f0,0x62f1,0x62f1,0x62f0,0x62f0,0x62f0,0x62f0,0x62f0,0x62f0,0x5ed0,0x5aaf,0x5aaf,0x5aaf,0x5aaf,
	0x5aaf,0x5aaf,0x5aaf,0x5aaf,0x5aaf,0x5ecf,0x5ecf,0x5eaf,0x5ed0,0x62f1,0x62f1,0x62f1,0x5ed1,0x62f1,0x5ef1,0x5ef1,
	0x5ef1,0x5ef1,0x5ef1,0x5ef1,0x5ef1,0x5ef1,0x5ef1,0x5ef1,0x5ef1,0x5ed1,0x6313,0x6b35,0x6b35,0x6735,0x6714,0x6313,
	0x5ef2,0x5ef1,0x5ef1,0x62f1,0x62f1,0x62f0,0x62f0,0x62f0,0x5ef0,0x5ef0,0x5ef0,0x5ef0,0x5ef0,0x5ed0,0x5acf,0x5aaf,
	0x5aaf,0x5ed0,0x62d1,0x5ed0,0x5acf,0x5acf,0x5ed0,0x62f1,0x62f1,0x5ef0,0x62f1,0x62f1,0x62f1,0x62f1,0x62f0,0x5ef0,
	0x5ef0,0x5ef0,0x5ef0,0x5ef1,0x5ef1,0x5ef1,0x5ef1,0x62f1,0x5ef1,0x5ef1,0x5ef1,0x5ad1,0x5ad0,0x5ef1,0x5af1,0x5ed1,
	0x5ef2,0x62f4,0x6715,0x66f5,0x62f6,0x62f6,0x62d6,0x66f7,0x6717,0x6717,0x6717,0x6737,0x6b38,0x6b58,0x6b38,0x6b37,
	0x6b38,0x6f58,0x6f59,0x6b37,0x62f6,0x62f6,0x62f6,0x6717,0x6b37,0x6b37,0x6737,0x6716,0x62f6,0x62f6,0x6b38,0x6b38,
	0x6b37,0x6717,0x6717,0x6b38,0x6b38,0x6b38,0x6b59,0x6f7a,0x6f59,0x6718,0x62f6,0x62f6,0x62f6,0x62f6,0x62f6,0x62f6,
	0x62f6,0x62f6,0x62f6,0x62f6,0x62f6,0x62f6,0x62f6,0x62f6,0x66f7,0x6717,0x6717,0x6717,0x6b58,0x6f59,0x6b58,0x6737,
	0x6b58,0x6f79,0x6f79,0x6f79,0x6f79,0x6b59,0x6f79,0x6f79,0x6f79,0x6b58,0x6737,0x62f5,0x62f6,0x62f6,0x62f6,0x62f6,
	0x5ef1,0x62f2,0x6312,0x6733,0x6733,0x6733,0x6733,0x6733,0x6733,0x6734,0x6713,0x62f3,0x62f3,0x6b35,0x6b55,0x62f2,
	0x5ef2,0x6714,0x6f57,0x6f37,0x6f59,0x6f59,0x6b38,0x6738,0x6b58,0x6f79,0x6f79,0x6f58,0x6b58,0x6f58,0x6f78,0x7379,
	0x7379,0x6f79,0x6f58,0x6b56,0x6735,0x5ed2,0x5ef2,0x5ef1,0x5ed1,0x5ef1,0x5ef1,0x5ef0,0x5ef0,0x5ef0,0x5ef0,0x5ef0,
	0x5ef0,0x5ef0,0x5ef0,0x5ed0,0x5aaf,0x5ed0,0x5ecf,0x5aaf,0x5aaf,0x5ed0,0x5ed0,0x5ed0,0x5aaf,0x5aaf,0x5aaf,0x5acf,
	0x5ed0,0x5ef0,0x62f1,0x62f1,0x62f0,0x62f1,0x62f0,0x62f0,0x62f0,0x62f0,0x62f0,0x62f0,0x62f0,0x5ed0,0x5ed0,0x5aaf,
	0x5aaf,0x5acf,0x5aaf,0x5aaf,0x5aaf,0x5aaf,0x5ecf,0x5ecf,0x5ecf,0x5ed0,0x6713,0x6713,0x5ef2,0x6714,0x6f56,0x6f75,
	0x6313,0x5ad1,0x5ef2,0x6714,0x6734,0x62f3,0x5ef2,0x5ed2,0x5ed2,0x6714,0x6f77,0x7378,0x7378,0x7399,0x7378,0x6f57,
	0x6715,0x5ef2,0x5ef2,0x62f2,0x62f1,0x62f0,0x62f0,0x62f0,0x62f0,0x5ef0,0x5ef0,0x5ef0,0x62f0,0x62f0,0x5ed0,0x5ed0,
	0x5ed0,0x5ed0,0x62f1,0x5ef0,0x5acf,0x5ed0,0x5ef0,0x5ef1,0x62f1,0x5ef0,0x5ef0,0x62f1,0x5ef0,0x5ef1,0x62f1,0x62f0,
	0x5ef0,0x5ef1,0x5ef1,0x5ef1,0x5ef1,0x5ed0,0x5ef1,0x5ef1,0x5ef1,0x5ef2,0x6b56,0x6b56,0x6734,0x6b55,0x6313,0x5ef2,
	0x5ef3,0x6315,0x6716,0x6716,0x62f6,0x62d6,0x62f6,0x66f7,0x6717,0x6717,0x62f6,0x6717,0x6b38,0x6b38,0x6b38,0x6b37,
	0x6b37,0x6b37,0x6717,0x6717,0x6717,0x6717,0x6717,0x6717,0x6b37,0x6b37,0x6b37,0x6b37,0x62f6,0x6717,0x6f59,0x6f79,
	0x6f59,0x6b38,0x6b38,0x6f59,0x737a,0x6f59,0x6f59,0x6f7a,0x6f7a,0x6f59,0x6717,0x62f6,0x62f6,0x62f6,0x62f6,0x62f6,
	0x62f6,0x62f6,0x62f6,0x62f6,0x62f6,0x62f6,0x62f6,0x62f6,0x62f6,0x62f6,0x62f6,0x62f6,0x6737,0x6b58,0x6b38,0x6737,
	0x6b58,0x6f79,0x6f79,0x6f79,0x6b59,0x6b58,0x6b79,0x6f79,0x6f79,0x6b59,0x6738,0x62f6,0x62f6,0x62f6,0x62f6,0x62f6,
	0x6312,0x6312,0x6312,0x6713,0x6733,0x6733,0x6733,0x6733,0x6734,0x6734,0x6714,0x6314,0x6715,0x7377,0x6f76,0x6313,
	0x6313,0x6b56,0x7379,0x6b38,0x6b38,0x6b38,0x6b38,0x6717,0x6717,0x6b38,0x6f58,0x6f59,0x6f79,0x6f58,0x6f79,0x7379,
	0x6f79,0x6f59,0x6f58,0x6b57,0x6b36,0x6b35,0x6b35,0x6b55,0x62f2,0x5ef1,0x5ef1,0x5ef1,0x5ef1,0x5ef0,0x5ef0,0x5ef0,
	0x5ef0,0x5ef0,0x62f0,0x5ed0,0x5ed0,0x5ed0,0x5ed0,0x5aaf,0x5ecf,0x5ed0,0x62f0,0x62f1,0x5ecf,0x5aaf,0x5acf,0x5ed0,
	0x5ed0,0x5ed0,0x62f0,0x62f0,0x62f0,0x62f0,0x62f0,0x62f0,0x62f1,0x62f0,0x62f0,0x62f0,0x62f1,0x62f1,0x5ed0,0x5aaf,
	0x5ed0,0x5ed0,0x5ed0,0x5acf,0x5acf,0x5ed0,0x5ed0,0x5ecf,0x5aaf,0x5ed1,0x6f55,0x6b34,0x62f3,0x6b55,0x7397,0x7398,
	0x6f76,0x6b35,0x6b36,0x6f57,0x6f56,0x6714,0x5ef3,0x5ad2,0x5ef3,0x6b57,0x7399,0x6f79,0x6f79,0x7379,0x7379,0x6f58,
	0x6b36,0x62f3,0x5ed2,0x5ed1,0x5ef1,0x62f1,0x5ef0,0x62f0,0x5ef0,0x5ef0,0x5ef1,0x5ef1,0x5ef0,0x5ef0,0x62f1,0x62f1,
	0x62f0,0x62f1,0x62f1,0x62f1,0x5ef0,0x5ef0,0x5ef1,0x5ef0,0x5ef1,0x5ef1,0x5ef0,0x5ef1,0x5ef0,0x62f1,0x62f1,0x5ef0,
	0x5ef0,0x5ef0,0x5ef1,0x5ef1,0x5ef1,0x5ef1,0x5ef1,0x5ef1,0x5ef1,0x6714,0x6f78,0x6f78,0x6f77,0x6f78,0x6b57,0x6315,
	0x6716,0x6717,0x6717,0x6717,0x62f7,0x62f6,0x66f6,0x66f7,0x6717,0x66f7,0x62f6,0x6717,0x6717,0x6b38,0x6b38,0x6717,
	0x6716,0x6716,0x6716,0x6717,0x6717,0x6717,0x6b17,0x6b17,0x6b37,0x6b37,0x6b37,0x6b37,0x6717,0x6b38,0x6f59,0x6b58,
	0x6f58,0x6b58,0x6b38,0x6f59,0x737a,0x6f79,0x6f59,0x6f7a,0x737a,0x737a,0x6b38,0x62f6,0x62f6,0x62f6,0x62f6,0x62f6,
	0x62f6,0x62f6,0x62f6,0x62f6,0x62f6,0x62f6,0x62f6,0x62f6,0x62f6,0x62f6,0x62f6,0x62f6,0x6716,0x6737,0x6b37,0x6737,
	0x6737,0x6b58,0x6f79,0x6f79,0x6b58,0x6b59,0x6b58,0x6f79,0x6f7a,0x6b58,0x6737,0x6717,0x62f6,0x62f6,0x62f6,0x62f6,
	0x6733,0x6733,0x6713,0x6733,0x6733,0x6733,0x6733,0x6733,0x6734,0x6734,0x6714,0x6735,0x6b56,0x7378,0x6b56,0x6314,
	0x6714,0x6f57,0x7379,0x6f38,0x6b38,0x6738,0x6b38,0x6718,0x6717,0x6b38,0x6b38,0x6f59,0x737a,0x7379,0x7379,0x6f79,
	0x6b59,0x6b58,0x6b58,0x6b37,0x6b57,0x7378,0x7398,0x7398,0x6b35,0x5ef2,0x5ed1,0x5ef1,0x5ef1,0x5ef1,0x5ef0,0x5ef0,
	0x62f0,0x62f0,0x62f0,0x5ef0,0x5ed0,0x62f0,0x5ef0,0x5ed0,0x5ed0,0x5ef0,0x62f1,0x62f0,0x5acf,0x5aaf,0x5ecf,0x5ed0,
	0x5ed0,0x5ed0,0x5ef0,0x5ef0,0x5ed0,0x5ed0,0x62f0,0x62f0,0x62f1,0x62f1,0x62f0,0x62f0,0x5ef0,0x5ed0,0x5ed0,0x5ecf,
	0x62f0,0x62f1,0x5ef0,0x5ed0,0x5ed0,0x62f0,0x62f0,0x5ed0,0x5aaf,0x62f2,0x6f55,0x6313,0x6714,0x6f77,0x7398,0x7398,
	0x7398,0x7398,0x7378,0x7378,0x6f57,0x6b56,0x6314,0x5ad3,0x6715,0x6f78,0x7379,0x7379,0x6f79,0x6f59,0x7379,0x6f79,
	0x6f58,0x6736,0x62f3,0x5ed2,0x5ed1,0x62f1,0x5ef0,0x5ef0,0x5ef0,0x5ef0,0x5ef1,0x62f1,0x5ef0,0x5ef0,0x62f1,0x62f1,
	0x62f0,0x62f0,0x62f0,0x62f1,0x5ef0,0x62f1,0x62f1,0x5ef0,0x5ef1,0x62f1,0x5ef0,0x5ef1,0x62f1,0x62f1,0x5ef0,0x5ef0,
	0x5ef0,0x5ef0,0x5ef1,0x62f1,0x6312,0x6b33,0x6713,0x5ef1,0x5ef1,0x6b56,0x7379,0x6f79,0x6f58,0x6f79,0x6f58,0x6717,
	0x6717,0x6718,0x62f7,0x62f7,0x62f6,0x66f6,0x66f6,0x66f7,0x66f7,0x62f6,0x62f6,0x62f6,0x66f6,0x6717,0x6717,0x6716,
	0x62f5,0x62f6,0x62f6,0x66f6,0x66f7,0x6717,0x6717,0x6b38,0x6b37,0x6b37,0x6b37,0x6b37,0x6f38,0x7379,0x6f59,0x6b38,
	0x6b38,0x6b38,0x6b38,0x6b58,0x6f7a,0x6f79,0x6f7a,0x6f59,0x6f7a,0x737a,0x6b58,0x6717,0x62f6,0x62f6,0x6717,0x6716,
	0x62f6,0x62f6,0x62f6,0x62f6,0x62f6,0x62f6,0x62f6,0x62f6,0x62f6,0x62f6,0x62f6,0x62f6,0x6316,0x6316,0x6736,0x6737,
	0x6b37,0x6f59,0x6f79,0x6f79,0x6b79,0x6f79,0x6b58,0x6b58,0x6f79,0x6b38,0x6717,0x6738,0x62f7,0x62d6,0x62f6,0x62f6,
	0x6734,0x6734,0x6733,0x6733,0x6733,0x6733,0x6733,0x6733,0x6734,0x6714,0x6315,0x6735,0x6b57,0x6f57,0x6b35,0x6735,
	0x6314,0x6b36,0x6f58,0x6b38,0x6738,0x6738,0x6738,0x6b38,0x6b59,0x6f59,0x6b38,0x6b38,0x6f59,0x7379,0x7379,0x6f58,
	0x6b38,0x6b38,0x6737,0x6b37,0x6f58,0x6f78,0x6f78,0x6f57,0x6b56,0x6314,0x5ef2,0x5ed2,0x5ed1,0x5ef1,0x62f1,0x5ef0,
	0x5ef0,0x62f0,0x62f0,0x62f1,0x62f1,0x62f1,0x62f1,0x62f1,0x5ef0,0x5ed0,0x5ed0,0x5ecf,0x5aaf,0x5aaf,0x5aaf,0x5acf,
	0x5ed0,0x5ef0,0x5ef0,0x5ecf,0x5acf,0x5acf,0x5ed0,0x5ef0,0x62f0,0x62f0,0x62f0,0x62f0,0x5ed0,0x5ecf,0x5ed0,0x5ed0,
	0x5ef0,0x62f1,0x62f1,0x62f1,0x62f1,0x62f1,0x62f0,0x5ef0,0x5ed0,0x62f2,0x62f3,0x5ef3,0x6b36,0x6f78,0x7399,0x6f79,
	0x6f78,0x6f79,0x6f58,0x6b37,0x6b37,0x6b57,0x6736,0x6315,0x6b57,0x6f79,0x6f79,0x6f7a,0x6b59,0x6b59,0x737a,0x6f59,
	0x6f58,0x6b57,0x6b36,0x6714,0x5ef2,0x5ed1,0x5ed1,0x5ef1,0x5ef1,0x5ef1,0x5ef1,0x5ef1,0x62f1,0x62f1,0x5ef0,0x62f0,
	0x62f0,0x62f0,0x62f0,0x62f0,0x5ef0,0x62f1,0x62f1,0x5ef1,0x62f1,0x5ef1,0x5ef1,0x62f1,0x62f1,0x5ef0,0x5ef0,0x62f0,
	0x62f1,0x5ef1,0x62f1,0x6712,0x6b54,0x77b7,0x6f75,0x6312,0x6713,0x6b56,0x6f78,0x6b37,0x6b38,0x6f79,0x6b38,0x62f6,
	0x62f7,0x66f7,0x62f6,0x62f6,0x62f5,0x62f5,0x66f5,0x66f6,0x66f6,0x62f5,0x62f5,0x62f5,0x62f5,0x62f5,0x62f5,0x62f5,
	0x62f5,0x62f5,0x62f6,0x62f6,0x62f6,0x62f6,0x66f7,0x6717,0x6717,0x6717,0x6b37,0x6b38,0x6f38,0x6f59,0x6f38,0x6b38,
	0x6b38,0x6737,0x6737,0x6b58,0x6f79,0x6f79,0x6f79,0x6b58,0x6b58,0x6b59,0x6f59,0x6b58,0x6b38,0x6b37,0x6b37,0x6717,
	0x62f6,0x62f6,0x62f6,0x62f6,0x62f6,0x62f6,0x62f6,0x62f6,0x62f6,0x62f6,0x62f6,0x62f6,0x62f6,0x62f5,0x6716,0x6737,
	0x6b58,0x6f79,0x6f79,0x6f79,0x6f79,0x6b79,0x6738,0x6738,0x6b38,0x6738,0x6718,0x6718,0x62f7,0x62f7,0x62f7,0x62f6,
	0x6733,0x6733,0x6733,0x6733,0x6733,0x6733,0x6733,0x6733,0x6734,0x6735,0x6315,0x6315,0x6736,0x6b36,0x6735,0x6734,
	0x6314,0x6735,0x6b37,0x6717,0x6737,0x6b38,0x6738,0x6b38,0x6f59,0x6f79,0x6b58,0x6737,0x6f58,0x6f58,0x6f58,0x6b38,
	0x6717,0x6717,0x6717,0x6b37,0x6f58,0x6f79,0x6f79,0x6b57,0x6b37,0x6b36,0x6735,0x6713,0x5ef2,0x5ef1,0x62f1,0x62f0,
	0x5ef0,0x62f0,0x5ef0,0x62f1,0x62f1,0x62f1,0x62f1,0x62f1,0x5ef0,0x5ed0,0x5ed0,0x5ed0,0x5ed0,0x5ecf,0x5aaf,0x5ecf,
	0x62f0,0x62f0,0x5ef0,0x5ecf,0x5acf,0x5acf,0x5ed0,0x5ef0,0x5ef0,0x62f0,0x62f0,0x62f0,0x5ed0,0x5ed0,0x5ef0,0x5ed0,
	0x5ed0,0x5ef0,0x5ef0,0x62f1,0x62f1,0x5ef0,0x5ef0,0x5ef1,0x5ef1,0x5ad1,0x5ed2,0x6314,0x6b37,0x6b58,0x6f79,0x6f79,
	0x6f79,0x6f79,0x6f58,0x6b38,0x6b37,0x6b57,0x6737,0x6736,0x6b78,0x6f99,0x6f79,0x6b59,0x6738,0x6b58,0x6f7a,0x6b38,
	0x6737,0x6b37,0x6b57,0x6b56,0x6315,0x62f3,0x6714,0x6714,0x5ef2,0x5ef1,0x5ef1,0x62f1,0x5ef0,0x5ef0,0x5ef0,0x62f0,
	0x62f0,0x62f0,0x62f0,0x62f0,0x5ef1,0x62f1,0x5ef1,0x5ef0,0x5ef1,0x5ef1,0x62f1,0x62f1,0x5ef1,0x5ef0,0x5ef0,0x62f1,
	0x62f1,0x5ef0,0x62f1,0x6712,0x6f55,0x7396,0x6b54,0x6312,0x6733,0x6b55,0x6736,0x6716,0x6b37,0x6f58,0x6b18,0x62f6,
	0x62f6,0x66f6,0x62f6,0x62f5,0x62f4,0x62f4,0x62f5,0x6715,0x6715,0x62f5,0x62f5,0x62f5,0x62f5,0x62f5,0x62f5,0x62f5,
	0x62f5,0x62f5,0x62f6,0x62f6,0x62d6,0x62d6,0x62f6,0x62f6,0x62f6,0x6716,0x6b37,0x6b38,0x6b17,0x6b17,0x6717,0x6b37,
	0x6b38,0x6b38,0x6738,0x6b38,0x6f59,0x6f59,0x6f79,0x6b38,0x6737,0x6b38,0x6f58,0x6f79,0x6f59,0x6b58,0x6b38,0x6737,
	0x6716,0x6716,0x62f6,0x62f6,0x62f6,0x62f6,0x62f7,0x62d6,0x62f6,0x62f6,0x62f6,0x62f6,0x62f6,0x62f6,0x6716,0x6717,
	0x6b38,0x6f59,0x6b59,0x6b58,0x6f79,0x6b59,0x6b58,0x6737,0x6717,0x6738,0x6717,0x62f7,0x62f7,0x66f7,0x62f6,0x62f6,
	0x6733,0x6733,0x6733,0x6733,0x6733,0x6733,0x6733,0x6733,0x6734,0x6b56,0x6b56,0x6b36,0x6315,0x6314,0x6314,0x6314,
	0x6334,0x6315,0x6315,0x6716,0x6b58,0x6f79,0x6f79,0x6f79,0x6f79,0x7379,0x6f58,0x6b37,0x6b37,0x6b37,0x6b37,0x6b37,
	0x62f6,0x62f6,0x6717,0x6737,0x6737,0x6f58,0x737a,0x6f79,0x6f79,0x6f79,0x7378,0x7377,0x6714,0x5ed1,0x5ef1,0x5ef0,
	0x5ef0,0x5ef0,0x5ef0,0x5ef0,0x62f1,0x62f0,0x62f1,0x62f0,0x5ed0,0x5ed0,0x62f0,0x5ed0,0x5ecf,0x5aaf,0x5aaf,0x5ecf,
	0x62f0,0x62f0,0x5ef0,0x5ed0,0x5ef0,0x5ef0,0x5ef0,0x5ef0,0x5ef0,0x5ef0,0x5ef0,0x5ef0,0x5ef0,0x5ef0,0x62f1,0x62f1,
	0x5ef0,0x5ef0,0x5ef0,0x62f0,0x62f0,0x5ef0,0x5ef0,0x5ef1,0x5ef1,0x5ef2,0x6b56,0x6b57,0x6737,0x6b59,0x6f7a,0x6f7a,
	0x6b59,0x6b58,0x6b38,0x6738,0x6b58,0x7379,0x6f78,0x6f78,0x6f79,0x6f79,0x6b79,0x6759,0x6759,0x6b58,0x6f59,0x6737,
	0x6b37,0x6b58,0x6f79,0x7379,0x6f58,0x6b57,0x6f78,0x7378,0x6734,0x62f2,0x5ef1,0x5ef1,0x5ef0,0x5ef1,0x5ef0,0x5ef0,
	0x5ef0,0x62f0,0x62f0,0x62f0,0x5ef1,0x5ef1,0x5ef0,0x5ef1,0x62f1,0x6311,0x6312,0x62f1,0x5ef1,0x62f1,0x62f1,0x5ef0,
	0x5ef0,0x5ef0,0x5ef1,0x62f1,0x6713,0x6312,0x5ef1,0x5ef1,0x5ef2,0x6313,0x62f3,0x5ed2,0x62f4,0x6b16,0x6b16,0x66f6,
	0x66f5,0x62f4,0x5ed3,0x62f3,0x5ed2,0x5ed3,0x62f3,0x62f4,0x6314,0x62f4,0x5ef3,0x5ef3,0x62f4,0x6315,0x6315,0x6315,
	0x62f5,0x62f6,0x62f6,0x62f6,0x62f7,0x62f7,0x62f6,0x62f6,0x66f6,0x6b37,0x6b37,0x66f6,0x66f6,0x6717,0x6716,0x62f6,
	0x6717,0x6b38,0x6737,0x6738,0x6b38,0x6b38,0x6738,0x6737,0x6737,0x6737,0x6b58,0x6b58,0x6b58,0x6b38,0x6b37,0x6b37,
	0x6b37,0x6b37,0x6717,0x62f6,0x62f6,0x66f7,0x66f7,0x62f6,0x62d6,0x62f6,0x62f6,0x62f6,0x62f6,0x66f7,0x6717,0x6717,
	0x6717,0x6738,0x6737,0x6737,0x6b58,0x6b59,0x6f7a,0x6b38,0x6716,0x6717,0x6717,0x62d6,0x62d6,0x62f6,0x62d6,0x62f6,
	0x6734,0x6733,0x6733,0x6734,0x6734,0x6734,0x6734,0x6734,0x6734,0x6f77,0x6f78,0x6f77,0x6315,0x6315,0x6755,0x6755,
	0x6735,0x6335,0x6315,0x62f5,0x6b37,0x6f79,0x7379,0x6f79,0x6f58,0x6f58,0x6b58,0x6b37,0x6737,0x6b37,0x6b37,0x6737,
	0x6717,0x62f6,0x6717,0x6717,0x6737,0x6b38,0x6f59,0x6f59,0x6f79,0x6f79,0x6f78,0x7377,0x6b35,0x5ef1,0x5ef1,0x5ef0,
	0x5ef0,0x62f0,0x5ef0,0x5ef0,0x62f1,0x62f0,0x62f0,0x5ed0,0x5ecf,0x5ed0,0x62f1,0x5ed0,0x5ecf,0x5ed0,0x5ed0,0x5ed0,
	0x5ef0,0x5ef0,0x5ef0,0x5ef0,0x5ef0,0x62f0,0x62f0,0x5ef0,0x5ef0,0x5ef0,0x5ef0,0x5ef0,0x5ef0,0x62f0,0x62f1,0x62f1,
	0x62f0,0x5ef0,0x62f0,0x62f0,0x62f0,0x5ef0,0x5ef1,0x5ef1,0x5ef1,0x6b55,0x7378,0x6f78,0x6b58,0x6f7a,0x6f7a,0x6b7a,
	0x6738,0x6317,0x6738,0x6b38,0x6b59,0x6f79,0x6f79,0x6f99,0x6f99,0x6f79,0x6b79,0x6b59,0x6b79,0x6b58,0x6b58,0x6b37,
	0x6b58,0x6b58,0x6f58,0x6b58,0x6b38,0x6b58,0x6f58,0x6f79,0x6f56,0x6734,0x6733,0x6713,0x62f2,0x62f1,0x5ef0,0x5ef0,
	0x5ef0,0x5ef0,0x5ef0,0x5ef0,0x5ef1,0x5ef1,0x5ef1,0x62f1,0x6312,0x6732,0x6732,0x6311,0x62f1,0x6312,0x6311,0x5ef0,
	0x5ef0,0x6311,0x6312,0x62f1,0x62f2,0x5ef1,0x5ad1,0x5ad1,0x5ef1,0x5ef1,0x62f1,0x5ed1,0x5ed2,0x6714,0x6715,0x66f5,
	0x66f4,0x62f3,0x5ed1,0x62f2,0x62f2,0x5ed2,0x5ef2,0x62f3,0x62f3,0x5ef3,0x5ed2,0x5ed2,0x62f4,0x6715,0x6715,0x6715,
	0x6315,0x62f5,0x62f6,0x62f6,0x62f7,0x62f7,0x62f6,0x62f6,0x6716,0x6716,0x6716,0x62f5,0x62f6,0x66f6,0x62f6,0x62f5,
	0x6716,0x6737,0x6737,0x6737,0x6737,0x6737,0x6316,0x6737,0x6737,0x6737,0x6b37,0x6b37,0x6737,0x6737,0x6716,0x6717,
	0x6b37,0x6b37,0x6b37,0x6717,0x6717,0x66f7,0x66f7,0x62f7,0x62f6,0x62f6,0x62f6,0x62f6,0x66f6,0x6b17,0x66f7,0x62f6,
	0x62f6,0x6717,0x6737,0x6717,0x6738,0x6f59,0x6f7a,0x6737,0x62f6,0x66f6,0x66f6,0x62d6,0x62f6,0x66f7,0x62f6,0x62f6,
	0x6733,0x6733,0x6713,0x6734,0x6734,0x6734,0x6734,0x6314,0x6735,0x6f78,0x7379,0x6f58,0x6736,0x6b57,0x6f99,0x6b77,
	0x6b57,0x6b78,0x6b37,0x6316,0x6737,0x6f58,0x6f79,0x6b58,0x6b37,0x6737,0x6b37,0x6737,0x6717,0x6717,0x6717,0x6717,
	0x6717,0x6717,0x6717,0x6737,0x6b38,0x6b38,0x6b37,0x6b38,0x6b38,0x6737,0x6b37,0x6f56,0x6b35,0x6313,0x6312,0x62f1,
	0x5ef0,0x6310,0x62f0,0x5ef0,0x62f0,0x5ef0,0x5ed0,0x5ed0,0x5ed0,0x5ed0,0x62f1,0x62f1,0x62f1,0x62f1,0x62f1,0x62f1,
	0x62f1,0x6311,0x5ef1,0x5ed0,0x5ef0,0x5ef1,0x5ef0,0x6311,0x6311,0x62f1,0x5ef0,0x62f0,0x62f0,0x62f0,0x62f0,0x62f0,
	0x62f0,0x62f0,0x62f0,0x62f0,0x62f0,0x62f1,0x5ef1,0x5af1,0x6313,0x6f77,0x6f78,0x6f58,0x6f59,0x6f7a,0x6f7a,0x6b59,
	0x6738,0x6317,0x6717,0x6b38,0x6b38,0x6b38,0x6f79,0x6f79,0x6b58,0x6b58,0x6f79,0x6f79,0x6f79,0x6738,0x6717,0x6717,
	0x6738,0x6737,0x6316,0x62f6,0x62f6,0x6717,0x6738,0x6f58,0x6b57,0x6b56,0x7397,0x7398,0x6734,0x5ef2,0x5ef2,0x62f3,
	0x6f55,0x6b34,0x62f2,0x5ef1,0x6713,0x6312,0x5ef1,0x5ef1,0x5ef1,0x6312,0x6312,0x5f11,0x6312,0x6733,0x6733,0x6712,
	0x6712,0x6733,0x6733,0x6712,0x6312,0x5ef1,0x5ef1,0x5ef2,0x5ef1,0x5ef0,0x5ef0,0x5ef1,0x5ef1,0x62f2,0x62f2,0x62f2,
	0x62f2,0x62f2,0x62f1,0x6312,0x62f1,0x62f2,0x6312,0x62f2,0x5ef2,0x5ef2,0x5ef2,0x5ef2,0x6714,0x6734,0x6714,0x6715,
	0x6715,0x62f5,0x62f6,0x62f6,0x62f7,0x62f7,0x62f6,0x62f6,0x66f6,0x62f6,0x62f5,0x62f6,0x62f6,0x62f6,0x62f6,0x6716,
	0x6737,0x6b37,0x6b37,0x6b37,0x6737,0x6717,0x6716,0x6717,0x6b38,0x6b37,0x6b37,0x6b37,0x6737,0x6716,0x6716,0x62f6,
	0x62f6,0x6716,0x6717,0x6b18,0x6717,0x66f7,0x62f7,0x62f7,0x62f6,0x62f6,0x62f6,0x66f7,0x66f7,0x66f7,0x62f6,0x62d6,
	0x62f6,0x6717,0x6b38,0x6b38,0x6b38,0x6b38,0x6b38,0x6717,0x6716,0x6716,0x62f6,0x62f6,0x6717,0x6b38,0x6717,0x6716,
	0x6733,0x6733,0x6734,0x6735,0x6734,0x6714,0x6735,0x6314,0x6736,0x6f78,0x6f79,0x6b58,0x6b58,0x6f79,0x6f7a,0x6b58,
	0x6b58,0x6f79,0x6f78,0x6b58,0x6b58,0x737a,0x7379,0x6b58,0x6717,0x6717,0x6717,0x6717,0x62f6,0x62f6,0x62f6,0x62f6,
	0x6716,0x6717,0x6737,0x6b37,0x6737,0x6b37,0x6b37,0x6b38,0x6b38,0x6b37,0x6b37,0x6b36,0x6b56,0x6b55,0x6733,0x6312,
	0x5ef0,0x62f0,0x62f0,0x62f0,0x62f0,0x5ef0,0x5ed0,0x5ef0,0x62f1,0x62f1,0x62f1,0x62f1,0x62f1,0x62f1,0x62f1,0x62f1,
	0x6712,0x6733,0x62f1,0x5ef0,0x5ef1,0x5ef1,0x62f1,0x6712,0x6732,0x6311,0x5ef0,0x62f0,0x62f0,0x62f0,0x62f0,0x62f0,
	0x62f0,0x62f0,0x5ef0,0x62f1,0x62f1,0x62f1,0x5ef1,0x5ef3,0x6715,0x6f78,0x6f58,0x6b37,0x6b58,0x6f59,0x6f59,0x6b59,
	0x6717,0x62f6,0x62f6,0x6717,0x6b37,0x6b38,0x6b58,0x6f58,0x6737,0x6737,0x6b58,0x6b58,0x6f59,0x6738,0x62f7,0x62f7,
	0x6718,0x6717,0x62f6,0x62f6,0x62f6,0x62f6,0x6717,0x6b38,0x6b57,0x6b36,0x6f77,0x7378,0x6b36,0x6314,0x62f4,0x6715,
	0x7799,0x6f77,0x6714,0x62f3,0x6b34,0x6313,0x5ef1,0x6312,0x5ef1,0x5ef1,0x5ef1,0x5f12,0x6333,0x6733,0x6733,0x6b33,
	0x6b33,0x6733,0x6712,0x6312,0x62f2,0x62f1,0x5ef1,0x62f2,0x5ef1,0x5ef1,0x5ef1,0x5ef1,0x5ef0,0x5ef1,0x5ef1,0x5ef1,
	0x5ef1,0x62f1,0x6312,0x6311,0x5ef1,0x6312,0x6733,0x6712,0x6312,0x6312,0x62f2,0x6313,0x6734,0x6734,0x6734,0x6714,
	0x6315,0x62f5,0x62f6,0x62f6,0x62f6,0x62f6,0x62f6,0x62f6,0x62f6,0x6715,0x6316,0x62f6,0x62f6,0x62f6,0x62f6,0x6b37,
	0x6b37,0x6b36,0x6736,0x6b36,0x6716,0x6716,0x6737,0x6717,0x6b38,0x6b38,0x6b37,0x6b38,0x6717,0x6717,0x6b37,0x6716,
	0x62f6,0x62f6,0x66f7,0x6717,0x6717,0x62f6,0x62f6,0x62f6,0x62f6,0x62f6,0x62f6,0x62f6,0x62f6,0x62f6,0x62f6,0x62f6,
	0x62f6,0x6717,0x6b38,0x6b38,0x6b38,0x6737,0x6737,0x6737,0x6737,0x6737,0x62f6,0x62f6,0x6717,0x6b37,0x6b37,0x6717,
	0x6734,0x6734,0x6b55,0x6b56,0x6735,0x6314,0x6715,0x6735,0x6f57,0x6f79,0x6b58,0x6b58,0x6f59,0x6f59,0x6b59,0x6b38,
	0x6f59,0x6f79,0x6f79,0x6f79,0x737a,0x737a,0x6f59,0x6f58,0x6717,0x5ed5,0x62f6,0x62f6,0x62d6,0x62f6,0x62f7,0x62f6,
	0x6716,0x6737,0x6b37,0x6b37,0x6b37,0x6b37,0x6737,0x6737,0x6b38,0x6b58,0x6b37,0x6736,0x6b36,0x6b55,0x6734,0x6312,
	0x5ef0,0x5eef,0x5ef0,0x62f1,0x62f1,0x62f1,0x5ef0,0x5ef0,0x62f1,0x6311,0x6712,0x6712,0x62f1,0x62f1,0x62f1,0x6311,
	0x6312,0x6732,0x6312,0x62f1,0x62f1,0x5ef1,0x6311,0x6712,0x6732,0x6311,0x62f1,0x62f0,0x62f0,0x62f0,0x62f0,0x62f0,
	0x62f0,0x62f0,0x62f0,0x62f1,0x62f1,0x5ef0,0x5ef1,0x6314,0x6b57,0x6f78,0x6b37,0x6737,0x6b38,0x6b38,0x6b38,0x6b38,
	0x6717,0x62f6,0x6717,0x6717,0x6737,0x6717,0x6b37,0x6b38,0x6b37,0x6737,0x6717,0x6737,0x6b38,0x6718,0x62f7,0x62f6,
	0x6717,0x6717,0x62f6,0x62f6,0x62f6,0x62f6,0x6717,0x6717,0x6737,0x6737,0x6b37,0x6b37,0x6b37,0x6b36,0x6b36,0x6715,
	0x7377,0x6f56,0x6b35,0x6313,0x6733,0x62f2,0x5ef1,0x6313,0x6312,0x5f11,0x6312,0x6333,0x6733,0x6754,0x6b34,0x6b33,
	0x6733,0x6713,0x62f1,0x5ed1,0x5ef1,0x62f1,0x6312,0x6312,0x62f2,0x62f1,0x62f1,0x5ef1,0x5ef0,0x5ef1,0x5ef1,0x62f1,
	0x62f1,0x6312,0x6712,0x6311,0x5ef1,0x6311,0x6732,0x6733,0x6733,0x6733,0x6733,0x6733,0x6734,0x6734,0x6734,0x6714,
	0x6715,0x6715,0x62f6,0x62f6,0x62f6,0x62f6,0x62f6,0x62f5,0x62f5,0x6315,0x6315,0x62f5,0x62f5,0x62f5,0x62f6,0x6717,
	0x6b36,0x6736,0x6735,0x6736,0x6716,0x6316,0x6717,0x6717,0x6b17,0x6b38,0x6b37,0x6717,0x6717,0x6717,0x6b38,0x6717,
	0x62f6,0x62f6,0x6717,0x6717,0x6717,0x62f6,0x62f6,0x62f6,0x62f6,0x62f6,0x62f6,0x62f6,0x62f6,0x62f6,0x62f6,0x62f6,
	0x6717,0x6717,0x6717,0x6717,0x6b38,0x6b38,0x6b38,0x6b58,0x6737,0x6717,0x6716,0x6316,0x6716,0x6b37,0x6b38,0x6b37,
	0x6713,0x6734,0x6f76,0x7377,0x6b56,0x6714,0x6715,0x6b56,0x7398,0x6f79,0x6b38,0x6737,0x6738,0x6317,0x5ef6,0x6b38,
	0x737a,0x6f79,0x6f79,0x6f79,0x6f59,0x6b58,0x6b38,0x6b38,0x6717,0x62f6,0x62f6,0x62f6,0x62f6,0x6717,0x6717,0x6b37,
	0x6f58,0x6f79,0x7379,0x6f79,0x6b58,0x6737,0x6716,0x6b37,0x6f59,0x7379,0x6f58,0x6b37,0x6715,0x6314,0x6313,0x5ef1,
	0x6312,0x62f1,0x5ef1,0x62f1,0x5ed1,0x5ef1,0x62f1,0x5ef0,0x62f1,0x6311,0x6712,0x6732,0x6712,0x6311,0x6312,0x6312,
	0x5ef1,0x5ef1,0x5ef1,0x6311,0x6312,0x6312,0x6311,0x62f1,0x62f1,0x6311,0x62f1,0x62f0,0x62f0,0x62f0,0x62f0,0x62f0,
	0x62f0,0x62f0,0x62f1,0x62f1,0x62f1,0x62f1,0x6713,0x6b36,0x6736,0x6736,0x6b37,0x6b38,0x6b38,0x6b38,0x6b38,0x6717,
	0x62f6,0x62f6,0x6717,0x6716,0x6716,0x62f6,0x62f6,0x6717,0x6b38,0x6717,0x62f6,0x62f6,0x6717,0x66f7,0x62f6,0x62f6,
	0x62f6,0x62f6,0x62f6,0x62f6,0x62f6,0x6717,0x6b37,0x6b37,0x6717,0x6717,0x62f6,0x6717,0x6b37,0x6b36,0x6735,0x62f3,
	0x6733,0x6713,0x6312,0x5ef1,0x5ef1,0x5ef1,0x5ef1,0x6733,0x6733,0x6733,0x6733,0x6733,0x6733,0x6733,0x6733,0x6733,
	0x6713,0x6713,0x6713,0x6312,0x5ef1,0x5ef1,0x62f2,0x62f2,0x6713,0x6712,0x62f1,0x62f1,0x5ef0,0x5ef0,0x62f1,0x6732,
	0x6732,0x6b33,0x6733,0x6311,0x5ef1,0x5ef1,0x62f1,0x6732,0x6733,0x6733,0x6734,0x6734,0x6734,0x6734,0x6734,0x6734,
	0x6735,0x6715,0x6715,0x62f5,0x62f5,0x62f5,0x62f5,0x62f5,0x6315,0x6315,0x6314,0x6314,0x6315,0x62f5,0x62f5,0x6715,
	0x6716,0x6715,0x6715,0x6715,0x62f6,0x62f6,0x62f6,0x62f6,0x62f6,0x6717,0x6717,0x6716,0x66f6,0x6717,0x6b37,0x62f6,
	0x62f6,0x62f6,0x66f7,0x66f7,0x62f6,0x62f6,0x62f6,0x62f6,0x6717,0x6b18,0x6b17,0x6717,0x6717,0x62f6,0x62f6,0x62f6,
	0x6716,0x62f6,0x62f5,0x6717,0x6f59,0x7379,0x7379,0x6f59,0x6b38,0x6737,0x6b58,0x6b37,0x6717,0x6717,0x6b37,0x6b37,
	0x6313,0x6734,0x6f76,0x7377,0x6b56,0x6715,0x6715,0x6b56,0x7398,0x7399,0x6f59,0x6b38,0x6737,0x6317,0x62f6,0x6738,
	0x6f7a,0x6f59,0x6f59,0x6b58,0x6737,0x6b37,0x6b37,0x6737,0x6b37,0x6737,0x62f6,0x5ef5,0x62f6,0x62f6,0x62f6,0x6716,
	0x6b58,0x6f58,0x6f79,0x6f58,0x6b37,0x6716,0x6716,0x6737,0x6f58,0x6f79,0x6b58,0x6736,0x6315,0x6314,0x6314,0x5ef2,
	0x62f2,0x6313,0x5ef2,0x62f2,0x62f2,0x5ef1,0x5ef0,0x5ef0,0x5ef0,0x6311,0x62f1,0x62f1,0x6311,0x6312,0x6312,0x6312,
	0x62f1,0x5ef1,0x5ef1,0x6312,0x6732,0x6733,0x62f1,0x5ef0,0x5ef0,0x62f1,0x62f1,0x5ef0,0x62f0,0x62f0,0x62f0,0x62f0,
	0x62f0,0x62f1,0x62f1,0x62f0,0x5ef0,0x6311,0x6b34,0x6b36,0x6315,0x62f5,0x6b37,0x6b38,0x6b38,0x6b18,0x6717,0x62f6,
	0x62f6,0x62f6,0x66f6,0x62f6,0x62f6,0x62f6,0x66f6,0x6717,0x6b38,0x6717,0x62f6,0x62f6,0x62f6,0x6716,0x62f6,0x62f5,
	0x62f5,0x62f5,0x62f5,0x62f5,0x62f5,0x6716,0x6b36,0x6716,0x62f6,0x62f6,0x62f6,0x6716,0x6b36,0x6714,0x62f2,0x5ef1,
	0x6311,0x5ef0,0x5ef0,0x5ef0,0x5ed1,0x5ef1,0x6312,0x6733,0x6733,0x6733,0x6733,0x6733,0x6734,0x6713,0x6734,0x6733,
	0x6312,0x6712,0x6733,0x6733,0x6312,0x5ef1,0x5ef1,0x62f2,0x6733,0x6733,0x6312,0x6312,0x6311,0x5ef1,0x6712,0x6733,
	0x6733,0x6733,0x6733,0x6311,0x5ef1,0x5ef1,0x5ef0,0x6311,0x6712,0x6733,0x6733,0x6733,0x6733,0x6734,0x6734,0x6734,
	0x6734,0x6714,0x6715,0x6715,0x6715,0x6315,0x6315,0x6314,0x6314,0x6714,0x6714,0x6734,0x6314,0x6314,0x6315,0x6315,
	0x6715,0x6715,0x6315,0x6715,0x62f6,0x62f6,0x62f5,0x62f6,0x62f5,0x6717,0x6717,0x62f6,0x6716,0x6717,0x6717,0x62f6,
	0x62f5,0x62f6,0x62f6,0x62f6,0x62f6,0x62f6,0x62f6,0x62f6,0x6717,0x6b38,0x6b17,0x6717,0x6717,0x62f6,0x62f6,0x6717,
	0x6717,0x6316,0x6316,0x6b38,0x7379,0x6f79,0x6f59,0x6f79,0x6f58,0x6b58,0x6f59,0x6f59,0x6b38,0x6b37,0x6b37,0x6b37,
	0x6314,0x6714,0x6735,0x6b35,0x6735,0x6714,0x6715,0x6b35,0x6f57,0x6f58,0x6b58,0x6b38,0x6b38,0x6b38,0x6b38,0x6b38,
	0x6f59,0x6f59,0x6f59,0x6f59,0x6b58,0x6b37,0x6b37,0x6737,0x6b37,0x6b37,0x6717,0x6316,0x6316,0x6717,0x62f6,0x6716,
	0x6b37,0x6b37,0x6737,0x6716,0x62f5,0x6716,0x6737,0x6737,0x6737,0x6737,0x6316,0x6316,0x6716,0x6315,0x5ef3,0x5ad2,
	0x6734,0x6f76,0x6313,0x5ed2,0x62f3,0x62f2,0x5ef0,0x5ef0,0x5ef1,0x5ef1,0x5ed0,0x5ef0,0x62f1,0x62f1,0x62f1,0x6712,
	0x6712,0x62f1,0x62f1,0x62f1,0x5ef1,0x5ef0,0x5ef1,0x5ef1,0x5ef1,0x62f1,0x5ef0,0x5ef0,0x62f0,0x62f0,0x62f0,0x62f0,
	0x62f0,0x62f0,0x62f1,0x62f1,0x5ef0,0x62f1,0x6313,0x62f4,0x6315,0x6715,0x6716,0x6b17,0x66f6,0x62f6,0x62f6,0x62f6,
	0x62f6,0x6716,0x66f6,0x6715,0x6716,0x6716,0x6716,0x6b17,0x6716,0x62f6,0x62f6,0x62f6,0x66f6,0x6b37,0x6b36,0x6716,
	0x62f5,0x62f4,0x62f4,0x62f4,0x6314,0x6715,0x6714,0x62f4,0x62f5,0x66f6,0x62f5,0x62f4,0x62f3,0x5ef2,0x5ef1,0x5ef1,
	0x5ef0,0x5ef0,0x5ef0,0x5ef0,0x5ef1,0x6312,0x6732,0x6732,0x6712,0x6733,0x6733,0x6713,0x6313,0x6734,0x6713,0x62f2,
	0x62f2,0x6312,0x6733,0x6b34,0x6713,0x6312,0x62f2,0x6312,0x6733,0x6312,0x6311,0x62f1,0x5ef1,0x5ef1,0x6311,0x62f1,
	0x5ef1,0x6312,0x6312,0x6311,0x5ef1,0x5ef1,0x6311,0x6312,0x6312,0x6733,0x6733,0x6733,0x6734,0x6734,0x6734,0x6733,
	0x6733,0x6734,0x6734,0x6734,0x6715,0x6714,0x6714,0x6714,0x6714,0x6734,0x6734,0x6733,0x6734,0x6734,0x6715,0x6315,
	0x6315,0x6315,0x6315,0x62f6,0x62f6,0x62f6,0x62f6,0x62f6,0x62f6,0x6717,0x6717,0x62f6,0x6716,0x6717,0x6716,0x62f6,
	0x62f6,0x62f6,0x62f6,0x62f6,0x62f6,0x66f6,0x6717,0x6b17,0x6b38,0x6b17,0x6717,0x62f6,0x62f6,0x6316,0x6717,0x6b38,
	0x6b37,0x6737,0x6b37,0x6f59,0x6f59,0x6b37,0x6b38,0x6f79,0x6f79,0x6f79,0x6f58,0x6f59,0x6f59,0x6f58,0x6b38,0x6b37,
	0x6315,0x6314,0x6715,0x6314,0x6314,0x6314,0x6714,0x6735,0x6b36,0x6b37,0x6316,0x6716,0x6b38,0x6f59,0x6f59,0x6f59,
	0x6f5a,0x737a,0x737a,0x737a,0x7379,0x6b38,0x6b37,0x6b38,0x6b37,0x6b37,0x6b38,0x6b38,0x6b38,0x6b38,0x6717,0x6717,
	0x6b37,0x6737,0x6716,0x62f6,0x62f6,0x6717,0x6b38,0x6b37,0x6b37,0x6737,0x62f6,0x6315,0x6315,0x62f4,0x5ef3,0x5ef3,
	0x6b55,0x7398,0x6715,0x62f3,0x6f57,0x6b34,0x5ef1,0x5ef1,0x5ef1,0x5ef0,0x5ef0,0x6311,0x6311,0x5ef1,0x5ef0,0x6712,
	0x6b33,0x6733,0x6733,0x6733,0x6312,0x5ef1,0x5ef1,0x5ef1,0x5ef1,0x5ef0,0x5ef0,0x5ef0,0x5ef0,0x5ef0,0x5ef0,0x5ef0,
	0x5ef1,0x5ef0,0x5ef1,0x62f1,0x62f1,0x5ed0,0x5ef1,0x5ef3,0x5ef4,0x62f5,0x62f5,0x66f6,0x62f6,0x62f6,0x62f6,0x62f6,
	0x62f6,0x66f6,0x6315,0x6715,0x6716,0x6715,0x6716,0x6716,0x66f6,0x62f5,0x62f6,0x62f6,0x6716,0x6b36,0x6b36,0x6715,
	0x62f4,0x5ed3,0x62f3,0x6314,0x62f3,0x6313,0x62f3,0x5ef3,0x6314,0x62f4,0x62f3,0x5ef3,0x5ef2,0x5ef2,0x5ef1,0x62f1,
	0x5ef0,0x5ef0,0x6310,0x62f0,0x62f1,0x6712,0x6712,0x6311,0x62f1,0x6732,0x6733,0x6312,0x5ef2,0x6713,0x6313,0x5ef1,
	0x6312,0x6733,0x6b34,0x6b34,0x6733,0x6733,0x6713,0x6733,0x6733,0x6312,0x5ef1,0x5ef1,0x5ef0,0x5ef1,0x5ef1,0x5ef1,
	0x5ef1,0x62f1,0x6312,0x6311,0x5ef1,0x62f1,0x6732,0x6733,0x6733,0x6733,0x6733,0x6734,0x6734,0x6734,0x6733,0x6733,
	0x6733,0x6733,0x6734,0x6734,0x6734,0x6734,0x6734,0x6734,0x6734,0x6734,0x6733,0x6733,0x6734,0x6734,0x6715,0x6315,
	0x62f5,0x6315,0x62f5,0x62f6,0x62f6,0x62d6,0x62f6,0x62f6,0x62f6,0x6716,0x62f6,0x62f6,0x62f6,0x66f6,0x62f6,0x62f6,
	0x62f6,0x62f6,0x62f6,0x62f6,0x62f6,0x6716,0x6717,0x6b38,0x6b38,0x6b17,0x6716,0x62f6,0x6716,0x6717,0x6b37,0x6b37,
	0x6737,0x6717,0x6b37,0x6f58,0x6b58,0x6737,0x6b58,0x6f79,0x7379,0x6f59,0x6b38,0x6b58,0x6f58,0x6b38,0x6b37,0x6b38,
	0x6735,0x6315,0x6735,0x6715,0x6314,0x6314,0x6714,0x6715,0x6735,0x6736,0x6316,0x6316,0x6b38,0x6b58,0x6f59,0x737a,
	0x737a,0x737a,0x6f5a,0x737a,0x6f59,0x6b38,0x6b37,0x6b37,0x6b38,0x6b38,0x6717,0x6b38,0x6b38,0x6b37,0x6716,0x62f5,
	0x62f5,0x62f6,0x6716,0x6b37,0x6b37,0x6b38,0x6b38,0x6737,0x6b38,0x6b38,0x6316,0x62f5,0x6315,0x6315,0x6736,0x6f77,
	0x7398,0x7398,0x6b36,0x62f4,0x6f57,0x6b55,0x6311,0x5ef0,0x5ef1,0x5ef0,0x62f1,0x6733,0x6732,0x6311,0x62f1,0x6312,
	0x6733,0x6733,0x6733,0x6733,0x6712,0x62f1,0x62f1,0x5ef1,0x5ef0,0x5ef0,0x62f1,0x62f1,0x5ef0,0x5ef0,0x5ef0,0x5ef0,
	0x5ef1,0x5ef0,0x62f1,0x6712,0x6712,0x62f1,0x62f2,0x5ef3,0x5ad3,0x5ed4,0x62f4,0x62f5,0x62f6,0x62f6,0x62f5,0x62f5,
	0x62f5,0x62f5,0x6314,0x6715,0x6715,0x5ef4,0x5ef4,0x6315,0x6715,0x62f5,0x62f5,0x66f6,0x6716,0x6715,0x6714,0x62f3,
	0x5ed2,0x5ed2,0x5ed2,0x5ed2,0x5ed2,0x5ef1,0x5ed1,0x5ed1,0x62f2,0x5ad1,0x5ed2,0x6313,0x6313,0x6312,0x6312,0x6312,
	0x5ef1,0x5ef1,0x62f1,0x5ef1,0x62f1,0x6311,0x6311,0x62f0,0x5ef0,0x6312,0x6712,0x62f2,0x5ef2,0x6313,0x6733,0x6733,
	0x6733,0x6733,0x6713,0x6713,0x6733,0x6733,0x6733,0x6b34,0x6713,0x6713,0x6312,0x6312,0x6312,0x6712,0x6312,0x5ef1,
	0x5ef1,0x6312,0x6712,0x6312,0x62f1,0x6312,0x6733,0x6b33,0x6733,0x6733,0x6734,0x6734,0x6734,0x6734,0x6733,0x6733,
	0x6733,0x6733,0x6733,0x6734,0x6734,0x6734,0x6734,0x6734,0x6733,0x6733,0x6733,0x6333,0x6334,0x6735,0x6715,0x62f5,
	0x62f5,0x62f5,0x62f5,0x62f6,0x62f6,0x62d6,0x62f6,0x62f6,0x62f6,0x6716,0x62f6,0x62f5,0x62f6,0x62f6,0x62f6,0x62f6,
	0x62f6,0x62f6,0x62f6,0x62f6,0x62f6,0x66f6,0x62f6,0x62f6,0x6717,0x6717,0x62f6,0x6716,0x6737,0x6b38,0x6b37,0x6716,
	0x6316,0x6716,0x6b37,0x6b58,0x6b37,0x6716,0x6b37,0x6f59,0x6f59,0x6b38,0x6737,0x6b38,0x6b37,0x6717,0x6737,0x6f58,
	0x6737,0x6736,0x6315,0x6715,0x6715,0x6715,0x6714,0x6715,0x6715,0x6315,0x62f5,0x62f5,0x6716,0x6737,0x6b38,0x6f59,
	0x6f59,0x6b38,0x6717,0x6717,0x6b38,0x6b37,0x6b37,0x6717,0x6717,0x6b18,0x6717,0x6b18,0x6b38,0x6717,0x66f6,0x62f6,
	0x62f6,0x62f6,0x62f6,0x6717,0x6717,0x6717,0x6717,0x62f6,0x6717,0x6717,0x6315,0x6315,0x6315,0x6315,0x6b35,0x6f76,
	0x6b56,0x6b56,0x6b35,0x6314,0x6b36,0x6b34,0x6311,0x5ef0,0x5ef1,0x5ef1,0x6712,0x6733,0x6733,0x6733,0x6713,0x6733,
	0x6733,0x6733,0x6733,0x6733,0x6733,0x6732,0x6312,0x62f1,0x5ef1,0x6311,0x6732,0x6712,0x62f1,0x5ef0,0x5ef0,0x5ef0,
	0x5ef1,0x62f1,0x6312,0x6733,0x6b33,0x6733,0x6312,0x5ef2,0x6314,0x6314,0x5ef3,0x62f4,0x6715,0x62f5,0x62f4,0x62f5,
	0x6315,0x62f4,0x6314,0x6714,0x6314,0x5ef3,0x5ed2,0x62f3,0x6314,0x62f4,0x5ed3,0x62f4,0x62f4,0x62f3,0x62f3,0x5ed2,
	0x5ed2,0x5ef2,0x5ef2,0x5ed1,0x5ef1,0x5ef1,0x5ef1,0x6312,0x6712,0x5ef1,0x6311,0x6312,0x62f1,0x6312,0x6713,0x6733,
	0x62f2,0x5ef1,0x5ed1,0x5ef1,0x6311,0x6311,0x62f1,0x62f0,0x62f1,0x62f1,0x62f1,0x6312,0x6713,0x6734,0x6734,0x6733,
	0x6733,0x6733,0x6733,0x6734,0x6733,0x6733,0x6733,0x6733,0x6713,0x6733,0x6733,0x6712,0x6733,0x6733,0x6713,0x5ef1,
	0x5ef1,0x6312,0x6733,0x6733,0x6733,0x6733,0x6733,0x6733,0x6733,0x6733,0x6733,0x6733,0x6733,0x6733,0x6733,0x6733,
	0x6733,0x6733,0x6733,0x6733,0x6734,0x6734,0x6734,0x6714,0x6734,0x6734,0x6734,0x6734,0x6735,0x6736,0x6737,0x6716,
	0x62f5,0x62f5,0x62f5,0x62f6,0x62f6,0x62f7,0x62f6,0x62f6,0x6717,0x6717,0x6717,0x62f6,0x62f6,0x62f6,0x62f6,0x62f6,
	0x62f6,0x62f6,0x62f6,0x62f6,0x62f6,0x62f6,0x62f6,0x66f6,0x6b37,0x6b17,0x6717,0x6717,0x6b37,0x6b37,0x6717,0x62f6,
	0x62f5,0x6316,0x6716,0x6b37,0x6b37,0x6b37,0x6f58,0x6f58,0x6b58,0x6737,0x6737,0x6b38,0x6b37,0x6b37,0x6b38,0x6f58,
	0x6737,0x6b57,0x6736,0x6736,0x6736,0x6315,0x6314,0x6715,0x6715,0x62f5,0x62f5,0x62f5,0x62f5,0x6716,0x6b37,0x6717,
	0x6717,0x62f6,0x62f6,0x62f6,0x6717,0x66f6,0x6b17,0x6717,0x62d6,0x66f7,0x6717,0x6717,0x6b17,0x6716,0x62f6,0x62f6,
	0x62f6,0x62f6,0x62f6,0x62f6,0x62d6,0x62f6,0x62f6,0x62f6,0x62f6,0x62f5,0x6315,0x6334,0x6734,0x6314,0x6314,0x5ef2,
	0x5ef2,0x6734,0x6b35,0x6314,0x5ef3,0x5ef1,0x5ef1,0x5ef0,0x5ef1,0x6312,0x6733,0x6733,0x6733,0x6733,0x6733,0x6733,
	0x6733,0x6733,0x6733,0x6733,0x6733,0x6733,0x6733,0x6312,0x62f1,0x6733,0x6b33,0x6732,0x6712,0x5ef1,0x5ef0,0x5ef0,
	0x5ef1,0x62f1,0x6732,0x6b33,0x6b33,0x6733,0x6733,0x6713,0x6734,0x6714,0x6714,0x6715,0x6715,0x62f4,0x5ed2,0x5ed3,
	0x6314,0x62f3,0x5ef2,0x6312,0x6713,0x6713,0x62f3,0x5ed2,0x5ef2,0x5ed3,0x5ed2,0x5ed2,0x5ed2,0x5ed2,0x5ed2,0x5ed1,
	0x5ed1,0x6713,0x6312,0x5ef1,0x5ef1,0x5ef1,0x6311,0x6732,0x6732,0x6311,0x5ef1,0x5ef1,0x5ef1,0x5ef1,0x62f1,0x6733,
	0x6733,0x6312,0x5ed1,0x5ef1,0x62f0,0x62f1,0x62f0,0x5ef0,0x62f1,0x5ef1,0x5ef1,0x6312,0x6b34,0x6734,0x6733,0x6733,
	0x6733,0x6733,0x6733,0x6733,0x6733,0x6733,0x6733,0x6733,0x6733,0x6733,0x6733,0x6733,0x6733,0x6b33,0x6733,0x6312,
	0x5ef1,0x6312,0x6733,0x6733,0x6733,0x6733,0x6733,0x6733,0x6733,0x6733,0x6733,0x6733,0x6733,0x6733,0x6733,0x6733,
	0x6733,0x6733,0x6733,0x6734,0x6734,0x6734,0x6734,0x6714,0x6734,0x6734,0x6314,0x6715,0x6b37,0x6b37,0x6b38,0x6b18,
	0x6716,0x62f6,0x62f6,0x62f5,0x66f6,0x6b18,0x6717,0x6717,0x6b17,0x6b38,0x6b38,0x6717,0x6717,0x6b17,0x6717,0x62f6,
	0x62f5,0x62f6,0x62f6,0x66f6,0x6717,0x6716,0x62f6,0x6716,0x6b37,0x6b38,0x6b37,0x6717,0x6b37,0x6b37,0x6717,0x6316,
	0x6716,0x6737,0x6716,0x6737,0x6b37,0x6f58,0x6f58,0x6f58,0x6b37,0x6b37,0x6b37,0x6b37,0x6b37,0x6b37,0x6b37,0x6b37,
	0x6b58,0x6f58,0x6b57,0x6737,0x6b36,0x6736,0x6735,0x6715,0x6715,0x6715,0x6315,0x62f5,0x62f5,0x6716,0x6b37,0x6716,
	0x6716,0x62f6,0x62f6,0x62f6,0x62f6,0x62f6,0x6717,0x66f7,0x62f6,0x62f7,0x62f6,0x66f7,0x6717,0x62f6,0x62f5,0x62f6,
	0x62f6,0x62f6,0x62f7,0x62f7,0x62f7,0x62f6,0x66f7,0x6717,0x6716,0x62f5,0x6314,0x6734,0x6734,0x6734,0x6734,0x5ef2,
	0x5f13,0x6734,0x6734,0x6314,0x6314,0x6312,0x5ef1,0x5ef1,0x62f1,0x6312,0x6733,0x6712,0x6312,0x6312,0x6713,0x6733,
	0x6733,0x6733,0x6733,0x6733,0x6733,0x6733,0x6733,0x6733,0x6712,0x6712,0x6712,0x6732,0x6712,0x6311,0x62f1,0x62f1,
	0x5ef1,0x62f1,0x6733,0x6b33,0x6712,0x6713,0x6733,0x6734,0x6734,0x6733,0x6734,0x6734,0x6734,0x6714,0x62f3,0x5ef2,
	0x5ef2,0x5ef2,0x5ef1,0x6312,0x6733,0x6733,0x6713,0x6713,0x6713,0x62f3,0x5ef2,0x62f3,0x6713,0x6313,0x5ef1,0x5ed1,
	0x62f2,0x6733,0x6312,0x62f1,0x5ef1,0x62f1,0x6311,0x6312,0x6311,0x62f1,0x62f1,0x6312,0x6732,0x6712,0x6712,0x6733,
	0x6733,0x6312,0x62f2,0x62f1,0x5ef0,0x62f1,0x62f1,0x5ef0,0x62f1,0x5ef1,0x5ef1,0x6312,0x6734,0x6734,0x6733,0x6733,
	0x6733,0x6733,0x6733,0x6733,0x6733,0x6733,0x6733,0x6733,0x6733,0x6733,0x6733,0x6733,0x6733,0x6713,0x6713,0x6713,
	0x6312,0x6312,0x6312,0x6713,0x6733,0x6733,0x6733,0x6733,0x6733,0x6733,0x6733,0x6733,0x6733,0x6733,0x6733,0x6733,
	0x6733,0x6733,0x6734,0x6734,0x6734,0x6714,0x6714,0x6735,0x6735,0x6735,0x6715,0x6715,0x6717,0x6717,0x66f7,0x66f7,
	0x62f6,0x62f6,0x62f6,0x62f6,0x6717,0x6717,0x6717,0x6717,0x6717,0x6b17,0x6b38,0x6b37,0x6b17,0x6b38,0x6b38,0x6717,
	0x6716,0x6717,0x6717,0x6717,0x6b38,0x6717,0x62f6,0x66f6,0x6717,0x6b17,0x6b37,0x6b38,0x6717,0x6716,0x62f6,0x62f6,
	0x6716,0x6737,0x6716,0x6737,0x6b37,0x6b57,0x6b58,0x6b38,0x6b37,0x6b37,0x6b37,0x6b37,0x6b37,0x6b37,0x6b37,0x6b38,
	0x6f79,0x6f79,0x6b58,0x6b57,0x6b37,0x6737,0x6b36,0x6736,0x6736,0x6715,0x6715,0x62f5,0x6315,0x6715,0x6715,0x6715,
	0x6715,0x62f5,0x62f5,0x62f6,0x62f5,0x62f5,0x62f6,0x62f6,0x62f6,0x62f6,0x62f6,0x6717,0x6b37,0x6716,0x66f6,0x62f6,
	0x62f6,0x62f6,0x62f6,0x66f7,0x66f7,0x66f7,0x6b17,0x6b38,0x6b37,0x6716,0x6714,0x6734,0x6733,0x6734,0x6734,0x6313,
	0x5ef2,0x6313,0x6734,0x6734,0x6734,0x6312,0x5ef1,0x5ef1,0x5ef1,0x6311,0x62f1,0x6312,0x5ef1,0x5ef1,0x6312,0x6733,
	0x6733,0x6733,0x6733,0x6733,0x6713,0x6312,0x6311,0x6732,0x6712,0x62f1,0x62f1,0x6312,0x62f1,0x62f1,0x6312,0x6312,
	0x5ef1,0x62f1,0x6712,0x6712,0x62f1,0x6312,0x6733,0x6733,0x6312,0x5ef1,0x6312,0x6713,0x6734,0x6734,0x6734,0x62f2,
	0x5ed1,0x5ef1,0x6311,0x6732,0x6733,0x6733,0x6733,0x6b54,0x6b34,0x6313,0x62f2,0x6313,0x6b34,0x6733,0x62f2,0x5ef1,
	0x6312,0x6713,0x62f1,0x5ef1,0x62f1,0x6312,0x6732,0x6312,0x62f2,0x62f2,0x6713,0x6734,0x6b34,0x6733,0x6312,0x6311,
	0x5f11,0x5ef1,0x6311,0x6311,0x62f1,0x5ef1,0x5ef0,0x5ed0,0x5ef0,0x5ef1,0x62f2,0x6313,0x6734,0x6734,0x6734,0x6733,
	0x6733,0x6733,0x6733,0x6733,0x6733,0x6733,0x6733,0x6733,0x6733,0x6733,0x6733,0x6733,0x6313,0x6312,0x6312,0x6733,
	0x6733,0x6313,0x5ef2,0x62f2,0x6713,0x6713,0x6733,0x6734,0x6734,0x6733,0x6733,0x6733,0x6733,0x6733,0x6733,0x6734,
	0x6734,0x6734,0x6734,0x6714,0x6714,0x6314,0x6714,0x6b35,0x6b36,0x6735,0x6715,0x62f5,0x62f6,0x62f7,0x62d7,0x62d7,
	0x62f7,0x62f6,0x62f6,0x6716,0x6717,0x62f6,0x66f6,0x66f6,0x66f6,0x6717,0x6b38,0x6b38,0x6b38,0x6b17,0x6b17,0x6717,
	0x6716,0x6b37,0x6b38,0x6717,0x6b37,0x6717,0x62f6,0x62f6,0x62f6,0x6717,0x6717,0x6b38,0x6316,0x62f5,0x62f5,0x6316,
	0x6717,0x6b37,0x6717,0x6b37,0x6737,0x6737,0x6b37,0x6b37,0x6b37,0x6b37,0x6b38,0x6b37,0x6b37,0x6b37,0x6737,0x6b38,
	0x6f59,0x6f79,0x6f79,0x6b58,0x6737,0x6737,0x6737,0x6b37,0x6736,0x6715,0x6715,0x6715,0x6715,0x6715,0x6314,0x6314,
	0x6315,0x6315,0x6315,0x62f5,0x6715,0x62f5,0x62f5,0x62f6,0x62f6,0x62f6,0x66f6,0x6717,0x6b37,0x6b36,0x6716,0x6715,
	0x62f5,0x62f5,0x62f6,0x62f6,0x66f6,0x66f6,0x6b17,0x6b37,0x6b36,0x6735,0x6734,0x6733,0x6733,0x6733,0x6733,0x6312,
	0x5ef2,0x6312,0x6734,0x6734,0x6713,0x6312,0x5ef1,0x5ef1,0x5ef1,0x5ef1,0x5ef1,0x6312,0x6312,0x6312,0x62f2,0x6312,
	0x6733,0x6733,0x6713,0x6312,0x62f2,0x5ef1,0x5ef1,0x62f1,0x62f1,0x62f1,0x5ef1,0x5ef1,0x5ef1,0x6311,0x6312,0x6312,
	0x62f1,0x5ef1,0x5ef1,0x62f1,0x5ef1,0x62f1,0x6312,0x6732,0x6712,0x6312,0x6712,0x6713,0x6713,0x6733,0x6b34,0x6312,
	0x5ef1,0x6312,0x6733,0x6733,0x6733,0x6733,0x6733,0x6733,0x6733,0x6312,0x62f2,0x6312,0x6733,0x6733,0x6733,0x6713,
	0x6733,0x6713,0x62f2,0x5ef1,0x6312,0x6733,0x6733,0x6733,0x6713,0x6714,0x6714,0x6734,0x6734,0x6733,0x6733,0x6312,
	0x6311,0x5f11,0x5f11,0x5ef1,0x5ef1,0x62f1,0x62f1,0x5ef1,0x6312,0x6712,0x6733,0x6733,0x6734,0x6734,0x6734,0x6733,
	0x6733,0x6733,0x6733,0x6733,0x6733,0x6733,0x6733,0x6733,0x6733,0x6733,0x6733,0x6733,0x6713,0x6313,0x6313,0x6733,
	0x6733,0x6313,0x62f2,0x6312,0x6713,0x6713,0x6734,0x6734,0x6734,0x6733,0x6733,0x6733,0x6733,0x6733,0x6733,0x6734,
	0x6734,0x6734,0x6734,0x6714,0x6714,0x6314,0x6715,0x6735,0x6735,0x6715,0x62f5,0x62f5,0x62d6,0x62d7,0x62d7,0x62d7,
	0x62f7,0x62f6,0x62f6,0x6716,0x66f6,0x62f6,0x62f6,0x62f6,0x62f6,0x6717,0x6b38,0x6b38,0x6717,0x66f6,0x6717,0x66f6,
	0x62f6,0x6b38,0x6b17,0x62f6,0x6717,0x6717,0x62f6,0x62f6,0x62f6,0x62f6,0x66f6,0x6717,0x62f6,0x62f6,0x6716,0x6717,
	0x6b37,0x6b38,0x6b37,0x6b37,0x6b37,0x6737,0x6b37,0x6b37,0x6b37,0x6b37,0x6b37,0x6b37,0x6b37,0x6b37,0x6b37,0x6b58,
	0x6737,0x6b58,0x6b79,0x6737,0x6316,0x6316,0x6737,0x6737,0x6736,0x6315,0x6735,0x6314,0x6314,0x6314,0x6314,0x6314,
	0x6314,0x6314,0x6315,0x6315,0x6315,0x6315,0x5ef4,0x62f5,0x62f5,0x5ef5,0x62f5,0x6315,0x6715,0x6315,0x6314,0x6315,
	0x62f4,0x5ef4,0x5ef5,0x5ef5,0x62f5,0x62f5,0x6315,0x6315,0x6314,0x6314,0x6313,0x6333,0x6313,0x6313,0x6312,0x5ef2,
	0x6312,0x6313,0x6313,0x6333,0x6333,0x5f12,0x5ef1,0x5ef1,0x5ef1,0x5ef1,0x5ef1,0x6312,0x6733,0x6312,0x5ef1,0x5ef1,
	0x6312,0x6313,0x6312,0x5ef2,0x5ef1,0x5af1,0x5ef1,0x5ef1,0x5ef1,0x5ef1,0x5ef1,0x5ef1,0x6311,0x6312,0x5f11,0x5ef1,
	0x5ef1,0x5ad0,0x5ad0,0x5af1,0x5ef1,0x5ef1,0x5ef1,0x5ad0,0x5f11,0x6312,0x6312,0x5ef1,0x5ef2,0x6713,0x6313,0x62f2,
	0x5f11,0x6312,0x6733,0x6733,0x6333,0x6733,0x6313,0x6312,0x6312,0x6312,0x6312,0x6312,0x6312,0x6733,0x6733,0x6733,
	0x6333,0x6733,0x6312,0x6313,0x6333,0x6333,0x6733,0x6733,0x6714,0x6714,0x6714,0x6714,0x6313,0x6333,0x6333,0x6333,
	0x6312,0x5f11,0x5af1,0x5ef1,0x62f2,0x6312,0x6312,0x5ef1,0x5f12,0x6333,0x6733,0x6734,0x6334,0x6314,0x6313,0x6313,
	0x6313,0x6333,0x6333,0x6333,0x6333,0x6313,0x6333,0x6333,0x6333,0x6333,0x6333,0x6333,0x6333,0x6313,0x6313,0x6333,
	0x6333,0x6333,0x6313,0x6313,0x6313,0x6313,0x6713,0x6734,0x6734,0x6733,0x6713,0x6713,0x6733,0x6733,0x6713,0x6313,
	0x6314,0x6314,0x6314,0x6314,0x6314,0x6314,0x6314,0x6314,0x6314,0x62f4,0x62f5,0x62f5,0x5ef5,0x5ed6,0x5ed6,0x5ed6,
	0x5ed6,0x5ed6,0x5ef5,0x62f5,0x62f5,0x5ef5,0x5ef5,0x5ef5,0x62f6,0x6717,0x6717,0x62f6,0x5ed5,0x62f6,0x6717,0x6717,
	0x6717,0x6737,0x6317,0x62f6,0x6316,0x6717,0x62f6,0x5ef6,0x5ed5,0x5ed5,0x62f6,0x62f6,0x5ef5,0x62f6,0x6317,0x6317,
	0x6717,0x6737,0x6737,0x6737,0x6737,0x6737,0x6737,0x6737,0x6b37,0x6737,0x6737,0x6737,0x6737,0x6737,0x6737,0x6b58,
	0x264d,0x2a8e,0x2eaf,0x2a8e,0x264d,0x224c,0x266d,0x268e,0x2a8e,0x2a8e,0x2a8e,0x2a8e,0x2a8d,0x2a6d,0x224b,0x1e2b,
	0x264c,0x264c,0x222b,0x1e2b,0x1e2b,0x1e2a,0x1e0a,0x224c,0x266d,0x266d,0x266d,0x266d,0x266d,0x266c,0x266d,0x266d,
	0x224c,0x266d,0x2a6e,0x224c,0x264d,0x2a8e,0x2a8e,0x2a8e,0x2a8e,0x266c,0x1e0a,0x1e0a,0x1e0a,0x1e09,0x1e09,0x1e0a,
	0x222b,0x2a6d,0x2a8d,0x2a8d,0x2a8d,0x2a8d,0x2a8d,0x2a8d,0x2a6c,0x2a6d,0x2a6d,0x266c,0x2a6c,0x2a8d,0x266c,0x266c,
	0x2a8d,0x2a8d,0x268d,0x2a8d,0x226c,0x1e4b,0x266c,0x266c,0x224b,0x266c,0x2a6d,0x224b,0x1e2a,0x264c,0x266c,0x2a6d,
	0x266c,0x266c,0x224b,0x1e2a,0x1e2a,0x222b,0x266c,0x2a6d,0x2a8d,0x2a8e,0x2a8d,0x2a8d,0x268d,0x2a8d,0x2eae,0x2a8d,
	0x2a8d,0x264c,0x264c,0x266c,0x266c,0x224b,0x1e2a,0x224b,0x266c,0x266c,0x224b,0x266d,0x2a8d,0x2a8d,0x2a8e,0x2a8e,
	0x2a8d,0x2a8e,0x2a8e,0x2a8e,0x266d,0x224b,0x224c,0x2a8d,0x2a8e,0x2a8d,0x224c,0x1e2b,0x224c,0x2a8d,0x2a8e,0x2a8d,
	0x2a8d,0x266c,0x224b,0x224b,0x2a6c,0x2a8d,0x2a6c,0x264c,0x264c,0x266c,0x2a6d,0x2a6d,0x2a8d,0x266d,0x266c,0x266d,
	0x266d,0x2a8d,0x2a8e,0x2e8e,0x2a8d,0x266c,0x266c,0x266d,0x266d,0x266c,0x224c,0x224b,0x224c,0x224b,0x222b,0x266c,
	0x2a8d,0x2e8e,0x2e8e,0x2e8e,0x2a8d,0x266d,0x2a8d,0x2a8e,0x2a8e,0x266c,0x224b,0x224b,0x224c,0x266d,0x2a6d,0x266c,
	0x2a6d,0x2a8e,0x2a8e,0x2a8e,0x2a8e,0x2a8d,0x266d,0x266d,0x2a8d,0x2a6d,0x266d,0x224c,0x224c,0x2a8e,0x264d,0x1e2b,
	0x1e2b,0x1e2c,0x266d,0x266d,0x266d,0x266d,0x2a6e,0x2a6d,0x266d,0x266d,0x266d,0x266d,0x266d,0x266e,0x2a8e,0x266d,
	0x224c,0x224d,0x224c,0x224c,0x224c,0x266d,0x266d,0x224c,0x224c,0x266d,0x2a6e,0x2a8e,0x2a8e,0x2a8e,0x2a8e,0x2a8f,
	0x2a8e,0x2a8e,0x2a8f,0x2aaf,0x2a8f,0x268e,0x266e,0x2a8e,0x2a8e,0x2a8e,0x2a8f,0x2a8e,0x266d,0x2a8e,0x2a8e,0x2a8e,
	0x0e09,0x164b,0x1a6c,0x164b,0x124b,0x122a,0x122a,0x166c,0x1a8c,0x1a6c,0x166c,0x164b,0x124b,0x122a,0x0e09,0x09e8,
	0x122a,0x122a,0x0e09,0x0e09,0x05c7,0x05c7,0x05c7,0x0e09,0x122a,0x164b,0x164b,0x124b,0x124b,0x122a,0x122a,0x0e09,
	0x09e8,0x122a,0x164b,0x164b,0x164b,0x1a6c,0x164b,0x122a,0x164b,0x122a,0x05c7,0x05c7,0x09c7,0x09a7,0x09a7,0x09c7,
	0x0e09,0x164b,0x166c,0x166b,0x166b,0x166c,0x1a6c,0x166b,0x122a,0x164b,0x164b,0x0e09,0x122a,0x164b,0x0e09,0x0e2a,
	0x164b,0x122a,0x122a,0x166c,0x0e2a,0x09e8,0x122a,0x124b,0x0e09,0x0e09,0x122a,0x0e09,0x0e09,0x0e09,0x122a,0x124b,
	0x164b,0x124a,0x0e09,0x09c8,0x09e8,0x09e8,0x122a,0x164b,0x1a6c,0x1a6c,0x1a6c,0x1a6c,0x164b,0x166b,0x1a8c,0x1a6c,
	0x166b,0x0e2a,0x0e09,0x122a,0x0e0a,0x09e8,0x09e8,0x0e09,0x122a,0x0e29,0x05e8,0x124a,0x166b,0x166c,0x166c,0x166b,
	0x124b,0x166c,0x1a6c,0x1a6c,0x124b,0x0a09,0x09e8,0x122a,0x164b,0x164b,0x0e08,0x05c7,0x0a09,0x164b,0x1a6c,0x1a6c,
	0x166b,0x164b,0x0e09,0x0e09,0x1229,0x122a,0x122a,0x0e09,0x0e09,0x120a,0x122a,0x124a,0x164b,0x124b,0x124b,0x164b,
	0x164b,0x166b,0x166c,0x1a6c,0x164b,0x0e09,0x0e09,0x0e09,0x0e09,0x124b,0x124b,0x122a,0x122a,0x0e09,0x09e8,0x1209,
	0x162a,0x164b,0x164b,0x1a6c,0x1a6c,0x166c,0x164b,0x164b,0x124a,0x0e09,0x0a08,0x0a09,0x0e09,0x122a,0x164b,0x164b,
	0x164b,0x164b,0x164b,0x164b,0x166b,0x166b,0x0e29,0x0e29,0x164b,0x164b,0x0e29,0x05e8,0x05e8,0x164b,0x122a,0x0e09,
	0x0e09,0x0e29,0x122a,0x122a,0x122a,0x0e2a,0x122a,0x124a,0x124a,0x124a,0x124a,0x122a,0x122a,0x124a,0x124b,0x0a09,
	0x09e8,0x09e8,0x05e8,0x0a08,0x0e29,0x0e09,0x122a,0x124b,0x164b,0x164b,0x164b,0x164b,0x164b,0x164b,0x164b,0x166c,
	0x166b,0x124b,0x166c,0x166c,0x166c,0x166b,0x164b,0x166c,0x164b,0x124b,0x166c,0x122a,0x0e09,0x164b,0x166b,0x164b,
	0x0e09,0x164b,0x1a6c,0x1a6c,0x164b,0x124b,0x124b,0x166c,0x1a6c,0x1a6c,0x166c,0x124a,0x0e09,0x0e09,0x0e09,0x0e09,
	0x1a4b,0x1a6c,0x1a6c,0x164b,0x09e8,0x09c7,0x09c7,0x0e09,0x162b,0x164b,0x164b,0x164b,0x1a4b,0x1a6c,0x122a,0x0e09,
	0x09e8,0x122a,0x1a6c,0x1a6c,0x1a6c,0x1a6c,0x122a,0x0e09,0x164b,0x122a,0x09c7,0x09c8,0x11e8,0x0dc7,0x0dc7,0x122a,
	0x164b,0x164b,0x166b,0x166b,0x166b,0x166c,0x1a6c,0x164b,0x122a,0x164b,0x164b,0x0e09,0x1229,0x164b,0x122a,0x164b,
	0x164b,0x0e09,0x0e09,0x1a6c,0x122a,0x09e8,0x122a,0x164b,0x0e09,0x0e09,0x0e09,0x164b,0x164b,0x0e09,0x0e09,0x0e09,
	0x124a,0x164b,0x1209,0x0de8,0x09e8,0x09c7,0x09e8,0x122a,0x1a6c,0x1a6c,0x1a6c,0x1a6c,0x164b,0x166c,0x1a8c,0x1a6c,
	0x166b,0x122a,0x0e09,0x0e09,0x0de9,0x0de8,0x0e09,0x122a,0x164b,0x0e09,0x09e8,0x124b,0x166c,0x166c,0x166c,0x124b,
	0x122a,0x166c,0x1a6c,0x1a6c,0x166b,0x0e09,0x09e8,0x09e8,0x0e09,0x1209,0x0de8,0x09e7,0x0e09,0x164b,0x1a4b,0x1a4b,
	0x164b,0x162b,0x122a,0x1209,0x0de8,0x09e8,0x09e8,0x09c8,0x0de8,0x122a,0x164b,0x1a6b,0x1a6c,0x164b,0x164b,0x166c,
	0x166c,0x166c,0x164b,0x164b,0x164b,0x120a,0x0e09,0x09e8,0x09e8,0x162b,0x1a6c,0x1a6c,0x162a,0x122a,0x122a,0x0de8,
	0x09e8,0x09e8,0x0e09,0x162a,0x1a4b,0x1a6c,0x122a,0x0e09,0x09e8,0x09e8,0x0a09,0x122a,0x122a,0x122a,0x122a,0x0e09,
	0x0e09,0x0e09,0x0e09,0x122a,0x164b,0x164b,0x0e09,0x1209,0x1a6b,0x164b,0x0e09,0x05c7,0x05c7,0x122a,0x164b,0x164b,
	0x164b,0x164b,0x164b,0x164b,0x164b,0x0e09,0x0e09,0x122a,0x122a,0x0e09,0x0e29,0x0e09,0x0e09,0x122a,0x122a,0x0e09,
	0x0e09,0x122a,0x0a08,0x0e09,0x0e29,0x0a09,0x124b,0x166c,0x1a6c,0x1a6c,0x164b,0x122a,0x164b,0x164b,0x124b,0x122a,
	0x164b,0x1a6c,0x166c,0x166c,0x124b,0x0e09,0x0e09,0x122a,0x164b,0x164b,0x166b,0x122a,0x0e09,0x164b,0x164b,0x162a,
	0x0e09,0x164b,0x166c,0x166c,0x166c,0x164b,0x124b,0x166c,0x1a6c,0x1a6c,0x166c,0x0e2a,0x0a09,0x0e09,0x120a,0x162a,
	0x1a6c,0x1a6c,0x1a6c,0x1a4c,0x122a,0x0e09,0x0e09,0x122a,0x162b,0x122a,0x120a,0x162a,0x1a4c,0x1a6c,0x162a,0x1209,
	0x09e8,0x122a,0x1a4b,0x164b,0x1a4b,0x1a6c,0x164b,0x122a,0x1209,0x0de8,0x05c7,0x09e8,0x1209,0x11e9,0x1209,0x164b,
	0x1a4b,0x164b,0x122a,0x0e2a,0x122a,0x166c,0x1a6c,0x164b,0x122a,0x122a,0x122a,0x09e8,0x0de8,0x0e09,0x162b,0x164b,
	0x164b,0x09e8,0x0de8,0x1a6c,0x122a,0x09e8,0x1209,0x122a,0x0e09,0x0e09,0x0e09,0x164b,0x1a6c,0x164b,0x162a,0x162a,
	0x164b,0x162a,0x1209,0x0de8,0x09c7,0x05a7,0x09e8,0x1209,0x1a4c,0x1a6c,0x1a6c,0x1a6c,0x164b,0x166c,0x1a6c,0x1a6c,
	0x164b,0x0e29,0x0e09,0x0e09,0x120a,0x122a,0x164b,0x164b,0x122a,0x0e09,0x0a08,0x124b,0x166c,0x166c,0x166c,0x164b,
	0x164b,0x1a6c,0x1a6c,0x1a6c,0x1a6c,0x122a,0x09e8,0x05c7,0x09c7,0x09c8,0x09c8,0x09e8,0x11e9,0x162a,0x164b,0x162b,
	0x120a,0x0de9,0x0de8,0x0de8,0x09c7,0x09c7,0x09c7,0x09c8,0x0e09,0x164b,0x1a4c,0x1a4c,0x1a6c,0x1a6c,0x166c,0x166c,
	0x1a6c,0x1a6c,0x164b,0x122a,0x122a,0x0e09,0x09e8,0x09e8,0x09e8,0x162b,0x1e6c,0x1e6c,0x164b,0x162a,0x162a,0x0de8,
	0x09c7,0x09e8,0x0de8,0x122a,0x162b,0x122a,0x0e09,0x09e8,0x09e8,0x0a09,0x0e2a,0x124b,0x124b,0x122a,0x0de9,0x09e8,
	0x09e8,0x09e8,0x0de9,0x122a,0x164b,0x164b,0x0e09,0x1209,0x1a4b,0x162a,0x0de8,0x05c7,0x09c7,0x1209,0x164b,0x1a6c,
	0x1a6c,0x1a6c,0x1a6c,0x1a6c,0x164b,0x0e09,0x0de8,0x122a,0x0e09,0x09e8,0x09e8,0x0e09,0x122a,0x124b,0x124b,0x122a,
	0x164b,0x164b,0x0a09,0x0a09,0x0e09,0x0a09,0x164b,0x1a6c,0x1a6c,0x1a6c,0x164b,0x162b,0x164b,0x164b,0x124b,0x122a,
	0x164b,0x1a6c,0x122a,0x122a,0x122a,0x09e8,0x09e8,0x0e09,0x1209,0x1209,0x122a,0x0e09,0x0e09,0x122b,0x164b,0x162a,
	0x0e0a,0x124b,0x166c,0x166b,0x166c,0x166c,0x166b,0x166c,0x166c,0x1a6c,0x166c,0x0e2a,0x09e9,0x0e09,0x122b,0x164b,
	0x1a6c,0x1a4c,0x1a4b,0x1a4b,0x164b,0x164b,0x162a,0x162a,0x162a,0x0e09,0x0de8,0x122a,0x1a4b,0x1a6c,0x164b,0x122a,
	0x0de8,0x162a,0x1a4b,0x1209,0x122a,0x1a6c,0x164b,0x122a,0x0de8,0x09e8,0x05c7,0x09e8,0x1209,0x1209,0x162a,0x1a4b,
	0x1a6b,0x164b,0x0e2a,0x0a09,0x0e2a,0x166c,0x1a6c,0x164b,0x122a,0x122a,0x0e09,0x05c7,0x09c7,0x09e8,0x162a,0x164b,
	0x162a,0x09c7,0x09e8,0x1a4b,0x120a,0x09c7,0x0e09,0x122a,0x1209,0x0e09,0x0de9,0x164b,0x1a6c,0x1a4c,0x1a4b,0x1a4b,
	0x122a,0x1209,0x0de8,0x09c7,0x05a7,0x05a6,0x0de8,0x1209,0x164b,0x1a6c,0x1a6c,0x166c,0x166b,0x166c,0x166c,0x166b,
	0x164b,0x0e29,0x0e09,0x0e09,0x122a,0x164b,0x1a4b,0x164b,0x122a,0x0e09,0x0e09,0x124b,0x166b,0x164b,0x164b,0x164b,
	0x164b,0x1a6c,0x1a6c,0x1a6c,0x1a6c,0x122a,0x0de9,0x09c7,0x05c7,0x09c7,0x09c7,0x09e8,0x0de8,0x1609,0x162a,0x120a,
	0x0de8,0x09c8,0x09c7,0x09c7,0x09c7,0x09c8,0x0de8,0x0de8,0x1209,0x1a4b,0x1a4c,0x1a4b,0x1a6c,0x164b,0x164b,0x164b,
	0x1a6c,0x1a6c,0x164b,0x122a,0x120a,0x0de9,0x09e8,0x09e8,0x09e8,0x162a,0x1a4b,0x1a6c,0x1a4b,0x164b,0x162a,0x0de8,
	0x09e8,0x0de8,0x0de8,0x1209,0x122a,0x0e09,0x09e8,0x09e8,0x09e8,0x0e09,0x122a,0x164b,0x164b,0x0e09,0x09e8,0x09e8,
	0x09e8,0x09e8,0x0e09,0x122a,0x162a,0x122a,0x0de8,0x0e09,0x162a,0x122a,0x09e8,0x09c7,0x09c8,0x120a,0x164b,0x1a4c,
	0x1a6c,0x1a6c,0x1a6c,0x1a6c,0x1a6c,0x1209,0x0e09,0x122a,0x0e09,0x05c7,0x09e8,0x0e09,0x164b,0x164b,0x164b,0x164b,
	0x1a6c,0x164b,0x09e8,0x09e8,0x09e8,0x0a09,0x164b,0x1a6c,0x1a6c,0x1a6c,0x1a6c,0x1a6c,0x164b,0x164b,0x164b,0x122a,
	0x164b,0x1a6c,0x122a,0x0e2a,0x122a,0x0e09,0x0e09,0x0e09,0x0de8,0x0de8,0x0de8,0x09e8,0x0a09,0x122a,0x164b,0x164b,
	0x124b,0x124b,0x124b,0x122a,0x164b,0x164b,0x0e2a,0x124b,0x166b,0x166b,0x124b,0x0e09,0x09e8,0x0e09,0x162b,0x1a4b,
	0x1a4b,0x162b,0x1209,0x0e09,0x0e09,0x120a,0x162a,0x164b,0x164b,0x0e09,0x0de8,0x120a,0x164b,0x1a6c,0x164b,0x122a,
	0x0de8,0x162a,0x1a4b,0x0de8,0x0e09,0x1e6c,0x1a4b,0x122a,0x09e8,0x09e8,0x0e09,0x0e09,0x0de8,0x162a,0x1a4b,0x1a4b,
	0x1a6b,0x166b,0x124a,0x122a,0x124b,0x166c,0x166c,0x164c,0x124b,0x122a,0x0e09,0x05c7,0x05c7,0x09c7,0x122a,0x162a,
	0x0e09,0x05c7,0x09e8,0x162a,0x0e09,0x09c7,0x0e09,0x162a,0x122a,0x1209,0x09e8,0x162a,0x1a6c,0x1a6c,0x1a6c,0x1a4b,
	0x1209,0x09c8,0x09c7,0x09a7,0x09a7,0x09a7,0x09c7,0x0de9,0x162a,0x164b,0x162a,0x122a,0x164b,0x164b,0x164b,0x164b,
	0x122a,0x0e09,0x0e09,0x0e09,0x164b,0x1a6c,0x1a6c,0x164b,0x164b,0x164b,0x164b,0x164b,0x164b,0x164b,0x164b,0x164b,
	0x164b,0x164b,0x164b,0x122a,0x164b,0x164b,0x122a,0x0e09,0x09e8,0x09c8,0x09c7,0x09c7,0x09c7,0x0dc7,0x0dc7,0x0dc7,
	0x09c7,0x09c7,0x09c7,0x09c7,0x09c7,0x0de8,0x162a,0x162a,0x162a,0x164b,0x164b,0x164b,0x164b,0x0e2a,0x0a09,0x09e8,
	0x122a,0x164b,0x1a4b,0x164b,0x120a,0x09e8,0x0de9,0x0e09,0x0e09,0x0de8,0x0de8,0x1209,0x162b,0x164b,0x162a,0x09e8,
	0x09c7,0x09c7,0x09c7,0x1209,0x162a,0x09e8,0x09e8,0x09e8,0x122a,0x122a,0x124b,0x164b,0x164b,0x122a,0x09e8,0x09e8,
	0x09e8,0x0e09,0x122a,0x164b,0x0e09,0x09e8,0x09c7,0x09c7,0x09c7,0x09c7,0x09c7,0x09c8,0x09e8,0x122a,0x162b,0x1a4b,
	0x1a4b,0x1a4b,0x1a4b,0x1a6c,0x1a4c,0x1209,0x0de8,0x0e09,0x09e8,0x05c7,0x09e8,0x122a,0x164b,0x164b,0x164b,0x164b,
	0x166b,0x164b,0x09e8,0x0a09,0x0e2a,0x122a,0x164c,0x1a6c,0x1a6c,0x166c,0x164b,0x164b,0x122a,0x164b,0x164b,0x164b,
	0x166c,0x1a6c,0x122a,0x122a,0x164b,0x164b,0x162b,0x1209,0x0de8,0x09e8,0x09e8,0x09e8,0x0e09,0x122a,0x164b,0x164b,
	0x164b,0x164b,0x124b,0x122a,0x164b,0x124b,0x0a09,0x0e0a,0x124b,0x164b,0x122a,0x120a,0x0e09,0x0de9,0x120a,0x162a,
	0x162a,0x1209,0x0de9,0x0de8,0x09e8,0x09e8,0x0e09,0x122a,0x164b,0x122a,0x1209,0x0e09,0x120a,0x122a,0x1209,0x0e09,
	0x0de9,0x122a,0x162a,0x09e8,0x0e08,0x164b,0x162a,0x1209,0x09e8,0x0e08,0x164b,0x122a,0x0de8,0x162a,0x1a4b,0x1a6b,
	0x1a6c,0x166c,0x164b,0x164b,0x164b,0x166c,0x166c,0x164c,0x122b,0x122a,0x122a,0x09e8,0x09e8,0x0de8,0x1209,0x0e09,
	0x09c8,0x09c8,0x0de8,0x0e09,0x0e09,0x0de9,0x122a,0x162a,0x1209,0x0de8,0x09c7,0x0e09,0x122a,0x122a,0x122a,0x122a,
	0x0de8,0x0de8,0x11e9,0x09c7,0x0dc7,0x0dc8,0x09c7,0x09e8,0x0e09,0x0e09,0x0e09,0x1209,0x122a,0x122a,0x122a,0x0e09,
	0x0e09,0x0de8,0x09e8,0x122a,0x164b,0x1a6c,0x164b,0x122a,0x122a,0x124b,0x164b,0x164b,0x164b,0x164b,0x164b,0x122a,
	0x0e09,0x0e09,0x09e8,0x09e8,0x122a,0x164b,0x124b,0x0e2a,0x0e09,0x0e09,0x0e09,0x0de8,0x0de8,0x09c7,0x09c7,0x0de8,
	0x0de8,0x0de8,0x0de8,0x0de8,0x0de8,0x0de8,0x162b,0x162b,0x162a,0x164a,0x122a,0x122a,0x122a,0x0e09,0x09e8,0x09e8,
	0x120a,0x162b,0x162b,0x122a,0x1209,0x09e8,0x1209,0x162a,0x120a,0x09e8,0x09c7,0x0de8,0x162a,0x1a4b,0x162a,0x09e8,
	0x05c7,0x09a7,0x09c7,0x0de8,0x1209,0x0e09,0x0e09,0x122a,0x164b,0x124b,0x122a,0x164b,0x164b,0x164b,0x0e2a,0x0e29,
	0x0e09,0x122a,0x164b,0x164b,0x0e09,0x09c7,0x05c7,0x09c7,0x09c7,0x09c7,0x09c7,0x0de8,0x1209,0x162a,0x122a,0x1209,
	0x1209,0x1209,0x1209,0x122a,0x162a,0x0de9,0x09c8,0x09c7,0x05c7,0x05c7,0x122a,0x164b,0x1a4b,0x164b,0x164b,0x122a,
	0x122a,0x122a,0x09e8,0x0e09,0x164b,0x166c,0x1a6c,0x1a6c,0x1a6c,0x122b,0x0e2a,0x0e09,0x0a09,0x122a,0x164b,0x164b,
	0x1a6c,0x1a6c,0x122a,0x122a,0x164b,0x1a4b,0x1a4b,0x1209,0x0dc8,0x09e8,0x0de8,0x0e09,0x0e09,0x122a,0x1a6b,0x1a6c,
	0x122a,0x122a,0x124a,0x164b,0x164b,0x124b,0x0a09,0x0e09,0x122a,0x164b,0x164b,0x164b,0x122a,0x09c8,0x0de8,0x0de9,
	0x0de8,0x09e8,0x0e09,0x120a,0x09e8,0x05c7,0x05c7,0x0de8,0x164b,0x1a4c,0x164b,0x0de8,0x09c7,0x05c7,0x05c7,0x09c7,
	0x1209,0x0e09,0x0de8,0x09e8,0x0de8,0x0e09,0x0de8,0x0de8,0x09e8,0x0e09,0x1a4b,0x164b,0x162a,0x164a,0x164b,0x1a6b,
	0x1a6c,0x1a6c,0x164b,0x164b,0x164b,0x166c,0x1a6c,0x164c,0x0e2a,0x122a,0x162a,0x122a,0x162a,0x122a,0x0e09,0x09e8,
	0x09c7,0x0de9,0x0de9,0x09c8,0x1209,0x162b,0x164b,0x162b,0x0de8,0x09c7,0x05c7,0x05c7,0x05c7,0x09c7,0x09e8,0x0de8,
	0x0de8,0x1209,0x162a,0x09c7,0x0de8,0x1209,0x09c8,0x09c7,0x0de8,0x09e8,0x0e09,0x122a,0x122a,0x0e29,0x0e09,0x09e8,
	0x09e8,0x09e8,0x09e8,0x122a,0x164b,0x1a6c,0x122a,0x09e8,0x09e8,0x0e2a,0x164b,0x164b,0x124a,0x164b,0x164b,0x0e09,
	0x09e8,0x05c7,0x05c7,0x05c7,0x0e09,0x122a,0x122a,0x122a,0x122a,0x162b,0x162a,0x120a,0x0de9,0x09e8,0x0de8,0x0de9,
	0x1209,0x162a,0x162a,0x122a,0x0de9,0x0e09,0x164b,0x164b,0x164b,0x164b,0x122a,0x09e8,0x09e9,0x0e09,0x0e09,0x0e09,
	0x122b,0x164b,0x120a,0x0de8,0x09e8,0x0de8,0x162a,0x1a4b,0x162a,0x0de8,0x09c7,0x0de8,0x162a,0x1a4b,0x162b,0x0de8,
	0x09c7,0x09c7,0x09c7,0x0dc8,0x0de9,0x1209,0x164b,0x1a6c,0x1a6c,0x124b,0x122a,0x124b,0x164b,0x1a6c,0x1a6c,0x164b,
	0x122a,0x122a,0x164b,0x122a,0x0e09,0x09c7,0x09c7,0x09c7,0x09c7,0x09c7,0x09c8,0x120a,0x162b,0x162b,0x0e09,0x09c7,
	0x09c7,0x09c7,0x09c8,0x0de8,0x0de9,0x09e8,0x09c7,0x05a6,0x05a7,0x05c7,0x122a,0x1a6c,0x1a6b,0x164b,0x124b,0x0a09,
	0x0a08,0x122a,0x09e8,0x0e09,0x166b,0x1a6c,0x1a6c,0x1a6c,0x1a6c,0x122a,0x0e09,0x09e8,0x05e8,0x0e09,0x164b,0x164b,
	0x164b,0x164b,0x1209,0x122a,0x164b,0x1a4b,0x164b,0x0de9,0x09c7,0x09c8,0x122a,0x164b,0x164b,0x122a,0x1a6b,0x1a6c,
	0x0e09,0x122a,0x162a,0x164b,0x164b,0x122a,0x09e8,0x09e8,0x0e09,0x122a,0x162a,0x164b,0x162a,0x09c7,0x09c7,0x09c8,
	0x09c7,0x09c7,0x0de8,0x120a,0x0e09,0x0de8,0x09c7,0x0de8,0x164b,0x1a6c,0x1a4c,0x122a,0x0de8,0x05c7,0x05a6,0x09c7,
	0x122a,0x0e09,0x09e8,0x0de8,0x0de8,0x0de8,0x09e8,0x09e8,0x0e09,0x122a,0x1a6c,0x1a6b,0x1a4b,0x162a,0x122a,0x164b,
	0x1a6b,0x164b,0x164b,0x164b,0x164b,0x164b,0x164b,0x122b,0x0e0a,0x122a,0x162b,0x164b,0x164b,0x164b,0x0e09,0x0de8,
	0x0de8,0x0de9,0x0de8,0x09c8,0x0e09,0x162a,0x162a,0x122a,0x0e09,0x0de8,0x09e8,0x09e8,0x0de8,0x0de9,0x0e09,0x1209,
	0x1209,0x162a,0x1209,0x09c7,0x0de8,0x1209,0x09c7,0x0de8,0x162a,0x0e09,0x1209,0x162a,0x122a,0x0e09,0x0e09,0x09e8,
	0x09c7,0x09e8,0x09e8,0x122a,0x164b,0x1a4b,0x122a,0x09e8,0x09e8,0x0e09,0x122a,0x122a,0x122a,0x164b,0x164b,0x0e0a,
	0x09e8,0x09c7,0x05c7,0x09c7,0x122a,0x164b,0x122a,0x122a,0x122a,0x162b,0x162a,0x1209,0x0e09,0x0e09,0x0de9,0x0e09,
	0x1209,0x122a,0x122a,0x120a,0x0e09,0x0e09,0x164b,0x164b,0x164b,0x164b,0x122a,0x09e8,0x05e8,0x05e8,0x0a09,0x124b,
	0x1a6c,0x164b,0x0e09,0x09c7,0x09c7,0x0de8,0x162a,0x1a4b,0x122a,0x0de8,0x09e8,0x09e8,0x0de9,0x122a,0x162a,0x0de8,
	0x09c7,0x09c7,0x09c7,0x09c7,0x0de8,0x122a,0x164b,0x1a6c,0x122a,0x0e09,0x0e09,0x0e09,0x164b,0x1a6c,0x1a6c,0x164b,
	0x124b,0x122a,0x162b,0x122a,0x0de8,0x09c7,0x09e8,0x0de8,0x0de9,0x0de9,0x1209,0x162a,0x164b,0x164b,0x0e09,0x09c7,
	0x09c7,0x09c8,0x09c8,0x0de8,0x0de9,0x09e8,0x09c7,0x05a7,0x05c7,0x09e8,0x122a,0x164b,0x164b,0x164b,0x122a,0x09e8,
	0x09e8,0x0e29,0x09e8,0x0e09,0x124a,0x124b,0x164b,0x164b,0x124b,0x122a,0x0e09,0x0e09,0x0a08,0x122a,0x164b,0x122a,
	0x0e09,0x0e09,0x0e09,0x122a,0x164b,0x164b,0x162a,0x0de8,0x09c7,0x09c7,0x162a,0x1a6b,0x164b,0x164a,0x1a6b,0x1a4b,
	0x122a,0x122a,0x122a,0x122a,0x122a,0x0e09,0x09c8,0x09c8,0x09c7,0x09c7,0x0de8,0x1209,0x1209,0x09c7,0x09a7,0x09c7,
	0x09c7,0x09c7,0x09c7,0x0de9,0x162b,0x162a,0x09e8,0x0de9,0x162a,0x1a6c,0x1a6c,0x1a6c,0x162a,0x09e8,0x05a7,0x09c7,
	0x164b,0x1209,0x09e8,0x09e8,0x09e8,0x0de8,0x0e08,0x0e08,0x122a,0x1a6c,0x1a6c,0x1a6c,0x1a6c,0x122a,0x0e09,0x164b,
	0x164b,0x0e09,0x122a,0x164b,0x124b,0x0e2a,0x0e09,0x0e09,0x0a09,0x0e0a,0x162b,0x164b,0x164b,0x164b,0x0e09,0x0e2a,
	0x122a,0x09e8,0x09c8,0x09c8,0x0de9,0x120a,0x0e09,0x0e09,0x122a,0x122a,0x122a,0x164b,0x164b,0x164b,0x162b,0x162b,
	0x1a4b,0x164b,0x122a,0x09c7,0x0de8,0x1209,0x09c7,0x0de9,0x1a4b,0x120a,0x122a,0x164b,0x122a,0x0e09,0x09e8,0x09c7,
	0x09c7,0x09e8,0x09e8,0x0de9,0x1209,0x0e09,0x0e09,0x09e8,0x09e8,0x09e8,0x0de8,0x122a,0x164b,0x164b,0x164b,0x164b,
	0x122a,0x09e8,0x05c7,0x09c7,0x0de8,0x0e09,0x0e09,0x0e09,0x122a,0x164b,0x122a,0x0e09,0x1209,0x162b,0x0e09,0x0de8,
	0x0e09,0x0e09,0x0e09,0x0e09,0x0de8,0x0e09,0x162b,0x162a,0x164b,0x164b,0x122a,0x09e8,0x05e8,0x05c7,0x09e8,0x164b,
	0x1a6c,0x1a6c,0x120a,0x09c7,0x09c7,0x09e8,0x162a,0x164b,0x0e09,0x1209,0x0e09,0x09c7,0x09c7,0x0de8,0x162a,0x0de8,
	0x09e8,0x0de8,0x0de8,0x09e8,0x0de8,0x122a,0x164b,0x164b,0x0e09,0x05e8,0x05c7,0x09e8,0x124b,0x164b,0x1a4b,0x164b,
	0x164b,0x124b,0x122a,0x1209,0x09e8,0x09e8,0x0e09,0x122a,0x162b,0x162a,0x162a,0x164b,0x164b,0x164b,0x0e09,0x05c7,
	0x09c7,0x09c8,0x09c7,0x0de8,0x0de9,0x0de8,0x09c8,0x09c7,0x0e09,0x122a,0x0e09,0x122a,0x164b,0x164b,0x122a,0x09e8,
	0x09e8,0x0e09,0x0e09,0x0a09,0x09e8,0x09e8,0x09e8,0x09e8,0x09e8,0x122a,0x164b,0x164b,0x164b,0x164b,0x122a,0x09e8,
	0x05c7,0x09c7,0x09e8,0x1209,0x164b,0x164b,0x162a,0x0de8,0x09c7,0x09c7,0x122a,0x164b,0x164b,0x164b,0x1a6c,0x164b,
	0x162b,0x164b,0x162a,0x122a,0x0e09,0x09c8,0x09c7,0x0de8,0x09c8,0x09c7,0x09c8,0x09c7,0x09c7,0x09c7,0x05a7,0x09c7,
	0x0de8,0x0de8,0x0e09,0x1209,0x164b,0x164b,0x122a,0x122a,0x164b,0x164b,0x164b,0x164b,0x164b,0x1209,0x0e09,0x1209,
	0x164b,0x122a,0x0e09,0x0e09,0x09e8,0x09e8,0x0e09,0x122a,0x164b,0x1a6c,0x1a6c,0x1a6c,0x166b,0x164b,0x164b,0x164b,
	0x0e09,0x09e8,0x0e09,0x122a,0x164b,0x164b,0x0e0a,0x09e8,0x09e8,0x09e8,0x0e09,0x164b,0x164b,0x164b,0x0e09,0x122a,
	0x164b,0x0e09,0x09e8,0x09c8,0x0e09,0x162a,0x0e09,0x0de8,0x122a,0x164b,0x164b,0x164b,0x164b,0x164b,0x162a,0x162a,
	0x164b,0x164b,0x162a,0x0de8,0x0de8,0x0de8,0x09c7,0x0de9,0x164b,0x122a,0x162b,0x164b,0x1229,0x09e8,0x05c7,0x05c7,
	0x09c7,0x0de9,0x0e09,0x09e8,0x09e7,0x09e8,0x09e8,0x0e09,0x0e08,0x09e8,0x0e08,0x122a,0x164b,0x164b,0x164b,0x164b,
	0x164b,0x09e8,0x05c7,0x05c7,0x05c7,0x09e8,0x0de9,0x122a,0x164b,0x164b,0x120a,0x0e09,0x122a,0x1a4b,0x122a,0x0e09,
	0x0e09,0x0e09,0x0e09,0x0de8,0x0e09,0x0e09,0x0e09,0x1209,0x122a,0x164b,0x122a,0x0e09,0x0e09,0x05e7,0x09e8,0x164b,
	0x1a6c,0x1a6c,0x162a,0x09e8,0x09c7,0x09e8,0x122a,0x162b,0x0e09,0x120a,0x1209,0x09c7,0x05c7,0x0de8,0x162a,0x162a,
	0x164b,0x164b,0x164b,0x162b,0x122a,0x162a,0x164b,0x164b,0x122a,0x0a09,0x05c8,0x09e8,0x124a,0x164b,0x164b,0x164b,
	0x122a,0x0e09,0x0de8,0x09e8,0x0de8,0x0de8,0x122a,0x164b,0x164b,0x122a,0x0e09,0x122a,0x164b,0x164b,0x0e09,0x09c7,
	0x0de8,0x0de9,0x09c7,0x0de8,0x1209,0x162a,0x162b,0x162b,0x164b,0x164b,0x122a,0x0e09,0x0e09,0x0e09,0x0e09,0x09e8,
	0x0a08,0x124a,0x166b,0x122a,0x0e09,0x09e8,0x09e8,0x05e8,0x09e8,0x164b,0x1a6c,0x1a6c,0x1a6c,0x1a6c,0x122a,0x09e8,
	0x05c7,0x09c7,0x09e8,0x0e09,0x122a,0x0e09,0x0e09,0x09e8,0x09c7,0x09c8,0x122a,0x164b,0x164b,0x164b,0x122a,0x0de9,
	0x162a,0x1a4b,0x162a,0x1209,0x0de8,0x09c7,0x09c8,0x0de9,0x1209,0x11e9,0x0de8,0x09c7,0x05a6,0x05a6,0x05a7,0x09c7,
	0x1209,0x122a,0x162a,0x164a,0x164b,0x164b,0x164b,0x164b,0x164b,0x122a,0x0e2a,0x164b,0x164b,0x164a,0x122a,0x162a,
	0x164b,0x164b,0x122a,0x0e09,0x0e08,0x09e8,0x0e09,0x122a,0x1a6c,0x1a6c,0x1a6c,0x164b,0x124a,0x1a6c,0x1a6c,0x122a,
	0x09e8,0x05c7,0x09e8,0x120a,0x164c,0x1a6c,0x122a,0x09e8,0x05c7,0x05c8,0x09e8,0x164b,0x164b,0x164b,0x0e09,0x122a,
	0x164b,0x0e09,0x09e8,0x09e8,0x1209,0x164b,0x1209,0x0de9,0x164b,0x164b,0x164b,0x122a,0x122a,0x162a,0x162a,0x122a,
	0x122a,0x162a,0x164b,0x164b,0x0e09,0x05c7,0x05c7,0x09e8,0x164b,0x164b,0x164b,0x164b,0x0e08,0x05c7,0x05c7,0x05c7,
	0x09e8,0x162a,0x164b,0x0e09,0x05c7,0x0e09,0x164b,0x164b,0x0e29,0x0e09,0x122a,0x164b,0x162b,0x0e09,0x0de8,0x1209,
	0x162a,0x09e8,0x05c7,0x05c7,0x05c7,0x09e8,0x0e09,0x164b,0x1a6c,0x1a6c,0x164b,0x122a,0x122a,0x1a6c,0x164b,0x164b,
	0x164b,0x164b,0x164b,0x164b,0x164b,0x122a,0x09e8,0x09e8,0x122a,0x164b,0x1a6c,0x1a6c,0x164b,0x09e8,0x09e8,0x164b,
	0x1e6c,0x1e8d,0x164b,0x09e8,0x09e8,0x09e8,0x122b,0x164b,0x0e09,0x122a,0x1209,0x09c7,0x05c7,0x09e8,0x162a,0x1a4b,
	0x1a4c,0x1a4c,0x166b,0x164b,0x164b,0x164b,0x164b,0x164b,0x124b,0x0e09,0x09e8,0x0e08,0x164b,0x164b,0x164b,0x164b,
	0x122a,0x09e8,0x09c7,0x09e8,0x0de8,0x0e09,0x122a,0x164b,0x164b,0x122a,0x0e09,0x122a,0x122a,0x122a,0x0de8,0x09c7,
	0x1209,0x1209,0x09c7,0x0de8,0x1209,0x1a4b,0x1a6c,0x1a6c,0x1a6c,0x1a4b,0x122a,0x0e09,0x09e8,0x09e8,0x09e8,0x05e8,
	0x0e09,0x164b,0x1a6c,0x164b,0x122a,0x0e09,0x09e8,0x09c8,0x09e8,0x164b,0x1a6c,0x1a6c,0x1a6c,0x1a6c,0x122a,0x09c7,
	0x05c7,0x05c7,0x09e8,0x0e09,0x1209,0x09e8,0x09e7,0x09c7,0x0dc8,0x0de8,0x162a,0x164b,0x164b,0x164b,0x0de8,0x09c7,
	0x0e09,0x162a,0x1209,0x09c8,0x09c7,0x09a7,0x0dc8,0x11e9,0x162a,0x162a,0x11e9,0x09c7,0x05a6,0x05a7,0x05c7,0x09c7,
	0x162a,0x164b,0x164b,0x164b,0x122a,0x122a,0x164b,0x166b,0x164b,0x122a,0x122a,0x164b,0x164b,0x164b,0x122a,0x162b,
	0x164b,0x122a,0x122a,0x0e09,0x0e08,0x09e8,0x0e09,0x122a,0x166b,0x1a6c,0x1a6c,0x124a,0x0e09,0x1a6c,0x1a6c,0x122a,
	0x09e8,0x05c7,0x09e8,0x120a,0x164c,0x1a6c,0x122a,0x09e8,0x05c7,0x05c8,0x09e8,0x164b,0x164b,0x164b,0x0e09,0x122a,
	0x164b,0x122a,0x122a,0x122a,0x162a,0x1a4b,0x1209,0x0de9,0x164b,0x164b,0x164b,0x122a,0x0e09,0x0e09,0x122a,0x122a,
	0x162a,0x164b,0x164b,0x1a6b,0x122a,0x0de9,0x0de8,0x1209,0x164b,0x164b,0x164b,0x164b,0x09e8,0x05c7,0x05c7,0x05c7,
	0x09e8,0x164b,0x1a4b,0x122a,0x0e09,0x122a,0x164b,0x164b,0x122a,0x1229,0x164b,0x164b,0x122a,0x09e8,0x09e8,0x0de8,
	0x1209,0x09e8,0x09e8,0x0de9,0x0e09,0x0e09,0x122a,0x164b,0x1a6c,0x1a6c,0x164b,0x122a,0x164a,0x1a6c,0x1a6c,0x166b,
	0x164b,0x164b,0x164b,0x164b,0x1a4c,0x164b,0x09e8,0x09e8,0x0e09,0x164b,0x1a6c,0x1a6c,0x164b,0x09e8,0x09e8,0x164b,
	0x1a6c,0x1a6c,0x1a6c,0x122a,0x0e09,0x0de9,0x162b,0x164b,0x120a,0x122a,0x0e09,0x05c7,0x09e8,0x0e09,0x164b,0x164b,
	0x164b,0x122a,0x122a,0x164b,0x166c,0x166c,0x122a,0x0e09,0x0e09,0x0a09,0x0e09,0x164a,0x164b,0x164b,0x0e09,0x122a,
	0x162b,0x0e09,0x09c7,0x0de8,0x122a,0x162b,0x164b,0x166c,0x166c,0x164b,0x164b,0x0e09,0x09e8,0x09e8,0x09c7,0x09c8,
	0x122a,0x122a,0x09c7,0x09c8,0x0de8,0x164b,0x1a6c,0x1a6c,0x164b,0x122a,0x162b,0x122a,0x09e8,0x09e8,0x05e8,0x05c7,
	0x0e09,0x164b,0x1a6c,0x166c,0x164b,0x0e09,0x05c7,0x05c7,0x09e8,0x164b,0x164b,0x122a,0x122a,0x122a,0x0e09,0x05c7,
	0x09e8,0x0e09,0x1209,0x122a,0x120a,0x09c7,0x09c7,0x0de8,0x11e9,0x0e09,0x1209,0x0e09,0x120a,0x164b,0x0de9,0x09c7,
	0x09e8,0x122a,0x1209,0x09a7,0x09a7,0x09a7,0x0dc7,0x11e9,0x1a2a,0x162a,0x1209,0x09c8,0x09c7,0x09c7,0x09c7,0x09e8,
	0x164b,0x1a4b,0x164b,0x164b,0x0e09,0x0e09,0x164b,0x166b,0x164b,0x122a,0x122a,0x164b,0x164b,0x164b,0x164b,0x164b,
	0x164b,0x122a,0x0e09,0x0e09,0x0e09,0x0a08,0x0e09,0x122a,0x164b,0x164b,0x164b,0x122a,0x0e09,0x1a4c,0x1a6c,0x122a,
	0x0e09,0x09e8,0x0e09,0x122a,0x166c,0x1a6c,0x124b,0x0e09,0x09e8,0x0de9,0x0e09,0x164b,0x164b,0x164b,0x0e09,0x0e09,
	0x0e09,0x162b,0x164b,0x164b,0x164b,0x164b,0x0e09,0x0de8,0x164b,0x164b,0x164b,0x0e09,0x09e8,0x09e8,0x0e09,0x122a,
	0x122a,0x164b,0x164b,0x1a4b,0x164b,0x164b,0x164b,0x164b,0x164b,0x164b,0x164b,0x162a,0x09e8,0x05c7,0x05c7,0x05c7,
	0x09e8,0x164b,0x1a6c,0x1a6b,0x1a6c,0x164b,0x164b,0x1a6c,0x162a,0x122a,0x164b,0x0e09,0x09e8,0x09e8,0x09c7,0x09c7,
	0x09e8,0x09e8,0x1209,0x164b,0x164b,0x1a6c,0x1a6c,0x1a6c,0x1a6c,0x1a6c,0x1a6b,0x1a6b,0x1a6c,0x1a6c,0x1a6c,0x164b,
	0x164b,0x124b,0x164b,0x164b,0x166c,0x164b,0x122a,0x0e09,0x09e8,0x0e09,0x164b,0x166c,0x164b,0x09e8,0x09e8,0x164b,
	0x1a4c,0x1a6c,0x1a6c,0x1a6c,0x164b,0x0e09,0x164b,0x1a4b,0x162a,0x122a,0x0e09,0x05c7,0x0e09,0x164b,0x164b,0x164b,
	0x164b,0x122a,0x0e09,0x124a,0x166c,0x1a6c,0x122a,0x0a09,0x09e8,0x0e09,0x122a,0x1a6c,0x1a6c,0x122a,0x09e8,0x0e09,
	0x164b,0x1209,0x09c7,0x0e09,0x164b,0x1a6c,0x1a6c,0x1a6c,0x1a6c,0x1a6c,0x1a6c,0x0e09,0x09c8,0x09c7,0x09c7,0x09e8,
	0x122a,0x162b,0x0de8,0x0de8,0x0e09,0x162b,0x1a4c,0x1a6c,0x162b,0x0e09,0x164b,0x162a,0x0e09,0x09e8,0x09e8,0x09e8,
	0x0e0a,0x164b,0x1a6c,0x1a6c,0x164b,0x0e09,0x05c7,0x05c7,0x05c7,0x164b,0x122a,0x0e09,0x0e09,0x0e09,0x0e09,0x05c7,
	0x0e09,0x162a,0x164b,0x164b,0x122a,0x09e8,0x09c7,0x0e09,0x1209,0x1209,0x1209,0x0e09,0x1209,0x164b,0x0e09,0x09c8,
	0x0de8,0x162a,0x162a,0x0de9,0x09c7,0x09a7,0x0dc8,0x11e9,0x1209,0x122a,0x122a,0x1209,0x1209,0x1209,0x1209,0x122a,
	0x1a4b,0x1a4b,0x122a,0x0e09,0x122a,0x162a,0x164b,0x124b,0x0e09,0x0e09,0x122a,0x122a,0x122a,0x164b,0x164b,0x1a6b,
	0x1a6c,0x122a,0x09e8,0x122a,0x122a,0x09e8,0x0e09,0x124b,0x164b,0x122a,0x09e8,0x0e09,0x122a,0x1a6c,0x1a6c,0x1a6c,
	0x164b,0x0e09,0x164b,0x1a6c,0x1a6c,0x1a6c,0x1a6c,0x164c,0x164b,0x1a4b,0x1a6c,0x1a6c,0x164b,0x164b,0x0e09,0x09e8,
	0x05c7,0x122a,0x164b,0x1a6c,0x164b,0x120a,0x09c7,0x09e8,0x164b,0x164b,0x164b,0x162a,0x122a,0x122a,0x0de8,0x09c7,
	0x09c7,0x0e09,0x164b,0x1a4c,0x164b,0x164b,0x164b,0x164b,0x164a,0x1209,0x1209,0x122a,0x09e8,0x09e8,0x0de8,0x0e09,
	0x122a,0x122a,0x164b,0x1a6b,0x1a6c,0x122a,0x0e09,0x122a,0x122a,0x164a,0x164b,0x0e09,0x09e8,0x09e8,0x09e8,0x09c8,
	0x09e8,0x122a,0x164b,0x164b,0x1a6c,0x1a6c,0x1e6d,0x1a6c,0x1a6c,0x1a6c,0x166c,0x1a6c,0x164b,0x0e09,0x122a,0x164b,
	0x124b,0x124b,0x166b,0x166b,0x124a,0x122a,0x164b,0x0e09,0x09e8,0x09e8,0x09e8,0x0a08,0x0a09,0x05c7,0x09e8,0x164b,
	0x164b,0x1a6c,0x1a6c,0x1a6c,0x1a4b,0x164b,0x1a6c,0x1e6c,0x1a4c,0x164b,0x122a,0x09e8,0x122a,0x1a6c,0x1a6c,0x1a6c,
	0x1a6c,0x166b,0x124a,0x124b,0x164b,0x164b,0x164b,0x164b,0x0e09,0x0e09,0x164b,0x1a6b,0x164b,0x122a,0x09e8,0x0e09,
	0x162a,0x0e09,0x09c7,0x122a,0x1a6c,0x1a6c,0x1a6c,0x1a6c,0x1a6c,0x1a6c,0x1a6c,0x1209,0x09e8,0x09c8,0x09c7,0x09e8,
	0x122a,0x1a4b,0x164b,0x164b,0x122a,0x0e09,0x1209,0x164b,0x164b,0x164b,0x164b,0x164b,0x162b,0x122a,0x122a,0x122a,
	0x164b,0x164b,0x166b,0x164b,0x164b,0x122a,0x09e8,0x05c7,0x09c7,0x164b,0x122a,0x0e09,0x122a,0x122a,0x0e09,0x09e8,
	0x0e09,0x164b,0x122a,0x122a,0x122a,0x122a,0x0e09,0x0de8,0x09e8,0x09e8,0x162b,0x1a4b,0x1a4b,0x1a4c,0x122a,0x0de8,
	0x0e09,0x164b,0x1a4c,0x1a4b,0x1209,0x0dc8,0x0de8,0x1209,0x0de9,0x1209,0x164b,0x1a4b,0x1a4b,0x164b,0x162a,0x164b,
	0x1a4b,0x164b,0x0e09,0x0a09,0x122a,0x164b,0x164b,0x0e09,0x09e8,0x0e09,0x0e09,0x0e09,0x0e09,0x120a,0x164b,0x1a6c,
	0x1a6c,0x0e09,0x09e7,0x122a,0x122a,0x09e8,0x0e09,0x124b,0x164b,0x122a,0x09e8,0x0e09,0x124a,0x1a6c,0x1a6c,0x1a6c,
	0x164b,0x122a,0x164b,0x1a6c,0x1a6c,0x166c,0x164b,0x164b,0x164b,0x122a,0x122a,0x122a,0x122a,0x164b,0x0e09,0x09e8,
	0x05c7,0x120a,0x164b,0x1a6c,0x1a6c,0x162b,0x0e09,0x0e09,0x122a,0x122a,0x164b,0x120a,0x0e09,0x0e09,0x0e09,0x0e09,
	0x0e09,0x0de9,0x0e09,0x164b,0x164b,0x164b,0x164b,0x164b,0x122a,0x0e09,0x0de8,0x0e09,0x0e09,0x122a,0x164b,0x164b,
	0x164b,0x09e8,0x122a,0x164b,0x164b,0x0e09,0x09e8,0x0e09,0x122a,0x164b,0x164b,0x122a,0x0e09,0x0de8,0x0de8,0x09e8,
	0x09e8,0x122a,0x164b,0x164b,0x164b,0x1a6c,0x1a6c,0x164b,0x164b,0x1a6c,0x1a6c,0x1a6c,0x122a,0x09e9,0x122a,0x164b,
	0x164b,0x164b,0x166c,0x166b,0x0e2a,0x0e29,0x124b,0x0e09,0x09e8,0x09e8,0x09e8,0x0a09,0x0e09,0x09e8,0x09e8,0x164b,
	0x164b,0x164b,0x164b,0x122a,0x162a,0x1a4b,0x1a4b,0x1a4b,0x1a4c,0x164b,0x164b,0x164b,0x164b,0x164b,0x164b,0x1a6c,
	0x166c,0x164b,0x164b,0x164b,0x166c,0x166b,0x164b,0x122a,0x0e09,0x122a,0x164b,0x164a,0x0e09,0x09e8,0x05c7,0x09e8,
	0x0e08,0x09e8,0x05c7,0x1209,0x1a4c,0x164b,0x122a,0x164b,0x1a6c,0x1a6c,0x1a6c,0x1209,0x09e8,0x09c8,0x09e8,0x0e09,
	0x162a,0x1a4b,0x1a4b,0x164b,0x164b,0x0e09,0x09e8,0x1209,0x122a,0x164b,0x1a6c,0x164b,0x164b,0x164b,0x124a,0x164b,
	0x164b,0x164b,0x122a,0x164a,0x164b,0x164b,0x09e8,0x05c7,0x09e8,0x162a,0x0e09,0x09e8,0x1209,0x122a,0x122a,0x1209,
	0x122a,0x164b,0x122a,0x122a,0x122a,0x164b,0x122a,0x122a,0x0e09,0x0e09,0x164b,0x1a6c,0x1a6c,0x1a6c,0x122a,0x0e09,
	0x1209,0x164b,0x1a6c,0x1a4c,0x162b,0x122a,0x122a,0x120a,0x0e09,0x1209,0x164b,0x164b,0x164b,0x122a,0x0e09,0x0e09,
	0x164b,0x164b,0x122a,0x0e09,0x122a,0x164b,0x164b,0x0e09,0x09e8,0x0e09,0x0e09,0x09e8,0x09e8,0x0de8,0x164b,0x1a6c,
	0x1a6c,0x0e09,0x05c7,0x122a,0x122a,0x09e8,0x0e09,0x124b,0x164b,0x122a,0x09e8,0x0e09,0x124a,0x166b,0x1a6c,0x1a6c,
	0x164b,0x122a,0x164b,0x1a6b,0x1a6b,0x164b,0x164b,0x164b,0x122a,0x0e09,0x09e8,0x09e8,0x122a,0x162a,0x122a,0x09e8,
	0x09c7,0x1209,0x162a,0x1a6c,0x1a6c,0x1a6c,0x1a6c,0x162a,0x0de8,0x0e09,0x162a,0x0de8,0x09c7,0x09c8,0x0e09,0x164b,
	0x164b,0x0e09,0x09e7,0x122a,0x164b,0x164b,0x164b,0x122a,0x0e09,0x09e8,0x09e8,0x0de8,0x164b,0x1a6c,0x1a6c,0x1a6c,
	0x164b,0x09e8,0x1209,0x164b,0x162a,0x09e8,0x09e8,0x164b,0x122a,0x122a,0x164b,0x164b,0x122a,0x0e09,0x0de9,0x0e09,
	0x0e09,0x122a,0x162b,0x164b,0x162b,0x164b,0x164b,0x164b,0x164b,0x1a6c,0x1a6c,0x1a6c,0x164b,0x0e29,0x122a,0x122a,
	0x164b,0x166b,0x1a6c,0x166b,0x0e2a,0x0e09,0x0e2a,0x09e8,0x05e8,0x0a09,0x122a,0x164b,0x124b,0x0e09,0x0e09,0x124b,
	0x164b,0x164b,0x122a,0x0de9,0x0e09,0x1a4b,0x1209,0x1209,0x164b,0x1a4b,0x1a6c,0x1e8d,0x164b,0x0e09,0x0e09,0x1a6c,
	0x164b,0x122a,0x164b,0x166c,0x1a6c,0x166c,0x0e2a,0x09e8,0x0e09,0x122a,0x164b,0x122a,0x0a08,0x09e8,0x05c7,0x05c7,
	0x05c7,0x05c7,0x09c7,0x1209,0x164b,0x122a,0x0e09,0x122a,0x1a6c,0x1a6c,0x1a6c,0x0e09,0x09e8,0x09e8,0x09e8,0x122a,
	0x164b,0x1a4b,0x1a4b,0x164b,0x164b,0x0e09,0x09e8,0x0e09,0x122a,0x164b,0x164b,0x164b,0x164b,0x124a,0x124a,0x164b,
	0x166b,0x166b,0x0e09,0x122a,0x164b,0x164b,0x0e09,0x09e8,0x09e8,0x122a,0x0e09,0x09e8,0x0e09,0x122a,0x164b,0x164b,
	0x164b,0x1a6b,0x164b,0x122a,0x0e2a,0x164b,0x1a4b,0x164b,0x122a,0x0e29,0x164b,0x166c,0x166c,0x166c,0x124a,0x0e29,
	0x122a,0x164b,0x164c,0x1a4c,0x1a6c,0x1a6c,0x1a4b,0x122a,0x0e09,0x0e09,0x164b,0x164b,0x164b,0x122a,0x09e8,0x09e8,
	0x122a,0x164b,0x164b,0x164b,0x0e09,0x0e09,0x122a,0x0e09,0x09e8,0x122a,0x122a,0x0e09,0x09e8,0x09e8,0x122a,0x164b,
	0x1a6c,0x1229,0x09e8,0x122a,0x122a,0x122a,0x122a,0x122a,0x122a,0x122a,0x122a,0x124b,0x164b,0x166b,0x1a6c,0x1a6c,
	0x164b,0x0e2a,0x0e09,0x0e09,0x0e09,0x122a,0x164b,0x164b,0x122a,0x09e8,0x09e8,0x09e8,0x09e8,0x0e09,0x122a,0x122a,
	0x0e09,0x0e09,0x0e09,0x122b,0x164b,0x1a6c,0x1a6c,0x164b,0x0de9,0x0e09,0x162a,0x0de8,0x09c7,0x09c7,0x0e09,0x164b,
	0x164b,0x122a,0x0e09,0x122a,0x164b,0x164b,0x164b,0x122a,0x0e09,0x09e8,0x09e8,0x09e8,0x164b,0x1a6c,0x164b,0x122a,
	0x1209,0x0e09,0x122a,0x122a,0x0e09,0x09e8,0x0e09,0x164b,0x122a,0x122a,0x164b,0x164b,0x162a,0x0e09,0x1209,0x122a,
	0x122a,0x164b,0x162a,0x1209,0x0e09,0x0e09,0x122a,0x164b,0x164b,0x164b,0x122a,0x122a,0x122a,0x122a,0x122b,0x164b,
	0x164b,0x164b,0x124a,0x122a,0x0e09,0x0a09,0x09e8,0x09e8,0x09e8,0x0e09,0x164b,0x164b,0x164b,0x122b,0x122a,0x122a,
	0x164b,0x164b,0x124b,0x122a,0x120a,0x120a,0x0de8,0x09e8,0x1209,0x164b,0x1a6c,0x1e8d,0x122a,0x09e8,0x0e09,0x164b,
	0x124b,0x122a,0x164b,0x166b,0x166b,0x164b,0x0e09,0x05e8,0x09e8,0x122a,0x164b,0x164b,0x164b,0x122a,0x09e8,0x09e8,
	0x0e09,0x0e09,0x0e09,0x122a,0x164b,0x122a,0x09e8,0x0de9,0x164b,0x164b,0x122a,0x1229,0x0e09,0x0e09,0x122a,0x164b,
	0x164b,0x164b,0x1a6c,0x1a6c,0x164b,0x0e09,0x09e8,0x09e8,0x09e8,0x0e09,0x122a,0x122a,0x124a,0x0e29,0x0e29,0x164b,
	0x166b,0x166b,0x0e09,0x122a,0x164b,0x164b,0x122a,0x122a,0x122a,0x120a,0x120a,0x122a,0x122a,0x122a,0x122a,0x122a,
	0x122a,0x122a,0x164b,0x164b,0x124a,0x164b,0x1a4b,0x164b,0x122a,0x0e29,0x164b,0x166c,0x166b,0x166b,0x164b,0x124a,
	0x1a6c,0x124b,0x122a,0x164b,0x1a6c,0x1a6c,0x1a4b,0x122a,0x0e09,0x0e0a,0x164b,0x164b,0x164b,0x122a,0x0e09,0x09e8,
	0x122a,0x164b,0x1a6c,0x1a4b,0x0de8,0x09e8,0x1209,0x1209,0x09e8,0x162a,0x1a4b,0x1209,0x0de8,0x09e8,0x0e09,0x122a,
	0x1a6b,0x122a,0x09e8,0x164b,0x164b,0x164b,0x124b,0x122a,0x0e09,0x122a,0x1a6c,0x1a6c,0x1a6c,0x164b,0x164b,0x1a6c,
	0x164b,0x122a,0x09e8,0x09c7,0x05c7,0x0e09,0x164b,0x164b,0x122a,0x09e8,0x05c7,0x05c7,0x05c7,0x05c7,0x122a,0x164b,
	0x164b,0x0de8,0x09e8,0x122a,0x164b,0x1a6c,0x1a6c,0x164b,0x1209,0x1209,0x162a,0x0de8,0x09c7,0x09c8,0x0e09,0x164b,
	0x164b,0x164b,0x164b,0x164b,0x164b,0x164b,0x164b,0x122a,0x0e09,0x09e8,0x09e8,0x09e8,0x164b,0x1a6c,0x164b,0x0e09,
	0x09e8,0x164b,0x164b,0x1209,0x09c7,0x0de8,0x122a,0x164b,0x122a,0x122a,0x164b,0x1a4b,0x164a,0x122a,0x162a,0x164b,
	0x1a6c,0x1a6c,0x122a,0x09e8,0x09e8,0x09e8,0x0e09,0x124b,0x164b,0x164b,0x0e09,0x09e8,0x0e09,0x122a,0x164b,0x166c,
	0x166b,0x164b,0x1229,0x0e09,0x0e09,0x0e09,0x09e8,0x09e8,0x0a09,0x122a,0x164b,0x164b,0x164c,0x166c,0x164b,0x122a,
	0x124b,0x164b,0x1a6c,0x1a6c,0x162b,0x0de8,0x05c7,0x05c7,0x09e8,0x122a,0x1a6c,0x1a6c,0x122a,0x09e8,0x09e8,0x164b,
	0x122a,0x122a,0x164b,0x164b,0x164b,0x124a,0x0e09,0x09e8,0x0a08,0x122a,0x1a6c,0x1a6c,0x1a6c,0x1a6c,0x09e8,0x09e8,
	0x162a,0x164a,0x162a,0x164b,0x164b,0x122a,0x09e8,0x09e8,0x162a,0x122a,0x0e09,0x122a,0x164b,0x164b,0x164b,0x164b,
	0x164b,0x164b,0x166c,0x1a6c,0x1a6c,0x120a,0x09e8,0x09c8,0x05c7,0x05c7,0x09e8,0x0e09,0x122a,0x0e09,0x0e09,0x122a,
	0x164b,0x166b,0x122a,0x164b,0x1a6c,0x164b,0x166b,0x1a6c,0x164b,0x0e09,0x162b,0x1a6c,0x1a6c,0x164b,0x0e09,0x09e8,
	0x09e8,0x0e09,0x164b,0x166b,0x164b,0x164b,0x164b,0x164b,0x122a,0x122a,0x164b,0x166c,0x164b,0x124b,0x166c,0x166c,
	0x1a6c,0x122a,0x0e09,0x124b,0x1a6c,0x1a6c,0x1a6c,0x122a,0x0e09,0x0e2a,0x164b,0x1a6c,0x164b,0x0e09,0x122a,0x164b,
	0x164b,0x1a4c,0x1a4c,0x1a4b,0x1209,0x1209,0x1a4b,0x162a,0x0de8,0x162a,0x1a4b,0x0de8,0x09e7,0x09c7,0x0e09,0x122a,
	0x1a6c,0x164b,0x164a,0x164b,0x164b,0x164b,0x122a,0x0e29,0x122a,0x164b,0x1a6c,0x1a6c,0x1a6c,0x122a,0x0e09,0x164b,
	0x1a6b,0x122a,0x0e09,0x09c8,0x09c7,0x0e09,0x164b,0x164b,0x122a,0x0e09,0x09e8,0x09e8,0x09c7,0x09c7,0x162a,0x164b,
	0x122a,0x0e09,0x120a,0x164b,0x1a6c,0x1a6c,0x1a6c,0x164b,0x164a,0x162a,0x122a,0x09e8,0x09c7,0x09c8,0x0e09,0x164b,
	0x164b,0x164b,0x164b,0x164b,0x164b,0x164b,0x164b,0x122a,0x0e09,0x122a,0x122a,0x122a,0x1a6c,0x1a8c,0x1a6c,0x164b,
	0x122a,0x164b,0x164b,0x1229,0x09e8,0x0e09,0x164b,0x1a4b,0x1229,0x122a,0x164b,0x1a4b,0x164b,0x162b,0x164b,0x164b,
	0x1a4b,0x1a6c,0x122a,0x09e8,0x09e8,0x0e09,0x122a,0x164b,0x1a6c,0x164b,0x0e09,0x0a09,0x0e09,0x164b,0x166b,0x166b,
	0x166b,0x164b,0x164b,0x164b,0x164b,0x164b,0x122a,0x122a,0x124a,0x164b,0x164b,0x164b,0x164b,0x1a6c,0x1a6c,0x1a6c,
	0x1a6c,0x1a6c,0x1a6c,0x1a6c,0x164b,0x09e8,0x05c7,0x05c7,0x1209,0x164b,0x1a6c,0x1a6c,0x122a,0x09e8,0x09e8,0x0e09,
	0x1209,0x122a,0x164b,0x164b,0x122a,0x0e09,0x0e09,0x0e09,0x122a,0x164b,0x1a6c,0x1a6c,0x1a6c,0x1a6c,0x0de8,0x0e08,
	0x164b,0x164b,0x164b,0x1a4b,0x1a6c,0x164b,0x09e8,0x09e8,0x1a4b,0x1a6c,0x164b,0x164b,0x166c,0x166c,0x1a6c,0x164b,
	0x164b,0x124b,0x164b,0x1a6c,0x1a6c,0x122a,0x09e8,0x05c7,0x05c7,0x05c7,0x09e8,0x0e09,0x122a,0x1229,0x0e09,0x0e09,
	0x122a,0x166b,0x1a6c,0x1a6c,0x1a6c,0x164b,0x1a6b,0x1a6b,0x164b,0x0e09,0x162b,0x1a6c,0x1a6c,0x164b,0x0e09,0x09e8,
	0x09e8,0x1209,0x1a6c,0x164b,0x0e09,0x0e09,0x122a,0x164b,0x122a,0x122a,0x164b,0x166c,0x164b,0x124b,0x166c,0x166c,
	0x1a6c,0x122a,0x0e09,0x164b,0x1a6c,0x1a6c,0x1a6c,0x164b,0x0e09,0x0e2a,0x164b,0x164b,0x164b,0x0e09,0x164b,0x1a6c,
	0x1a6c,0x164b,0x164b,0x164b,0x1209,0x1209,0x1a4b,0x120a,0x0de8,0x162a,0x1a4b,0x0de8,0x09e8,0x09e7,0x0e09,0x122a,
	0x1a6c,0x1a6c,0x164b,0x164b,0x164b,0x164b,0x122a,0x0e29,0x124a,0x1a4c,0x1a6c,0x1a6c,0x1a6c,0x122a,0x09e8,0x122a,
	0x164b,0x164a,0x0e09,0x09c7,0x09c7,0x0de8,0x122a,0x122a,0x122a,0x1209,0x1209,0x1209,0x0e09,0x0e09,0x164b,0x164b,
	0x0e09,0x0e09,0x122a,0x164b,0x164b,0x164b,0x1a4c,0x164b,0x164b,0x164a,0x162a,0x0e09,0x0de8,0x0de8,0x0e09,0x122a,
	0x122a,0x164b,0x164b,0x164b,0x164b,0x164b,0x164b,0x122a,0x122a,0x164b,0x164b,0x164b,0x1a6c,0x1a8c,0x1a6c,0x164b,
	0x164b,0x1a6b,0x166b,0x122a,0x0e09,0x1209,0x164a,0x1a4b,0x1209,0x0e09,0x164b,0x1a4b,0x164b,0x162a,0x122a,0x122a,
	0x162a,0x164b,0x122a,0x0e09,0x0e09,0x0e09,0x122a,0x166c,0x166c,0x164b,0x0e09,0x0e09,0x122a,0x164b,0x164b,0x164b,
	0x164b,0x164b,0x122a,0x162a,0x164b,0x164b,0x164b,0x164b,0x164b,0x164b,0x164b,0x164b,0x164b,0x1a6c,0x1a6c,0x1a6c,
	0x1a6c,0x1a6c,0x1a6c,0x1a6c,0x164b,0x09e8,0x05c7,0x09c7,0x122a,0x1a4b,0x1a6c,0x1a4b,0x1209,0x09c8,0x09c7,0x0e09,
	0x0e09,0x122a,0x164b,0x162a,0x0e09,0x0e09,0x122a,0x122a,0x162a,0x164b,0x1a6c,0x1a6c,0x1a6c,0x1a6c,0x0e09,0x0e09,
	0x164b,0x164b,0x164b,0x1a6c,0x1a6c,0x164b,0x09e8,0x09e8,0x1a6c,0x1a6c,0x1a6c,0x1a4c,0x164b,0x164b,0x164b,0x164b,
	0x122a,0x122a,0x164b,0x1a6c,0x1a6c,0x122a,0x0e09,0x09e8,0x05c7,0x05c7,0x0e09,0x122a,0x122a,0x122a,0x0e09,0x0e09,
	0x122a,0x164b,0x1a6c,0x1a6c,0x1a6c,0x164b,0x162a,0x164a,0x162a,0x0e09,0x122a,0x1a6c,0x1a6c,0x164b,0x0e09,0x09e8,
	0x09e8,0x0e09,0x164b,0x122a,0x09e8,0x09e8,0x0e09,0x164b,0x164b,0x122a,0x164b,0x164b,0x122a,0x122a,0x166b,0x166c,
	0x164b,0x164b,0x164b,0x166c,0x166c,0x166c,0x1a6c,0x166c,0x164b,0x122a,0x0e09,0x122a,0x164b,0x164b,0x164b,0x1a6c,
	0x164b,0x1209,0x0e09,0x0de9,0x0de8,0x09c8,0x0de9,0x0de8,0x09e8,0x162a,0x1a4b,0x122a,0x0e09,0x09e8,0x0a08,0x122a,
	0x1a6c,0x1a6c,0x164b,0x0e09,0x0e29,0x1a6c,0x1a6c,0x166b,0x1a6c,0x1a6c,0x1a6c,0x1a6b,0x1a6b,0x122a,0x09e8,0x0e09,
	0x122a,0x162a,0x0e09,0x09c7,0x05c7,0x09c7,0x09c8,0x09e8,0x0e09,0x162a,0x1a4b,0x1a6c,0x164b,0x164b,0x164b,0x122a,
	0x0e09,0x122a,0x162a,0x122a,0x0e09,0x0e09,0x162a,0x164b,0x122a,0x162a,0x162a,0x164b,0x1a4b,0x164b,0x1209,0x09e8,
	0x0de9,0x164b,0x1a6c,0x122a,0x122a,0x122a,0x164b,0x164b,0x164b,0x1a6c,0x1a6c,0x1a6c,0x1e6c,0x1a6c,0x1a6c,0x164b,
	0x164b,0x1a4b,0x1a4b,0x164b,0x164b,0x122a,0x1209,0x164b,0x1209,0x0e09,0x164b,0x164b,0x122a,0x0e09,0x0e09,0x0e09,
	0x0e09,0x0e09,0x120a,0x122a,0x1209,0x122a,0x164b,0x1a6c,0x164b,0x122a,0x0e09,0x122a,0x164b,0x164b,0x164b,0x164b,
	0x162b,0x0e09,0x09c8,0x09e8,0x0de8,0x1209,0x1a6c,0x1a6c,0x1a6c,0x162a,0x122a,0x122a,0x122a,0x164b,0x164b,0x166b,
	0x166c,0x1a6c,0x1a6c,0x122a,0x0e09,0x09c7,0x05c7,0x09c7,0x122a,0x1a4b,0x164b,0x120a,0x0de8,0x09c7,0x09c8,0x162a,
	0x1209,0x0e09,0x164b,0x162a,0x0e09,0x1209,0x122a,0x164b,0x164b,0x1a4b,0x1a6b,0x1a6c,0x1a6c,0x1a6c,0x162a,0x122a,
	0x164b,0x164b,0x164b,0x1a6c,0x1e8c,0x1a6c,0x0e09,0x0e09,0x1a6c,0x1a6c,0x1a6c,0x164b,0x164b,0x122a,0x122a,0x0e09,
	0x09e8,0x0e09,0x1a6c,0x1a6c,0x1a6c,0x1a4b,0x164b,0x0e09,0x09e8,0x05c7,0x122a,0x164b,0x164b,0x164b,0x122a,0x0e09,
	0x122a,0x164b,0x1a6b,0x164b,0x164b,0x122a,0x09e8,0x09e8,0x122a,0x0e09,0x164a,0x1a6c,0x1a6c,0x164b,0x1229,0x09c7,
	0x09e8,0x0e09,0x120a,0x0e09,0x09e8,0x05c7,0x09e8,0x164b,0x1a6b,0x164b,0x0e09,0x09e8,0x09e8,0x09e8,0x164b,0x164b,
	0x164b,0x1a4c,0x1a6c,0x1a6c,0x164b,0x124b,0x164b,0x1a6c,0x164b,0x164b,0x0e09,0x122a,0x162b,0x164b,0x1a4b,0x164b,
	0x164b,0x0e09,0x0de8,0x0de8,0x09c7,0x09c7,0x09c7,0x09c8,0x09c8,0x162a,0x1a4b,0x162a,0x0e09,0x09e8,0x09e8,0x0e29,
	0x1a6c,0x1a6c,0x164b,0x0e09,0x0e29,0x1a6c,0x164b,0x124a,0x164b,0x164b,0x1a6b,0x164b,0x164b,0x164b,0x122a,0x0e09,
	0x0e09,0x0e09,0x09e8,0x05c7,0x05c7,0x09c7,0x09e8,0x0e09,0x1209,0x164b,0x164b,0x1a6b,0x1a4c,0x164b,0x1a4b,0x164b,
	0x122a,0x164b,0x162a,0x0e09,0x09e8,0x09e8,0x1209,0x120a,0x0de8,0x0e09,0x162a,0x164b,0x164b,0x164b,0x122a,0x0e09,
	0x0e09,0x122a,0x122a,0x122a,0x0e09,0x09e8,0x0e09,0x162a,0x1a6c,0x1a6c,0x1a6c,0x1a6c,0x164b,0x164b,0x1a6c,0x1a6c,
	0x1a4b,0x122a,0x122a,0x164b,0x1a6c,0x1209,0x09e8,0x0de9,0x09e8,0x09c7,0x0de8,0x0de8,0x09e8,0x09c7,0x09c7,0x09c7,
	0x05c7,0x09e8,0x0de9,0x0e09,0x0de8,0x120a,0x164b,0x164b,0x164b,0x120a,0x0e09,0x164b,0x1a6c,0x166b,0x124a,0x122a,
	0x1209,0x0de8,0x09c7,0x05c7,0x05c7,0x0de8,0x164b,0x1a4b,0x164b,0x0de9,0x09e8,0x09e8,0x0e09,0x122a,0x124b,0x164b,
	0x164b,0x164b,0x164b,0x0e09,0x09e8,0x0e09,0x0de8,0x09e8,0x1209,0x164b,0x164b,0x0de9,0x09c7,0x09c7,0x0de8,0x162a,
	0x1209,0x1209,0x1a4b,0x162a,0x1209,0x1209,0x0de8,0x09e8,0x09e8,0x0e09,0x1209,0x122a,0x164b,0x1a6c,0x164b,0x164b,
	0x164b,0x164b,0x164b,0x1a6c,0x1e8d,0x1a6c,0x162a,0x162a,0x1a6c,0x1a6c,0x1a6c,0x164b,0x164b,0x122a,0x0e2a,0x0e09,
	0x09e8,0x09e8,0x0e09,0x122a,0x164b,0x1a6c,0x1a6c,0x164b,0x0e09,0x05c7,0x162a,0x1a6c,0x1a6c,0x1a6c,0x1a6b,0x164b,
	0x164b,0x1a6b,0x1a6c,0x122a,0x0de8,0x1209,0x09e8,0x05c7,0x0e09,0x122a,0x164b,0x1a6b,0x1a6c,0x164b,0x124a,0x0e09,
	0x122a,0x122a,0x0e09,0x09e8,0x09c8,0x09e8,0x0e09,0x164b,0x1a6c,0x164b,0x09e8,0x09c7,0x09c7,0x09e8,0x122a,0x122a,
	0x0e09,0x164b,0x1a6c,0x1a6c,0x122a,0x0e09,0x122a,0x164b,0x1a4b,0x164b,0x122a,0x122a,0x164b,0x164b,0x122a,0x1209,
	0x1209,0x0e09,0x1209,0x1209,0x0de8,0x09c7,0x09c7,0x09e8,0x0de9,0x162a,0x1a4b,0x162a,0x0e09,0x09e8,0x09e8,0x0e09,
	0x1a6c,0x1a6c,0x1a6c,0x164b,0x164b,0x1a6c,0x0e09,0x09c7,0x09e8,0x0e08,0x122a,0x122a,0x164a,0x164b,0x164b,0x1209,
	0x09e8,0x05c7,0x05c7,0x05c7,0x09c7,0x0e09,0x162a,0x164b,0x164b,0x164b,0x122a,0x0e09,0x122a,0x164b,0x164b,0x1a6c,
	0x1a4b,0x164b,0x122a,0x09c8,0x09c7,0x09c7,0x0de8,0x0de8,0x09c7,0x0de8,0x162a,0x1209,0x1209,0x162a,0x122a,0x120a,
	0x1209,0x0de8,0x0e09,0x1a4c,0x0e09,0x05c7,0x09c7,0x0e09,0x164b,0x164b,0x164b,0x1a6c,0x162a,0x122a,0x1a4b,0x1a6c,
	0x1a6c,0x122a,0x122a,0x164b,0x1a6c,0x122a,0x09e8,0x05c7,0x05a7,0x05a7,0x05c7,0x05c7,0x09c7,0x09c7,0x05a7,0x05a6,
	0x05a6,0x09e8,0x0de8,0x09e8,0x09c8,0x0e09,0x164b,0x122a,0x122a,0x122a,0x122a,0x164b,0x1a6c,0x1a6c,0x124a,0x120a,
	0x0de9,0x09c8,0x09c7,0x05a7,0x05a7,0x09c8,0x162a,0x122a,0x0e09,0x05c7,0x05a6,0x05c7,0x0e09,0x122a,0x124a,0x122a,
	0x122b,0x164b,0x122a,0x0e09,0x0de9,0x164b,0x162b,0x120a,0x0e09,0x162a,0x164b,0x0de8,0x09c7,0x09c7,0x0dc8,0x160a,
	0x1209,0x1209,0x1a4b,0x162a,0x1209,0x1209,0x09c8,0x05c7,0x09c7,0x0de8,0x0e09,0x0de8,0x122a,0x1a6c,0x1a6c,0x1a6b,
	0x1a4b,0x164a,0x122a,0x162a,0x164b,0x164b,0x164b,0x164b,0x164b,0x162b,0x122a,0x164b,0x164b,0x124b,0x122a,0x0e09,
	0x09e8,0x05c7,0x0e09,0x120a,0x122a,0x164b,0x164b,0x122a,0x0e09,0x09c7,0x164b,0x1a6c,0x164b,0x164b,0x164b,0x164b,
	0x164b,0x122a,0x122a,0x0e09,0x09e8,0x0e09,0x09e8,0x05c7,0x09e8,0x122a,0x122a,0x164b,0x164b,0x166b,0x166b,0x164b,
	0x164b,0x164b,0x0e09,0x09e8,0x09e8,0x0e09,0x0e09,0x0e09,0x164b,0x162a,0x0de8,0x09c7,0x09c7,0x09c7,0x09e7,0x09e7,
	0x09c7,0x122a,0x1a6c,0x1a6c,0x122a,0x05e8,0x0e09,0x164b,0x1a4b,0x1a4b,0x164b,0x164b,0x164b,0x1a4b,0x0e09,0x09c7,
	0x0de8,0x0de9,0x122a,0x162a,0x0de8,0x09c7,0x09c7,0x1209,0x164b,0x1a4b,0x162a,0x1209,0x0e08,0x09e8,0x09e8,0x0e09,
	0x1a6c,0x1a6c,0x1a6c,0x1a6b,0x1a6c,0x1a6c,0x0e09,0x05c7,0x05c7,0x09c7,0x09e8,0x09e8,0x0e09,0x122a,0x164b,0x1229,
	0x09e7,0x05c7,0x05c7,0x09c7,0x0e09,0x122a,0x164b,0x1a4c,0x164b,0x164b,0x122a,0x09c8,0x09e8,0x0e09,0x164b,0x1a6c,
	0x1a6c,0x164b,0x122a,0x09c7,0x09c7,0x09c7,0x09c7,0x09c7,0x09c7,0x0de8,0x162a,0x0de9,0x0de8,0x1209,0x0de9,0x09e8,
	0x09e8,0x0de8,0x1209,0x1a4c,0x1209,0x09c7,0x09c7,0x0de9,0x122a,0x0e09,0x122a,0x1a6c,0x164b,0x122a,0x162a,0x1a4b,
	0x1a4b,0x1a4b,0x164b,0x1a4b,0x1a6c,0x1a4b,0x1209,0x09c7,0x09a7,0x09c7,0x09c7,0x09c7,0x09c8,0x0dc8,0x09a7,0x05a6,
	0x05a7,0x0e09,0x0e09,0x09c8,0x09c7,0x0e09,0x164b,0x0e09,0x1209,0x162b,0x164b,0x1a6c,0x1e8d,0x1a6c,0x164b,0x122a,
	0x120a,0x0de8,0x05a7,0x05a7,0x05a7,0x09c8,0x122a,0x0de9,0x09c7,0x05a7,0x05a7,0x09c7,0x0e09,0x122a,0x164b,0x122a,
	0x122a,0x122a,0x0e09,0x09e8,0x0de9,0x1a4b,0x1a4b,0x162b,0x1209,0x122a,0x122a,0x09e8,0x09c7,0x09c7,0x0dc8,0x120a,
	0x1209,0x1209,0x162a,0x1209,0x0de8,0x0de8,0x09c7,0x09c7,0x1209,0x1209,0x0e09,0x09e8,0x0e09,0x164b,0x164b,0x1a4b,
	0x1a6b,0x122a,0x09e8,0x09e8,0x0de8,0x0e09,0x164b,0x164b,0x0e09,0x09e8,0x09c7,0x120a,0x164b,0x164b,0x164b,0x122a,
	0x09e8,0x09c7,0x122a,0x164b,0x164b,0x0e09,0x09e8,0x09e8,0x09e8,0x09e8,0x164b,0x1a4b,0x122a,0x0e09,0x122a,0x164a,
	0x0e09,0x09e8,0x09e8,0x0e09,0x0e09,0x09e8,0x09c7,0x05c7,0x09e8,0x0e09,0x0e09,0x0e09,0x164b,0x1a6c,0x1a6c,0x1a6c,
	0x1a6c,0x1a6c,0x0e09,0x09e8,0x0e09,0x0e08,0x0de8,0x09e8,0x160a,0x162a,0x0dc8,0x09c7,0x09c7,0x09c7,0x05c7,0x05c7,
	0x09c7,0x122a,0x1a6c,0x1a6c,0x122a,0x09e8,0x0e29,0x164b,0x164b,0x162b,0x122a,0x1209,0x1209,0x122a,0x0de8,0x09c7,
	0x0e09,0x1209,0x162a,0x164b,0x1209,0x0de8,0x09c7,0x0e09,0x162b,0x164b,0x162a,0x122a,0x0e09,0x0de8,0x09e8,0x0e09,
	0x1a6c,0x164b,0x122a,0x122a,0x122a,0x164b,0x1209,0x09e8,0x09c7,0x09c7,0x09c7,0x09c7,0x09e8,0x0e09,0x122a,0x0e09,
	0x09e8,0x05c7,0x05c7,0x09e8,0x122a,0x164b,0x1a6c,0x1a6c,0x1a6c,0x164b,0x120a,0x05c7,0x09e8,0x0e09,0x164b,0x1a6c,
	0x1a6c,0x1a4b,0x162a,0x09c8,0x09c7,0x09c7,0x09c7,0x09c7,0x09c7,0x0de8,0x120a,0x0de8,0x0de8,0x0e09,0x09e8,0x05c7,
	0x09c7,0x0de8,0x1209,0x1a4c,0x1209,0x09c7,0x09c7,0x0de8,0x0e09,0x0de8,0x122a,0x1a6c,0x164b,0x1209,0x0e09,0x120a,
	0x162a,0x1a4c,0x1a4b,0x1a4b,0x1a4b,0x162a,0x0de9,0x09c7,0x09a7,0x09c7,0x0de8,0x1209,0x0de9,0x0de8,0x09c7,0x09a7,
	0x09c8,0x1209,0x0de9,0x09c7,0x05c7,0x0de8,0x1209,0x09e8,0x0e09,0x122a,0x164b,0x164b,0x1a6c,0x1a4b,0x162b,0x122a,
	0x1209,0x0de8,0x09c7,0x09c7,0x09c7,0x0de8,0x122a,0x09e8,0x05c7,0x05a7,0x05a7,0x09c7,0x0e09,0x122a,0x164b,0x164b,
	0x122a,0x0e09,0x0de8,0x09e8,0x0e09,0x1a6c,0x1a6c,0x164b,0x1209,0x122a,0x164b,0x0e09,0x09e8,0x09c8,0x0dc8,0x11e9,
	0x1209,0x11e9,0x0dc8,0x09c7,0x09c7,0x09c7,0x09c7,0x0de8,0x1a4b,0x1a4b,0x122a,0x09e8,0x09e8,0x0e09,0x164b,0x164b,
	0x1a4b,0x122a,0x09e8,0x09e8,0x09e8,0x0de8,0x122a,0x122a,0x0de9,0x09c8,0x05c7,0x120a,0x164b,0x164b,0x164b,0x122a,
	0x09e8,0x09e8,0x164b,0x164b,0x122a,0x09e8,0x09c7,0x09c7,0x09c8,0x09e8,0x164b,0x1a4b,0x1209,0x0e09,0x1209,0x122a,
	0x0e09,0x09e8,0x09e8,0x0de9,0x0e09,0x09e8,0x09c8,0x09c7,0x09e8,0x0de8,0x0de8,0x0e09,0x122b,0x164b,0x124b,0x166b,
	0x1a6c,0x1a6c,0x122a,0x122a,0x122a,0x122a,0x0e09,0x09c8,0x0de8,0x11e9,0x0dc7,0x09c7,0x09c7,0x09c7,0x05c7,0x05c7,
	0x09c7,0x122a,0x1a6c,0x1a6c,0x164b,0x122a,0x164b,0x1a4b,0x162b,0x0e09,0x09c8,0x09c7,0x09c7,0x09c7,0x09c7,0x09c7,
	0x120a,0x122a,0x164b,0x164b,0x164b,0x122a,0x0de8,0x09e8,0x0de8,0x1209,0x162a,0x164b,0x164a,0x1209,0x0e08,0x0e09,
	0x1a6c,0x1229,0x05c7,0x09c7,0x0de8,0x162b,0x162a,0x122a,0x09e8,0x09c7,0x09e8,0x09e7,0x09e7,0x09e8,0x09e8,0x1209,
	0x0e09,0x09e8,0x09e8,0x0e09,0x1a4b,0x1a4b,0x164b,0x164b,0x1a6c,0x164b,0x122a,0x09c7,0x0de8,0x122a,0x1a4b,0x1a6c,
	0x1a6c,0x1a4c,0x162a,0x0de8,0x09c7,0x09c7,0x09c7,0x09c7,0x0de8,0x1209,0x1209,0x0de9,0x0e09,0x0e09,0x09e8,0x09c7,
	0x09c7,0x0de9,0x162a,0x1a4c,0x1209,0x09c7,0x09c8,0x0de8,0x0e09,0x0e09,0x122a,0x1a6c,0x162a,0x0de9,0x09e8,0x0de8,
	0x0e09,0x1a4b,0x1a4c,0x162b,0x1209,0x0de8,0x09c8,0x09c7,0x09c7,0x1209,0x1a4b,0x1e6c,0x1a4b,0x0de9,0x0dc8,0x0de8,
	0x162a,0x162a,0x0de9,0x09c7,0x05c7,0x05c7,0x05c7,0x09c7,0x09e8,0x09e8,0x09e8,0x0e09,0x1209,0x120a,0x122a,0x120a,
	0x09c8,0x0de9,0x120a,0x1209,0x1209,0x162a,0x162a,0x0de8,0x09c7,0x09e8,0x0de9,0x1209,0x0e09,0x162a,0x164b,0x1a4b,
	0x1a4b,0x162a,0x0e09,0x09e8,0x0e09,0x1a6c,0x1a6c,0x164b,0x0de8,0x1209,0x164b,0x122a,0x1209,0x0de8,0x0de8,0x0de8,
	0x1209,0x1209,0x0dc8,0x0dc7,0x09c7,0x09c7,0x11e9,0x1609,0x162a,0x164b,0x164b,0x0e09,0x09c7,0x05c7,0x122a,0x1a4b,
	0x1a4b,0x122a,0x0de8,0x09e8,0x09e8,0x09e8,0x0de8,0x09e8,0x09e8,0x09c7,0x09e8,0x122a,0x1a4b,0x1a4c,0x164b,0x164b,
	0x0e09,0x09e8,0x164b,0x162a,0x0e09,0x09c8,0x05c7,0x09c7,0x09c7,0x09e8,0x164b,0x1a4b,0x0e09,0x0e09,0x0e09,0x122a,
	0x0e09,0x09e8,0x0de8,0x09e8,0x09e8,0x0de8,0x09e8,0x09e8,0x09e8,0x0e09,0x0e09,0x0e09,0x122a,0x0e2a,0x0e09,0x164b,
	0x164b,0x1a6c,0x1a6c,0x1a6c,0x1a6c,0x164b,0x162a,0x09c8,0x09c7,0x09c7,0x09c7,0x09c7,0x09c7,0x09c7,0x09c7,0x05c7,
	0x09c7,0x1209,0x1a6c,0x1a4c,0x122a,0x0de8,0x0de8,0x0e09,0x0de8,0x09e8,0x09c7,0x0dc7,0x09c7,0x09c7,0x09c8,0x0de8,
	0x122a,0x164b,0x164b,0x1a6c,0x1a6c,0x164b,0x122a,0x0e09,0x0e09,0x122a,0x164a,0x1a6b,0x164b,0x122a,0x0e09,0x1229,
	0x1a6c,0x1229,0x09c7,0x09c7,0x09c8,0x0de8,0x122a,0x162a,0x0e08,0x0e09,0x122a,0x0de8,0x05c7,0x09c7,0x09e8,0x162a,
	0x164b,0x122a,0x0de8,0x0de8,0x164b,0x122a,0x0de8,0x1209,0x1a4b,0x164b,0x1209,0x09c7,0x0e09,0x164b,0x1a6c,0x1a6c,
	0x1a4b,0x1a4b,0x162b,0x0de8,0x09c8,0x0de9,0x120a,0x120a,0x122a,0x122a,0x1209,0x1209,0x120a,0x0de9,0x0de8,0x09c8,
	0x0de8,0x120a,0x1a2b,0x1e4b,0x1209,0x09c7,0x09c7,0x0e09,0x164b,0x164b,0x1a6c,0x1e6c,0x162a,0x0de8,0x09c8,0x09e8,
	0x0de9,0x164b,0x162a,0x1209,0x0dc8,0x09c7,0x09c7,0x09c7,0x09c7,0x1609,0x1e6c,0x226c,0x1e6c,0x164b,0x120a,0x122a,
	0x164b,0x162a,0x1209,0x0de8,0x0de9,0x09c8,0x05c7,0x09c7,0x09e8,0x0e09,0x1209,0x122a,0x122a,0x0e09,0x0de9,0x0de9,
	0x09c8,0x120a,0x1a4b,0x162a,0x162a,0x162a,0x120a,0x09e8,0x09c8,0x120a,0x164b,0x162a,0x1209,0x122a,0x164b,0x1a4b,
	0x164b,0x122a,0x0e09,0x09e8,0x0e09,0x1a4b,0x164b,0x122a,0x09e8,0x0e09,0x166b,0x164b,0x122a,0x0e09,0x0e09,0x1209,
	0x120a,0x162a,0x1209,0x0de8,0x09c7,0x09c7,0x1209,0x162a,0x122a,0x162b,0x164b,0x0e09,0x09c7,0x05c7,0x122a,0x1a4b,
	0x162a,0x1209,0x0e09,0x1209,0x0e09,0x0de8,0x0e09,0x0e09,0x09e8,0x09e8,0x0e09,0x164b,0x164b,0x122a,0x122a,0x164b,
	0x164b,0x162a,0x122a,0x122a,0x0e09,0x09c7,0x05c7,0x05c7,0x09c7,0x09e8,0x164b,0x1a4b,0x0de9,0x09e8,0x0a09,0x122a,
	0x164b,0x164b,0x164b,0x122a,0x122a,0x122a,0x0e09,0x09e8,0x0de9,0x162a,0x164b,0x164b,0x164b,0x164b,0x164b,0x164b,
	0x122a,0x0e09,0x122a,0x164b,0x1a4b,0x162a,0x1209,0x09c7,0x05c7,0x05a7,0x09c7,0x1209,0x162a,0x162a,0x1229,0x1229,
	0x09c7,0x1209,0x164b,0x164b,0x1209,0x09c7,0x09c7,0x09c7,0x09c7,0x09c7,0x09c7,0x0dc7,0x0dc7,0x09c7,0x0de8,0x0de9,
	0x164b,0x166c,0x166c,0x1a6c,0x1a6c,0x166c,0x164b,0x122a,0x122a,0x122a,0x164b,0x1a6c,0x164b,0x0e09,0x0e09,0x1229,
	0x1a4b,0x1229,0x0de8,0x09c7,0x09c7,0x09c7,0x0de8,0x1209,0x0de8,0x1229,0x164b,0x0e09,0x05c7,0x05c7,0x09e8,0x164b,
	0x1a4b,0x162a,0x0e09,0x0de8,0x164b,0x162a,0x0e09,0x122a,0x164b,0x162a,0x0e09,0x09c7,0x0e09,0x164b,0x1a6c,0x1a6c,
	0x1a4b,0x1a4b,0x162a,0x09e8,0x09c8,0x1209,0x162a,0x162b,0x162a,0x162a,0x1209,0x1209,0x162a,0x0de9,0x0de8,0x0de8,
	0x0de8,0x162a,0x1a2b,0x1a4b,0x11e9,0x09a7,0x09c7,0x1209,0x1a6c,0x1e6c,0x1e6c,0x1e6c,0x162a,0x0de9,0x0de8,0x09e8,
	0x0de8,0x1209,0x0e09,0x0de8,0x09c8,0x09c7,0x09c7,0x09c7,0x0dc8,0x1609,0x1e6c,0x1e6c,0x1e6c,0x1a6c,0x164b,0x164b,
	0x164b,0x162a,0x122a,0x1209,0x120a,0x09e8,0x05c7,0x09c7,0x09e8,0x1209,0x1a4b,0x1a4c,0x164b,0x0e09,0x09c8,0x09c7,
	0x09e8,0x162a,0x1a4b,0x162b,0x162b,0x162a,0x0e09,0x09e8,0x09e8,0x122a,0x1a4b,0x162a,0x0de8,0x0de8,0x0e09,0x1209,
	0x0e09,0x0de9,0x09e8,0x09e8,0x0de8,0x162a,0x122a,0x0e09,0x09c7,0x0e09,0x166b,0x164b,0x164b,0x164b,0x164b,0x164b,
	0x164b,0x1a4b,0x1a4b,0x1209,0x09c7,0x09c7,0x0e08,0x0e09,0x122a,0x122a,0x122a,0x0de8,0x09e8,0x0de8,0x164b,0x164b,
	0x1209,0x1209,0x120a,0x162a,0x1209,0x0e09,0x122a,0x122a,0x09e8,0x09e8,0x122a,0x164b,0x164b,0x09e9,0x1209,0x164b,
	0x1a4b,0x164b,0x122a,0x122a,0x0e09,0x09c8,0x05c7,0x05c7,0x09c7,0x09e8,0x164b,0x164b,0x09e8,0x09e8,0x0e09,0x122a,
	0x164b,0x1a6c,0x1a6c,0x164b,0x164b,0x164b,0x0e09,0x09e8,0x0e09,0x164b,0x1a6b,0x1a6b,0x166b,0x166c,0x166c,0x164b,
	0x122a,0x09e8,0x0e09,0x162a,0x164b,0x122a,0x0e09,0x05c7,0x05c7,0x05a7,0x09c7,0x162a,0x1a6c,0x1a6b,0x164a,0x164a,
	0x09c7,0x0de9,0x122a,0x120a,0x0de9,0x09c7,0x09c7,0x09c7,0x09c7,0x09c7,0x0dc8,0x0dc8,0x0dc8,0x09c8,0x0de8,0x1209,
	0x164b,0x166c,0x166c,0x166c,0x166c,0x166c,0x166c,0x166b,0x166b,0x164b,0x164b,0x1a6c,0x164b,0x122a,0x0de8,0x0de8,
	0x0e09,0x122a,0x162a,0x0de8,0x09c7,0x09c7,0x09c7,0x09e8,0x09e8,0x122a,0x1a4b,0x120a,0x05c7,0x05c7,0x09e8,0x164a,
	0x1a6b,0x164b,0x0e09,0x0e08,0x164b,0x164b,0x164b,0x164b,0x122a,0x1209,0x0de8,0x09c7,0x0e09,0x164b,0x164b,0x164b,
	0x1a4b,0x1a4b,0x122a,0x09c7,0x09c8,0x1209,0x162a,0x162a,0x1209,0x1209,0x120a,0x162a,0x162a,0x162a,0x1209,0x0de8,
	0x0de8,0x162a,0x162a,0x1209,0x0dc8,0x09a7,0x09c7,0x1209,0x1a6c,0x1e6c,0x1e6c,0x1e6c,0x122a,0x0de9,0x0de9,0x0de9,
	0x0de9,0x09e8,0x09e8,0x09e8,0x09c8,0x09c7,0x09c7,0x09c7,0x0dc8,0x160a,0x1e4c,0x1a6c,0x1a6c,0x166c,0x164b,0x124a,
	0x122a,0x164b,0x122a,0x122a,0x122a,0x0de8,0x05c7,0x09c7,0x09c8,0x1209,0x1a4c,0x1e6c,0x164b,0x0de8,0x05c7,0x05c7,
	0x09e8,0x122a,0x164b,0x162a,0x164b,0x162a,0x0de9,0x09e8,0x0de8,0x162a,0x1a4b,0x162a,0x09e8,0x09e8,0x0de8,0x0de9,
	0x0de8,0x0de8,0x09e8,0x09e8,0x0e09,0x122a,0x0e09,0x09e8,0x05c7,0x0e09,0x166b,0x164b,0x166b,0x1a6b,0x1a6b,0x1a4b,
	0x1a4b,0x1a6c,0x1a6c,0x1209,0x09c7,0x09c7,0x0e09,0x162a,0x164b,0x122a,0x0e09,0x09e8,0x0e09,0x122a,0x1a4b,0x164b,
	0x0e09,0x1209,0x162a,0x1209,0x0de8,0x0e09,0x122a,0x122a,0x0e09,0x09e8,0x0e2a,0x122a,0x122a,0x09e8,0x0e09,0x164b,
	0x122a,0x122a,0x122a,0x122a,0x0e09,0x09e8,0x05c7,0x05c7,0x09c7,0x0de8,0x164b,0x164b,0x0e09,0x0e2a,0x124b,0x164b,
	0x166c,0x1a6c,0x1a6c,0x1a6c,0x1a6c,0x164b,0x1209,0x0de8,0x0de8,0x1209,0x122a,0x122a,0x122a,0x164b,0x1a6c,0x164b,
	0x122a,0x09e8,0x0de8,0x122a,0x164b,0x122a,0x0de9,0x05c7,0x05a7,0x05c7,0x0de9,0x164b,0x1a6c,0x1a6c,0x122a,0x122a,
	0x09c7,0x09e8,0x0de9,0x0de9,0x0de8,0x0de8,0x0de8,0x0de8,0x09c8,0x09c7,0x0de8,0x1209,0x1209,0x0de9,0x1209,0x122a,
	0x164b,0x166c,0x166c,0x164b,0x166c,0x166c,0x124b,0x164b,0x166c,0x164b,0x164b,0x1a6c,0x166b,0x122a,0x09e8,0x09e7,
	0x09e8,0x1209,0x162a,0x0de8,0x09c7,0x09c7,0x05c7,0x09c7,0x09e8,0x122a,0x1a4c,0x122a,0x09c7,0x09e8,0x0e09,0x164b,
	0x164b,0x122a,0x0e29,0x122a,0x164b,0x1a6c,0x1a6c,0x164b,0x0e09,0x0de8,0x09e8,0x09c7,0x0e09,0x122a,0x1209,0x122a,
	0x164b,0x164b,0x122a,0x09c7,0x09c8,0x1209,0x162a,0x122a,0x0e09,0x0e09,0x122a,0x122a,0x162a,0x1a4b,0x162a,0x0de8,
	0x0de8,0x1209,0x1209,0x0de8,0x09c7,0x09c7,0x09c7,0x0de9,0x164b,0x164b,0x1a6c,0x1a6c,0x122a,0x0de9,0x0e09,0x122a,
	0x120a,0x09e8,0x0e09,0x122a,0x122a,0x09e8,0x09c7,0x09c7,0x09e8,0x120a,0x1a4c,0x164c,0x164b,0x166b,0x124b,0x0e2a,
	0x0e09,0x164b,0x164b,0x122a,0x122a,0x09e8,0x05c7,0x05c7,0x09c7,0x0de8,0x120a,0x162b,0x122a,0x09e8,0x05c7,0x05c7,
	0x0e09,0x0e09,0x0e09,0x0e09,0x124b,0x164b,0x122a,0x0e09,0x122a,0x162a,0x164b,0x122a,0x09e8,0x09e8,0x0de8,0x05c7,
	0x09c7,0x0de8,0x122a,0x164b,0x122a,0x0e09,0x09e8,0x09e8,0x05e8,0x0e09,0x166c,0x166b,0x166b,0x1a6b,0x166b,0x164b,
	0x166b,0x1a6c,0x1a6c,0x122a,0x09e8,0x09e8,0x122a,0x1a6b,0x164b,0x122a,0x09e8,0x0e09,0x122a,0x162a,0x1a4b,0x162b,
	0x0de8,0x122a,0x162b,0x0de8,0x09e8,0x0e09,0x122a,0x164b,0x122a,0x122a,0x124b,0x122a,0x122a,0x0e09,0x0e09,0x0e09,
	0x0e09,0x0e09,0x164b,0x164b,0x122a,0x0e09,0x09e8,0x09e8,0x09e8,0x0e09,0x164b,0x164b,0x122a,0x164b,0x1a6c,0x166c,
	0x164b,0x164b,0x166c,0x1a6c,0x1a6c,0x164b,0x0e09,0x0de8,0x0de8,0x0e09,0x0e09,0x0de9,0x0de9,0x122a,0x164b,0x164b,
	0x122a,0x0e09,0x09e8,0x120a,0x1a4b,0x124b,0x0e09,0x05c7,0x05c7,0x09e8,0x122a,0x1a6c,0x1a6c,0x1a6c,0x122a,0x122a,
	0x09c7,0x09c7,0x09e8,0x09c8,0x0de9,0x162b,0x162b,0x162a,0x0de8,0x09c8,0x0de8,0x162a,0x1a4b,0x122a,0x122a,0x122a,
	0x166c,0x1a6c,0x164b,0x122a,0x124b,0x164b,0x0e2a,0x122a,0x166c,0x166b,0x164b,0x1a6c,0x1a6c,0x164b,0x09e8,0x09e7,
	0x09c7,0x09c7,0x09c8,0x09c8,0x09c8,0x09c8,0x09c7,0x09c7,0x09e8,0x1209,0x164b,0x1209,0x09e8,0x1229,0x164b,0x166b,
	0x124a,0x0e09,0x122a,0x1a6c,0x1a6c,0x1a6c,0x1a6c,0x164a,0x0e09,0x09e8,0x09e8,0x0de8,0x0e09,0x1209,0x09e8,0x0e09,
	0x162a,0x162a,0x1209,0x09c8,0x09e8,0x1209,0x120a,0x0e09,0x0e09,0x0e09,0x122a,0x122a,0x122a,0x164b,0x162a,0x1209,
	0x1209,0x0e09,0x0de9,0x0e09,0x09e8,0x09c7,0x09e8,0x0e09,0x0e09,0x0e09,0x164b,0x1a6c,0x162b,0x0e09,0x0e09,0x162a,
	0x162b,0x09e8,0x122a,0x1a4b,0x164b,0x0de8,0x09c7,0x09c8,0x09e8,0x1209,0x164b,0x164b,0x124b,0x126b,0x124b,0x122a,
	0x0e29,0x164b,0x166b,0x124b,0x122a,0x0e09,0x09e8,0x05c7,0x05c7,0x09c7,0x09e8,0x0e09,0x1209,0x0de8,0x09e8,0x09e8,
	0x122a,0x0e2a,0x0e09,0x0e29,0x124b,0x164b,0x164b,0x124b,0x122a,0x122a,0x164b,0x122a,0x0e09,0x0e09,0x0de8,0x05c7,
	0x05c7,0x0de8,0x164b,0x1a6c,0x164b,0x0e09,0x0e09,0x0e09,0x09e8,0x0e2a,0x166c,0x166c,0x166b,0x166b,0x166b,0x164b,
	0x124b,0x164b,0x166c,0x124b,0x0e2a,0x122a,0x166b,0x1a6c,0x166b,0x0e2a,0x0a09,0x164b,0x164b,0x122a,0x164b,0x122a,
	0x09e8,0x1209,0x122a,0x0de8,0x0de8,0x0e09,0x164b,0x1a6c,0x1a6c,0x1a6c,0x1a6c,0x124b,0x122a,0x164b,0x122a,0x09e8,
	0x09e8,0x0e09,0x1a4c,0x1a6c,0x1a6b,0x164b,0x164b,0x122a,0x0e09,0x0e09,0x164b,0x164b,0x166c,0x166c,0x1a6c,0x166c,
	0x122a,0x0e29,0x164b,0x1a6c,0x166c,0x0e09,0x0de8,0x0de8,0x0e08,0x0e09,0x09e8,0x09c7,0x09c7,0x0e09,0x164b,0x122a,
	0x122a,0x162a,0x0de8,0x1209,0x164b,0x164b,0x164b,0x0e09,0x09e8,0x0e09,0x164b,0x1a6c,0x1a6c,0x1a6c,0x122a,0x122a,
	0x09c7,0x09c7,0x09c8,0x09c8,0x0e09,0x164b,0x164b,0x162b,0x122a,0x120a,0x0e09,0x122a,0x164b,0x164b,0x164b,0x164b,
	0x1a6c,0x1a6c,0x124b,0x0e29,0x164b,0x166c,0x124a,0x122a,0x166b,0x166b,0x164b,0x1a6c,0x1a6c,0x164b,0x0e09,0x0e09,
	0x09e8,0x09e8,0x09c7,0x09c7,0x0de8,0x162a,0x1209,0x0de8,0x09e8,0x0de8,0x0de8,0x0e09,0x122a,0x164b,0x122a,0x122a,
	0x124a,0x164b,0x166b,0x1a6c,0x1a6c,0x1a6c,0x1a6c,0x166b,0x122a,0x0de8,0x0de9,0x164b,0x1a4b,0x164b,0x09e8,0x09e8,
	0x09e8,0x09e8,0x0de8,0x1209,0x122a,0x122a,0x0e09,0x0de8,0x09e8,0x0e09,0x164b,0x0e09,0x0e09,0x164b,0x164c,0x164c,
	0x164b,0x164b,0x122a,0x164b,0x0e09,0x09e8,0x122a,0x164b,0x122a,0x0e09,0x124b,0x1a6c,0x164b,0x122a,0x0e09,0x162a,
	0x164b,0x0e09,0x164b,0x1a6c,0x1a6c,0x0e09,0x09e8,0x0de8,0x09e8,0x0de8,0x0e09,0x0e2a,0x124b,0x166c,0x166c,0x166b,
	0x164b,0x166c,0x1a6c,0x166c,0x1a6c,0x166c,0x122a,0x09e8,0x05c7,0x09e8,0x0de9,0x09e8,0x0e09,0x164b,0x122a,0x122a,
	0x164b,0x166b,0x166b,0x166c,0x166c,0x1a6c,0x1a6c,0x164b,0x124a,0x122a,0x164b,0x164b,0x164b,0x122a,0x0e09,0x09e8,
	0x09c8,0x09e9,0x164b,0x164c,0x164b,0x164b,0x164b,0x124b,0x0e2a,0x122a,0x166c,0x166b,0x124b,0x126b,0x126b,0x124b,
	0x0e2a,0x0e2a,0x166c,0x166b,0x166b,0x1a8d,0x1a8c,0x166c,0x166c,0x124b,0x122a,0x164b,0x164b,0x162a,0x0e09,0x09e8,
	0x09c7,0x09c7,0x09e8,0x0de9,0x1209,0x122a,0x164b,0x166c,0x1a6c,0x1a6c,0x1a6c,0x124a,0x0e2a,0x164b,0x122a,0x09e8,
	0x09e8,0x0e09,0x1a6c,0x1a6c,0x1a6c,0x164b,0x164b,0x122a,0x0e09,0x0a09,0x0e2a,0x124b,0x166c,0x166c,0x166c,0x164b,
	0x0e2a,0x0e09,0x124b,0x166c,0x166c,0x124b,0x0e09,0x0de9,0x0de9,0x0e09,0x09e8,0x05c7,0x05c7,0x0e09,0x162a,0x0de9,
	0x122a,0x164b,0x122a,0x1209,0x0e09,0x0e09,0x122a,0x164b,0x0e0a,0x0e2a,0x166c,0x1a6c,0x1a6c,0x166c,0x0e0a,0x0a09,
	0x09c7,0x09c8,0x09c8,0x09c8,0x0e09,0x164b,0x164b,0x164b,0x164b,0x122b,0x0e09,0x122a,0x162b,0x164b,0x164b,0x1a6c,
	0x1a6c,0x1a6c,0x124a,0x0e09,0x124b,0x1a6c,0x124b,0x122a,0x164b,0x164b,0x166b,0x166c,0x1a6c,0x164b,0x122a,0x0e09,
	0x0e09,0x09e8,0x09c7,0x09c7,0x0de9,0x1a4b,0x164b,0x1209,0x0de8,0x09e7,0x09c7,0x0de8,0x164b,0x164b,0x122a,0x122a,
	0x124a,0x166c,0x1a6c,0x1a6c,0x1a6c,0x1a6c,0x1a6c,0x1a6c,0x164b,0x0e09,0x0e09,0x1a4b,0x1a6c,0x1a4c,0x0de8,0x09c7,
	0x09c7,0x05c7,0x09e8,0x122a,0x122a,0x122a,0x1209,0x0e09,0x09e8,0x0e09,0x164b,0x09e8,0x09e8,0x164b,0x1a6c,0x1a6c,
	0x1a6c,0x1a4b,0x164b,0x164b,0x122a,0x0e09,0x164b,0x1a6c,0x164b,0x122a,0x124b,0x164b,0x164b,0x164b,0x122a,0x122a,
	0x122a,0x0e09,0x164b,0x1a6c,0x1a6c,0x122a,0x0e09,0x1209,0x0e09,0x0e08,0x09e8,0x0e09,0x124b,0x166c,0x166c,0x166c,
	0x1a6c,0x1a6c,0x1a6c,0x1a6c,0x1a6c,0x1a6c,0x164b,0x09e8,0x09e8,0x09e8,0x122a,0x0e2a,0x122a,0x166c,0x164b,0x164b,
	0x166c,0x166c,0x166c,0x166c,0x1a6c,0x1a6c,0x1a6c,0x166c,0x164b,0x164b,0x164b,0x164b,0x164c,0x164b,0x122a,0x0de8,
	0x09e9,0x0e0a,0x164b,0x166c,0x164b,0x164b,0x164b,0x164b,0x124b,0x164b,0x166c,0x124b,0x124b,0x124b,0x124b,0x164b,
	0x0e2a,0x0a09,0x166c,0x166b,0x166b,0x1a8d,0x1a8d,0x1a8c,0x166c,0x166b,0x164b,0x1a6c,0x164b,0x162a,0x09e8,0x05c7,
	0x09c7,0x05a7,0x09c7,0x0e09,0x122a,0x162a,0x162a,0x164b,0x1a6c,0x1a6c,0x1a6c,0x124a,0x0e29,0x124a,0x122a,0x0e09,
	0x0e09,0x122a,0x1a6c,0x1a6c,0x1a6c,0x164b,0x164b,0x122a,0x0e09,0x0a09,0x0e09,0x122a,0x166c,0x166c,0x164b,0x124b,
	0x0e2a,0x0e2a,0x164b,0x124b,0x164b,0x166c,0x122a,0x1209,0x1209,0x0e09,0x09e8,0x05c7,0x05c7,0x0e09,0x122a,0x09e8,
	0x0e09,0x162b,0x164b,0x122a,0x09e8,0x0e09,0x122a,0x1a6c,0x124b,0x122a,0x164b,0x166c,0x166c,0x164b,0x0a09,0x0a09,
	0x09c8,0x0de9,0x0e09,0x0e09,0x122a,0x164b,0x164b,0x164b,0x164b,0x122a,0x09e9,0x0e09,0x120a,0x122a,0x164b,0x1a6c,
	0x1a6c,0x1a6c,0x124a,0x0e09,0x164b,0x1a6c,0x124b,0x0e2a,0x122a,0x164b,0x164b,0x164b,0x164b,0x164b,0x0e2a,0x0e09,
	0x122a,0x0de9,0x09c7,0x09c7,0x0de9,0x1a4b,0x164b,0x120a,0x0de8,0x09e8,0x09c7,0x09e8,0x122a,0x164b,0x164b,0x164b,
	0x164b,0x1a6c,0x1a6c,0x1a6c,0x1a6c,0x1a6c,0x1a6c,0x164b,0x122a,0x122a,0x162a,0x1a4c,0x1a4b,0x164b,0x0e09,0x09e8,
	0x09e8,0x05c7,0x09c7,0x0de8,0x0e09,0x122a,0x162a,0x122a,0x09e8,0x09e8,0x09e8,0x09e8,0x0a09,0x164b,0x1a6c,0x1a6c,
	0x1a6c,0x1a6c,0x1a6c,0x122a,0x164b,0x1a6c,0x1a6c,0x1a6c,0x1a6c,0x1a6c,0x164b,0x122a,0x124b,0x164b,0x164b,0x122a,
	0x0e09,0x0e29,0x164b,0x1a6c,0x1a6c,0x1a6c,0x1a6c,0x1a6c,0x1a6c,0x122a,0x09e8,0x0e29,0x124b,0x166c,0x166c,0x166c,
	0x1a6c,0x1a6c,0x1a6c,0x166c,0x166c,0x1a6c,0x166b,0x164b,0x122a,0x122a,0x166c,0x1a6c,0x166c,0x1a6c,0x1a6c,0x1a6c,
	0x1a6c,0x166c,0x166c,0x1a6c,0x1a6c,0x1a6c,0x1a6c,0x1a8c,0x1a8d,0x1a6c,0x164b,0x122b,0x164b,0x1a6c,0x1a4c,0x0e09,
	0x122a,0x164b,0x166c,0x166c,0x166c,0x1a6c,0x1a6c,0x166c,0x1a6c,0x1a6c,0x1a6c,0x124b,0x0e2a,0x124b,0x124b,0x166c,
	0x0e2a,0x0e2a,0x166c,0x166b,0x124b,0x1a8c,0x1a8d,0x1a8c,0x1a8c,0x1a6c,0x166c,0x1a6c,0x1a4b,0x162a,0x09e8,0x05c7,
	0x05c7,0x05c7,0x09c8,0x122a,0x122a,0x122a,0x122a,0x122a,0x1a6c,0x1a6c,0x1a6c,0x124a,0x0e09,0x0e09,0x122a,0x124b,
	0x124b,0x164b,0x1a6c,0x1a6c,0x1a6c,0x164b,0x164b,0x164b,0x122a,0x122a,0x124b,0x164b,0x166c,0x122a,0x0e09,0x0e29,
	0x124b,0x166c,0x166c,0x124b,0x122a,0x166c,0x166c,0x1a4b,0x164b,0x120a,0x09e8,0x05c7,0x09c7,0x0de8,0x1209,0x09c8,
	0x09e8,0x0de9,0x162b,0x122a,0x0e09,0x164b,0x1a6c,0x1a6c,0x166c,0x164b,0x124b,0x122b,0x122b,0x122a,0x0a09,0x0e2a,
	0x0e09,0x122a,0x162b,0x122a,0x122a,0x164b,0x122b,0x122a,0x122a,0x120a,0x09e8,0x0de9,0x0e09,0x122a,0x164b,0x1a6c,
	0x1a6c,0x1a6c,0x124b,0x0e09,0x164b,0x1a6c,0x124b,0x0e2a,0x0e2a,0x164b,0x164b,0x124b,0x122a,0x122a,0x0e09,0x122a,
	0x164b,0x120a,0x09e8,0x09c7,0x0de8,0x162a,0x162a,0x162a,0x0e09,0x0de8,0x09c7,0x09e7,0x0de8,0x164b,0x1a6c,0x1a6c,
	0x1a6c,0x1a6c,0x1a6c,0x1a6c,0x1a6c,0x1a6c,0x1a6c,0x164b,0x0e09,0x122a,0x164b,0x1a6c,0x166c,0x164b,0x122a,0x122a,
	0x1209,0x09c7,0x09e8,0x0e09,0x0e09,0x122a,0x122a,0x122a,0x122a,0x0e2a,0x0e2a,0x0e2a,0x122a,0x166c,0x166c,0x166c,
	0x166c,0x166c,0x166c,0x164b,0x166c,0x1a6c,0x1a6c,0x1a6c,0x1a6c,0x1a6c,0x164b,0x0e2a,0x164b,0x1a6c,0x1a6c,0x122a,
	0x0e09,0x122a,0x164b,0x164b,0x164b,0x1a6c,0x1a6c,0x1a6c,0x1a6c,0x164b,0x122a,0x124b,0x166b,0x166c,0x166b,0x164b,
	0x164b,0x1a6c,0x1a6c,0x164b,0x124b,0x164b,0x1a6c,0x1a6c,0x164b,0x164b,0x166c,0x164b,0x164b,0x166c,0x1a6c,0x1a6c,
	0x166b,0x164b,0x164b,0x164b,0x166c,0x166c,0x166c,0x1a6c,0x1a6c,0x1a6c,0x124b,0x122a,0x164b,0x1a6c,0x1a6c,0x122b,
	0x164b,0x166c,0x166c,0x166c,0x166b,0x1a4b,0x164b,0x164b,0x1a6c,0x1a6c,0x1a6c,0x164b,0x124b,0x124b,0x124b,0x166b,
	0x124b,0x124b,0x166c,0x124b,0x0e2a,0x124b,0x124b,0x122a,0x124b,0x164b,0x1a6c,0x1a4b,0x1a4b,0x164b,0x0de8,0x05c7,
	0x05c7,0x09c7,0x0de9,0x1a4b,0x1a4b,0x164b,0x122a,0x122a,0x164b,0x164b,0x164b,0x122a,0x0e09,0x122a,0x122a,0x0e09,
	0x0e09,0x0e09,0x122a,0x122a,0x122a,0x0e2a,0x122a,0x1a6c,0x166c,0x166c,0x166c,0x1a6c,0x166c,0x122a,0x0a09,0x0a09,
	0x124b,0x166c,0x166c,0x164b,0x164b,0x166c,0x1a6c,0x1a6c,0x1a6c,0x164b,0x122a,0x0e09,0x0de9,0x0e09,0x0e09,0x09e8,
	0x09c8,0x09e8,0x164b,0x164b,0x164b,0x1a6c,0x1a6c,0x1a6c,0x1a6c,0x164b,0x122a,0x0e2a,0x0e2a,0x122a,0x124b,0x164c,
	0x164b,0x1a4c,0x1a4c,0x122a,0x0e0a,0x0e0a,0x0e09,0x0de9,0x0de9,0x120a,0x122b,0x122b,0x122b,0x164b,0x166c,0x1a6c,
	0x1a6c,0x1a6c,0x164b,0x164b,0x164b,0x164b,0x164b,0x124b,0x124b,0x164b,0x164b,0x0e09,0x0e09,0x0e09,0x0e09,0x122a,
	0x1a4b,0x122a,0x0de8,0x09e8,0x09c8,0x09e8,0x1209,0x162a,0x162a,0x0e09,0x09c7,0x09e7,0x09e8,0x122a,0x1a6c,0x1a6c,
	0x1a6c,0x166c,0x1a6c,0x1a6c,0x1a6c,0x1a6c,0x1a6c,0x164b,0x0e09,0x122a,0x164b,0x1a6c,0x1a6c,0x1a6c,0x164b,0x1a4b,
	0x162b,0x09e8,0x09e8,0x122a,0x122a,0x122a,0x122a,0x122a,0x164b,0x166b,0x166b,0x166c,0x166c,0x166c,0x166c,0x166c,
	0x166c,0x166c,0x1a6c,0x1a6c,0x1a6c,0x1a6c,0x164b,0x164b,0x164b,0x166c,0x164b,0x124b,0x166c,0x1a6c,0x1a6c,0x122a,
	0x0e29,0x124a,0x122a,0x122a,0x122a,0x164b,0x1a6c,0x1a6c,0x1a6c,0x1a6c,0x166b,0x166c,0x1a6c,0x166c,0x164b,0x124a,
	0x164b,0x1a6c,0x166c,0x124a,0x0e2a,0x164b,0x166c,0x1a6c,0x1a6c,0x166c,0x166b,0x124a,0x124b,0x166c,0x166c,0x166c,
	0x166b,0x164b,0x164b,0x164b,0x166c,0x166c,0x164b,0x166c,0x1a6c,0x166c,0x122a,0x0e0a,0x124b,0x166c,0x166c,0x164b,
	0x164c,0x166c,0x166c,0x164b,0x164b,0x164b,0x164b,0x164b,0x166c,0x1a6c,0x166c,0x164b,0x164b,0x164b,0x164b,0x166b,
	0x124b,0x124b,0x166c,0x124b,0x0e09,0x0e29,0x0e09,0x0e09,0x0e2a,0x122a,0x1a4b,0x1a4b,0x1a4b,0x164b,0x0de8,0x09c7,
	0x09c7,0x09e8,0x1209,0x1a6c,0x1a6c,0x166c,0x124b,0x124b,0x124b,0x122a,0x124b,0x0e2a,0x0e2a,0x124b,0x122a,0x0e09,
	0x0a09,0x0a09,0x0e2a,0x0e2a,0x0e09,0x0e09,0x122a,0x1a6c,0x1a6c,0x1a8c,0x1a6c,0x1a6c,0x166c,0x122a,0x0a08,0x0a09,
	0x124b,0x166c,0x166c,0x166c,0x166c,0x166c,0x166c,0x1a6c,0x1a6c,0x1a4b,0x164b,0x122a,0x122a,0x1209,0x0e09,0x09e8,
	0x09e8,0x0de8,0x164b,0x1a6c,0x1a6c,0x1a6c,0x1a6c,0x166c,0x1a6c,0x164b,0x0e2a,0x0e09,0x0e2a,0x124b,0x166c,0x1a6d,
	0x1a4c,0x1a6c,0x1a6c,0x122b,0x0e0a,0x0e09,0x0e09,0x09e9,0x0de9,0x122a,0x164b,0x164b,0x164b,0x164b,0x166c,0x1a6c,
	0x1a6c,0x1a6c,0x166c,0x164b,0x164b,0x124b,0x124b,0x164b,0x164b,0x166c,0x164b,0x0e09,0x0a09,0x0e09,0x0e09,0x1209,
	0x164b,0x122a,0x0e09,0x0de8,0x09e8,0x05c7,0x0e09,0x162a,0x164b,0x1209,0x09e8,0x09e8,0x09e8,0x122a,0x164b,0x1a6c,
	0x166b,0x164b,0x164b,0x1a6c,0x164b,0x164b,0x122a,0x122a,0x122a,0x164b,0x164b,0x1a6c,0x1a6c,0x1a6c,0x1a4b,0x164b,
	0x122a,0x0de8,0x0e09,0x122a,0x122a,0x122a,0x122a,0x122a,0x164b,0x164b,0x164b,0x164b,0x164b,0x166c,0x166c,0x166c,
	0x166c,0x166c,0x1a6c,0x1a6c,0x1a6c,0x166c,0x124b,0x122a,0x122a,0x164b,0x166c,0x1a6c,0x1a6c,0x1a6c,0x1a6c,0x122a,
	0x122a,0x164b,0x122a,0x0e09,0x0e09,0x164b,0x164b,0x122a,0x122a,0x164b,0x166c,0x1a6c,0x1a6c,0x166b,0x122a,0x122a,
	0x164b,0x1a6c,0x124a,0x0e09,0x09e8,0x122a,0x122a,0x0e0a,0x122a,0x164b,0x166b,0x164b,0x164b,0x166b,0x0e09,0x0e09,
	0x164b,0x166c,0x166c,0x166c,0x166c,0x166c,0x164b,0x122a,0x122a,0x122a,0x122a,0x0e09,0x0e09,0x0e0a,0x122a,0x164b,
	0x164c,0x166c,0x164b,0x124b,0x122a,0x162b,0x162b,0x164b,0x164b,0x1a6c,0x1a6c,0x164b,0x122a,0x164b,0x166b,0x166c,
	0x124b,0x124a,0x166c,0x164b,0x122a,0x122a,0x0e0a,0x0e09,0x122a,0x164b,0x1a4b,0x1a4b,0x1a4b,0x164b,0x122a,0x0e09,
	0x0de8,0x0e09,0x162a,0x1a4b,0x1a6c,0x166c,0x164b,0x164b,0x124b,0x0a09,0x0a09,0x0a09,0x0e2a,0x124b,0x164b,0x124b,
	0x122a,0x124a,0x164b,0x164b,0x124b,0x124a,0x164b,0x166c,0x166c,0x1a6c,0x1a6c,0x1a6c,0x166c,0x124b,0x0e2a,0x122a,
	0x166c,0x166c,0x122a,0x124b,0x166c,0x166c,0x166c,0x1a6c,0x1a6c,0x1a6c,0x164b,0x162a,0x122a,0x1209,0x0de9,0x0e09,
	0x1209,0x162a,0x1a6c,0x1a6c,0x1a6c,0x164b,0x122a,0x122a,0x164b,0x164b,0x122a,0x122a,0x124b,0x166c,0x166c,0x1a6c,
	0x164b,0x1a4c,0x1a4c,0x164b,0x164b,0x1a4c,0x164b,0x164b,0x162b,0x164b,0x1a6c,0x1a6c,0x164b,0x122a,0x0e2a,0x0e09,
	0x0e09,0x122a,0x164b,0x164b,0x122a,0x09e8,0x09e8,0x0e2a,0x164b,0x1a6c,0x164b,0x0e09,0x0e09,0x122a,0x0e09,0x09e8,
	0x09e8,0x120a,0x164b,0x1209,0x0de8,0x05c7,0x1229,0x164b,0x164b,0x122a,0x09e8,0x09e8,0x0de8,0x0e09,0x0e09,0x164b,
	0x164b,0x0e09,0x122a,0x164b,0x122a,0x09e8,0x09c8,0x1209,0x1a6c,0x1a6c,0x1a6c,0x1a6c,0x166c,0x166c,0x1a4b,0x122a,
	0x0de8,0x120a,0x122a,0x164b,0x164b,0x164b,0x164b,0x164b,0x164b,0x122a,0x09e8,0x09e8,0x0e09,0x166c,0x166c,0x166c,
	0x166c,0x0e09,0x0e09,0x164b,0x166c,0x166c,0x164b,0x122a,0x0e09,0x0e09,0x164b,0x1a6c,0x166c,0x164b,0x164b,0x122a,
	0x122a,0x164b,0x122a,0x0e09,0x0e09,0x164b,0x164b,0x0a09,0x09e8,0x122a,0x166c,0x1a6c,0x1a6c,0x164b,0x122a,0x122a,
	0x124a,0x164b,0x0e09,0x09e8,0x09e8,0x0e09,0x0e09,0x09e8,0x0e09,0x122a,0x166b,0x166c,0x166c,0x166b,0x0e09,0x0a09,
	0x164b,0x164b,0x164b,0x164b,0x164b,0x164b,0x164b,0x0e09,0x09e8,0x0de9,0x0e09,0x0e09,0x0e09,0x120a,0x122a,0x164b,
	0x164b,0x124b,0x122a,0x122a,0x120a,0x1209,0x0e09,0x1209,0x164b,0x1a6c,0x164b,0x122a,0x0e09,0x164b,0x166c,0x166c,
	0x124b,0x122a,0x166c,0x166c,0x164b,0x122a,0x0e09,0x09e8,0x0e09,0x162a,0x1a4b,0x164b,0x162a,0x1209,0x1209,0x122a,
	0x122a,0x122a,0x164b,0x1a4b,0x1a4b,0x166b,0x166c,0x166c,0x124b,0x0a09,0x05e8,0x09e8,0x0e2a,0x164b,0x166b,0x166c,
	0x166c,0x166c,0x166c,0x166c,0x164b,0x164b,0x164b,0x164b,0x124b,0x122b,0x164b,0x166c,0x1a6c,0x164b,0x164b,0x164b,
	0x1a6c,0x166c,0x0a09,0x122a,0x1a6c,0x166c,0x166c,0x1a6c,0x1a6c,0x164b,0x122a,0x120a,0x122a,0x122a,0x1209,0x122a,
	0x164b,0x1a6c,0x1a6c,0x1a6c,0x164b,0x122a,0x0e09,0x0e09,0x122a,0x122a,0x122a,0x164b,0x1a6c,0x1a6c,0x166c,0x1a6c,
	0x122a,0x164b,0x164c,0x164c,0x164c,0x1a4c,0x164c,0x164b,0x162b,0x164b,0x1a4c,0x1a6c,0x164b,0x0e09,0x09e8,0x0e09,
	0x0e09,0x122a,0x164b,0x164b,0x122a,0x0e09,0x09e8,0x0e09,0x122a,0x164b,0x164b,0x122a,0x122a,0x164b,0x122a,0x0e09,
	0x09c7,0x0de8,0x122a,0x122a,0x0e09,0x09e8,0x122a,0x164b,0x164b,0x122a,0x0de9,0x09e8,0x1209,0x0e09,0x0de8,0x122a,
	0x1209,0x0de8,0x0e09,0x1209,0x0e09,0x09e8,0x09e8,0x0e09,0x164b,0x1a6c,0x166b,0x124b,0x122a,0x122a,0x164b,0x120a,
	0x09e8,0x0e09,0x122a,0x164b,0x164b,0x164b,0x164b,0x164b,0x164b,0x122a,0x0a09,0x0a09,0x0e2a,0x166b,0x164b,0x124b,
	0x122a,0x09e8,0x09e8,0x162b,0x164b,0x1a6c,0x1a6c,0x164b,0x0e09,0x0e09,0x122a,0x1a6c,0x164b,0x164b,0x164b,0x122a,
	0x122a,0x164b,0x124b,0x122a,0x122a,0x164b,0x122a,0x09e8,0x09e8,0x122a,0x166c,0x1a6c,0x166c,0x164b,0x164b,0x122a,
	0x0e09,0x1229,0x0e09,0x0de8,0x09e8,0x09e8,0x0de8,0x05c7,0x09e8,0x122a,0x164b,0x164b,0x166c,0x166c,0x164b,0x164b,
	0x164b,0x122a,0x0e09,0x0de8,0x0de8,0x0e09,0x162b,0x0de9,0x09c7,0x09e8,0x0e09,0x120a,0x162b,0x164b,0x164b,0x1a4c,
	0x122b,0x0e09,0x09e8,0x0de8,0x0de9,0x09e8,0x09c8,0x09e8,0x162a,0x1a6c,0x164b,0x0e09,0x09e8,0x164b,0x1a6c,0x1a6c,
	0x122a,0x0e2a,0x166c,0x1a6c,0x1a6c,0x162b,0x0de8,0x09c7,0x09e8,0x1209,0x162b,0x120a,0x0de8,0x09c7,0x09c8,0x0e09,
	0x122a,0x162a,0x164b,0x1a4b,0x1a4b,0x164b,0x166c,0x166c,0x124b,0x122a,0x0a08,0x0a09,0x0e2a,0x164b,0x164b,0x166b,
	0x166b,0x166c,0x166c,0x166c,0x166b,0x164b,0x164b,0x164b,0x0e09,0x09e8,0x122a,0x164b,0x164b,0x164b,0x164b,0x164b,
	0x164b,0x122a,0x09e8,0x122a,0x166c,0x166b,0x164b,0x166c,0x164b,0x0e09,0x09e8,0x09e8,0x1209,0x164b,0x1a4b,0x122a,
	0x164b,0x1a6c,0x1a6c,0x1a6c,0x164b,0x0e2a,0x0e09,0x122a,0x122a,0x122a,0x09e8,0x120a,0x164b,0x1a6c,0x166c,0x1a6c,
	0x09e8,0x122a,0x164b,0x164c,0x162b,0x0e09,0x0e09,0x120a,0x0e09,0x122a,0x164b,0x164b,0x122a,0x09e8,0x05c7,0x09e8,
	0x122a,0x124a,0x164b,0x166b,0x1a6c,0x164b,0x0e09,0x09e8,0x0e09,0x122a,0x1a4b,0x1a4b,0x1a4b,0x164b,0x164b,0x162a,
	0x09e8,0x09c7,0x09e8,0x122a,0x164b,0x164b,0x164b,0x164b,0x164b,0x164b,0x0e09,0x0de8,0x162a,0x122a,0x0de8,0x0de8,
	0x0de8,0x0de8,0x0de8,0x09e8,0x09e8,0x09e8,0x09e8,0x09e8,0x122a,0x164b,0x164b,0x0e2a,0x0de9,0x0e09,0x164b,0x122a,
	0x09e8,0x09c7,0x0de8,0x162a,0x164b,0x164b,0x1a4b,0x164b,0x124b,0x124b,0x164b,0x164b,0x164b,0x124b,0x0e09,0x09e8,
	0x09e8,0x05c7,0x09e8,0x122a,0x164b,0x1a6c,0x1a6c,0x164b,0x0e09,0x0e09,0x122a,0x164b,0x164b,0x164b,0x164b,0x164b,
	0x164b,0x164b,0x164b,0x164b,0x164b,0x122a,0x0e09,0x09e8,0x09e8,0x122a,0x1a6c,0x1a6c,0x1a4b,0x1a4b,0x164b,0x122a,
	0x09e8,0x1209,0x122a,0x1209,0x09e8,0x09e8,0x09c8,0x05c7,0x09e8,0x0e09,0x0e09,0x162a,0x1a6c,0x1a6c,0x1a6c,0x1a6c,
	0x1a4b,0x120a,0x0de8,0x09c8,0x09c8,0x09c8,0x0de9,0x09c8,0x09c7,0x09c8,0x0de9,0x120a,0x164b,0x1a4b,0x164b,0x164b,
	0x0e09,0x09c7,0x05c7,0x09c7,0x09c8,0x09c7,0x09c7,0x09c8,0x122a,0x1a4b,0x164b,0x0de8,0x09e8,0x164b,0x1a6c,0x1a6c,
	0x122a,0x0e09,0x1a6c,0x1a6c,0x1a6c,0x1a6c,0x162a,0x1209,0x0de8,0x0de8,0x0de9,0x09c8,0x09c7,0x09c7,0x09c7,0x09c8,
	0x0de8,0x0de8,0x0e09,0x164b,0x164b,0x164b,0x166b,0x166c,0x166c,0x124b,0x122a,0x122a,0x122a,0x122a,0x122a,0x164b,
	0x164b,0x164b,0x164b,0x164b,0x164b,0x164b,0x164b,0x162b,0x0de8,0x09c7,0x0de8,0x0e09,0x122a,0x162a,0x164b,0x162a,
	0x0de9,0x09c7,0x09c7,0x122a,0x164b,0x122a,0x164b,0x166c,0x164b,0x0e09,0x09e8,0x09c8,0x1209,0x1a4b,0x1a6c,0x164b,
	0x164b,0x1a6c,0x1a6c,0x1a6c,0x164b,0x0e09,0x0e09,0x122a,0x122a,0x0e09,0x09e8,0x09e8,0x0e09,0x164b,0x1a6c,0x1a6c,
	0x0e09,0x122a,0x164b,0x164b,0x122a,0x09c8,0x09e8,0x09e8,0x09e9,0x120a,0x122a,0x122a,0x122a,0x09e8,0x05c7,0x09e8,
	0x122a,0x164b,0x164b,0x166b,0x1a6b,0x164b,0x122a,0x0e09,0x09e8,0x1209,0x162a,0x164b,0x1a4b,0x1a4b,0x1a4b,0x164b,
	0x09e8,0x09c7,0x09e8,0x124b,0x166b,0x164b,0x166b,0x166c,0x1a6c,0x162a,0x0e09,0x09e8,0x122a,0x122a,0x0e09,0x0de8,
	0x0de8,0x0de8,0x0de8,0x0de9,0x0e09,0x0de8,0x09e8,0x09e8,0x0e09,0x164b,0x164b,0x124b,0x0e09,0x0de8,0x164b,0x162a,
	0x0e09,0x09c7,0x09e8,0x122a,0x164b,0x1a4b,0x1a4b,0x164b,0x122a,0x122a,0x164b,0x164b,0x164b,0x122a,0x0a09,0x09e8,
	0x09c7,0x05c7,0x09c8,0x122a,0x164b,0x164b,0x162b,0x122a,0x0de9,0x0de8,0x0e09,0x122a,0x122a,0x122a,0x122a,0x162b,
	0x164b,0x164b,0x166c,0x1a6c,0x164b,0x122a,0x0de8,0x09e8,0x09e8,0x122a,0x164b,0x164b,0x164b,0x164b,0x164b,0x122a,
	0x09e8,0x0e09,0x122a,0x122a,0x0e09,0x0de8,0x09e8,0x05c7,0x09e8,0x0de8,0x0de8,0x1209,0x164b,0x164b,0x1a4b,0x1a4b,
	0x1a4c,0x120a,0x0dc8,0x09c8,0x09c7,0x09c7,0x09c7,0x09c7,0x0de8,0x0de8,0x0e09,0x0e09,0x122a,0x164b,0x164b,0x162a,
	0x0de9,0x09c8,0x09e8,0x0de8,0x0de8,0x09c8,0x09c7,0x09c8,0x122a,0x1a4b,0x164b,0x09e8,0x09e8,0x164b,0x1a6c,0x1a6c,
	0x0e29,0x0e09,0x1a6c,0x1a6c,0x1a6c,0x1a4b,0x162a,0x122a,0x0de8,0x09c7,0x09c8,0x09c7,0x09c7,0x09a7,0x09a7,0x09c7,
	0x05c7,0x09c7,0x0de8,0x162a,0x162a,0x164b,0x164b,0x166c,0x166c,0x166b,0x164b,0x164b,0x164b,0x0e09,0x0e09,0x1209,
	0x122a,0x122a,0x164b,0x122a,0x1229,0x122a,0x122a,0x1209,0x0de8,0x09c7,0x09c7,0x0de8,0x1209,0x122a,0x162b,0x162a,
	0x0de8,0x05a6,0x09c7,0x0e09,0x122a,0x0e09,0x164b,0x1a6c,0x164b,0x0e09,0x09e8,0x09c8,0x1209,0x1a4b,0x1a6c,0x164b,
	0x164b,0x1a4c,0x164b,0x164b,0x164b,0x0e2a,0x0e09,0x122a,0x1209,0x0e09,0x09c7,0x05c7,0x09e8,0x162b,0x1a6c,0x1e6c,
	0x0e09,0x162b,0x1a4c,0x164b,0x0e09,0x05c7,0x05c7,0x05c7,0x09c8,0x0e09,0x122a,0x122a,0x122a,0x09e8,0x09e8,0x09e8,
	0x164b,0x1a6c,0x1a6c,0x166b,0x164b,0x122b,0x164a,0x120a,0x09e8,0x09e8,0x0de9,0x162a,0x164b,0x164b,0x164b,0x162a,
	0x09e8,0x09c7,0x09e8,0x164b,0x1a6c,0x166b,0x166c,0x1a6c,0x1a6c,0x122a,0x09e8,0x09e8,0x1209,0x122a,0x1209,0x0de8,
	0x09e8,0x09e8,0x0e09,0x122a,0x122a,0x0e09,0x09c7,0x05c7,0x09e8,0x122a,0x164b,0x164b,0x0e09,0x09e8,0x164b,0x164b,
	0x1209,0x09c8,0x0de8,0x122a,0x164b,0x1a4b,0x1a4b,0x164b,0x0a09,0x0e09,0x164b,0x164b,0x164b,0x0e09,0x09e8,0x09c8,
	0x09c7,0x09c7,0x09e8,0x122a,0x122a,0x0e09,0x09c8,0x05c7,0x05c7,0x05c7,0x09c7,0x09e8,0x09c8,0x09c8,0x09c8,0x0e09,
	0x122a,0x164b,0x1a4b,0x164b,0x164b,0x0e09,0x09e8,0x09e8,0x09e8,0x0e09,0x162b,0x164b,0x164b,0x122a,0x0e09,0x0de8,
	0x09e8,0x0e09,0x122a,0x164b,0x164b,0x162a,0x1209,0x09c8,0x09c8,0x09c7,0x09c7,0x09c7,0x09c7,0x09c8,0x1209,0x162a,
	0x1a4b,0x120a,0x0dc8,0x09c7,0x09c7,0x09a7,0x09c7,0x0dc8,0x1209,0x164b,0x1209,0x09e8,0x09e8,0x122a,0x1a4b,0x164b,
	0x122a,0x122a,0x164b,0x1a4b,0x164b,0x0de9,0x09c7,0x09c8,0x122a,0x164b,0x122a,0x09e8,0x09e8,0x164b,0x1a6c,0x1a6c,
	0x0e29,0x0e09,0x1a6c,0x1a4c,0x162a,0x0e09,0x0de8,0x0de8,0x09c7,0x09c7,0x09c7,0x09c7,0x09c7,0x09c7,0x09c7,0x05c7,
	0x05c7,0x09c7,0x09e8,0x0e09,0x0e09,0x0e0a,0x124b,0x164b,0x164b,0x164b,0x124b,0x164b,0x164b,0x0de8,0x09c7,0x09c7,
	0x09c7,0x09e8,0x122a,0x0de8,0x05c7,0x05c7,0x09c7,0x09c7,0x09c7,0x09c7,0x09c7,0x09c7,0x0de8,0x1209,0x122a,0x162a,
	0x0de8,0x05a6,0x09a7,0x09c7,0x0de8,0x0e09,0x164b,0x1a6c,0x164b,0x0e09,0x09e8,0x09e8,0x1209,0x164b,0x1a4b,0x122a,
	0x164b,0x164b,0x0e09,0x0e09,0x0e09,0x164b,0x164b,0x122a,0x0de8,0x09c7,0x09c7,0x05a6,0x09c7,0x1209,0x1a4c,0x1e6c,
	0x164b,0x164c,0x1a6c,0x1a6c,0x164b,0x122a,0x0de9,0x05c7,0x09e8,0x122a,0x1a4b,0x1a6b,0x164b,0x0e09,0x0e09,0x124a,
	0x164b,0x164b,0x164b,0x1a4c,0x166c,0x164b,0x164c,0x162a,0x0de9,0x09e8,0x09c8,0x0de8,0x0e09,0x0e09,0x0e09,0x0de9,
	0x09c7,0x09e8,0x0e2a,0x166c,0x1a6c,0x166c,0x166c,0x166c,0x1a6c,0x122a,0x09e8,0x09c7,0x09c7,0x09c8,0x09c7,0x09c7,
	0x09c7,0x09c7,0x0e09,0x162a,0x162a,0x0e09,0x09c7,0x05c7,0x09e8,0x164b,0x1a6c,0x1a6c,0x122a,0x0e09,0x1a4b,0x164b,
	0x1209,0x1209,0x122a,0x164b,0x1a4b,0x1a4b,0x164b,0x122a,0x09e8,0x0e09,0x1a4b,0x1a6c,0x164b,0x1209,0x0e09,0x0e09,
	0x0de8,0x09e8,0x0de8,0x122a,0x0de9,0x05c7,0x05c7,0x05c7,0x05c7,0x05c7,0x05c7,0x05c7,0x09c7,0x09c7,0x09c7,0x09c7,
	0x0de8,0x0e09,0x0e09,0x0e09,0x0e09,0x0de8,0x0e09,0x122a,0x122a,0x122a,0x164b,0x164b,0x122a,0x0e09,0x09e8,0x09e8,
	0x09e8,0x0e09,0x164b,0x1a6c,0x164b,0x122a,0x0e09,0x0dc8,0x09c7,0x09c7,0x09c7,0x09a7,0x05a7,0x05a7,0x09c7,0x0de8,
	0x160a,0x11e9,0x09c7,0x09a7,0x09a7,0x09a7,0x09a7,0x09c7,0x0de9,0x164b,0x120a,0x09e8,0x09e8,0x0e09,0x120a,0x1209,
	0x0e09,0x1209,0x164b,0x1a4b,0x164b,0x122a,0x0e09,0x0e09,0x122a,0x122a,0x1209,0x09c8,0x09e8,0x164b,0x1a6c,0x1a6c,
	0x1229,0x0e09,0x1a6c,0x1a4c,0x164b,0x120a,0x0de8,0x09c7,0x09c7,0x09c8,0x0de9,0x0e09,0x1209,0x1209,0x1209,0x1209,
	0x1209,0x122a,0x122a,0x0e09,0x09e8,0x09e8,0x122a,0x164b,0x122a,0x0e09,0x0a09,0x124b,0x1a4b,0x0de8,0x09c7,0x09c7,
	0x09c7,0x09c8,0x122a,0x122a,0x0e09,0x09c7,0x09c7,0x09c7,0x09c7,0x09c7,0x09c7,0x0de8,0x120a,0x1209,0x0e09,0x0de8,
	0x09c7,0x05a6,0x05a6,0x09c7,0x0de8,0x0e09,0x0e09,0x1229,0x0e09,0x0e08,0x09e8,0x09c8,0x0e09,0x0e09,0x0e09,0x1209,
	0x162a,0x164b,0x0e09,0x0de8,0x0e09,0x164b,0x164b,0x162a,0x0de8,0x09c7,0x09c7,0x05a6,0x09a7,0x0de8,0x162a,0x162a,
	0x1a4c,0x1a6c,0x1a6c,0x1a6c,0x1a6c,0x164c,0x120a,0x05c8,0x09e8,0x164b,0x1a6c,0x1a6c,0x1a6b,0x122a,0x164b,0x166b,
	0x122a,0x0e29,0x122a,0x164b,0x1a6c,0x1a6c,0x164b,0x122a,0x0de8,0x09c8,0x09c7,0x09c7,0x09c7,0x09e8,0x0e09,0x1209,
	0x09c7,0x09e8,0x122a,0x166c,0x166c,0x166c,0x166c,0x166c,0x1a6c,0x122a,0x0e09,0x09e8,0x09e8,0x09c7,0x09c7,0x0de8,
	0x0de8,0x0de8,0x0de8,0x0e09,0x122a,0x122a,0x0e09,0x0de9,0x0e09,0x164b,0x1a6c,0x1a6c,0x164b,0x122a,0x122a,0x1209,
	0x0e09,0x122a,0x122a,0x122a,0x164b,0x1a4b,0x164b,0x122a,0x05c7,0x0de8,0x164b,0x164b,0x164b,0x0e09,0x1209,0x122a,
	0x122a,0x122a,0x122a,0x122a,0x0e09,0x09e8,0x09c8,0x05c7,0x05c7,0x09a7,0x09a7,0x09a7,0x09c7,0x09c7,0x09c7,0x05a7,
	0x05a7,0x05a7,0x09c7,0x09c7,0x09c7,0x09e8,0x0e09,0x122a,0x122a,0x162b,0x164b,0x164b,0x122a,0x09e8,0x09e8,0x09e8,
	0x09e8,0x0e09,0x164b,0x1a6c,0x122a,0x1209,0x0e09,0x0dc8,0x09c7,0x09c8,0x09c8,0x09a7,0x05a7,0x05a7,0x05a6,0x05a7,
	0x0de8,0x0dc8,0x09c7,0x0dc8,0x0dc8,0x09c8,0x09c7,0x09a7,0x0de8,0x164b,0x120a,0x0de8,0x0de8,0x09e8,0x09c8,0x09c8,
	0x09c8,0x0de8,0x164b,0x164b,0x122a,0x164b,0x162a,0x122a,0x0e09,0x0e09,0x0de9,0x09c8,0x09e8,0x164b,0x1a6c,0x1a6b,
	0x0e09,0x09e8,0x162a,0x162b,0x164b,0x162a,0x0de8,0x05a7,0x05a7,0x0de8,0x162b,0x164b,0x164b,0x164b,0x164b,0x164b,
	0x164b,0x1a4b,0x164b,0x0de9,0x05c7,0x05c7,0x0e09,0x1209,0x0e09,0x09e8,0x09e8,0x122a,0x1a4c,0x0de9,0x09c7,0x09c7,
	0x05c7,0x09c7,0x162a,0x164b,0x164b,0x0e09,0x09c7,0x09c7,0x09c7,0x09c7,0x0dc8,0x1209,0x164b,0x1209,0x0de8,0x0de8,
	0x09c7,0x09c7,0x09c7,0x0dc7,0x0de8,0x0de9,0x09e8,0x09e8,0x09e8,0x09e8,0x09e8,0x09e8,0x09e8,0x09c7,0x05c7,0x0e09,
	0x122a,0x164b,0x0e09,0x0de9,0x0e09,0x164b,0x1a4b,0x164b,0x0de9,0x09c7,0x09c7,0x05a6,0x09a7,0x0de8,0x1209,0x1209,
	0x1a4b,0x1a6c,0x1a4c,0x164b,0x162b,0x164b,0x120a,0x09e8,0x0e09,0x164b,0x1a6c,0x1a6c,0x1a6c,0x164b,0x164b,0x1a6c,
	0x0e09,0x09e8,0x09e8,0x0e09,0x162a,0x164b,0x1209,0x0de8,0x09e8,0x09c8,0x09c7,0x09c7,0x09c7,0x0de8,0x162a,0x162b,
	0x09e8,0x09e8,0x122a,0x164b,0x164b,0x166c,0x166c,0x166c,0x166c,0x124b,0x1209,0x1209,0x0e09,0x0de8,0x09c7,0x1209,
	0x162a,0x122a,0x09e8,0x09e8,0x1209,0x162a,0x162a,0x122a,0x122a,0x164b,0x1a6b,0x1a6c,0x1a4c,0x164b,0x09e8,0x09c7,
	0x09e8,0x122a,0x1209,0x0e09,0x162a,0x1a4b,0x164b,0x122a,0x05c7,0x09e8,0x164b,0x164b,0x162a,0x0de9,0x1209,0x162a,
	0x164b,0x1a4b,0x164b,0x122a,0x162a,0x162a,0x0de8,0x09c7,0x09c7,0x09a7,0x09a7,0x09c7,0x09c7,0x09c7,0x05c7,0x05a7,
	0x05a7,0x05a7,0x09c8,0x09e8,0x09c7,0x09c7,0x09e8,0x09c7,0x09c7,0x0e09,0x162a,0x164b,0x122a,0x0e09,0x0e2a,0x0e09,
	0x09e8,0x09e8,0x0e09,0x122a,0x122a,0x160a,0x1209,0x0dc8,0x09c8,0x0dc8,0x0de8,0x0dc8,0x09c7,0x09a7,0x05a7,0x05a7,
	0x09c8,0x09c7,0x09c8,0x120a,0x162a,0x120a,0x0de8,0x09c7,0x0e09,0x164b,0x122a,0x0e09,0x0e09,0x09e8,0x09e8,0x09e8,
	0x09c8,0x09e8,0x0e2a,0x122a,0x122a,0x164b,0x162b,0x122a,0x1209,0x0e09,0x0de8,0x09c8,0x09e8,0x162a,0x1a4b,0x1a4b,
	0x0de9,0x05a7,0x09c7,0x09e8,0x0de9,0x1209,0x09e8,0x05a7,0x05a7,0x0de8,0x164b,0x164b,0x164b,0x164b,0x164b,0x164b,
	0x164b,0x1a4b,0x164b,0x0e09,0x09e8,0x09e8,0x09e8,0x09e8,0x09e8,0x09e8,0x09e8,0x122a,0x1a6c,0x0de9,0x09c7,0x09c7,
	0x05c7,0x09c7,0x162b,0x1a4c,0x1a6c,0x162a,0x0de8,0x09c7,0x09c7,0x09c7,0x0de8,0x120a,0x164b,0x122a,0x0e09,0x0de8,
	0x0de8,0x0de8,0x0dc7,0x0dc7,0x09e8,0x09e8,0x09e8,0x09e8,0x09e8,0x09e8,0x0e09,0x120a,0x09e8,0x09c7,0x09c7,0x0de8,
	0x162a,0x164b,0x122a,0x0e09,0x0e09,0x164b,0x1a4b,0x164b,0x0de9,0x0dc8,0x09c7,0x09a6,0x09a7,0x0dc8,0x1209,0x1209,
	0x164b,0x1a4c,0x1a4c,0x122a,0x120a,0x122a,0x0e09,0x09e8,0x0e09,0x164b,0x1a6c,0x1a6c,0x1a6c,0x166c,0x164b,0x122a,
	0x0e09,0x09e8,0x09e7,0x09e8,0x0e09,0x0e09,0x0de8,0x09e8,0x09e8,0x09c8,0x09c7,0x09c7,0x09c7,0x0de8,0x162a,0x1a4b,
	0x0de9,0x0e09,0x122a,0x164b,0x166b,0x166c,0x166c,0x166c,0x166c,0x164b,0x164b,0x122a,0x1209,0x0e09,0x0de8,0x122a,
	0x164b,0x122a,0x09e8,0x09c7,0x09e8,0x1209,0x162a,0x122a,0x122a,0x164b,0x164b,0x1a4b,0x1a4b,0x164b,0x09e8,0x05c7,
	0x09c7,0x0de8,0x1209,0x162a,0x164b,0x1a4b,0x162a,0x0e09,0x05c7,0x09e8,0x0de8,0x0e09,0x0e09,0x1209,0x0e09,0x0e09,
	0x122a,0x1a4b,0x164b,0x0e09,0x122a,0x164b,0x122a,0x122a,0x1209,0x0de8,0x0de8,0x1209,0x1209,0x1209,0x0de9,0x09c8,
	0x05a7,0x05a7,0x0e09,0x120a,0x09e8,0x09c8,0x0de8,0x122a,0x0e09,0x0e09,0x1209,0x164b,0x164b,0x164b,0x124b,0x0e09,
	0x09e8,0x0de9,0x0e09,0x122a,0x122a,0x120a,0x1209,0x0dc8,0x09c8,0x0de8,0x120a,0x120a,0x120a,0x1209,0x1209,0x0e09,
	0x09e8,0x0e09,0x120a,0x120a,0x1209,0x1209,0x1209,0x1209,0x122a,0x164b,0x162a,0x122a,0x122a,0x0e09,0x0e09,0x122a,
	0x0e09,0x0a08,0x0e2a,0x124a,0x164b,0x164b,0x164b,0x162a,0x1209,0x0e09,0x0de8,0x09c7,0x09c7,0x1209,0x162a,0x162a,
	0x0de9,0x09c7,0x09c7,0x09c7,0x0de9,0x120a,0x0e09,0x0de8,0x0de8,0x1209,0x164b,0x164b,0x164b,0x122a,0x122a,0x164b,
	0x1a6c,0x1a6c,0x164b,0x120a,0x0e09,0x0e09,0x09e8,0x0e09,0x0e09,0x0e09,0x09e8,0x122a,0x1a4b,0x0de8,0x09e8,0x0e09,
	0x09e8,0x09c7,0x1209,0x162a,0x164b,0x164b,0x120a,0x0de8,0x09c8,0x09c8,0x1209,0x164b,0x1a4b,0x162a,0x122a,0x120a,
	0x11e9,0x0dc8,0x0de8,0x1209,0x1209,0x1209,0x1209,0x0e09,0x09e8,0x0de8,0x1209,0x1209,0x09c8,0x0de8,0x1209,0x122a,
	0x162a,0x164b,0x164b,0x162b,0x122a,0x1209,0x0e09,0x0e09,0x1209,0x1209,0x1209,0x09c7,0x09a7,0x0de8,0x120a,0x162a,
	0x120a,0x164b,0x1a4c,0x120a,0x09e8,0x09e8,0x09e8,0x0de9,0x120a,0x164b,0x1a6c,0x166c,0x164b,0x166c,0x164b,0x0e09,
	0x0e09,0x09e8,0x09e8,0x09e8,0x09e8,0x09e8,0x09c8,0x09c8,0x09c8,0x09e8,0x0de8,0x0de8,0x0de8,0x0de8,0x162b,0x1a4b,
	0x1209,0x122a,0x122a,0x124b,0x164b,0x166c,0x166c,0x124b,0x164b,0x166c,0x164b,0x122a,0x122a,0x122a,0x122a,0x122a,
	0x162a,0x162a,0x0e09,0x09e8,0x09e8,0x1209,0x162a,0x164a,0x164b,0x164b,0x164b,0x164b,0x1a4b,0x164b,0x09e8,0x09c7,
	0x05c7,0x09e8,0x122a,0x1a4c,0x1a6c,0x164b,0x1209,0x09e8,0x05c7,0x09e8,0x09e8,0x09e8,0x0e09,0x122a,0x0de8,0x09e8,
	0x1209,0x1a4b,0x164b,0x0e09,0x122a,0x164b,0x164b,0x164b,0x164b,0x1209,0x120a,0x1a4b,0x1a4c,0x1a4b,0x162a,0x0de8,
	0x05c7,0x09c7,0x122a,0x1a4b,0x0e09,0x09e8,0x0e09,0x1a6c,0x162a,0x0de9,0x0e09,0x164b,0x1a6c,0x166c,0x164b,0x122a,
	0x122a,0x122a,0x122a,0x122a,0x0e09,0x0e09,0x0de8,0x09c8,0x09c8,0x0de8,0x162a,0x162b,0x162b,0x164b,0x1a4b,0x164b,
	0x0de9,0x164b,0x164c,0x0e09,0x09e8,0x0de9,0x164b,0x164b,0x164b,0x164b,0x164b,0x164b,0x164b,0x122a,0x122a,0x1a4c,
	0x164b,0x0e2a,0x122a,0x124b,0x164b,0x1a6c,0x1a6c,0x162b,0x1209,0x0de9,0x0de8,0x09c8,0x09c7,0x0de8,0x0e09,0x0e09,
	0x0e09,0x0de8,0x09c7,0x09c8,0x0e09,0x162b,0x164b,0x164b,0x1a4b,0x1a4b,0x164b,0x164b,0x122a,0x0e09,0x0e09,0x122a,
	0x164b,0x1a4c,0x164b,0x164b,0x164b,0x122a,0x0a08,0x122a,0x164b,0x122a,0x0e09,0x122a,0x164b,0x0e09,0x0e09,0x162a,
	0x0e09,0x09e8,0x09e8,0x1209,0x122a,0x164b,0x164b,0x164b,0x0e09,0x09e8,0x164b,0x1a6c,0x1a6c,0x164b,0x164b,0x164b,
	0x1209,0x09c7,0x0de8,0x122a,0x164b,0x164b,0x164b,0x122a,0x0e09,0x0e09,0x1209,0x0e09,0x09c7,0x1209,0x1a4b,0x164b,
	0x164b,0x164b,0x164b,0x1a4c,0x164b,0x09e8,0x09c7,0x09e8,0x1209,0x162a,0x162a,0x0de8,0x09c7,0x09e8,0x122a,0x162a,
	0x09e8,0x162a,0x1a4c,0x1209,0x09c7,0x09c7,0x05c7,0x09c7,0x0de9,0x124b,0x1a6c,0x164b,0x0e2a,0x122a,0x122a,0x122a,
	0x122a,0x0e09,0x0e09,0x0e09,0x09e8,0x09e8,0x09e8,0x09c8,0x09c8,0x0de8,0x162a,0x162a,0x164b,0x1a4b,0x1a4c,0x1a4c,
	0x122a,0x0e09,0x0e09,0x0e09,0x124a,0x1a6c,0x124b,0x0e09,0x0e09,0x164b,0x164b,0x122a,0x164b,0x1a6c,0x1a6c,0x0e09,
	0x0e09,0x164a,0x164b,0x164b,0x1a4b,0x164b,0x164b,0x164b,0x164b,0x164b,0x164b,0x164b,0x164b,0x164b,0x122a,0x0e09,
	0x09e8,0x0de8,0x122a,0x1a6c,0x164b,0x0e09,0x05c7,0x05c7,0x09e8,0x1209,0x1a4b,0x1a4c,0x164b,0x0e09,0x09e8,0x09e8,
	0x122a,0x1a6c,0x1a6c,0x164b,0x164b,0x124b,0x0e09,0x0e09,0x124b,0x164b,0x1a4b,0x1a6c,0x1e6c,0x1a4b,0x162a,0x0de8,
	0x09c7,0x0de8,0x164b,0x1a6c,0x122a,0x0e09,0x0e09,0x164b,0x122a,0x09e8,0x0e09,0x164b,0x1a6c,0x1a6c,0x164b,0x164b,
	0x166c,0x1a6c,0x164b,0x0e09,0x09e8,0x05c7,0x09e8,0x0de8,0x0de9,0x0e09,0x0de9,0x09e8,0x09e8,0x0e09,0x164b,0x164b,
	0x0e09,0x164b,0x166c,0x0e09,0x09e8,0x0e09,0x164b,0x164b,0x164b,0x164b,0x162b,0x122a,0x122a,0x122a,0x162a,0x1a6c,
	0x164b,0x164b,0x122a,0x122a,0x164b,0x1a6c,0x1a6c,0x164b,0x0e09,0x09e8,0x09c8,0x09e8,0x0de8,0x0de9,0x0de8,0x0e09,
	0x1209,0x0e09,0x09c7,0x09c8,0x0e09,0x162b,0x164b,0x164b,0x1a4b,0x1a4b,0x164b,0x164b,0x164b,0x122a,0x0e09,0x0e09,
	0x0e09,0x122a,0x164b,0x164b,0x122a,0x0e09,0x0e29,0x124b,0x164b,0x164b,0x0e09,0x122a,0x164b,0x122a,0x122a,0x162a,
	0x162a,0x162a,0x162b,0x122a,0x1209,0x1209,0x162a,0x164b,0x164b,0x124b,0x166c,0x166c,0x164b,0x164b,0x122a,0x164b,
	0x122a,0x09e8,0x0e09,0x0e09,0x0de9,0x1209,0x164b,0x164b,0x124b,0x124b,0x122a,0x09e8,0x09c7,0x0e09,0x164b,0x164b,
	0x1a4b,0x1a4b,0x164b,0x1a4c,0x164b,0x09e8,0x09c7,0x0e09,0x162a,0x162a,0x122a,0x164b,0x122a,0x0de8,0x09e8,0x09e8,
	0x09c7,0x1209,0x164b,0x0e09,0x09c7,0x09c7,0x05c7,0x05c7,0x09e8,0x122b,0x166c,0x122a,0x0e09,0x0e09,0x0e09,0x0e2a,
	0x122a,0x122a,0x122a,0x122a,0x0e09,0x0e09,0x0de8,0x09e8,0x09e8,0x0e09,0x162b,0x1a4b,0x1a6c,0x1a6c,0x1e6c,0x1a6c,
	0x122a,0x0e09,0x09e8,0x0a09,0x122a,0x1a6c,0x122a,0x0a09,0x0a09,0x124b,0x164b,0x122a,0x164b,0x1a6c,0x1a6c,0x0e09,
	0x09e8,0x122a,0x1a6b,0x1a6c,0x1a6c,0x1a6c,0x164b,0x164b,0x164b,0x122a,0x122a,0x122a,0x164b,0x1a4b,0x164b,0x122a,
	0x09e9,0x0de9,0x122a,0x164b,0x164b,0x0e09,0x09e8,0x09e8,0x09e8,0x122a,0x1e6c,0x1a6c,0x1a4b,0x0e09,0x09e8,0x09e8,
	0x1209,0x164b,0x164b,0x164b,0x164b,0x164b,0x0a09,0x0e09,0x164b,0x164b,0x1a4b,0x1a6c,0x1a6c,0x1a4b,0x162a,0x0e09,
	0x09e8,0x0de8,0x164b,0x1a6c,0x164b,0x122a,0x122a,0x122a,0x0e09,0x09e8,0x0e09,0x164b,0x1a6c,0x1a6c,0x166c,0x166c,
	0x1a6c,0x1a6c,0x164b,0x0e09,0x09e8,0x05c7,0x09e9,0x122b,0x164b,0x122a,0x0de8,0x09e8,0x09e8,0x0e09,0x164b,0x164b,
	0x0e09,0x164b,0x166c,0x0e09,0x09e8,0x0e09,0x164b,0x164b,0x164b,0x164b,0x162a,0x122a,0x122a,0x122a,0x164b,0x1a6c,
	0x1a6c,0x164b,0x122a,0x122a,0x164b,0x1a6c,0x1a6c,0x164b,0x0e09,0x09e8,0x09c7,0x0e09,0x120a,0x0e09,0x0de8,0x1209,
	0x122a,0x1209,0x09c7,0x09e8,0x1209,0x164b,0x162b,0x122a,0x164b,0x164b,0x164b,0x164b,0x164b,0x164b,0x122a,0x0e09,
	0x09e8,0x0e09,0x122a,0x162a,0x0e09,0x0e09,0x124a,0x164b,0x164b,0x166b,0x0e29,0x122a,0x164b,0x164b,0x162a,0x122a,
	0x164b,0x1a4b,0x1a4c,0x122a,0x0e09,0x0e09,0x122a,0x1a6c,0x166c,0x166c,0x166c,0x164b,0x124b,0x124b,0x122a,0x164b,
	0x122a,0x0de8,0x0e09,0x0de8,0x09e8,0x0e09,0x124a,0x164b,0x164b,0x164b,0x122a,0x0de8,0x09e8,0x0e09,0x164b,0x164b,
	0x1a6c,0x1a6c,0x1a6b,0x1a4c,0x164b,0x09e8,0x09c7,0x0e09,0x160a,0x120a,0x122a,0x164b,0x164b,0x0e09,0x0de9,0x09e8,
	0x09c7,0x0dc8,0x0de8,0x09e8,0x09c7,0x09c7,0x09c7,0x09c7,0x09e8,0x162b,0x1a6c,0x122a,0x09e9,0x09e8,0x09e8,0x09e8,
	0x122a,0x164b,0x1a6c,0x1a6c,0x1a6c,0x164b,0x122a,0x0de9,0x0e09,0x0e09,0x1209,0x162b,0x164b,0x1a4b,0x1a4c,0x164b,
	0x122a,0x0e09,0x05c7,0x05e8,0x0e09,0x164b,0x122a,0x09e8,0x09e8,0x124b,0x1a6c,0x1a6c,0x1a6c,0x1a6c,0x1a6c,0x0e09,
	0x09e8,0x122a,0x164b,0x1a6b,0x1a6c,0x1a6c,0x1a6c,0x1a6b,0x122a,0x09e8,0x05c7,0x09e8,0x162a,0x1a6c,0x1a4b,0x164b,
	0x120a,0x09e8,0x0a09,0x122a,0x1a6c,0x164b,0x164b,0x122a,0x09e8,0x122a,0x1a6c,0x164b,0x164b,0x122a,0x09e8,0x05c7,
	0x09e8,0x09e8,0x0a09,0x164b,0x164b,0x164b,0x0e09,0x0e2a,0x164b,0x164b,0x162b,0x122a,0x164b,0x1a4b,0x1a4b,0x122a,
	0x0de9,0x09e8,0x122a,0x1a6c,0x1a6c,0x1a6c,0x164b,0x0e09,0x0de8,0x09e8,0x0de8,0x162a,0x164b,0x1a6c,0x1a6c,0x1a6c,
	0x1a6c,0x1a6c,0x164b,0x122a,0x09e8,0x09e8,0x0e09,0x164b,0x1a6c,0x164b,0x120a,0x0e09,0x122a,0x122a,0x122a,0x122a,
	0x122a,0x166c,0x166c,0x0e09,0x0e09,0x122a,0x164b,0x164b,0x164b,0x164b,0x122a,0x122a,0x122a,0x162b,0x164b,0x1a6c,
	0x164b,0x122a,0x0e09,0x0e09,0x0e09,0x164b,0x1a4c,0x164b,0x122a,0x0de9,0x09e8,0x0e09,0x122a,0x122a,0x0e09,0x162a,
	0x164b,0x162a,0x0e09,0x0e09,0x122a,0x164b,0x0e09,0x09e8,0x09e8,0x0e09,0x164b,0x164b,0x164b,0x164b,0x122a,0x0de9,
	0x09e8,0x09e8,0x0e09,0x122a,0x122a,0x122a,0x164b,0x166b,0x164b,0x166b,0x122a,0x124a,0x164b,0x164b,0x122a,0x09e8,
	0x122a,0x164b,0x1a4c,0x122a,0x0e09,0x09e8,0x0e09,0x166c,0x166c,0x166c,0x166b,0x124b,0x0e09,0x0e2a,0x122a,0x164b,
	0x1a4c,0x164b,0x0de9,0x09e8,0x09e8,0x0e09,0x124a,0x164b,0x164b,0x164b,0x122a,0x122a,0x162a,0x0e09,0x0e09,0x164b,
	0x1a6c,0x1a6c,0x1a6b,0x1a4b,0x164b,0x09e8,0x09c7,0x0e09,0x1209,0x120a,0x122a,0x164c,0x1a6c,0x1a6c,0x164b,0x122a,
	0x0de8,0x09c8,0x09c8,0x0e09,0x1209,0x0de8,0x0de8,0x0de9,0x0e09,0x0e0a,0x122a,0x122a,0x122a,0x122a,0x122a,0x122a,
	0x164b,0x164b,0x122a,0x122a,0x124b,0x164b,0x122a,0x0e09,0x122a,0x122a,0x0e09,0x122a,0x164b,0x164b,0x166c,0x166c,
	0x164b,0x0e09,0x09e8,0x09e8,0x0de9,0x164b,0x122a,0x09e8,0x09e8,0x122a,0x1a6c,0x1a6c,0x1a6c,0x166c,0x166b,0x164b,
	0x164b,0x164b,0x0e29,0x122a,0x1a6b,0x1a6c,0x1a6c,0x1a6c,0x0e09,0x05c7,0x05c7,0x09c7,0x162a,0x1a6c,0x1a4c,0x1a4b,
	0x122a,0x05c7,0x09e8,0x122a,0x166c,0x1a6c,0x1a6c,0x164b,0x09e8,0x122a,0x1a6c,0x1a6b,0x1a6b,0x164b,0x0e08,0x05c7,
	0x09c7,0x09e8,0x09e8,0x124b,0x166b,0x166c,0x124b,0x124b,0x164b,0x164b,0x122a,0x0e09,0x164b,0x1a6c,0x1a6c,0x122a,
	0x0e09,0x09e8,0x0e09,0x164b,0x1a6c,0x1a6c,0x1a6c,0x122a,0x122a,0x0e09,0x09e8,0x0e09,0x0e09,0x122a,0x164b,0x166c,
	0x1a6c,0x1a6c,0x164b,0x122a,0x0e09,0x164b,0x164b,0x164b,0x1a6c,0x1a6b,0x164b,0x164b,0x1a6c,0x164b,0x0e09,0x0e09,
	0x166c,0x1a6c,0x164b,0x0e2a,0x0e09,0x122a,0x1a6c,0x1a6c,0x1a6c,0x164b,0x0e09,0x09e8,0x09e8,0x122a,0x164b,0x1a6c,
	0x164b,0x122a,0x09e8,0x05c7,0x09e8,0x162b,0x1a4c,0x164b,0x164b,0x122a,0x0e09,0x122a,0x122a,0x122a,0x122a,0x164b,
	0x1a4b,0x1a4b,0x162a,0x162b,0x164b,0x1a4b,0x0e09,0x09c8,0x05c7,0x0e09,0x162a,0x122a,0x162a,0x164b,0x164b,0x122a,
	0x0e09,0x09e8,0x09e8,0x122a,0x164b,0x164b,0x1a6c,0x1a6c,0x1a6c,0x164b,0x164b,0x164b,0x1a6c,0x164b,0x122a,0x09e8,
	0x0e09,0x122a,0x1a6c,0x164b,0x0e09,0x09e8,0x0e09,0x166c,0x1a6c,0x166c,0x166b,0x124b,0x0e2a,0x124b,0x164b,0x1a6c,
	0x1a6c,0x164b,0x0e09,0x0e09,0x122a,0x122a,0x164b,0x164b,0x164b,0x164b,0x124b,0x124b,0x164b,0x122a,0x0e09,0x1a4b,
	0x1a6c,0x1a6c,0x164b,0x164b,0x164b,0x09e8,0x09c7,0x1209,0x162a,0x162a,0x164b,0x166c,0x1a6c,0x1a6c,0x1a6c,0x164b,
	0x0e09,0x09e8,0x09e8,0x162a,0x164b,0x122a,0x122a,0x122a,0x0e09,0x09e8,0x09e8,0x122a,0x1a6c,0x1a6c,0x1a6c,0x1a6c,
	0x1a6c,0x122a,0x09e8,0x09e8,0x0e09,0x164b,0x0e2a,0x0e09,0x164b,0x124b,0x0e09,0x0e2a,0x124b,0x164b,0x166c,0x166c,
	0x1a6c,0x164b,0x122a,0x0e09,0x0e09,0x122a,0x1209,0x0e09,0x0e09,0x122a,0x164b,0x1a6c,0x166c,0x164b,0x122a,0x164b,
	0x1a6c,0x164b,0x122a,0x122a,0x164b,0x164b,0x162a,0x122a,0x0e08,0x0de8,0x0de9,0x09e8,0x122a,0x164b,0x1a4b,0x1a4b,
	0x122a,0x05c7,0x09e9,0x124b,0x1a6c,0x1a6c,0x1a6c,0x164b,0x0e09,0x122a,0x1a6c,0x1a6c,0x1a6c,0x1a6b,0x1229,0x0e09,
	0x0e09,0x122a,0x122a,0x164b,0x166b,0x166b,0x164b,0x164b,0x164b,0x164b,0x122a,0x0e09,0x164b,0x166c,0x164b,0x122a,
	0x0e09,0x09e8,0x0e09,0x122a,0x166c,0x1a6c,0x1a6c,0x164b,0x164b,0x122a,0x0e09,0x09e8,0x09e8,0x0a09,0x122a,0x164b,
	0x1a6c,0x164b,0x164b,0x122a,0x122a,0x164b,0x1a6c,0x164b,0x164b,0x164b,0x122a,0x164b,0x1a6c,0x164b,0x0e09,0x0e09,
	0x166c,0x1a6c,0x1a6c,0x164b,0x164b,0x164c,0x1a6c,0x1a6c,0x1a6c,0x164b,0x122a,0x0e2a,0x122a,0x164b,0x1a4b,0x164b,
	0x164b,0x122a,0x09e8,0x05c7,0x09c7,0x162a,0x1a6c,0x1a4b,0x164b,0x122a,0x122a,0x122a,0x122a,0x122a,0x162b,0x164b,
	0x1a6c,0x1a6c,0x1a4b,0x1a4b,0x1a4b,0x1a4c,0x122a,0x0e09,0x09e8,0x0e09,0x122a,0x1209,0x122a,0x164b,0x164b,0x122a,
	0x0e09,0x09e8,0x0de8,0x164b,0x166b,0x1a6c,0x1a6c,0x1a6c,0x1a6c,0x164b,0x164b,0x166b,0x166c,0x164b,0x122a,0x09e8,
	0x09e8,0x0e09,0x1a6b,0x164b,0x0e09,0x09e8,0x0e09,0x166b,0x166c,0x166c,0x166c,0x164b,0x124b,0x164b,0x164b,0x164b,
	0x164b,0x164b,0x122a,0x122a,0x164b,0x1a6c,0x166c,0x164b,0x164b,0x164b,0x164b,0x164b,0x164b,0x122a,0x120a,0x164b,
	0x1a6c,0x1a4c,0x164b,0x164b,0x162a,0x0de8,0x0de8,0x1209,0x162a,0x164b,0x164b,0x1a6c,0x1a6c,0x1a6c,0x124a,0x164b,
	0x0e09,0x0e09,0x122a,0x164b,0x1a6c,0x1a6c,0x166c,0x164b,0x122a,0x09e8,0x09e8,0x122a,0x1a6c,0x164b,0x164b,0x164b,
	0x164b,0x120a,0x09e8,0x09e8,0x0e09,0x164b,0x0e2a,0x0e09,0x164b,0x124b,0x0e2a,0x124a,0x126b,0x166c,0x166c,0x166c,
	0x1a6c,0x1a6c,0x1a6c,0x164b,0x0e2a,0x0e09,0x1209,0x0e09,0x0e09,0x122a,0x164b,0x166b,0x1a6c,0x164b,0x0e09,0x122a,
	0x164b,0x124b,0x124b,0x164b,0x164b,0x0e09,0x09e8,0x09e8,0x0e09,0x162a,0x164b,0x1209,0x0e09,0x1209,0x164b,0x164b,
	0x122a,0x09e8,0x0e2a,0x166b,0x1a6c,0x1a6c,0x1a6c,0x166c,0x124b,0x124b,0x164b,0x164b,0x1a6b,0x1a6c,0x164b,0x164a,
	0x164b,0x1a6c,0x166c,0x1a6c,0x166b,0x164b,0x164b,0x164b,0x164b,0x164b,0x122a,0x0e09,0x164b,0x164b,0x164b,0x122a,
	0x0e09,0x09e8,0x0e09,0x122a,0x166c,0x1a6c,0x1a6c,0x164b,0x164b,0x122a,0x0e09,0x0e09,0x09e8,0x0e09,0x122a,0x164b,
	0x164b,0x164b,0x122a,0x1209,0x0e09,0x164b,0x164b,0x164b,0x166c,0x164b,0x122a,0x164b,0x1a6c,0x166c,0x164b,0x164b,
	0x1a6c,0x1a6c,0x1a6c,0x1a6c,0x1a6c,0x1a6c,0x1a6c,0x1a6c,0x1a6c,0x166c,0x166c,0x164b,0x164b,0x164b,0x164b,0x164b,
	0x164b,0x122a,0x09e8,0x05c7,0x09c7,0x162a,0x1a6c,0x1a6c,0x164b,0x122a,0x0e2a,0x0e09,0x09e9,0x122a,0x122a,0x164b,
	0x1a4b,0x1a6c,0x1a4c,0x1a4b,0x1a4b,0x164b,0x164b,0x124b,0x09e8,0x0a08,0x122a,0x164b,0x164b,0x122a,0x0e09,0x09e8,
	0x09e8,0x0e09,0x122a,0x164b,0x164b,0x164b,0x164b,0x1a6c,0x1a6c,0x166c,0x166b,0x166b,0x124b,0x122a,0x0e09,0x09e8,
	0x09e8,0x0e09,0x164b,0x164b,0x0e2a,0x09e8,0x0e09,0x166b,0x166c,0x166c,0x166c,0x166c,0x164b,0x122a,0x0a09,0x0a08,
	0x0e09,0x124a,0x122a,0x122a,0x164b,0x166c,0x166c,0x166b,0x164b,0x164b,0x164b,0x164b,0x164b,0x162b,0x164b,0x164b,
	0x164b,0x164b,0x164b,0x164b,0x164b,0x162a,0x162a,0x162a,0x162b,0x164b,0x1a6c,0x1a6c,0x1a6c,0x166c,0x0a09,0x0e09,
	0x0e2a,0x122a,0x164c,0x166c,0x1a6c,0x1a6c,0x1a6c,0x166c,0x122a,0x1209,0x0e09,0x162b,0x164b,0x162a,0x122a,0x122a,
	0x122a,0x0e09,0x09e8,0x09e8,0x0e09,0x164b,0x122a,0x0e0a,0x164b,0x124b,0x122a,0x124b,0x166c,0x1a8c,0x1a6c,0x166c,
	0x1a6c,0x1a6c,0x1a6c,0x164b,0x0e2a,0x09e8,0x1209,0x122a,0x122a,0x0e09,0x122a,0x166b,0x1a6c,0x164b,0x0e09,0x122a,
	0x124b,0x124b,0x164b,0x164b,0x164b,0x0e09,0x09e8,0x09e8,0x0e09,0x164b,0x1a4c,0x164b,0x0e09,0x0e09,0x164b,0x122a,
	0x0e09,0x09e8,0x122a,0x166c,0x1a6c,0x1a6c,0x1a6c,0x166c,0x166c,0x164b,0x124a,0x0e09,0x1229,0x1a6b,0x1a6b,0x166b,
	0x1a6c,0x1a6c,0x166c,0x164b,0x164b,0x164b,0x164b,0x164b,0x164b,0x164b,0x122a,0x0e09,0x124b,0x164b,0x164b,0x122a,
	0x0e09,0x0a09,0x0a09,0x0e2a,0x164b,0x1a6c,0x1a6c,0x166c,0x166b,0x164b,0x122a,0x122a,0x122a,0x162a,0x164b,0x164b,
	0x164b,0x1209,0x0e09,0x0e09,0x0e09,0x122a,0x162b,0x164b,0x166c,0x164b,0x164b,0x164b,0x1a6c,0x166c,0x164b,0x164b,
	0x124b,0x166b,0x1a6c,0x1a6c,0x1a6c,0x1a6c,0x1a6c,0x1a6c,0x1a6c,0x1a6c,0x1a6c,0x1a6c,0x164b,0x122a,0x0e09,0x122a,
	0x162a,0x162a,0x0e09,0x09c8,0x09e8,0x162b,0x1a6c,0x1a4b,0x164b,0x164b,0x124b,0x122a,0x122a,0x164b,0x164b,0x122a,
	0x122a,0x122a,0x122a,0x162b,0x164b,0x164b,0x164b,0x164b,0x122a,0x122a,0x164b,0x1a6c,0x164b,0x122a,0x0de9,0x09e8,
	0x09e8,0x1209,0x122a,0x122a,0x122a,0x122a,0x164b,0x164b,0x166c,0x166c,0x166c,0x164b,0x0e2a,0x0e09,0x09e8,0x09e8,
	0x0e08,0x1229,0x164b,0x164b,0x122a,0x122a,0x124b,0x166b,0x164b,0x124b,0x166b,0x166b,0x164b,0x124b,0x122a,0x122a,
	0x122a,0x122a,0x0e09,0x122a,0x164b,0x166c,0x166c,0x166b,0x124b,0x124a,0x164b,0x164b,0x122a,0x164b,0x164b,0x122a,
	0x122a,0x122a,0x122a,0x122a,0x122a,0x164b,0x164b,0x122a,0x1209,0x122a,0x164b,0x1a6c,0x1a6c,0x164b,0x09e8,0x0e09,
	0x0e2a,0x124b,0x1a6c,0x166c,0x166c,0x166c,0x166c,0x164b,0x164b,0x164b,0x164b,0x122a,0x0e09,0x0de8,0x09e8,0x09e8,
	0x09c8,0x09c8,0x09c7,0x09e8,0x1209,0x1a4b,0x162a,0x0e2a,0x124b,0x124b,0x124b,0x124b,0x166c,0x1a8d,0x1a6c,0x166c,
	0x166c,0x1a6c,0x1a6c,0x164b,0x122a,0x09e8,0x0e09,0x1209,0x1209,0x0de8,0x0de8,0x122a,0x164b,0x164b,0x122a,0x122a,
	0x124b,0x124b,0x164b,0x164b,0x164b,0x0e2a,0x0e09,0x0e09,0x1209,0x164b,0x1a6c,0x164b,0x122a,0x120a,0x164b,0x122a,
	0x0a09,0x0a09,0x124b,0x166c,0x166c,0x166c,0x166c,0x166c,0x166c,0x164b,0x122a,0x0e09,0x0e09,0x164b,0x1a6c,0x1a6c,
	0x1a6c,0x1a6c,0x164b,0x164b,0x164b,0x164b,0x164b,0x164b,0x164b,0x164b,0x124b,0x122a,0x124a,0x124b,0x164b,0x124b,
	0x122a,0x122a,0x0e2a,0x122a,0x164b,0x1a6c,0x1a6c,0x1a6c,0x164b,0x162a,0x164b,0x164b,0x1a4b,0x164b,0x164b,0x162a,
	0x122a,0x0de9,0x0de8,0x0e09,0x120a,0x122a,0x162a,0x164b,0x1a6c,0x166c,0x166b,0x166c,0x1a6c,0x164b,0x164b,0x122a,
	0x0e09,0x124b,0x1a6c,0x1a6c,0x1a6c,0x1a6c,0x1a6c,0x1a6c,0x1a6c,0x1a6c,0x1a6c,0x164b,0x122a,0x09e8,0x09e8,0x0e09,
	0x122a,0x122a,0x122a,0x0de8,0x09e8,0x122a,0x122a,0x122a,0x164b,0x164b,0x164b,0x164b,0x164b,0x164b,0x164b,0x09e8,
	0x09e8,0x09e8,0x09e8,0x1209,0x164b,0x164b,0x166b,0x166b,0x164b,0x164b,0x166b,0x1a6c,0x1a6c,0x122a,0x0e09,0x09e8,
	0x09e8,0x122a,0x164b,0x122a,0x09e8,0x09e8,0x122a,0x164b,0x164b,0x166c,0x166c,0x124a,0x0e09,0x0a09,0x09e8,0x09c7,
	0x0de8,0x122a,0x164a,0x164b,0x164b,0x1a6c,0x1a6c,0x164b,0x122a,0x0e2a,0x164b,0x164b,0x164b,0x166c,0x1a6c,0x1a6c,
	0x164b,0x0e2a,0x09e8,0x122a,0x166c,0x166c,0x166c,0x164b,0x0e2a,0x0e09,0x122a,0x164b,0x122a,0x124b,0x164b,0x0e09,
	0x0e09,0x0e09,0x122a,0x122a,0x122a,0x164c,0x164b,0x0e09,0x0de8,0x0e09,0x122a,0x164b,0x164b,0x164b,0x09e8,0x0e09,
	0x0e2a,0x124b,0x166c,0x166c,0x166b,0x124b,0x124b,0x124b,0x164b,0x164b,0x164b,0x120a,0x09c8,0x09c7,0x09c7,0x09c7,
	0x09c7,0x0de8,0x0de8,0x0de8,0x1209,0x162a,0x1209,0x0de9,0x0a09,0x0e2a,0x166c,0x166c,0x166c,0x166c,0x166c,0x166c,
	0x166c,0x1a6c,0x1a6c,0x164b,0x122a,0x09c7,0x09c7,0x09c7,0x09c7,0x09c7,0x09c7,0x09c7,0x0de8,0x122a,0x164b,0x164b,
	0x124b,0x164b,0x164b,0x164b,0x166b,0x164b,0x164b,0x164b,0x164b,0x164b,0x122a,0x0e09,0x164b,0x1a6c,0x1a6c,0x166b,
	0x124b,0x124b,0x164b,0x166c,0x166b,0x166b,0x166c,0x164b,0x164b,0x164b,0x164b,0x164b,0x164b,0x164b,0x164b,0x1a4b,
	0x1a6b,0x1a6b,0x164b,0x164b,0x164b,0x164b,0x164b,0x164b,0x164b,0x164b,0x166c,0x1a6c,0x122a,0x122a,0x164b,0x166c,
	0x166c,0x166c,0x166c,0x166c,0x1a6c,0x1a6c,0x1a6c,0x1a6c,0x162b,0x0e09,0x164b,0x1a4b,0x164b,0x164b,0x164b,0x1209,
	0x0de8,0x09c8,0x09c7,0x0de8,0x120a,0x162a,0x162a,0x162a,0x164b,0x1a6c,0x166c,0x166c,0x164b,0x164b,0x164b,0x122a,
	0x09e8,0x122a,0x166c,0x1a6c,0x1a6c,0x1a6c,0x1a6c,0x1a6c,0x1a6c,0x1a6c,0x1a6c,0x122a,0x09e8,0x0e09,0x0e09,0x122a,
	0x0de9,0x0de8,0x122a,0x0e09,0x09c7,0x09c8,0x09c8,0x09e8,0x122a,0x164b,0x164b,0x164b,0x164b,0x164b,0x164b,0x09e8,
	0x09c8,0x09e8,0x0de8,0x120a,0x164b,0x1a4b,0x1a6b,0x166b,0x122a,0x124b,0x1a6c,0x1a6c,0x166b,0x124a,0x09e8,0x05c7,
	0x09e8,0x122a,0x164b,0x164b,0x0e09,0x09e8,0x164b,0x166c,0x166c,0x1a6c,0x1a6c,0x164b,0x122a,0x122a,0x1209,0x09c7,
	0x09c7,0x0de8,0x0e08,0x122a,0x164b,0x1a6c,0x164b,0x0e29,0x0e09,0x0e09,0x124a,0x164b,0x166c,0x164b,0x164b,0x124b,
	0x164b,0x164b,0x0e2a,0x124a,0x166c,0x166c,0x166c,0x164b,0x0e2a,0x0a09,0x122a,0x164b,0x122a,0x122a,0x122a,0x122a,
	0x122a,0x122a,0x0e09,0x0e09,0x0e2a,0x166c,0x1a6c,0x166c,0x122a,0x09e8,0x0e09,0x122a,0x122a,0x122a,0x09e8,0x0de9,
	0x122a,0x124a,0x164b,0x164b,0x164b,0x0e09,0x0e2a,0x124b,0x124b,0x164b,0x162b,0x1209,0x09e8,0x09c8,0x09c7,0x09c7,
	0x09c7,0x1209,0x162a,0x120a,0x11e9,0x0de8,0x0de8,0x09e8,0x09e8,0x0e09,0x1a6c,0x1a8c,0x166c,0x166b,0x166c,0x166c,
	0x166c,0x166c,0x1a6c,0x1a6c,0x122a,0x05c7,0x05c7,0x09c7,0x09c7,0x09c7,0x05a7,0x05a7,0x09c7,0x0e09,0x164b,0x164b,
	0x124b,0x164b,0x1a6c,0x1a6c,0x166b,0x166b,0x166b,0x164b,0x164b,0x122a,0x0e09,0x0e09,0x164b,0x1a6c,0x1a6c,0x1a6c,
	0x166c,0x166c,0x164b,0x124b,0x0e09,0x124b,0x164b,0x164b,0x164b,0x164b,0x164b,0x122a,0x164b,0x164b,0x164b,0x164b,
	0x1a4b,0x1a4b,0x164b,0x122a,0x162a,0x164b,0x164b,0x164b,0x164b,0x164b,0x164b,0x166c,0x0e09,0x0e09,0x164b,0x1a6c,
	0x1a6c,0x1a6c,0x1a6c,0x1a6c,0x1a6c,0x1a6c,0x1a6c,0x1a6c,0x122a,0x0e09,0x164b,0x164b,0x164b,0x164b,0x162b,0x0e09,
	0x09c7,0x09c7,0x05c7,0x09c7,0x09e8,0x0de8,0x0de8,0x0de8,0x122a,0x164b,0x164b,0x122a,0x0e09,0x122a,0x162a,0x122a,
	0x09e8,0x0e09,0x164b,0x1a6c,0x1a6c,0x1a6c,0x164b,0x164b,0x164b,0x1a6c,0x1a6c,0x122a,0x09e8,0x0e09,0x120a,0x1209,
	0x09e8,0x09e8,0x162a,0x1209,0x09c8,0x09c7,0x09c7,0x09c7,0x0de8,0x122a,0x164b,0x164b,0x164b,0x164b,0x162a,0x09e8,
	0x0de8,0x1209,0x122a,0x162a,0x164b,0x1a6c,0x1a6c,0x164b,0x0e29,0x122a,0x166b,0x1a6c,0x166b,0x164a,0x09e8,0x09e7,
	0x09e8,0x122a,0x164b,0x164b,0x0e09,0x0e09,0x164b,0x1a6c,0x164b,0x164b,0x164b,0x164b,0x122a,0x164b,0x122a,0x09e8,
	0x09c7,0x09c7,0x09e7,0x122a,0x164b,0x1a6c,0x164b,0x122a,0x0e09,0x0e09,0x0e2a,0x164b,0x166c,0x164b,0x164b,0x122a,
	0x164b,0x1a6c,0x164b,0x166c,0x1a6c,0x1a6c,0x164b,0x124b,0x124b,0x0e09,0x122a,0x164b,0x122a,0x0e2a,0x0e09,0x0e09,
	0x0e09,0x0e09,0x0e09,0x0e09,0x0e2a,0x122a,0x122a,0x122a,0x0e09,0x0e09,0x0e09,0x0e09,0x0e09,0x0e09,0x0de8,0x0de8,
	0x122a,0x122a,0x166c,0x166c,0x164b,0x0e09,0x122a,0x164b,0x122a,0x120a,0x120a,0x120a,0x0e09,0x09e8,0x09c8,0x09c8,
	0x0de8,0x160a,0x1a4b,0x162a,0x1209,0x0de8,0x0de8,0x09e8,0x09e8,0x0e09,0x166c,0x1a6c,0x166c,0x164b,0x166c,0x166c,
	0x164b,0x164b,0x1a6c,0x1a6c,0x122a,0x09c7,0x09c7,0x09c7,0x09c7,0x09c7,0x09c7,0x05c7,0x09c7,0x0e09,0x122a,0x122a,
	0x122a,0x122a,0x164b,0x164b,0x164b,0x1a4b,0x164b,0x164b,0x164b,0x122a,0x0e09,0x0e09,0x164b,0x1a6c,0x1a6c,0x1a6c,
	0x1a6c,0x166c,0x124b,0x0e09,0x09e8,0x122a,0x164b,0x164b,0x164b,0x164b,0x122a,0x122a,0x122a,0x164b,0x164b,0x1a4b,
	0x1a4b,0x164b,0x162a,0x122a,0x162a,0x162b,0x164b,0x164b,0x164b,0x164b,0x164b,0x164b,0x09e8,0x09e8,0x122a,0x1a6c,
	0x1a6c,0x166c,0x166c,0x1a6c,0x1a6c,0x164b,0x164b,0x1a6c,0x122a,0x0de9,0x122a,0x162a,0x162a,0x164b,0x162b,0x0de9,
	0x09c7,0x09c7,0x09c7,0x09a7,0x05a7,0x05a7,0x05c7,0x09c7,0x122a,0x164b,0x164b,0x0e09,0x09e8,0x09e8,0x122a,0x122a,
	0x09c7,0x0e09,0x164b,0x1a6c,0x1a6c,0x164c,0x122a,0x0e09,0x122a,0x164b,0x164b,0x122a,0x09e8,0x0de8,0x0de9,0x0de8,
	0x09e8,0x0de8,0x162a,0x122a,0x0de8,0x09c7,0x09c7,0x09c7,0x09c7,0x0e09,0x164b,0x164b,0x164b,0x164b,0x162a,0x09e8,
	0x0e09,0x164b,0x164b,0x164b,0x164b,0x1a6c,0x1a6c,0x166b,0x0e29,0x0e29,0x124a,0x1a6c,0x1a6c,0x164b,0x0e08,0x09e8,
	0x09e8,0x122a,0x164b,0x164b,0x122a,0x0e09,0x164b,0x1a6c,0x164b,0x0e09,0x164a,0x164b,0x122a,0x164b,0x162a,0x0de8,
	0x09c7,0x09c7,0x09c7,0x0e09,0x122a,0x1a6c,0x1a6c,0x164b,0x122a,0x0e09,0x0e09,0x122a,0x164b,0x164b,0x164b,0x122a,
	0x164b,0x1a6c,0x1a8d,0x1a8d,0x1a8d,0x1a6c,0x122a,0x122a,0x164b,0x124a,0x164b,0x164b,0x0e09,0x0a09,0x0a09,0x09e8,
	0x09e8,0x09e8,0x09e8,0x0e09,0x122a,0x0e09,0x09e8,0x09e8,0x09e8,0x0e09,0x0e09,0x0de8,0x09e8,0x09e8,0x0de8,0x0de9,
	0x0e09,0x122a,0x1a6c,0x1a6c,0x164b,0x0e09,0x122a,0x1a4b,0x0de9,0x09c7,0x09c8,0x122a,0x164b,0x122a,0x1209,0x1209,
	0x1209,0x162a,0x164b,0x162a,0x0e09,0x09e8,0x0e09,0x0e09,0x0a09,0x0e09,0x164b,0x166c,0x164b,0x164b,0x166c,0x166c,
	0x0e2a,0x122a,0x166c,0x1a6c,0x164b,0x0e09,0x0de8,0x0de8,0x0de8,0x0de8,0x09e8,0x09e8,0x09e8,0x09e8,0x0de9,0x122a,
	0x122a,0x09e8,0x09e8,0x0de8,0x162a,0x164b,0x122a,0x0de8,0x122a,0x164b,0x164b,0x164b,0x122a,0x122a,0x122a,0x124b,
	0x164b,0x164c,0x0e09,0x05c7,0x05c7,0x122a,0x164b,0x164b,0x164b,0x162b,0x122a,0x0e09,0x0e09,0x164b,0x164b,0x1a4b,
	0x162a,0x0de9,0x0de8,0x1209,0x162a,0x162a,0x162a,0x164b,0x164b,0x164b,0x122a,0x0de8,0x05a6,0x05a7,0x0e09,0x122a,
	0x122a,0x0e09,0x122a,0x164b,0x1a6b,0x122a,0x122a,0x1a4b,0x120a,0x09c8,0x09c8,0x09c8,0x0de8,0x162a,0x162b,0x1209,
	0x09c7,0x09c7,0x0de8,0x0de8,0x0de8,0x09c7,0x09c7,0x0e09,0x164b,0x164b,0x164b,0x122a,0x0de9,0x09e8,0x1209,0x120a,
	0x09c8,0x0e09,0x162a,0x164b,0x1a6c,0x164b,0x122a,0x0e09,0x122a,0x164b,0x164b,0x162a,0x0e09,0x09e8,0x09e8,0x0e09,
	0x0de8,0x0e09,0x162a,0x1209,0x0dc8,0x09c8,0x09c7,0x09c7,0x09c7,0x0e09,0x164b,0x1a4b,0x162a,0x1209,0x0e09,0x09c7,
	0x0e09,0x164b,0x122a,0x1209,0x120a,0x164b,0x1a6b,0x166c,0x0e2a,0x0e09,0x122a,0x1a6c,0x1a6c,0x164b,0x122a,0x0e09,
	0x0e09,0x122a,0x164b,0x164a,0x122a,0x0e09,0x122a,0x164b,0x164b,0x0de8,0x0e09,0x1229,0x122a,0x162a,0x162a,0x162a,
	0x1209,0x0de8,0x09c8,0x0e09,0x124a,0x1a6b,0x164b,0x122a,0x122a,0x122a,0x122a,0x122a,0x122a,0x122a,0x122a,0x0e2a,
	0x122a,0x164b,0x1a6c,0x1a6c,0x1a8c,0x166c,0x0e09,0x0e09,0x164b,0x166c,0x1a6c,0x164b,0x0e09,0x0e09,0x122a,0x122a,
	0x0e09,0x09e8,0x0e09,0x122a,0x164b,0x0e09,0x09e8,0x09c8,0x0de8,0x0e09,0x0e09,0x09e8,0x09c8,0x09e8,0x0de9,0x162a,
	0x0de9,0x1209,0x162a,0x120a,0x1209,0x162a,0x164b,0x1a4b,0x0de9,0x09c7,0x09c8,0x122a,0x1a6c,0x1a4c,0x164b,0x162a,
	0x122a,0x122a,0x0e09,0x0de9,0x0de8,0x0e09,0x122a,0x124b,0x0e2a,0x0e09,0x0e09,0x0e09,0x0e09,0x0e09,0x124b,0x164b,
	0x0e09,0x122a,0x164b,0x164b,0x1a4b,0x1a4b,0x122a,0x1209,0x122a,0x122a,0x122a,0x122a,0x0de8,0x0de9,0x162a,0x162a,
	0x0e09,0x09c7,0x05c7,0x09c7,0x0de8,0x0de9,0x09e8,0x09c8,0x0de9,0x164b,0x164b,0x120a,0x09e8,0x09e8,0x09e8,0x09e8,
	0x0e0a,0x164b,0x0e09,0x05c7,0x09c8,0x120a,0x164b,0x162b,0x162a,0x162a,0x162b,0x122a,0x122a,0x164b,0x164b,0x162a,
	0x1209,0x09c7,0x09c7,0x0dc8,0x11e8,0x1209,0x162a,0x164b,0x164b,0x164b,0x122a,0x0e09,0x09e8,0x0de8,0x0e09,0x0e09,
	0x09e8,0x09e8,0x0e09,0x164b,0x164b,0x1209,0x0e09,0x162a,0x1209,0x09c7,0x09c7,0x09a7,0x09c7,0x0de9,0x1209,0x0de8,
	0x09c7,0x0dc8,0x1209,0x162a,0x1209,0x0de8,0x09c7,0x1209,0x164b,0x164b,0x164b,0x122a,0x0e09,0x09e8,0x0e09,0x0e09,
	0x09c8,0x0e09,0x162a,0x162a,0x164b,0x164b,0x122a,0x122a,0x122a,0x122a,0x164b,0x162b,0x162a,0x09e8,0x09e8,0x122a,
	0x122a,0x120a,0x1209,0x0de8,0x0de8,0x0de8,0x0de8,0x09c7,0x09c7,0x0de9,0x162b,0x1a4b,0x1209,0x09e8,0x09c8,0x09c7,
	0x1209,0x162a,0x09e8,0x09c7,0x09e8,0x120a,0x164b,0x164b,0x122a,0x0e09,0x122a,0x166b,0x1a6c,0x164b,0x164b,0x164b,
	0x122a,0x122a,0x164b,0x1229,0x1229,0x1209,0x0de8,0x122a,0x162a,0x0de8,0x09c7,0x0de8,0x162a,0x1209,0x160a,0x1e6c,
	0x1e4b,0x1209,0x0de8,0x122a,0x164a,0x164b,0x122a,0x0de8,0x122a,0x164b,0x164b,0x122a,0x0e08,0x0e09,0x122a,0x0e2a,
	0x0e2a,0x122a,0x166c,0x1a6c,0x1a6c,0x166c,0x0a09,0x0a09,0x124b,0x1a6c,0x1a6d,0x164c,0x0e09,0x0e2a,0x164b,0x1a6c,
	0x122a,0x09e8,0x0e09,0x122a,0x122a,0x0e09,0x0de8,0x09e8,0x0e08,0x0e09,0x0de8,0x09c7,0x09c7,0x09c8,0x1209,0x162b,
	0x09e8,0x0de8,0x0de9,0x09c7,0x09c7,0x162a,0x1a4b,0x1a4b,0x0de9,0x09c7,0x09e8,0x122a,0x1a6c,0x1a6c,0x1a6c,0x1a6c,
	0x164b,0x0e09,0x09e8,0x09e8,0x0e09,0x164b,0x164b,0x164b,0x0e2a,0x0a09,0x09e8,0x09e8,0x09e8,0x09e8,0x122a,0x164b,
	0x0e09,0x122a,0x164b,0x0e09,0x122a,0x1a6c,0x122a,0x0e09,0x122a,0x164b,0x164b,0x164b,0x0de9,0x0e09,0x164b,0x162a,
	0x0e09,0x09c7,0x05c7,0x05c7,0x05c7,0x09c7,0x05c7,0x05c7,0x09e8,0x162b,0x164b,0x0e09,0x09c8,0x05c7,0x05c7,0x05c7,
	0x0e09,0x164b,0x0e09,0x09c7,0x09e8,0x1209,0x162a,0x162a,0x122a,0x162a,0x162b,0x162a,0x162a,0x162a,0x162a,0x1209,
	0x0dc8,0x09c7,0x09a7,0x09a7,0x0dc7,0x0dc8,0x1209,0x162b,0x164b,0x164b,0x162a,0x122a,0x122a,0x122a,0x120a,0x0e09,
	0x09e8,0x0de8,0x120a,0x162a,0x162a,0x0e09,0x0de8,0x122a,0x0e09,0x09c7,0x09c7,0x09c7,0x09c7,0x09c7,0x09c7,0x09c7,
	0x09c7,0x0de8,0x1209,0x162a,0x162a,0x0de8,0x09c7,0x1209,0x162a,0x122a,0x0e09,0x09e8,0x0de9,0x1209,0x1209,0x1209,
	0x09c7,0x0de8,0x1209,0x120a,0x162a,0x162a,0x0de9,0x0de8,0x0de9,0x0e09,0x122a,0x120a,0x0de8,0x09c7,0x09e8,0x164b,
	0x1a4b,0x162a,0x0e09,0x1209,0x162a,0x162b,0x1209,0x09c8,0x09c7,0x09c8,0x0de8,0x0de9,0x0de8,0x09c7,0x09c7,0x0de8,
	0x162a,0x162a,0x09c8,0x09c7,0x09c7,0x09e8,0x0e09,0x122a,0x164b,0x164b,0x122a,0x0e09,0x122a,0x164b,0x164b,0x164b,
	0x164a,0x0e09,0x0de8,0x09e8,0x1209,0x1209,0x09c8,0x0de8,0x1209,0x0dc7,0x09c7,0x11e8,0x162a,0x11e9,0x1209,0x1a4b,
	0x1a2b,0x1209,0x1209,0x162a,0x122a,0x0de8,0x09e8,0x0de8,0x1229,0x122a,0x0e09,0x0e08,0x09e8,0x0e09,0x122a,0x162a,
	0x1209,0x0e09,0x164b,0x1a6c,0x1a6c,0x164b,0x0a09,0x09e8,0x122a,0x1a4b,0x1a4b,0x162a,0x0e09,0x0e09,0x122a,0x1a4c,
	0x164b,0x0e09,0x09e8,0x09c8,0x09e8,0x162a,0x164b,0x1209,0x0e09,0x0de9,0x09c7,0x09c7,0x09c7,0x0de8,0x120a,0x164b,
	0x09e8,0x09e8,0x0de8,0x05a6,0x05a6,0x162a,0x1a4b,0x1a4b,0x0e09,0x09c8,0x09e8,0x122a,0x1a4c,0x1a6c,0x1a6c,0x1a6c,
	0x1a4c,0x0e09,0x05c7,0x09e8,0x122a,0x166c,0x166b,0x124b,0x122a,0x0a09,0x09e8,0x09e8,0x05c7,0x09c8,0x1209,0x162a,
	0x1209,0x122a,0x164b,0x09e8,0x0e09,0x164b,0x122a,0x0e09,0x0e09,0x122b,0x164b,0x164b,0x0e09,0x0e09,0x164b,0x162a,
	0x0de9,0x09c7,0x05c7,0x09c7,0x09c7,0x09c7,0x09c7,0x05c7,0x09e8,0x162a,0x1a4b,0x122a,0x09e8,0x09c7,0x09c7,0x09e8,
	0x120a,0x1a4c,0x162a,0x0de8,0x09c8,0x0de8,0x0de8,0x0dc8,0x09c7,0x09c8,0x09e8,0x09c8,0x09c8,0x09c8,0x09c7,0x09c7,
	0x09c7,0x09a7,0x09a7,0x09a7,0x09a7,0x09c7,0x0de8,0x162a,0x1a4b,0x1a4b,0x1a4b,0x164b,0x164b,0x162a,0x120a,0x09e8,
	0x09e8,0x122a,0x162a,0x120a,0x0de8,0x09c7,0x09e8,0x1229,0x120a,0x0de8,0x05a7,0x05a6,0x05a7,0x05a7,0x09a7,0x09c7,
	0x0de9,0x1209,0x1209,0x162a,0x120a,0x0de8,0x09c7,0x1209,0x164b,0x122a,0x0e09,0x0e09,0x0e09,0x0e09,0x122a,0x122a,
	0x09e8,0x0de8,0x0de9,0x0de8,0x0e09,0x0e09,0x0de8,0x1209,0x1209,0x0de8,0x0e09,0x0de9,0x09c7,0x09c7,0x0de8,0x1a4b,
	0x1a6c,0x162a,0x0de9,0x122a,0x1a4b,0x1a4b,0x122a,0x0de8,0x09e8,0x09c8,0x09c7,0x09c8,0x09c7,0x09c7,0x09c7,0x0de8,
	0x162a,0x162a,0x09c8,0x09c7,0x09c7,0x09c7,0x0de8,0x122a,0x1a6c,0x1a4b,0x122a,0x09e8,0x0e09,0x164a,0x164b,0x164b,
	0x122a,0x0e09,0x09e8,0x09e8,0x1209,0x1209,0x09c7,0x09c8,0x0de8,0x0dc7,0x09c7,0x0de8,0x162a,0x0de8,0x11e9,0x162a,
	0x160a,0x1209,0x122a,0x164b,0x122a,0x09c7,0x09c7,0x0e09,0x1209,0x0e09,0x09e8,0x0de8,0x09e8,0x09e8,0x0e09,0x164b,
	0x1209,0x0de8,0x122a,0x162a,0x122a,0x162a,0x0e09,0x0de8,0x0e09,0x1209,0x1209,0x1209,0x122a,0x122a,0x122a,0x1a6c,
	0x164b,0x122a,0x09e8,0x05c7,0x09e8,0x1a4b,0x1e6c,0x1a6b,0x1a4b,0x162b,0x0de8,0x09c7,0x0de8,0x162a,0x164b,0x164b,
	0x162a,0x1209,0x0de8,0x05a6,0x05a6,0x162a,0x1a4b,0x1a4b,0x122a,0x0e09,0x122a,0x162b,0x164b,0x122a,0x124b,0x164b,
	0x164b,0x122a,0x0e09,0x0e09,0x124b,0x164b,0x0e2a,0x122a,0x164b,0x164b,0x124b,0x0e09,0x09e8,0x09c7,0x09e8,0x0de8,
	0x0e09,0x122a,0x122a,0x0e09,0x0e09,0x0e09,0x122a,0x164b,0x164b,0x164b,0x164b,0x164b,0x122a,0x120a,0x1209,0x0e09,
	0x0de8,0x09c7,0x09e8,0x09e8,0x09c7,0x09c7,0x09c7,0x05c7,0x09e8,0x120a,0x164b,0x162b,0x0e09,0x09e8,0x09e8,0x0de9,
	0x122a,0x1a6c,0x164b,0x1209,0x09e8,0x09c8,0x09c8,0x09c7,0x09c7,0x09c7,0x09c7,0x09c7,0x09c7,0x09c8,0x09e8,0x0de8,
	0x0de8,0x09c7,0x09c7,0x09c7,0x09a7,0x09a7,0x0de8,0x162a,0x1a4b,0x1a4b,0x1a4b,0x1a4b,0x164b,0x162b,0x1209,0x09e8,
	0x09c7,0x122a,0x162a,0x1209,0x09c7,0x05a6,0x09c7,0x1229,0x162a,0x1209,0x09c7,0x09c7,0x09c7,0x09c7,0x09c7,0x0de8,
	0x162a,0x122a,0x1209,0x1209,0x0de8,0x09c7,0x09c7,0x120a,0x1a4b,0x164b,0x164b,0x122a,0x0e09,0x0de8,0x162b,0x1a4b,
	0x0de8,0x09c7,0x09c7,0x09c7,0x09c7,0x09c8,0x0de8,0x162a,0x162a,0x0de8,0x09c8,0x09c8,0x09c7,0x09c7,0x0de8,0x1a4b,
	0x1a4b,0x162a,0x0de9,0x122a,0x1a4b,0x1a4b,0x164b,0x164b,0x162a,0x0e09,0x09c8,0x0de8,0x11e9,0x1209,0x1209,0x0de8,
	0x120a,0x162a,0x09c8,0x09c7,0x09c8,0x09c8,0x120a,0x164b,0x164b,0x122a,0x09e8,0x09c7,0x0de8,0x122a,0x122a,0x122a,
	0x122a,0x1209,0x1209,0x122a,0x1209,0x0de8,0x09c7,0x09c7,0x09c7,0x09c7,0x09c7,0x0dc8,0x0de8,0x09c7,0x09c7,0x0de8,
	0x0de8,0x11e9,0x162a,0x164b,0x122a,0x09c7,0x09c7,0x1209,0x0e09,0x09e8,0x09e8,0x122a,0x122a,0x09e8,0x0de9,0x164b,
	0x1209,0x0de8,0x0de9,0x1209,0x162a,0x164b,0x122a,0x0de9,0x09e8,0x09e8,0x09e8,0x0e09,0x164b,0x164a,0x122a,0x1a6c,
	0x164b,0x122a,0x09e8,0x09c7,0x09e8,0x164b,0x1e6c,0x1e6c,0x1e6c,0x1a6c,0x0de8,0x09c7,0x0e09,0x1a4b,0x1a4b,0x164b,
	0x1a6c,0x162a,0x0de8,0x05a6,0x05a6,0x1209,0x164b,0x1a4b,0x164b,0x164b,0x164b,0x124b,0x122a,0x0e09,0x0e09,0x122a,
	0x164b,0x164b,0x124a,0x122a,0x124b,0x124b,0x0e2a,0x122a,0x166c,0x1a6c,0x1a6c,0x164b,0x0e09,0x09c7,0x09c7,0x09e8,
	0x0e09,0x0e09,0x122a,0x122a,0x0e09,0x09e8,0x124b,0x1a6c,0x1a6c,0x1a6c,0x164b,0x164b,0x164b,0x122a,0x09e8,0x09e8,
	0x09e8,0x09c7,0x1209,0x122a,0x09e8,0x09c8,0x09c7,0x09c7,0x09e8,0x0de8,0x120a,0x164b,0x164b,0x122a,0x122a,0x122a,
	0x122a,0x1a6c,0x1a4b,0x162a,0x09e8,0x09e8,0x0dc8,0x09c8,0x09c7,0x09c7,0x09c7,0x09c7,0x0de8,0x162a,0x164b,0x164b,
	0x162b,0x162a,0x1209,0x0de8,0x09c7,0x09c7,0x0de8,0x162b,0x1a4b,0x1a4b,0x164b,0x164b,0x164b,0x122a,0x0e09,0x09c8,
	0x05c7,0x0de8,0x0de8,0x0de8,0x05a6,0x05a6,0x09c7,0x1209,0x162a,0x164b,0x162a,0x162a,0x164b,0x162a,0x162a,0x162a,
	0x164b,0x122a,0x0de8,0x0de8,0x09c8,0x09c7,0x09c7,0x1209,0x164b,0x164b,0x164b,0x164b,0x122a,0x0e09,0x1a4b,0x1a4b,
	0x0de8,0x09c7,0x05c7,0x09a7,0x09a7,0x09c7,0x0de8,0x162a,0x1a4b,0x0de8,0x09c7,0x09c7,0x0de8,0x09c7,0x0dc8,0x120a,
	0x1209,0x0e09,0x0de8,0x122a,0x1a4b,0x1a4b,0x1a4c,0x1a6c,0x164b,0x1209,0x0de9,0x122a,0x162a,0x162a,0x1209,0x0de8,
	0x1209,0x162a,0x0de9,0x0de8,0x0de8,0x0de8,0x162a,0x1a4c,0x162a,0x0e08,0x09c7,0x09c7,0x09c8,0x0de8,0x0de8,0x0de8,
	0x0de8,0x1209,0x162a,0x162a,0x1209,0x09e8,0x09c7,0x09c7,0x09c7,0x09c7,0x09c7,0x0dc7,0x09c7,0x09c7,0x09c7,0x09c7,
	0x09c7,0x0de8,0x162a,0x164b,0x122a,0x09c7,0x09e8,0x162a,0x1209,0x09c8,0x09e8,0x162a,0x162b,0x09e8,0x09e8,0x1209,
	0x0de8,0x09c7,0x0de8,0x120a,0x1a4b,0x1a4c,0x162a,0x0e09,0x09c7,0x09c7,0x09c7,0x09e8,0x164b,0x164b,0x164b,0x122a,
	0x120a,0x0e09,0x122a,0x122a,0x164b,0x164b,0x164b,0x1209,0x162a,0x164b,0x0de8,0x05c7,0x0e09,0x1a6c,0x1a6c,0x164b,
	0x1a6c,0x122a,0x09e8,0x05a6,0x05a6,0x0de8,0x122a,0x164b,0x164b,0x164b,0x164b,0x122a,0x0a09,0x09e8,0x0e09,0x122a,
	0x1a6c,0x1a6c,0x166b,0x122a,0x122a,0x122a,0x124b,0x164b,0x166c,0x1a6c,0x1a6c,0x164b,0x122a,0x09e8,0x0de8,0x1209,
	0x122a,0x0e09,0x09e8,0x0e09,0x0e09,0x0e09,0x164b,0x1a6c,0x1a6c,0x1a6c,0x1a6c,0x1a4b,0x164b,0x1209,0x09c7,0x09e8,
	0x0de8,0x0de8,0x162a,0x164b,0x0e09,0x120a,0x0e09,0x0e09,0x1209,0x0de9,0x0e09,0x1a4b,0x164b,0x164b,0x162a,0x1209,
	0x122a,0x1a4b,0x164b,0x1209,0x0de8,0x120a,0x120a,0x0de8,0x09c7,0x0de8,0x122a,0x122a,0x122a,0x164b,0x1a4b,0x1a4b,
	0x1a4b,0x164b,0x164b,0x162a,0x0e09,0x09e8,0x0de8,0x120a,0x120a,0x1209,0x0de8,0x0de8,0x122a,0x1209,0x09e8,0x09c7,
	0x09c7,0x1209,0x1209,0x1209,0x0de8,0x0de8,0x0de8,0x0de8,0x162a,0x1a4b,0x1a4b,0x1a4b,0x1a4b,0x1a4b,0x1a4b,0x1a4b,
	0x1a4b,0x122a,0x0de8,0x09c8,0x09c7,0x09c7,0x09c7,0x0de9,0x122a,0x122a,0x122a,0x164b,0x164b,0x122a,0x1a4b,0x1a4b,
	0x0de9,0x09c7,0x09c7,0x09c7,0x09c7,0x09c7,0x09c7,0x1209,0x120a,0x0de8,0x09c7,0x0de8,0x162a,0x0de9,0x0de8,0x0de8,
	0x09c8,0x09c8,0x09e8,0x1209,0x162b,0x1a4c,0x1a6c,0x1a4c,0x162a,0x1209,0x120a,0x1a6c,0x1e6c,0x1a4b,0x1209,0x0de8,
	0x1209,0x162a,0x162a,0x162a,0x1209,0x0de8,0x162a,0x1a4b,0x1209,0x0de8,0x09c7,0x09c7,0x09c7,0x09c7,0x09c7,0x09c7,
	0x09c7,0x0e09,0x162a,0x162a,0x0de8,0x09c8,0x0de8,0x0e09,0x0de9,0x0de8,0x0de8,0x0de8,0x0de8,0x09c7,0x09c7,0x09c7,
	0x09c7,0x0de8,0x162b,0x164b,0x122a,0x09e8,0x0de8,0x164b,0x1209,0x09c8,0x0de9,0x164b,0x164b,0x0e09,0x09e8,0x0de8,
	0x09c8,0x09c7,0x09c8,0x120a,0x1a4b,0x1a4b,0x162a,0x1209,0x09c7,0x05c7,0x09c7,0x0de8,0x122a,0x164b,0x164b,0x0e09,
	0x0de9,0x0e09,0x164b,0x1a6c,0x1a6c,0x164b,0x122a,0x09e8,0x0de9,0x1209,0x0de8,0x09e8,0x0e09,0x1a6c,0x1a6c,0x164b,
	0x164b,0x1209,0x09c7,0x09c7,0x09c7,0x0e09,0x122a,0x164b,0x164b,0x166c,0x164c,0x122a,0x09e8,0x09e8,0x0e09,0x164b,
	0x1a6c,0x1a6c,0x166c,0x124b,0x0e2a,0x0e09,0x122a,0x124b,0x124b,0x164b,0x166c,0x164b,0x122a,0x09e8,0x0de8,0x1229,
	0x162a,0x1209,0x09e8,0x0e09,0x122a,0x122a,0x164b,0x164b,0x1a6c,0x1a6c,0x1a6c,0x1a4b,0x162a,0x1209,0x09c7,0x0e09,
	0x120a,0x1209,0x164b,0x1a4b,0x122a,0x164b,0x122a,0x122a,0x164b,0x1209,0x0e09,0x1a4b,0x164b,0x164b,0x122a,0x0e09,
	0x0e09,0x1a4b,0x162a,0x0e09,0x0e09,0x1a4b,0x162b,0x0de8,0x09c7,0x1209,0x1a6c,0x1a6c,0x1a6c,0x1a4b,0x164b,0x164b,
	0x1a4b,0x1a4b,0x1a4c,0x1a4b,0x122a,0x0de9,0x0de9,0x0de8,0x0de8,0x09a7,0x05a6,0x09a7,0x1209,0x0de9,0x09c7,0x05c7,
	0x09c8,0x162b,0x1a4b,0x162b,0x162a,0x162a,0x1209,0x0de8,0x122a,0x1a4b,0x164b,0x164b,0x164b,0x164b,0x164b,0x1a4b,
	0x1a4b,0x122a,0x09e8,0x09c7,0x09c7,0x09c7,0x09c7,0x09c7,0x09e8,0x09e8,0x09e8,0x122a,0x1a4b,0x1a4b,0x1a4b,0x1a4b,
	0x162b,0x0de9,0x09c7,0x0de8,0x0de8,0x0dc8,0x09c7,0x0dc8,0x0de8,0x09c7,0x09c7,0x0de8,0x162a,0x162a,0x1209,0x09e8,
	0x09c7,0x09c7,0x09e8,0x0de8,0x1209,0x1a6c,0x1a6c,0x1a4b,0x120a,0x0de9,0x1209,0x1a4b,0x1a6c,0x1a4b,0x162a,0x0de9,
	0x0e09,0x120a,0x162a,0x162a,0x1209,0x0de8,0x1209,0x160a,0x1209,0x09e8,0x09c7,0x09c7,0x09c7,0x09c7,0x05c7,0x05c7,
	0x09c7,0x0de8,0x120a,0x1209,0x0de8,0x09e8,0x122a,0x162a,0x122a,0x1209,0x1209,0x1209,0x1209,0x0de9,0x09e8,0x09c7,
	0x09c7,0x09e8,0x162b,0x164b,0x164b,0x0e09,0x122a,0x164b,0x0e09,0x09c7,0x09e8,0x164b,0x164b,0x122a,0x1209,0x1209,
	0x0e09,0x0de9,0x0de9,0x1209,0x1209,0x1209,0x162a,0x1209,0x09c7,0x09c7,0x0de8,0x1209,0x1209,0x122a,0x164b,0x0e09,
	0x0e09,0x1209,0x164b,0x1a6c,0x1a6c,0x164b,0x122a,0x09e8,0x09e8,0x09e8,0x0e09,0x0e09,0x0e09,0x1a6c,0x1a6c,0x166c,
	0x1209,0x0e09,0x09e8,0x0e09,0x122a,0x164b,0x164b,0x164b,0x164b,0x164b,0x166c,0x122a,0x0a09,0x09e8,0x122a,0x164b,
	0x1a6c,0x1a6c,0x166c,0x166b,0x0e2a,0x09e8,0x0e29,0x0e2a,0x0e09,0x122a,0x164b,0x164b,0x122a,0x09e8,0x11e8,0x162a,
	0x162a,0x1209,0x0de8,0x122a,0x164b,0x1a6c,0x124b,0x122a,0x122a,0x164b,0x1a6c,0x164b,0x0e09,0x09e8,0x09c7,0x1209,
	0x164b,0x162b,0x1a4b,0x1a4b,0x164b,0x1a4c,0x164b,0x164b,0x1a4b,0x164b,0x164b,0x1a6c,0x164b,0x164b,0x122a,0x0e09,
	0x0e09,0x1a4b,0x164b,0x122a,0x0e09,0x164b,0x164b,0x0de9,0x09c7,0x1209,0x1a6c,0x1a6c,0x1a6c,0x1a6c,0x1a6c,0x1a6c,
	0x1a4b,0x1a4b,0x164b,0x122a,0x122a,0x162a,0x122a,0x0e09,0x09c7,0x09a7,0x09c7,0x0de8,0x1209,0x1209,0x0de8,0x0de8,
	0x0de8,0x1209,0x162a,0x1a4b,0x1a4b,0x1a4b,0x164a,0x1229,0x164b,0x1a6c,0x1a4b,0x122a,0x0e09,0x122a,0x164b,0x1a4b,
	0x164b,0x1209,0x09e8,0x09c8,0x09c7,0x0de8,0x0de8,0x09e8,0x09e8,0x09e8,0x0e09,0x120a,0x162a,0x164b,0x164b,0x164b,
	0x164b,0x1209,0x09c7,0x0de8,0x0de8,0x0de8,0x0de8,0x09c7,0x09c7,0x09c7,0x0de8,0x1209,0x162a,0x1a4b,0x162b,0x0e09,
	0x0de8,0x0de8,0x0e09,0x0e09,0x1209,0x1a6c,0x1a6c,0x1a4b,0x0e09,0x0de8,0x122a,0x164b,0x1a4b,0x1a4b,0x164b,0x0e09,
	0x0de9,0x120a,0x164b,0x164b,0x120a,0x0de8,0x0de8,0x0de8,0x0de8,0x09e8,0x0de8,0x0de8,0x0de8,0x09e8,0x09e8,0x09e8,
	0x09c8,0x0de8,0x0de8,0x09c8,0x09e8,0x1209,0x164b,0x164b,0x164b,0x164b,0x1a4c,0x1a6c,0x1a6c,0x164b,0x122a,0x0e09,
	0x09e8,0x09e8,0x164b,0x164b,0x164b,0x164b,0x164b,0x164b,0x0e09,0x05c7,0x09e8,0x162a,0x1a6c,0x1a6c,0x1a4b,0x164b,
	0x164b,0x1a4b,0x162a,0x1209,0x0de8,0x0de8,0x120a,0x1209,0x09e8,0x09c7,0x120a,0x164b,0x0e09,0x0e09,0x1209,0x0de9,
	0x122a,0x164b,0x122a,0x162a,0x164b,0x164b,0x122a,0x09e8,0x09e8,0x09e8,0x122a,0x164b,0x164b,0x1a6c,0x1a6c,0x166c,
	0x09e8,0x1209,0x162a,0x162a,0x162a,0x1a6b,0x164b,0x164b,0x122a,0x124a,0x166b,0x124b,0x0e09,0x0e09,0x164b,0x1a6c,
	0x1a6c,0x166c,0x166c,0x166c,0x124b,0x122a,0x164b,0x122a,0x09e8,0x0a09,0x122a,0x124a,0x120a,0x09c7,0x0de8,0x162a,
	0x1a2a,0x1209,0x0e09,0x162a,0x164b,0x1a6c,0x164b,0x122a,0x122a,0x164b,0x164b,0x164b,0x0de8,0x09c8,0x09e8,0x1209,
	0x164b,0x1a4b,0x1a6c,0x1a6c,0x1a6c,0x1a6c,0x1a6c,0x1a6c,0x1a6c,0x1a6c,0x164b,0x162a,0x122a,0x122a,0x164a,0x122a,
	0x122a,0x1a4b,0x164b,0x162a,0x0e09,0x164b,0x1a4b,0x120a,0x0de8,0x1209,0x1a6c,0x1a6c,0x1a6c,0x1a6c,0x1a6c,0x1a6c,
	0x1a6c,0x1a4b,0x164b,0x122a,0x122a,0x164b,0x164b,0x0e09,0x09c7,0x09c7,0x11e9,0x120a,0x120a,0x120a,0x1209,0x1209,
	0x1209,0x0de8,0x120a,0x1a4b,0x1a4b,0x1a4b,0x1a4b,0x1a4b,0x1a4b,0x1a6c,0x1a6c,0x122a,0x0e09,0x0e09,0x164b,0x1a4b,
	0x122a,0x0e09,0x09e8,0x09e8,0x0de8,0x162a,0x164b,0x122a,0x122a,0x122a,0x164b,0x1209,0x09e8,0x122a,0x164b,0x1a4b,
	0x1a4b,0x1209,0x09c7,0x0de8,0x11e9,0x1209,0x162a,0x0de8,0x05a6,0x09c7,0x1209,0x162a,0x1a4b,0x1a4b,0x164b,0x162b,
	0x162b,0x162a,0x162a,0x162b,0x164b,0x1a6c,0x1a6c,0x1a4b,0x0e09,0x0e09,0x164b,0x164b,0x164b,0x164b,0x164b,0x0e09,
	0x09e8,0x0e09,0x1a6c,0x1a4b,0x162a,0x0e09,0x0de8,0x09e8,0x0de8,0x122a,0x164b,0x164b,0x164b,0x162a,0x162a,0x162a,
	0x162a,0x0de8,0x09c7,0x05c7,0x0e09,0x162a,0x164b,0x164b,0x164b,0x166c,0x1a6c,0x1a6c,0x1a6c,0x166c,0x164b,0x122a,
	0x09e8,0x0de8,0x164b,0x164b,0x164b,0x164b,0x1a4b,0x164b,0x122a,0x09e8,0x0a08,0x164b,0x1a6c,0x1a6c,0x164b,0x162a,
	0x164b,0x1a4b,0x1a4b,0x1209,0x0dc8,0x0de8,0x160a,0x122a,0x0de9,0x0de8,0x162a,0x164b,0x09e8,0x09c7,0x09c7,0x09e8,
	0x164b,0x1a6c,0x0e09,0x0e09,0x164b,0x1a6b,0x164b,0x0e09,0x09e8,0x09e8,0x122a,0x122a,0x164b,0x1a6c,0x1a6c,0x166c,
	0x09c7,0x1209,0x1a4b,0x0e09,0x0de8,0x162a,0x122a,0x0e2a,0x124a,0x124b,0x164b,0x122a,0x0e09,0x1209,0x162b,0x1a6c,
	0x1a6c,0x166c,0x166c,0x166c,0x166c,0x166c,0x164b,0x164b,0x122a,0x0e2a,0x0a09,0x09e8,0x09e8,0x05a6,0x0de8,0x1209,
	0x162a,0x162a,0x1209,0x162a,0x164b,0x1a6c,0x1a6c,0x1a6c,0x164b,0x122a,0x0e09,0x122a,0x0de8,0x09e8,0x0e09,0x0e09,
	0x1209,0x1a4b,0x1a6c,0x1a6c,0x1a6c,0x1a6c,0x1a6c,0x1a6c,0x1a6c,0x1a6c,0x164b,0x09e8,0x0a08,0x0e29,0x164b,0x164b,
	0x164b,0x164b,0x162a,0x122a,0x0e09,0x164b,0x1a4b,0x164b,0x122a,0x162a,0x1a6c,0x1a6c,0x1a6c,0x1a4c,0x1a6c,0x1a6c,
	0x1a4b,0x164b,0x164b,0x164b,0x164b,0x164b,0x164b,0x0e09,0x09c8,0x0e09,0x1209,0x122a,0x162a,0x1209,0x0de8,0x1209,
	0x122a,0x0de9,0x122a,0x164b,0x1a4b,0x1a4c,0x164b,0x122a,0x120a,0x164b,0x1a6c,0x1a6c,0x122a,0x122a,0x164b,0x1a6c,
	0x164b,0x122a,0x09e8,0x0e09,0x122a,0x122a,0x122a,0x164b,0x164b,0x164b,0x164b,0x122a,0x0e09,0x09e8,0x122a,0x1a4b,
	0x1a4b,0x0e09,0x09c7,0x09e8,0x122a,0x162a,0x164b,0x0de8,0x05a7,0x09c8,0x162a,0x164b,0x1a4b,0x164b,0x164b,0x1a4b,
	0x164b,0x164b,0x164b,0x1a4b,0x1a6c,0x1a6c,0x1a6c,0x1a4b,0x0e09,0x0de8,0x122a,0x164b,0x164b,0x164b,0x164b,0x0e09,
	0x09e8,0x0e09,0x164b,0x1a6c,0x1a4b,0x164b,0x1209,0x0e09,0x122a,0x164b,0x1a6b,0x1a6c,0x1a6c,0x1a6c,0x1a6c,0x1a6c,
	0x164b,0x0de8,0x05c7,0x05c7,0x1209,0x122a,0x0e09,0x0e09,0x164b,0x1a6c,0x1a6c,0x1a6c,0x1a6c,0x1a6c,0x164b,0x122b,
	0x122a,0x164b,0x1a4c,0x122a,0x0e09,0x164b,0x1a6c,0x1a4b,0x164b,0x164b,0x164b,0x164b,0x1a6c,0x1a6c,0x162a,0x0de8,
	0x0de8,0x122a,0x164b,0x1209,0x0dc8,0x0de8,0x162a,0x1a2b,0x162a,0x162a,0x1a4b,0x164b,0x0de8,0x09c7,0x05c7,0x09e8,
	0x164b,0x1a6c,0x0e09,0x0e09,0x164b,0x1a6b,0x164b,0x122a,0x0e29,0x0e09,0x0e09,0x0e09,0x122a,0x166c,0x166c,0x166c,
	0x09c7,0x1209,0x164b,0x09e8,0x05c7,0x122a,0x0e2a,0x0e29,0x124b,0x166b,0x164b,0x122a,0x0e09,0x0e09,0x162a,0x1a6c,
	0x1a6c,0x166c,0x166c,0x166b,0x166c,0x166c,0x124a,0x164b,0x1a6c,0x164b,0x09e8,0x05c7,0x05c7,0x05a6,0x09c7,0x0de8,
	0x1209,0x11e8,0x0de8,0x0de9,0x120a,0x164b,0x162b,0x162a,0x122a,0x09e8,0x09e8,0x09e8,0x0de8,0x1209,0x164b,0x164b,
	0x164b,0x1a6c,0x1a6c,0x1a6c,0x1a6b,0x164b,0x1a6b,0x1a6c,0x1a6c,0x1a6c,0x122a,0x0e09,0x0a08,0x0e09,0x122a,0x164b,
	0x122a,0x0e09,0x09e8,0x09e8,0x0e09,0x122a,0x164b,0x1a4c,0x1a4b,0x1a4c,0x1a4b,0x122a,0x122a,0x164b,0x1a4b,0x1a4b,
	0x164b,0x122a,0x122a,0x164b,0x164b,0x164b,0x164b,0x0e09,0x09e8,0x122a,0x1209,0x0e09,0x122a,0x0e09,0x09e8,0x1209,
	0x122a,0x0de9,0x0e09,0x122a,0x164b,0x1a6c,0x164b,0x122a,0x122a,0x164b,0x1a6c,0x164b,0x122a,0x120a,0x164b,0x1a6b,
	0x1a6b,0x164b,0x0e09,0x122a,0x164b,0x122a,0x1209,0x164b,0x1a6c,0x1a6c,0x1a6c,0x164b,0x122a,0x09e8,0x122a,0x164b,
	0x164b,0x0e09,0x09c7,0x09e8,0x162a,0x1a4b,0x1a4b,0x0de9,0x05c7,0x0de8,0x162b,0x1a4b,0x164b,0x122a,0x162a,0x1a4b,
	0x164b,0x164b,0x162b,0x1a4b,0x1a6c,0x1a6c,0x1a6c,0x1a4b,0x0e09,0x09e8,0x0e09,0x122a,0x122a,0x164b,0x164b,0x122a,
	0x09e8,0x09e8,0x164b,0x1a6c,0x1a6c,0x1a6c,0x164b,0x122a,0x164b,0x1a6b,0x1a6b,0x1a6c,0x1a6c,0x1a6c,0x1a6c,0x1a6b,
	0x164b,0x0e09,0x09c7,0x05c7,0x1209,0x122a,0x0e09,0x0e09,0x124b,0x166c,0x1a6c,0x1a6c,0x166c,0x164b,0x124b,0x124b,
	0x164b,0x1a6c,0x166c,0x0e09,0x0a09,0x164b,0x1a6c,0x1a6c,0x1a6c,0x1a6c,0x1a6c,0x166c,0x166c,0x1a6c,0x122a,0x09e8,
	0x09e8,0x1209,0x164b,0x1209,0x0dc7,0x0de8,0x1a2a,0x1a4b,0x1a4b,0x164b,0x1a4b,0x162a,0x09e8,0x09c7,0x09c7,0x09e8,
	0x164b,0x1a4c,0x0e09,0x0e09,0x164b,0x1a6b,0x166b,0x164b,0x164b,0x164b,0x164b,0x164b,0x164b,0x1a6c,0x166c,0x164b,
	0x09c7,0x1209,0x164b,0x09e7,0x05c7,0x164b,0x122a,0x0e09,0x124b,0x124b,0x164b,0x122a,0x0de9,0x09e8,0x162a,0x1a6c,
	0x1a6c,0x1a6c,0x166c,0x164b,0x164b,0x166c,0x0e2a,0x124b,0x1a6c,0x164b,0x09e8,0x05c7,0x05c7,0x09c7,0x09c7,0x09c7,
	0x09c7,0x09c7,0x05c7,0x05c7,0x0de8,0x162a,0x0e09,0x09e8,0x09e8,0x09c8,0x05c7,0x05c7,0x0de8,0x122a,0x1a6c,0x1a6c,
	0x1a4b,0x1a6c,0x1a6c,0x1a6c,0x164b,0x124a,0x164b,0x1a6c,0x1a6c,0x1a6c,0x164b,0x122a,0x0e09,0x0e09,0x122a,0x122a,
	0x122a,0x0de8,0x09e8,0x09e8,0x0e09,0x1209,0x122a,0x164b,0x1a4b,0x164b,0x162b,0x0e09,0x0e09,0x164b,0x1a4b,0x164b,
	0x164b,0x122a,0x122a,0x164b,0x164b,0x164b,0x164b,0x0e09,0x09e8,0x122a,0x0e09,0x0e09,0x1209,0x0e09,0x0e09,0x122a,
	0x122a,0x0de8,0x09e8,0x0e09,0x164b,0x164b,0x164b,0x164b,0x164b,0x164b,0x164b,0x122a,0x0e09,0x0e09,0x164b,0x164b,
	0x164b,0x164b,0x122a,0x164b,0x1a4b,0x122a,0x1209,0x164b,0x1a6c,0x1a6c,0x1a6c,0x1a6c,0x122a,0x09e8,0x122a,0x164b,
	0x164b,0x0e09,0x09c7,0x09e8,0x164b,0x1a4b,0x1a4b,0x120a,0x0de8,0x1209,0x162b,0x162a,0x1209,0x0e09,0x1209,0x164b,
	0x122a,0x0e09,0x122a,0x164b,0x164b,0x1a6c,0x1a4b,0x164b,0x0de8,0x09c7,0x09e8,0x09e8,0x0e09,0x122a,0x164b,0x164b,
	0x0e09,0x09e8,0x164b,0x164b,0x164b,0x164b,0x164b,0x1a6c,0x1a6c,0x1a6c,0x166b,0x1a6c,0x1a6c,0x1a6c,0x162a,0x122a,
	0x1229,0x122a,0x1209,0x09c7,0x0e09,0x122a,0x164b,0x122a,0x122a,0x1a6c,0x1a6c,0x166b,0x122a,0x0e2a,0x0e2a,0x124b,
	0x164b,0x166c,0x166c,0x0e09,0x0a09,0x164b,0x1a6c,0x1a6c,0x166c,0x166c,0x166c,0x164b,0x164b,0x164b,0x122a,0x09e8,
	0x09e8,0x1209,0x1a4b,0x1209,0x0dc7,0x0dc8,0x160a,0x162a,0x162a,0x122a,0x122a,0x1209,0x09c7,0x09c7,0x09c7,0x09e8,
	0x122a,0x122a,0x0e09,0x0e09,0x164b,0x1a6c,0x166b,0x164b,0x166b,0x166c,0x166c,0x166c,0x166c,0x166c,0x166b,0x164b,
	0x05c7,0x0e09,0x164b,0x09e8,0x05c7,0x164b,0x164b,0x124b,0x124b,0x122a,0x164b,0x122a,0x0e09,0x09e8,0x122a,0x1a4b,
	0x1a6c,0x1a6c,0x1a6c,0x122a,0x164b,0x1a6c,0x124b,0x122a,0x124b,0x122a,0x09e8,0x09e8,0x1209,0x1209,0x120a,0x122a,
	0x122a,0x0de8,0x05c7,0x05c7,0x09e8,0x120a,0x09c7,0x05a7,0x09c7,0x0de8,0x0de9,0x0de8,0x0e09,0x120a,0x162b,0x164b,
	0x1a6b,0x164b,0x1a4b,0x1a6c,0x164b,0x122a,0x164b,0x164b,0x1a6b,0x164b,0x164b,0x164b,0x124a,0x122a,0x164b,0x122a,
	0x0e09,0x122a,0x0e09,0x0e09,0x122a,0x0e09,0x09e8,0x0de9,0x0e09,0x1209,0x122a,0x0e09,0x0e09,0x164b,0x164b,0x164b,
	0x164b,0x164b,0x164b,0x164a,0x124a,0x124b,0x124b,0x0e09,0x0e09,0x122a,0x0e09,0x09e8,0x09e8,0x0e09,0x122a,0x122a,
	0x0e09,0x09e8,0x05c7,0x09e8,0x0e09,0x122a,0x122a,0x164b,0x164b,0x164b,0x166c,0x120a,0x09e8,0x0e09,0x09e8,0x0e09,
	0x164b,0x164b,0x164b,0x164b,0x164c,0x164b,0x164b,0x1a6b,0x1a6c,0x1a6c,0x1a6c,0x164b,0x0e09,0x09e8,0x122a,0x164b,
	0x164b,0x1209,0x09e8,0x0de8,0x164b,0x1a6b,0x1a4c,0x162a,0x1209,0x120a,0x162a,0x122a,0x0e09,0x0e09,0x122a,0x164b,
	0x0de8,0x09e8,0x122a,0x164b,0x164b,0x164b,0x164b,0x122a,0x09e8,0x05c7,0x05c7,0x05c7,0x09e8,0x122a,0x164b,0x164b,
	0x0e09,0x09e8,0x0e2a,0x122a,0x122a,0x164b,0x1a6c,0x1a6c,0x1a6c,0x166b,0x164b,0x1a6c,0x1a6c,0x1a6c,0x122a,0x0e09,
	0x0e09,0x122a,0x162a,0x09e8,0x0e09,0x122a,0x164b,0x164b,0x124b,0x164b,0x1a6c,0x166c,0x124a,0x0e2a,0x122a,0x166c,
	0x166c,0x166c,0x166c,0x0e09,0x0a09,0x124b,0x1a6c,0x1a6c,0x166c,0x166c,0x166c,0x124a,0x0e09,0x164b,0x122a,0x09e8,
	0x09e8,0x1209,0x1a4b,0x1209,0x0dc7,0x0dc7,0x0de8,0x0de8,0x0de8,0x09e8,0x09c7,0x09c7,0x09c7,0x05c7,0x09c7,0x0e09,
	0x0de8,0x09c7,0x09e8,0x1209,0x1a6b,0x1a6c,0x166b,0x124a,0x164b,0x166c,0x166c,0x166c,0x166c,0x166c,0x164b,0x164b,
	0x05c7,0x0e09,0x164b,0x09e8,0x09e8,0x164b,0x166c,0x166c,0x164b,0x124b,0x164b,0x164b,0x122a,0x0de9,0x0e09,0x1209,
	0x1a4b,0x1a4c,0x1a4b,0x1209,0x122a,0x1a6c,0x1a6c,0x124b,0x122a,0x122a,0x0e09,0x0e09,0x164b,0x164b,0x1a4c,0x1a6c,
	0x1a6c,0x122a,0x09e8,0x09c7,0x0de8,0x122a,0x09c7,0x05a7,0x09c7,0x0e09,0x122a,0x162a,0x122a,0x122a,0x122a,0x164b,
	0x164b,0x122a,0x122a,0x122a,0x1229,0x0e09,0x0e09,0x122a,0x164b,0x122a,0x1229,0x122a,0x1229,0x1229,0x164b,0x1209,
	0x0e09,0x1a4b,0x1a4b,0x164a,0x0de8,0x09c7,0x09c7,0x09c7,0x09c7,0x0de8,0x122a,0x164b,0x164b,0x0e09,0x0e09,0x0de9,
	0x1209,0x164b,0x164b,0x0e09,0x0e09,0x122a,0x122a,0x122a,0x0e09,0x162a,0x0de9,0x09c8,0x09e8,0x09e9,0x0e09,0x0e09,
	0x09e8,0x09c7,0x09e8,0x122a,0x122a,0x164b,0x122a,0x0e09,0x0e09,0x124a,0x164b,0x122a,0x0e09,0x09e8,0x05c7,0x09e8,
	0x124b,0x164b,0x122a,0x122a,0x124b,0x164b,0x1a6c,0x1a6c,0x1a6c,0x1a6c,0x1a6c,0x164b,0x0e09,0x09e8,0x09e8,0x0e09,
	0x164b,0x162a,0x122a,0x122a,0x164b,0x1a4b,0x1a4b,0x162a,0x0e09,0x0e09,0x122a,0x162a,0x164b,0x164b,0x164b,0x164b,
	0x09e8,0x05c7,0x0e09,0x164b,0x164b,0x0e09,0x09e8,0x0e09,0x122a,0x0e09,0x09e8,0x09e8,0x0e09,0x122a,0x166c,0x124b,
	0x0e09,0x0a09,0x0e09,0x0e09,0x122a,0x164b,0x164a,0x122a,0x122a,0x164b,0x166b,0x1a6c,0x1a6c,0x1a6c,0x122a,0x0e0a,
	0x0e09,0x122a,0x162a,0x0e09,0x0e09,0x122a,0x124b,0x122a,0x0e2a,0x122a,0x166c,0x166b,0x122a,0x122a,0x124b,0x166c,
	0x166c,0x1a6c,0x166c,0x122a,0x0e29,0x164b,0x1a6c,0x1a6c,0x166c,0x166c,0x166c,0x122a,0x09e8,0x122a,0x122a,0x05c7,
	0x09c7,0x1209,0x1a4b,0x1209,0x0dc7,0x0dc8,0x11e9,0x1209,0x1209,0x122a,0x122a,0x122a,0x1209,0x0de8,0x0de8,0x162a,
	0x0e09,0x05c7,0x09e8,0x122a,0x1a6b,0x1a6c,0x166b,0x124b,0x164b,0x166c,0x166c,0x166c,0x166c,0x166c,0x164b,0x164b,
	0x0e09,0x122a,0x164a,0x122a,0x122a,0x166c,0x166c,0x166c,0x1a6c,0x166c,0x164b,0x164b,0x162b,0x120a,0x0de8,0x09c8,
	0x162a,0x162a,0x162a,0x0e09,0x122a,0x1a6c,0x1a6c,0x166c,0x166c,0x164b,0x122a,0x164b,0x1a6c,0x1a6c,0x1a6c,0x1a6c,
	0x1a6c,0x164b,0x0e09,0x09c8,0x0e09,0x1a4b,0x0e09,0x09e8,0x09c8,0x09e8,0x0e09,0x1a6c,0x1a6c,0x1a6c,0x164b,0x164b,
	0x164b,0x0e09,0x09e8,0x09e8,0x09e8,0x09e8,0x09e8,0x0e08,0x162a,0x1209,0x0de8,0x0e09,0x0e08,0x0e09,0x164b,0x122a,
	0x122a,0x1a4b,0x1a6c,0x164b,0x0e09,0x0de8,0x09e8,0x09c7,0x05c7,0x09e8,0x0e09,0x164b,0x162a,0x09e8,0x09e8,0x09e8,
	0x0de8,0x122a,0x122a,0x0e09,0x0de8,0x0e09,0x0e09,0x122a,0x122a,0x164b,0x0de9,0x09e8,0x0e09,0x0e09,0x0e09,0x122a,
	0x0e09,0x09e8,0x122a,0x164b,0x1a6c,0x1a6c,0x122a,0x05c7,0x05e8,0x0e2a,0x164b,0x164b,0x0e09,0x09e8,0x05c7,0x09e8,
	0x122a,0x124a,0x122a,0x0e2a,0x122a,0x164b,0x1a6c,0x1a6c,0x1a6c,0x1a6c,0x1a6c,0x164b,0x0de8,0x09c7,0x09c8,0x09e8,
	0x122a,0x164b,0x1a6b,0x1a4b,0x164b,0x164b,0x1a4c,0x162a,0x0de9,0x09e8,0x0e09,0x120a,0x122a,0x164b,0x164b,0x164b,
	0x09e8,0x09c8,0x0e09,0x1a6c,0x1a6c,0x0e29,0x0e09,0x0e09,0x122a,0x122a,0x0e09,0x122a,0x122a,0x164b,0x166c,0x124b,
	0x122a,0x164b,0x122a,0x164b,0x164b,0x164b,0x0e09,0x05c7,0x0e09,0x164b,0x1a6c,0x1a6b,0x164a,0x122a,0x124b,0x164b,
	0x122a,0x120a,0x122a,0x162b,0x122a,0x0e09,0x0e08,0x09e8,0x09e8,0x0e09,0x166b,0x124b,0x0a09,0x124b,0x166c,0x166c,
	0x166c,0x166c,0x166c,0x164b,0x164b,0x166c,0x166c,0x1a6c,0x166c,0x166c,0x166c,0x122a,0x0e09,0x122a,0x122a,0x05c7,
	0x09c7,0x0e09,0x1a4b,0x1209,0x09c8,0x0de8,0x120a,0x120a,0x1209,0x1a6c,0x1e6c,0x1a6c,0x1a4b,0x122a,0x1209,0x1a4c,
	0x122a,0x05c7,0x09e8,0x122a,0x1a6c,0x1a6c,0x166c,0x124b,0x164b,0x166c,0x166c,0x166c,0x166c,0x164b,0x164b,0x164b,
	0x122a,0x122a,0x164a,0x164a,0x164b,0x166c,0x166c,0x166c,0x1a6c,0x166c,0x122a,0x162a,0x162a,0x1209,0x09c7,0x09c7,
	0x1209,0x1209,0x1209,0x0de8,0x122a,0x1a6c,0x1a6c,0x164b,0x164b,0x164b,0x164b,0x164b,0x1a6c,0x1a6c,0x164b,0x164b,
	0x164b,0x162a,0x0e09,0x09e8,0x0e09,0x1a6c,0x122a,0x0e09,0x09e8,0x09e8,0x0e09,0x166c,0x1a6c,0x1a6c,0x166b,0x164b,
	0x164b,0x0e09,0x09e7,0x09e7,0x09e8,0x09e8,0x09e8,0x0e08,0x162a,0x1209,0x0de8,0x0e08,0x0e08,0x1209,0x164b,0x164b,
	0x164a,0x122a,0x164a,0x164b,0x162a,0x162a,0x1209,0x09c8,0x05c7,0x09c7,0x09e8,0x122a,0x1209,0x09e8,0x0de8,0x0e09,
	0x0de8,0x09e8,0x0de8,0x1209,0x0de8,0x09c8,0x09e8,0x122a,0x164b,0x164b,0x0e09,0x09e8,0x122a,0x164b,0x124b,0x164b,
	0x164b,0x122a,0x164b,0x164b,0x1a6c,0x166c,0x122a,0x05c8,0x05e8,0x0e2a,0x164b,0x122a,0x0e09,0x0e09,0x05c7,0x09e8,
	0x122a,0x124b,0x124b,0x124b,0x164b,0x1a6c,0x1a6c,0x1a6c,0x1a6c,0x1a6c,0x1a6c,0x164b,0x0de8,0x09c7,0x05c7,0x09e8,
	0x0e09,0x164b,0x1a6c,0x1a6c,0x122a,0x122a,0x1a4c,0x162a,0x09e8,0x09e8,0x0e09,0x0de9,0x09e8,0x162a,0x164b,0x164b,
	0x09e8,0x09e8,0x164b,0x1a6c,0x1a6c,0x164b,0x122a,0x122a,0x164b,0x124b,0x122a,0x124b,0x164b,0x164b,0x166c,0x122a,
	0x124b,0x1a6c,0x164b,0x1a6c,0x1a6c,0x164b,0x0de8,0x05c7,0x0e09,0x164b,0x1a6c,0x1a6b,0x1229,0x0e09,0x122a,0x164b,
	0x164b,0x0e09,0x0e09,0x122a,0x122a,0x0e09,0x09e8,0x05e8,0x09e8,0x0e2a,0x166c,0x124b,0x0a09,0x164b,0x1a6c,0x1a6c,
	0x164b,0x164b,0x166c,0x166c,0x166c,0x124b,0x164b,0x1a6c,0x166c,0x166c,0x164b,0x164b,0x122a,0x164b,0x122a,0x09e8,
	0x09e8,0x1209,0x164b,0x1209,0x0de8,0x0de8,0x122a,0x1209,0x1209,0x1a4c,0x1e6c,0x1a6c,0x1a4b,0x122a,0x1209,0x1a4c,
	0x122a,0x05c7,0x0e09,0x122a,0x1a6c,0x1a6c,0x166c,0x124a,0x124b,0x166b,0x166c,0x166c,0x164b,0x164b,0x164b,0x164b,
	0x164b,0x164b,0x122a,0x164b,0x164b,0x164b,0x166c,0x1a6c,0x1a8c,0x164b,0x0e09,0x0de9,0x0de8,0x09c8,0x05c7,0x05a7,
	0x09c7,0x09c7,0x09c7,0x0de8,0x122a,0x1a6c,0x1a6c,0x122a,0x09e8,0x122a,0x1a6c,0x1a6c,0x1a6c,0x1a6c,0x122a,0x0e09,
	0x0e09,0x120a,0x122a,0x09e8,0x0e09,0x1a6c,0x1a6c,0x164b,0x0de9,0x05e8,0x0a09,0x124b,0x124b,0x164b,0x164b,0x164b,
	0x162a,0x0de8,0x05c7,0x09c7,0x09e7,0x09e8,0x0e09,0x1209,0x164a,0x122a,0x0de8,0x0de8,0x09e8,0x0e09,0x164b,0x122a,
	0x0e08,0x0de8,0x122a,0x164b,0x1a4b,0x1a6c,0x162b,0x09e8,0x05c7,0x09e8,0x122a,0x0e09,0x0e09,0x09e8,0x09e8,0x09e8,
	0x09e8,0x09c7,0x09e8,0x122a,0x0de9,0x05c7,0x09e8,0x122a,0x1a4b,0x164b,0x122a,0x122a,0x164b,0x166c,0x1a6c,0x166c,
	0x164b,0x164b,0x166c,0x166c,0x1a6c,0x166c,0x122a,0x05e8,0x05e8,0x122a,0x164b,0x122a,0x0e09,0x120a,0x09c8,0x09e8,
	0x124b,0x164b,0x164b,0x164b,0x166c,0x164b,0x164b,0x164b,0x1a6c,0x1a6c,0x1a6c,0x164b,0x0de8,0x09c7,0x09e8,0x09e8,
	0x0e09,0x164b,0x1a6c,0x1a6c,0x122a,0x122a,0x1a6c,0x162a,0x09e8,0x09e8,0x122a,0x0e2a,0x09e8,0x122a,0x164b,0x164b,
	0x122a,0x122a,0x166c,0x1a6c,0x1a6c,0x166b,0x164b,0x164b,0x164b,0x164b,0x164b,0x164b,0x164b,0x166c,0x164b,0x0e09,
	0x122a,0x1a6c,0x1a6c,0x1a6c,0x1a6c,0x164b,0x09e8,0x05c7,0x0e09,0x164b,0x1a6c,0x164b,0x0e09,0x09e8,0x122a,0x164b,
	0x164b,0x1209,0x0de8,0x0de8,0x162a,0x122a,0x05c7,0x05c7,0x09e8,0x122a,0x1a6c,0x164b,0x0e2a,0x164b,0x166c,0x1a6c,
	0x122a,0x0e2a,0x164b,0x166c,0x166c,0x0e09,0x0e09,0x1a6c,0x1a6c,0x164b,0x0e2a,0x164b,0x1a6c,0x1a6c,0x164b,0x122a,
	0x122a,0x162b,0x164b,0x122a,0x0de8,0x0e09,0x122a,0x0e09,0x0e09,0x164b,0x1a6c,0x1a6c,0x1a4b,0x122a,0x0e09,0x1a4b,
	0x162b,0x0e09,0x122a,0x164b,0x1a6c,0x1a6c,0x166b,0x122a,0x122a,0x164b,0x164b,0x164b,0x122a,0x122a,0x164b,0x164b,
	0x164b,0x1a6c,0x1a6c,0x164b,0x164b,0x1a6c,0x1a6c,0x1a6c,0x1a6c,0x166c,0x122a,0x0e09,0x0de8,0x09c7,0x05a6,0x05a7,
	0x0de9,0x1209,0x1209,0x0e09,0x162a,0x1a6c,0x1a6c,0x122a,0x0e09,0x122a,0x164b,0x1a6c,0x1a6c,0x1a6c,0x164b,0x164b,
	0x0e09,0x122a,0x164b,0x122a,0x164b,0x1a6c,0x1a6c,0x1a6c,0x164b,0x122a,0x122a,0x124a,0x0e09,0x0e29,0x164b,0x164b,
	0x162a,0x09e8,0x05c7,0x09c7,0x09e7,0x09e8,0x1209,0x162a,0x164b,0x162a,0x0e09,0x0de8,0x09e8,0x0e09,0x122a,0x0e08,
	0x09e7,0x09e8,0x122a,0x1a4b,0x1a6c,0x1e6c,0x164b,0x09c8,0x05c7,0x0e09,0x1a6c,0x122a,0x0e09,0x09c8,0x05c7,0x05c7,
	0x05c7,0x05c7,0x09e8,0x162a,0x0e09,0x09c8,0x0de9,0x164b,0x1a6c,0x1a6c,0x164b,0x164b,0x164b,0x166c,0x1a6c,0x166c,
	0x164b,0x124b,0x164b,0x166c,0x1a6c,0x166c,0x122a,0x05e8,0x05c8,0x0e2a,0x164b,0x122a,0x122a,0x122a,0x0de8,0x0de9,
	0x164b,0x164b,0x166b,0x166c,0x164c,0x122a,0x0e09,0x164b,0x1a6c,0x1a6c,0x1a6c,0x164b,0x0de9,0x09c8,0x0de9,0x0e09,
	0x120a,0x1a4b,0x1e6c,0x1a6c,0x122a,0x122a,0x1a6c,0x122a,0x09e8,0x09e9,0x164b,0x164b,0x0e2a,0x0e29,0x122a,0x166c,
	0x166c,0x166c,0x1a6c,0x1a6c,0x1a6c,0x166c,0x164b,0x164b,0x164c,0x164b,0x164b,0x164b,0x164b,0x166b,0x124b,0x0e09,
	0x0a09,0x0e09,0x1a4b,0x1a6c,0x1a6c,0x164b,0x0de8,0x05c7,0x0e09,0x164b,0x1a6c,0x164b,0x0e09,0x0de8,0x162b,0x166c,
	0x164b,0x122a,0x09e8,0x09e8,0x122a,0x122a,0x09c7,0x05c7,0x09e8,0x164b,0x1a6c,0x1a6c,0x122a,0x0e2a,0x124b,0x1a6c,
	0x122a,0x0e09,0x164b,0x166c,0x166c,0x0e09,0x0e09,0x1a6c,0x1a6c,0x164b,0x0e09,0x164b,0x1a6c,0x1a6c,0x1a6c,0x1a6c,
	0x1a6c,0x1a4c,0x164b,0x164b,0x122a,0x0e09,0x122a,0x0e09,0x09e8,0x120a,0x164b,0x1a6c,0x1a4b,0x122a,0x0e09,0x1a4b,
	0x1a4b,0x164b,0x166b,0x166b,0x166c,0x1a6c,0x166c,0x0e2a,0x122a,0x122a,0x122a,0x122a,0x120a,0x122a,0x162a,0x162b,
	0x164b,0x1a6c,0x1a6c,0x164b,0x124b,0x1a6c,0x1a6c,0x1a6c,0x1a6c,0x1a6c,0x1a4b,0x122a,0x09e8,0x09c7,0x05a7,0x09c7,
	0x1209,0x162a,0x162a,0x1209,0x162b,0x1a6c,0x1a6c,0x164b,0x0e2a,0x122a,0x164b,0x166c,0x1a6c,0x1a6c,0x1a6c,0x1a6c,
	0x122a,0x164b,0x1a6c,0x1a6c,0x1a6c,0x1a6c,0x1a6c,0x1a6c,0x1a6c,0x166c,0x124b,0x0e2a,0x05e8,0x09e8,0x164b,0x1a6c,
	0x162b,0x0de8,0x05c7,0x09c7,0x09c7,0x09e8,0x122a,0x164b,0x164b,0x162a,0x1209,0x0e08,0x0e08,0x0e09,0x0e09,0x0e09,
	0x0de8,0x0e09,0x164a,0x1a6c,0x1a6c,0x1e6c,0x164b,0x09e8,0x09c7,0x0de9,0x164b,0x164b,0x122a,0x09e8,0x05c7,0x05c7,
	0x05a7,0x05c7,0x09c7,0x162a,0x120a,0x0e09,0x164b,0x1a6c,0x1a6c,0x1a6c,0x1a6c,0x164b,0x122a,0x164b,0x1a6c,0x164b,
	0x122a,0x0a09,0x122a,0x164b,0x166c,0x166c,0x122a,0x05c7,0x05c7,0x0e09,0x164b,0x164b,0x164b,0x164b,0x124b,0x164b,
	0x164b,0x166c,0x1a6c,0x1a6c,0x164c,0x0e09,0x09e8,0x122a,0x1a6c,0x1a6c,0x1a6c,0x164b,0x0e09,0x09e8,0x122a,0x164b,
	0x1a6c,0x1a6c,0x1a6c,0x1a6c,0x164b,0x164b,0x164b,0x0e09,0x09c8,0x09e8,0x124b,0x166c,0x164b,0x124b,0x124b,0x166c,
	0x1a6c,0x166c,0x164b,0x166c,0x1a6c,0x166c,0x164b,0x164c,0x164c,0x164c,0x166b,0x166b,0x164b,0x164b,0x164b,0x122a,
	0x0e09,0x09e8,0x122a,0x122a,0x164b,0x122a,0x09e8,0x05c7,0x0e09,0x164b,0x1a6c,0x164b,0x122a,0x122a,0x164b,0x166c,
	0x164b,0x122a,0x0de8,0x09c7,0x122a,0x122a,0x0e09,0x09e8,0x09e8,0x164b,0x1a6c,0x1a6c,0x164b,0x0a09,0x122a,0x166c,
	0x122a,0x0e29,0x166b,0x166c,0x166c,0x122a,0x122a,0x1a6c,0x1a6c,0x164b,0x0e09,0x164b,0x1a6c,0x1a6c,0x1a6c,0x1a6c,
	0x1a6c,0x164b,0x162a,0x162a,0x122a,0x122a,0x164b,0x122a,0x0e09,0x0e09,0x122a,0x1a4b,0x164b,0x164b,0x164b,0x1a6c,
	0x1a6c,0x164b,0x164b,0x164b,0x164b,0x166c,0x164b,0x0e09,0x0e09,0x0e09,0x0e09,0x122a,0x122a,0x122a,0x0de9,0x0de8,
	0x122a,0x122a,0x122a,0x122b,0x164b,0x0e09,0x1209,0x122a,0x1a6c,0x1a6c,0x1a4c,0x122a,0x09e8,0x09e8,0x0e09,0x0e09,
	0x0de8,0x0de8,0x0e09,0x122a,0x164b,0x164b,0x122a,0x122a,0x164b,0x164b,0x166c,0x164b,0x122a,0x164b,0x1a6c,0x1a6c,
	0x164b,0x164b,0x164b,0x1a6c,0x1a6c,0x1a6c,0x164b,0x164b,0x1a6c,0x1a6c,0x164b,0x0e2a,0x0e2a,0x122a,0x164b,0x164b,
	0x122a,0x09e8,0x09c7,0x09e8,0x0de8,0x1209,0x162a,0x164b,0x1229,0x0e09,0x0e09,0x0e09,0x1229,0x122a,0x122a,0x122a,
	0x122a,0x162a,0x164b,0x1a4b,0x1a4b,0x1a4b,0x122a,0x0de8,0x0de8,0x1209,0x164b,0x1a6c,0x164b,0x0e09,0x09e8,0x09e8,
	0x09e8,0x09c8,0x09c7,0x120a,0x122a,0x122a,0x162a,0x162a,0x162a,0x164b,0x1a4b,0x164b,0x122a,0x164b,0x1a6c,0x164b,
	0x122a,0x0e2a,0x122a,0x164b,0x166c,0x166c,0x122a,0x09e8,0x09e8,0x122a,0x164b,0x166c,0x166c,0x164c,0x164b,0x164b,
	0x164b,0x164b,0x164b,0x164b,0x164b,0x0e09,0x09e8,0x122a,0x1a6c,0x1a6c,0x1a6c,0x164b,0x1209,0x09e8,0x162a,0x1a6c,
	0x1a6c,0x1a6c,0x1a6c,0x1a6c,0x1a6b,0x164b,0x164b,0x0e09,0x09e8,0x0e09,0x164b,0x166c,0x166c,0x164b,0x164b,0x1a6c,
	0x1a6c,0x164b,0x164b,0x166c,0x1a6c,0x166c,0x166b,0x166c,0x166c,0x166b,0x164b,0x164b,0x164b,0x164b,0x164b,0x164b,
	0x122a,0x0e09,0x0e09,0x0e09,0x122a,0x0e09,0x09e8,0x09c7,0x0e09,0x164b,0x1a6c,0x1a6c,0x1a4b,0x1a4b,0x1a6b,0x1a6c,
	0x164b,0x122a,0x0de8,0x09c8,0x122a,0x164b,0x164b,0x0e09,0x09e8,0x164b,0x1a6c,0x1a6c,0x164b,0x0e09,0x122a,0x166c,
	0x122a,0x0e29,0x166b,0x1a6c,0x1a6c,0x164b,0x164b,0x1a6c,0x1a6c,0x164b,0x0e09,0x164b,0x1a6c,0x1a6c,0x1a6c,0x1a6c,
	0x1a4b,0x164b,0x0e09,0x122a,0x122a,0x122a,0x164b,0x164b,0x122a,0x0e09,0x122a,0x164b,0x164b,0x164b,0x164b,0x1a6c,
	0x164b,0x164b,0x164b,0x124b,0x122a,0x164b,0x164b,0x0e09,0x0a09,0x0e09,0x0e09,0x122a,0x122a,0x122a,0x0de8,0x09c8,
	0x0e09,0x09e8,0x09e8,0x122a,0x162a,0x09e8,0x09e8,0x0e09,0x1a4b,0x1a6c,0x164b,0x1209,0x09e8,0x0de8,0x162a,0x162b,
	0x09e8,0x09e8,0x0de9,0x164b,0x164b,0x122a,0x0e09,0x122a,0x166c,0x1a6c,0x1a6c,0x122a,0x0e09,0x164b,0x1a6c,0x1a6c,
	0x1a6c,0x164b,0x122a,0x164b,0x166c,0x1a6c,0x122a,0x122a,0x164b,0x1a6c,0x166c,0x124b,0x124b,0x164b,0x164b,0x122a,
	0x0e09,0x09e8,0x09c7,0x0de8,0x1209,0x164b,0x164b,0x164b,0x0de8,0x09c7,0x09e8,0x122a,0x164b,0x1a4b,0x1a4b,0x1a4b,
	0x1a4b,0x1a4b,0x164b,0x162a,0x162a,0x1209,0x0de8,0x0de8,0x120a,0x164b,0x1a6c,0x166c,0x164b,0x164b,0x164b,0x164b,
	0x164b,0x122a,0x0de8,0x0e09,0x122a,0x122a,0x0de9,0x09c8,0x09c8,0x1209,0x164b,0x166c,0x122a,0x164b,0x1a6c,0x1a6c,
	0x164b,0x164b,0x166c,0x166c,0x166c,0x166b,0x164b,0x122a,0x122a,0x164b,0x164b,0x164b,0x166c,0x164b,0x166b,0x166c,
	0x1a6c,0x164b,0x0e09,0x09e8,0x09e8,0x09c8,0x09c7,0x09e8,0x162a,0x1a4b,0x1a4b,0x164b,0x122a,0x0e09,0x162b,0x164b,
	0x122a,0x1209,0x162a,0x1a6b,0x1a6c,0x1a6c,0x1a6c,0x164b,0x164b,0x164b,0x164b,0x166c,0x166c,0x166c,0x166c,0x166c,
	0x122a,0x122a,0x164b,0x1a6c,0x1a6c,0x166c,0x166b,0x166b,0x166b,0x166b,0x124b,0x0e09,0x0a09,0x0e2a,0x164b,0x166c,
	0x164b,0x122a,0x09e8,0x09e8,0x0de8,0x0e09,0x09e8,0x09c7,0x0e09,0x164b,0x1a6c,0x1a6c,0x1a6c,0x1a6c,0x1a6c,0x1a6c,
	0x166c,0x122a,0x0de8,0x09e8,0x122a,0x164b,0x1a4b,0x124b,0x122a,0x166c,0x1a6c,0x1a6c,0x164b,0x09e8,0x0de9,0x0e09,
	0x0e09,0x0e09,0x122a,0x166b,0x166c,0x1a6c,0x1a6c,0x1a6c,0x166c,0x164b,0x122a,0x164b,0x166c,0x1a6c,0x1a6b,0x164b,
	0x164b,0x122a,0x0e09,0x122a,0x122a,0x122a,0x164b,0x1a6c,0x164b,0x0e09,0x122a,0x164b,0x164b,0x164b,0x164b,0x164b,
	0x164b,0x164b,0x164b,0x164b,0x122a,0x122a,0x122a,0x09e8,0x0e09,0x122a,0x122a,0x122a,0x122a,0x122a,0x0de8,0x09c7
};

