/*
 * Exported with nin10kit v1.8
 * Invocation command was nin10kit --mode=3 --resize=240x160 win win.png 
 * Time-stamp: Monday 04/07/2025, 01:27:37
 * 
 * Image Information
 * -----------------
 * win.png 240@160
 * 
 * All bug reports / feature requests are to be filed here https://github.com/TricksterGuy/nin10kit/issues
 */

#include "win.h"

const unsigned short win[38400] =
{
	0x7fff,0x7fff,0x7fff,0x7fff,0x7fff,0x7fff,0x7fff,0x7fff,0x7fff,0x7fff,0x7fff,0x7fff,0x7fff,0x7fff,0x7fff,0x7fff,
	0x7fff,0x7fff,0x7fff,0x7fff,0x7fff,0x7fff,0x7fff,0x7fff,0x7fff,0x7fff,0x7fff,0x7fff,0x7fff,0x7fff,0x7fff,0x7fff,
	0x7fff,0x7fff,0x7fff,0x7fff,0x7fff,0x7fff,0x7fff,0x7fff,0x7fff,0x7fff,0x7fff,0x7fff,0x7fff,0x7fff,0x7fff,0x7fff,
	0x7fff,0x7fff,0x7fff,0x7fff,0x7fff,0x7fff,0x7fff,0x7fff,0x7fff,0x7fff,0x7fff,0x7fff,0x7fff,0x7fff,0x7fff,0x7fff,
	0x7fff,0x7fff,0x7fff,0x7fff,0x7fff,0x7fff,0x7fff,0x7fff,0x7fff,0x7fff,0x7fff,0x7fff,0x7fff,0x7fff,0x7fff,0x7fff,
	0x7fff,0x7fff,0x7fff,0x7fff,0x7fff,0x7fff,0x7fff,0x7fff,0x7fff,0x7fff,0x7fff,0x7fff,0x7fff,0x7fff,0x7fff,0x7fff,
	0x7fff,0x7fff,0x7fff,0x7fff,0x7fff,0x7fff,0x7fff,0x7fff,0x7fff,0x7fff,0x7fff,0x7fff,0x7fff,0x7fff,0x7fff,0x7fff,
	0x7fff,0x7fff,0x7fff,0x7fff,0x7fff,0x7fff,0x7fff,0x7fff,0x7fff,0x6fbd,0x5b5a,0x573a,0x67be,0x7bff,0x7fff,0x7fff,
	0x7fff,0x7fff,0x7fff,0x7fff,0x7fff,0x7fff,0x7fff,0x7fff,0x7fff,0x7fff,0x7fff,0x7fff,0x7fff,0x7fff,0x7fff,0x7fff,
	0x7fff,0x7fff,0x7fff,0x7fff,0x7fff,0x7fff,0x7fff,0x7fff,0x7fff,0x7fff,0x7fff,0x7fff,0x7fff,0x7fff,0x7fff,0x7fff,
	0x7fff,0x7fff,0x7fff,0x7fff,0x7fff,0x7fff,0x7fff,0x7fff,0x7fff,0x7fff,0x7fff,0x7fff,0x7fff,0x7fff,0x7fff,0x7fff,
	0x7fff,0x7fff,0x7fff,0x7fff,0x7fff,0x7fff,0x7fff,0x7fff,0x7fff,0x7fff,0x7fff,0x7fff,0x7fff,0x7fff,0x7fff,0x7fff,
	0x7fff,0x7fff,0x7fff,0x7fff,0x7fff,0x7fff,0x7fff,0x7fff,0x7fff,0x7fff,0x7fff,0x7fff,0x7fff,0x7fff,0x7fff,0x7fff,
	0x7fff,0x7fff,0x7fff,0x7fff,0x7fff,0x7fff,0x7fff,0x7fff,0x7fff,0x7fff,0x7fff,0x7fff,0x7fff,0x7fff,0x7fff,0x7fff,
	0x7fff,0x7fff,0x7fff,0x7fff,0x7fff,0x7fff,0x7fff,0x7fff,0x7fff,0x7fff,0x7fff,0x7fff,0x7fff,0x7fff,0x7fff,0x7fff,
	0x7fff,0x7fff,0x7fff,0x7fff,0x7fff,0x7fff,0x7fff,0x7fff,0x7fff,0x7fff,0x7fff,0x7fff,0x7fff,0x7fff,0x7fff,0x7fff,
	0x7fff,0x7fff,0x7fff,0x7fff,0x7fff,0x7fff,0x7fff,0x7fff,0x7fff,0x7fff,0x7fff,0x7fff,0x7fff,0x7fff,0x7fff,0x7fff,
	0x7fff,0x7fff,0x7fff,0x7fff,0x7fff,0x7fff,0x7fff,0x7fff,0x7fff,0x7fff,0x7fff,0x7fff,0x7fff,0x7fff,0x7fff,0x7fff,
	0x7fff,0x7fff,0x7fff,0x7fff,0x7fff,0x7fff,0x7fff,0x7fff,0x7fff,0x7fff,0x7fff,0x7fff,0x7fff,0x7fff,0x7fff,0x7fff,
	0x7fff,0x7fff,0x7fff,0x7fff,0x7fff,0x7fff,0x7fff,0x7fff,0x7fff,0x7fff,0x7fff,0x7fff,0x7fff,0x7fff,0x7fff,0x7fff,
	0x7fff,0x7fff,0x7fff,0x7fff,0x7fff,0x7fff,0x7fff,0x7fff,0x7fff,0x7fff,0x7fff,0x7fff,0x7fff,0x7fff,0x7fff,0x7fff,
	0x7fff,0x7fff,0x7fff,0x7fff,0x7fff,0x7fff,0x7fff,0x7fff,0x7fff,0x7fff,0x7fff,0x7fff,0x7fff,0x7fff,0x7fff,0x7fff,
	0x7bff,0x7fff,0x7fff,0x7fff,0x7fff,0x7bff,0x7bff,0x6fbd,0x4f19,0x2a12,0x158f,0x158f,0x2a13,0x533a,0x679d,0x77ff,
	0x7fff,0x7fff,0x7fff,0x7fff,0x7fff,0x7fff,0x7fff,0x7fff,0x7fff,0x7fff,0x7fff,0x7fff,0x7fff,0x7fff,0x7fff,0x7fff,
	0x7fff,0x7fff,0x7fff,0x7fff,0x7fff,0x7fff,0x7fff,0x7fff,0x7fff,0x7fff,0x7fff,0x7fff,0x7fff,0x7fff,0x7fff,0x7fff,
	0x7fff,0x7fff,0x7fff,0x7fff,0x7fff,0x7fff,0x7fff,0x7fff,0x7fff,0x7fff,0x7fff,0x7fff,0x7fff,0x7fff,0x7fff,0x7fff,
	0x7fff,0x7fff,0x7fff,0x7fff,0x7fff,0x7fff,0x7fff,0x7fff,0x7fff,0x7fff,0x7fff,0x7fff,0x7fff,0x7fff,0x7fff,0x7fff,
	0x7fff,0x7fff,0x7fff,0x7fff,0x7fff,0x7fff,0x7fff,0x7fff,0x7fff,0x7fff,0x7fff,0x7fff,0x7fff,0x7fff,0x7fff,0x7fff,
	0x7fff,0x7fff,0x7fff,0x7fff,0x7fff,0x7fff,0x7fff,0x7fff,0x7fff,0x7fff,0x7fff,0x7fff,0x7fff,0x7fff,0x7fff,0x7fff,
	0x7fff,0x7fff,0x7fff,0x7fff,0x7fff,0x7fff,0x7fff,0x7fff,0x7fff,0x7fff,0x7fff,0x7fff,0x7fff,0x7fff,0x7fff,0x7fff,
	0x7fff,0x7fff,0x7fff,0x7fff,0x7fff,0x7fff,0x7fff,0x7fff,0x7fff,0x7fff,0x7fff,0x7fff,0x7fff,0x7fff,0x7fff,0x7fff,
	0x7fff,0x7fff,0x7fff,0x7fff,0x7fff,0x7fff,0x7fff,0x7fff,0x7fff,0x7fff,0x7fff,0x7fff,0x7fff,0x7fff,0x7fff,0x7fff,
	0x7fff,0x7fff,0x7fff,0x7fff,0x7fff,0x7fff,0x7fff,0x7fff,0x7fff,0x7fff,0x7fff,0x7fff,0x7fff,0x7fff,0x7fff,0x7fff,
	0x7fff,0x7fff,0x7fff,0x7fff,0x7fff,0x7fff,0x7fff,0x7fff,0x7fff,0x7fff,0x7fff,0x7fff,0x7fff,0x7fff,0x7fff,0x7fff,
	0x7fff,0x7fff,0x7fff,0x7fff,0x7fff,0x7fff,0x7fff,0x7fff,0x7fff,0x7fff,0x7fff,0x7fff,0x7fff,0x7fff,0x7fff,0x7fff,
	0x7fff,0x7fff,0x7fff,0x7fff,0x7fff,0x7fff,0x7fff,0x7fff,0x7fff,0x7fff,0x7fff,0x7fff,0x7fff,0x7fff,0x7fff,0x7fff,
	0x7fff,0x7fff,0x7fff,0x7fff,0x7fff,0x7fff,0x7fff,0x7fff,0x7fff,0x7fff,0x7fff,0x7fff,0x7fff,0x7fff,0x7fff,0x7fff,
	0x7fff,0x7fff,0x7fff,0x7fff,0x7bff,0x6fdf,0x533c,0x21f3,0x114d,0x0d0b,0x0d0c,0x0d2d,0x15b0,0x2e76,0x3ab7,0x531a,
	0x6fbe,0x7fff,0x7fff,0x7fff,0x7fff,0x7fff,0x7fff,0x7fff,0x7fff,0x7fff,0x7fff,0x7fff,0x7fff,0x7fff,0x7fff,0x7fff,
	0x7fff,0x7fff,0x7fff,0x7fff,0x7fff,0x7fff,0x7fff,0x7fff,0x7fff,0x7fff,0x7fff,0x7fff,0x7fff,0x7fff,0x7fff,0x7fff,
	0x7fff,0x7fff,0x7fff,0x7fff,0x7fff,0x7fff,0x7fff,0x7fff,0x7fff,0x7fff,0x7fff,0x7fff,0x7fff,0x7fff,0x7fff,0x7fff,
	0x7fff,0x7fff,0x7fff,0x7fff,0x7fff,0x7fff,0x7fff,0x7fff,0x7fff,0x7fff,0x7fff,0x7fff,0x7fff,0x7fff,0x7fff,0x7fff,
	0x7fff,0x7fff,0x7fff,0x7fff,0x7fff,0x7fff,0x7fff,0x7fff,0x7fff,0x7fff,0x7fff,0x7fff,0x7fff,0x7fff,0x7fff,0x7fff,
	0x7fff,0x7fff,0x7fff,0x7fff,0x7fff,0x7fff,0x7fff,0x7fff,0x7fff,0x7fff,0x7fff,0x7fff,0x7fff,0x7fff,0x7fff,0x7fff,
	0x7fff,0x7fff,0x7fff,0x7fff,0x7fff,0x7fff,0x7fff,0x7fff,0x7fff,0x7fff,0x7fff,0x7fff,0x7fff,0x7fff,0x7fff,0x7fff,
	0x7fff,0x7fff,0x7fff,0x7fff,0x7fff,0x7fff,0x7fff,0x7fff,0x7fff,0x7fff,0x7fff,0x7fff,0x7fff,0x7fff,0x7fff,0x7fff,
	0x7fff,0x7fff,0x7fff,0x7fff,0x7fff,0x7fff,0x7fff,0x7fff,0x7fff,0x7fff,0x7fff,0x7fff,0x7fff,0x7fff,0x7fff,0x7fff,
	0x7fff,0x7fff,0x7fff,0x7fff,0x7fff,0x7fff,0x7fff,0x7fff,0x7fff,0x7fff,0x7fff,0x7fff,0x7fff,0x7fff,0x7fff,0x7fff,
	0x7fff,0x7fff,0x7fff,0x7fff,0x7fff,0x7fff,0x7fff,0x7fff,0x7fff,0x7fff,0x7fff,0x7fff,0x7fff,0x7fff,0x7fff,0x7fff,
	0x7fff,0x7fff,0x7fff,0x7fff,0x7fff,0x7fff,0x7fff,0x7fff,0x7fff,0x7fff,0x7fff,0x7fff,0x7fff,0x7fff,0x7fff,0x7fff,
	0x7fff,0x7fff,0x7fff,0x7fff,0x7fff,0x7fff,0x7fff,0x7fff,0x7fff,0x7fff,0x7fff,0x7fff,0x7fff,0x7fff,0x7fff,0x7fff,
	0x7fff,0x7fff,0x7fff,0x7fff,0x7fff,0x7fff,0x7fff,0x7fff,0x7fff,0x7fff,0x7fff,0x7fff,0x7fff,0x7fff,0x7fff,0x7fff,
	0x7fff,0x7fff,0x7fff,0x7bff,0x6bbe,0x431c,0x1e56,0x11b3,0x0d2c,0x0ce8,0x0d2a,0x2634,0x3b1b,0x437c,0x433a,0x32d8,
	0x36da,0x6bbe,0x7fff,0x7fff,0x7ffe,0x7bff,0x7fff,0x7fff,0x7fff,0x7fff,0x7fff,0x7fff,0x7fff,0x7fff,0x7fff,0x7fff,
	0x7fff,0x7fff,0x7fff,0x7fff,0x7fff,0x7fff,0x7fff,0x7fff,0x7fff,0x7fff,0x7fff,0x7fff,0x7fff,0x7fff,0x7fff,0x7fff,
	0x7fff,0x7fff,0x7fff,0x7fff,0x7fff,0x7fff,0x7fff,0x7fff,0x7fff,0x7fff,0x7fff,0x7fff,0x7fff,0x7fff,0x7fff,0x7fff,
	0x7fff,0x7fff,0x7fff,0x7fff,0x7fff,0x7fff,0x7fff,0x7fff,0x7fff,0x7fff,0x7fff,0x7fff,0x7fff,0x7fff,0x7fff,0x7fff,
	0x7fff,0x7fff,0x7fff,0x7fff,0x7fff,0x7fff,0x7fff,0x7fff,0x7fff,0x7fff,0x7fff,0x7fff,0x7fff,0x7fff,0x7fff,0x7fff,
	0x7fff,0x7fff,0x7fff,0x7fff,0x7fff,0x7fff,0x7fff,0x7fff,0x7fff,0x7fff,0x7fff,0x7fff,0x7fff,0x7fff,0x7fff,0x7fff,
	0x7fff,0x7fff,0x7fff,0x7fff,0x7fff,0x7fff,0x7fff,0x7fff,0x7fff,0x7fff,0x7fff,0x7fff,0x7fff,0x7fff,0x7fff,0x7fff,
	0x7fff,0x7fff,0x7fff,0x7fff,0x7fff,0x7fff,0x7fff,0x7fff,0x7fff,0x7fff,0x7fff,0x7fff,0x7fff,0x7fff,0x7fff,0x7fff,
	0x7fff,0x7fff,0x7fff,0x7fff,0x7fff,0x7fff,0x7fff,0x7fff,0x7fff,0x7fff,0x7fff,0x7fff,0x7fff,0x7fff,0x7fff,0x7fff,
	0x7fff,0x7fff,0x7fff,0x7fff,0x7fff,0x7fff,0x7fff,0x7fff,0x7fff,0x7fff,0x7fff,0x7fff,0x7fff,0x7fff,0x7fff,0x7fff,
	0x7fff,0x7fff,0x7fff,0x7fff,0x7fff,0x7fff,0x7fff,0x7fff,0x7fff,0x7fff,0x7fff,0x7fff,0x7fff,0x7fff,0x7fff,0x7fff,
	0x7fff,0x7fff,0x7fff,0x7fff,0x7fff,0x7fff,0x7fff,0x7fff,0x7fff,0x7fff,0x7fff,0x7fff,0x7fff,0x7fff,0x7fff,0x7fff,
	0x7fff,0x7fff,0x7fff,0x7fff,0x7fff,0x7fff,0x7fff,0x7fff,0x7fff,0x7fff,0x7fff,0x7fff,0x7fff,0x7fff,0x7fff,0x7fff,
	0x7fff,0x7fff,0x7fff,0x7fff,0x7fff,0x7fff,0x7fff,0x7fff,0x7fff,0x7fff,0x7fff,0x7fff,0x7fff,0x7fff,0x7fff,0x7fff,
	0x7fff,0x7fff,0x7fff,0x77df,0x533b,0x26b9,0x1a98,0x1e16,0x114e,0x08e8,0x0d09,0x2213,0x3afa,0x539d,0x5bbd,0x435c,
	0x2eda,0x4b1b,0x73bf,0x7fff,0x7bff,0x7bff,0x7fff,0x7fff,0x7fff,0x7fff,0x7fff,0x7fff,0x7fff,0x7fff,0x7fff,0x7fff,
	0x7fff,0x7fff,0x7fff,0x7fff,0x7fff,0x7fff,0x7fff,0x7fff,0x7fff,0x7fff,0x7fff,0x7fff,0x7fff,0x7fff,0x7fff,0x7fff,
	0x7fff,0x7fff,0x7fff,0x7fff,0x7fff,0x7fff,0x7fff,0x7fff,0x7fff,0x7fff,0x7fff,0x7fff,0x7fff,0x7fff,0x7fff,0x7fff,
	0x7fff,0x7fff,0x7fff,0x7fff,0x7fff,0x7fff,0x7fff,0x7fff,0x7fff,0x7fff,0x7fff,0x7fff,0x7fff,0x7fff,0x7fff,0x7fff,
	0x7fff,0x7fff,0x7fff,0x7fff,0x7fff,0x7fff,0x7fff,0x7fff,0x7fff,0x7fff,0x7fff,0x7fff,0x7fff,0x7fff,0x7fff,0x7fff,
	0x7fff,0x7fff,0x7fff,0x7fff,0x7fff,0x7fff,0x7fff,0x7fff,0x7fff,0x7fff,0x7fff,0x7fff,0x7fff,0x7fff,0x7fff,0x7fff,
	0x7fff,0x7fff,0x7fff,0x7fff,0x7fff,0x7fff,0x7fff,0x7fff,0x7fff,0x7fff,0x7fff,0x7fff,0x7fff,0x7fff,0x7fff,0x7fff,
	0x7fff,0x7fff,0x7fff,0x7fff,0x7fff,0x7fff,0x7fff,0x7fff,0x7fff,0x7fff,0x7fff,0x7fff,0x7fff,0x7fff,0x7fff,0x7fff,
	0x7fff,0x7fff,0x7fff,0x7fff,0x7fff,0x7fff,0x7fff,0x7fff,0x7fff,0x7fff,0x7fff,0x7fff,0x7fff,0x7fff,0x7fff,0x7fff,
	0x7fff,0x7fff,0x7fff,0x7fff,0x7fff,0x7fff,0x7fff,0x7fff,0x7fff,0x7fff,0x7fff,0x7fff,0x7fff,0x7fff,0x7fff,0x7fff,
	0x7fff,0x7fff,0x7fff,0x7fff,0x7fff,0x7fff,0x7fff,0x7fff,0x7fff,0x7fff,0x7fff,0x7fff,0x7fff,0x7fff,0x7fff,0x7fff,
	0x7fff,0x7fff,0x7fff,0x7fff,0x7fff,0x7fff,0x7fff,0x7fff,0x7fff,0x7fff,0x7fff,0x7fff,0x7fff,0x7fff,0x7fff,0x7fff,
	0x7fff,0x7fff,0x7fff,0x7fff,0x7fff,0x7fff,0x7fff,0x7fff,0x7fff,0x7fff,0x7fff,0x7fff,0x7fff,0x7fff,0x7fff,0x7fff,
	0x7fff,0x7fff,0x7fff,0x7fff,0x7fff,0x7fff,0x7fff,0x7fff,0x7fff,0x7fff,0x7fff,0x7fff,0x7fff,0x7fff,0x7fff,0x7fff,
	0x7fff,0x7fff,0x7fff,0x6fdf,0x3afa,0x22db,0x1236,0x22ba,0x2299,0x11d1,0x19f2,0x2a97,0x3b1b,0x4f7c,0x539c,0x437d,
	0x2efb,0x471b,0x6bbf,0x7bff,0x7fff,0x7fff,0x7fff,0x7fff,0x7bff,0x7fff,0x7fff,0x7fff,0x7fff,0x7fff,0x7fff,0x7fff,
	0x7fff,0x7fff,0x7fff,0x7fff,0x7fff,0x7fff,0x7fff,0x7fff,0x7fff,0x7fff,0x7fff,0x7fff,0x7fff,0x7fff,0x7fff,0x7fff,
	0x7fff,0x7fff,0x7fff,0x7fff,0x7fff,0x7fff,0x7fff,0x7fff,0x7fff,0x7fff,0x7fff,0x7fff,0x7fff,0x7fff,0x7fff,0x7fff,
	0x7fff,0x7fff,0x7fff,0x7fff,0x7fff,0x7fff,0x7fff,0x7fff,0x7fff,0x7fff,0x7fff,0x7fff,0x7fff,0x7fff,0x7fff,0x7fff,
	0x7fff,0x7fff,0x7fff,0x7fff,0x7fff,0x7fff,0x7fff,0x7fff,0x7fff,0x7fff,0x7fff,0x7fff,0x7fff,0x7fff,0x7fff,0x7fff,
	0x7fff,0x7fff,0x7fff,0x7fff,0x7fff,0x7fff,0x7fff,0x7fff,0x7fff,0x7fff,0x7fff,0x7fff,0x7fff,0x7fff,0x7fff,0x7fff,
	0x7fff,0x7fff,0x7fff,0x7fff,0x7fff,0x7fff,0x7fff,0x7fff,0x7fff,0x7fff,0x7fff,0x7fff,0x7fff,0x7fff,0x7fff,0x7fff,
	0x7fff,0x7fff,0x7fff,0x7fff,0x7fff,0x7fff,0x7fff,0x7fff,0x7fff,0x7fff,0x7fff,0x7fff,0x7fff,0x7fff,0x7fff,0x7fff,
	0x7fff,0x7fff,0x7fff,0x7fff,0x7fff,0x7fff,0x7fff,0x7fff,0x7fff,0x7fff,0x7fff,0x7fff,0x7fff,0x7fff,0x7fff,0x7fff,
	0x7fff,0x7fff,0x7fff,0x7fff,0x7fff,0x7fff,0x7fff,0x7fff,0x7fff,0x7fff,0x7fff,0x7fff,0x7fff,0x7fff,0x7fff,0x7fff,
	0x7fff,0x7fff,0x7fff,0x7fff,0x7fff,0x7fff,0x7fff,0x7fff,0x7fff,0x7fff,0x7fff,0x7fff,0x7fff,0x7fff,0x7fff,0x7fff,
	0x7fff,0x7fff,0x7fff,0x7fff,0x7fff,0x7fff,0x7fff,0x7fff,0x7fff,0x7fff,0x7fff,0x7fff,0x7fff,0x7fff,0x7fff,0x7fff,
	0x7fff,0x7fff,0x7fff,0x7fff,0x7fff,0x7fff,0x7fff,0x7fff,0x7fff,0x7fff,0x7fff,0x7fff,0x7fff,0x7fff,0x7fff,0x7fff,
	0x7fff,0x7fff,0x7fff,0x7fff,0x7fff,0x7fff,0x7fff,0x7fff,0x7fff,0x7fff,0x7fff,0x7fff,0x7fff,0x7fff,0x7fff,0x7fff,
	0x7bfe,0x77ff,0x7bff,0x7bdf,0x535c,0x2277,0x1215,0x1e58,0x1a37,0x0d91,0x0d4e,0x2235,0x2698,0x2677,0x3afa,0x433c,
	0x3afb,0x5f7d,0x73df,0x7fff,0x7fff,0x7fff,0x7fff,0x7fff,0x7bff,0x7fff,0x7fff,0x7fff,0x7fff,0x7fff,0x7fff,0x7fff,
	0x7fff,0x7fff,0x7fff,0x7fff,0x7fff,0x7fff,0x7fff,0x7fff,0x7fff,0x7fff,0x7fff,0x7fff,0x7fff,0x7fff,0x7fff,0x7fff,
	0x7fff,0x7fff,0x7fff,0x7fff,0x7fff,0x7fff,0x7fff,0x7fff,0x7fff,0x7fff,0x7fff,0x7fff,0x7fff,0x7fff,0x7fff,0x7fff,
	0x7fff,0x7fff,0x7fff,0x7fff,0x7fff,0x7fff,0x7fff,0x7fff,0x7fff,0x7fff,0x7fff,0x7fff,0x7fff,0x7fff,0x7fff,0x7fff,
	0x7fff,0x7fff,0x7fff,0x7fff,0x7fff,0x7fff,0x7fff,0x7fff,0x7fff,0x7fff,0x7fff,0x7fff,0x7fff,0x7fff,0x7fff,0x7fff,
	0x7fff,0x7fff,0x7fff,0x7fff,0x7fff,0x7fff,0x7fff,0x7fff,0x7fff,0x7fff,0x7fff,0x7fff,0x7fff,0x7fff,0x7fff,0x7fff,
	0x7fff,0x7fff,0x7fff,0x7fff,0x7fff,0x7fff,0x7fff,0x7fff,0x7fff,0x7fff,0x7fff,0x7fff,0x7fff,0x7fff,0x7fff,0x7fff,
	0x7fff,0x7fff,0x7fff,0x7fff,0x7fff,0x7fff,0x7fff,0x7fff,0x7fff,0x7fff,0x7fff,0x7fff,0x7fff,0x7fff,0x7fff,0x7fff,
	0x7fff,0x7fff,0x7fff,0x7fff,0x7fff,0x7fff,0x7fff,0x7fff,0x7fff,0x7fff,0x7fff,0x7fff,0x7fff,0x7fff,0x7fff,0x7fff,
	0x7fff,0x7fff,0x7fff,0x7fff,0x7fff,0x7fff,0x7fff,0x7fff,0x7fff,0x7fff,0x7fff,0x7fff,0x7fff,0x7fff,0x7fff,0x7fff,
	0x7fff,0x7fff,0x7fff,0x7fff,0x7fff,0x7fff,0x7fff,0x7fff,0x7fff,0x7fff,0x7fff,0x7fff,0x7fff,0x7fff,0x7fff,0x7fff,
	0x7fff,0x7fff,0x7fff,0x7fff,0x7fff,0x7fff,0x7fff,0x7fff,0x7fff,0x7fff,0x7fff,0x7fff,0x7fff,0x7fff,0x7fff,0x7fff,
	0x7fff,0x7fff,0x7fff,0x7fff,0x7fff,0x7fff,0x7fff,0x7fff,0x7fff,0x7fff,0x7fff,0x7fff,0x7fff,0x7fff,0x7fff,0x7fff,
	0x7fff,0x7fff,0x7fff,0x7fff,0x7fff,0x7fff,0x7fff,0x7fff,0x7fff,0x7fff,0x7fff,0x7fff,0x7fff,0x7fff,0x7fff,0x7fff,
	0x7fff,0x7fff,0x7bff,0x7fff,0x77de,0x56f8,0x4296,0x4af9,0x2a98,0x15d3,0x0d2e,0x1e15,0x2ada,0x32db,0x4f3c,0x6fde,
	0x77fe,0x7bff,0x7fff,0x7fff,0x7fff,0x7fff,0x7fff,0x7fff,0x7fff,0x7fff,0x7fff,0x7fff,0x7fff,0x7fff,0x7fff,0x7fff,
	0x7fff,0x7fff,0x7fff,0x7fff,0x7fff,0x7fff,0x7fff,0x7fff,0x7fff,0x7fff,0x7fff,0x7fff,0x7fff,0x7fff,0x7fff,0x7fff,
	0x7fff,0x7fff,0x7fff,0x7fff,0x7fff,0x7fff,0x7fff,0x7fff,0x7fff,0x7fff,0x7fff,0x7fff,0x7fff,0x7fff,0x7fff,0x7fff,
	0x7fff,0x7fff,0x7fff,0x7fff,0x7fff,0x7fff,0x7fff,0x7fff,0x7fff,0x7fff,0x7fff,0x7fff,0x7fff,0x7fff,0x7fff,0x7fff,
	0x7fff,0x7fff,0x7fff,0x7fff,0x7fff,0x7fff,0x7fff,0x7fff,0x7fff,0x7fff,0x7fff,0x7fff,0x7fff,0x7fff,0x7fff,0x7fff,
	0x7fff,0x7fff,0x7fff,0x7fff,0x7fff,0x7fff,0x7fff,0x7fff,0x7fff,0x7fff,0x7fff,0x7fff,0x7fff,0x7fff,0x7fff,0x7fff,
	0x7fff,0x7fff,0x7fff,0x7fff,0x7fff,0x7fff,0x7fff,0x7fff,0x7fff,0x7fff,0x7fff,0x7fff,0x7fff,0x7fff,0x7fff,0x7fff,
	0x7fff,0x7fff,0x7fff,0x7fff,0x7fff,0x7fff,0x7fff,0x7fff,0x7fff,0x7fff,0x7fff,0x7fff,0x7fff,0x7fff,0x7fff,0x7fff,
	0x7fff,0x7fff,0x7fff,0x7fff,0x7fff,0x7fff,0x7fff,0x7fff,0x7fff,0x7fff,0x7fff,0x7fff,0x7fff,0x7fff,0x7fff,0x7fff,
	0x7fff,0x7fff,0x7fff,0x7fff,0x7fff,0x7fff,0x7fff,0x7fff,0x7fff,0x7fff,0x7fff,0x7fff,0x7fff,0x7fff,0x7fff,0x7fff,
	0x7fff,0x7fff,0x7fff,0x7fff,0x7fff,0x7fff,0x7fff,0x7fff,0x7fff,0x7fff,0x7fff,0x7fff,0x7fff,0x7fff,0x7fff,0x7fff,
	0x7fff,0x7fff,0x7fff,0x7fff,0x7fff,0x7fff,0x7fff,0x7fff,0x7fff,0x7fff,0x7fff,0x7fff,0x7fff,0x7fff,0x7fff,0x7fff,
	0x7fff,0x7fff,0x7fff,0x7fff,0x7fff,0x7fff,0x7fff,0x7fff,0x7fff,0x7fff,0x7fff,0x7fff,0x7fff,0x7fff,0x7fff,0x7fff,
	0x7fff,0x7fff,0x7fff,0x7fff,0x7fff,0x7fff,0x7fff,0x7fff,0x7fff,0x7fff,0x7fff,0x7fff,0x7fff,0x7fff,0x7fff,0x7fff,
	0x7fff,0x7fff,0x7fff,0x7bff,0x7fff,0x7fdf,0x5f5c,0x36d8,0x1e56,0x11b2,0x0d4e,0x2676,0x3b5d,0x437d,0x535d,0x67be,
	0x73ff,0x7fff,0x7fff,0x7fff,0x7fff,0x7fff,0x7fff,0x7fff,0x7fff,0x7fff,0x7fff,0x7fff,0x7fff,0x7fff,0x7fff,0x7fff,
	0x7fff,0x7fff,0x7fff,0x7fff,0x7fff,0x7fff,0x7fff,0x7fff,0x7fff,0x7fff,0x7fff,0x7fff,0x7fff,0x7fff,0x7fff,0x7fff,
	0x7fff,0x7fff,0x7fff,0x7fff,0x7fff,0x7fff,0x7fff,0x7fff,0x7fff,0x7fff,0x7fff,0x7fff,0x7fff,0x7fff,0x7fff,0x7fff,
	0x7fff,0x7fff,0x7fff,0x7fff,0x7fff,0x7fff,0x7fff,0x7fff,0x7fff,0x7fff,0x7fff,0x7fff,0x7fff,0x7fff,0x7fff,0x7fff,
	0x7fff,0x7fff,0x7fff,0x7fff,0x7fff,0x7fff,0x7fff,0x7fff,0x7fff,0x7fff,0x7fff,0x7fff,0x7fff,0x7fff,0x7fff,0x7fff,
	0x7fff,0x7fff,0x7fff,0x7fff,0x7fff,0x7fff,0x7fff,0x7fff,0x7fff,0x7fff,0x7fff,0x7fff,0x7fff,0x7fff,0x7fff,0x7fff,
	0x7fff,0x7fff,0x7fff,0x7fff,0x7fff,0x7fff,0x7fff,0x7fff,0x7fff,0x7fff,0x7fff,0x7fff,0x7fff,0x7fff,0x7fff,0x7fff,
	0x7fff,0x7fff,0x7fff,0x7fff,0x7fff,0x7fff,0x7fff,0x7fff,0x7fff,0x7fff,0x7fff,0x7fff,0x7fff,0x7fff,0x7fff,0x7fff,
	0x7fff,0x7fff,0x7fff,0x7fff,0x7fff,0x7fff,0x7fff,0x7fff,0x7fff,0x7fff,0x7fff,0x7fff,0x7fff,0x7fff,0x7fff,0x7fff,
	0x7fff,0x7fff,0x7fff,0x7fff,0x7fff,0x7fff,0x7fff,0x7fff,0x7fff,0x7fff,0x7fff,0x7fff,0x7fff,0x7fff,0x7fff,0x7fff,
	0x7fff,0x7fff,0x7fff,0x7fff,0x7fff,0x7fff,0x7fff,0x7fff,0x7fff,0x7fff,0x7fff,0x7fff,0x7fff,0x7fff,0x7fff,0x7fff,
	0x7fff,0x7fff,0x7fff,0x7fff,0x7fff,0x7fff,0x7fff,0x7fff,0x7fff,0x7fff,0x7fff,0x7fff,0x7fff,0x7fff,0x7fff,0x7fff,
	0x7fff,0x7fff,0x7fff,0x7fff,0x7fff,0x7fff,0x7fff,0x7fff,0x7fff,0x7fff,0x7fff,0x7fff,0x7fff,0x7fff,0x7fff,0x7fff,
	0x7fff,0x7fff,0x7fff,0x7fff,0x7fff,0x7fff,0x7fff,0x7fff,0x7fff,0x7fff,0x7fff,0x7fff,0x7fff,0x7fff,0x7fff,0x7fff,
	0x77df,0x6fbd,0x677b,0x677b,0x6b7c,0x675c,0x46b9,0x2277,0x1a14,0x1190,0x092d,0x1df2,0x36d9,0x431b,0x3ed9,0x3ab8,
	0x575c,0x6f9c,0x6f9c,0x6b9c,0x6bbd,0x73df,0x7bff,0x7fff,0x7fff,0x7fff,0x7fff,0x7fff,0x7fff,0x7fff,0x7fff,0x7fff,
	0x7fff,0x7fff,0x7fff,0x7fff,0x7fff,0x7fff,0x7fff,0x7fff,0x7fff,0x7fff,0x7fff,0x7fff,0x7fff,0x7fff,0x7fff,0x7fff,
	0x7fff,0x7fff,0x7fff,0x7fff,0x7fff,0x7fff,0x7fff,0x7fff,0x7fff,0x7fff,0x7fff,0x7fff,0x7fff,0x7fff,0x7fff,0x7fff,
	0x7fff,0x7fff,0x7fff,0x7fff,0x7fff,0x7fff,0x7fff,0x7fff,0x7fff,0x7fff,0x7fff,0x7fff,0x7fff,0x7fff,0x7fff,0x7fff,
	0x7fff,0x7fff,0x7fff,0x7fff,0x7fff,0x7fff,0x7fff,0x7fff,0x7fff,0x7fff,0x7fff,0x7fff,0x7fff,0x7fff,0x7fff,0x7fff,
	0x7fff,0x7fff,0x7fff,0x7fff,0x7fff,0x7fff,0x7fff,0x7fff,0x7fff,0x7fff,0x7fff,0x7fff,0x7fff,0x7fff,0x7fff,0x7fff,
	0x7fff,0x7fff,0x7fff,0x7fff,0x7fff,0x7fff,0x7fff,0x7fff,0x7fff,0x7fff,0x7fff,0x7fff,0x7fff,0x7fff,0x7fff,0x7fff,
	0x7fff,0x7fff,0x7fff,0x7fff,0x7fff,0x7fff,0x7fff,0x7fff,0x7fff,0x7fff,0x7fff,0x7fff,0x7fff,0x7fff,0x7fff,0x7fff,
	0x7fff,0x7fff,0x7fff,0x7fff,0x7fff,0x7fff,0x7fff,0x7fff,0x7fff,0x7fff,0x7fff,0x7fff,0x7fff,0x7fff,0x7fff,0x7fff,
	0x7fff,0x7fff,0x7fff,0x7fff,0x7fff,0x7fff,0x7fff,0x7fff,0x7fff,0x7fff,0x7fff,0x7fff,0x7fff,0x7fff,0x7fff,0x7fff,
	0x7fff,0x7fff,0x7fff,0x7fff,0x7fff,0x7fff,0x7fff,0x7fff,0x7fff,0x7fff,0x7fff,0x7fff,0x7fff,0x7fff,0x7fff,0x7fff,
	0x7fff,0x7fff,0x7fff,0x7fff,0x7fff,0x7fff,0x7fff,0x7fff,0x7fff,0x7fff,0x7fff,0x7fff,0x7fff,0x7fff,0x7fff,0x7fff,
	0x7fff,0x7fff,0x7fff,0x7fff,0x7fff,0x7fff,0x7fff,0x7fff,0x7fff,0x7fff,0x7fff,0x7fff,0x7fff,0x7fff,0x7fff,0x7fff,
	0x7fff,0x7fff,0x7fff,0x7fff,0x7fff,0x7fff,0x7fff,0x7fff,0x7fff,0x7fff,0x7fff,0x7fff,0x7fff,0x7fff,0x77df,0x637d,
	0x3ab7,0x21d0,0x1109,0x14e8,0x1909,0x18e9,0x14ea,0x0cc9,0x0cc9,0x0cea,0x0d0a,0x0d2b,0x0d2b,0x090a,0x0d0a,0x112b,
	0x196e,0x29f0,0x216d,0x150a,0x150b,0x3233,0x577c,0x67df,0x7bff,0x7fff,0x7fff,0x7fff,0x7fff,0x7fff,0x7fff,0x7fff,
	0x7fff,0x7fff,0x7fff,0x7fff,0x7fff,0x7fff,0x7fff,0x7fff,0x7fff,0x7fff,0x7fff,0x7fff,0x7fff,0x7fff,0x7fff,0x7fff,
	0x7fff,0x7fff,0x7fff,0x7fff,0x7fff,0x7fff,0x7fff,0x7fff,0x7fff,0x7fff,0x7fff,0x7fff,0x7fff,0x7fff,0x7fff,0x7fff,
	0x7fff,0x7fff,0x7fff,0x7fff,0x7fff,0x7fff,0x7fff,0x7fff,0x7fff,0x7fff,0x7fff,0x7fff,0x7fff,0x7fff,0x7fff,0x7fff,
	0x7fff,0x7fff,0x7fff,0x7fff,0x7fff,0x7fff,0x7fff,0x7fff,0x7fff,0x7fff,0x7fff,0x7fff,0x7fff,0x7fff,0x7fff,0x7fff,
	0x7fff,0x7fff,0x7fff,0x7fff,0x7fff,0x7fff,0x7fff,0x7fff,0x7fff,0x7fff,0x7fff,0x7fff,0x7fff,0x7fff,0x7fff,0x7fff,
	0x7fff,0x7fff,0x7fff,0x7fff,0x7fff,0x7fff,0x7fff,0x7fff,0x7fff,0x7fff,0x7fff,0x7fff,0x7fff,0x7fff,0x7fff,0x7fff,
	0x7fff,0x7fff,0x7fff,0x7fff,0x7fff,0x7fff,0x7fff,0x7fff,0x7fff,0x7fff,0x7fff,0x7fff,0x7fff,0x7fff,0x7fff,0x7fff,
	0x7fff,0x7fff,0x7fff,0x7fff,0x7fff,0x7fff,0x7fff,0x7fff,0x7fff,0x7fff,0x7fff,0x7fff,0x7fff,0x7fff,0x7fff,0x7fff,
	0x7fff,0x7fff,0x7fff,0x7fff,0x7fff,0x7fff,0x7fff,0x7fff,0x7fff,0x7fff,0x7fff,0x7fff,0x7fff,0x7fff,0x7fff,0x7fff,
	0x7fff,0x7fff,0x7fff,0x7fff,0x7fff,0x7fff,0x7fff,0x7fff,0x7fff,0x7fff,0x7fff,0x7fff,0x7fff,0x7fff,0x7fff,0x7fff,
	0x7fff,0x7fff,0x7fff,0x7fff,0x7fff,0x7fff,0x7fff,0x7fff,0x7fff,0x7fff,0x7fff,0x7fff,0x7fff,0x7fff,0x7fff,0x7fff,
	0x7fff,0x7fff,0x7fff,0x7fff,0x7fff,0x7fff,0x7fff,0x7fff,0x7fff,0x7fff,0x7fff,0x7fff,0x7fff,0x7fff,0x7fff,0x7fff,
	0x7fff,0x7fff,0x7fff,0x7fff,0x7fff,0x7fff,0x7fff,0x7fff,0x7fff,0x7fff,0x7fff,0x7fff,0x77df,0x67be,0x533c,0x3eb9,
	0x19b1,0x08eb,0x0cc9,0x10c8,0x0cc8,0x08c7,0x04a8,0x08a8,0x0cc8,0x0cc8,0x0cc8,0x0cc8,0x08c8,0x08c9,0x08c9,0x08ea,
	0x08ea,0x092c,0x0d0c,0x08ca,0x08ca,0x112c,0x42f9,0x5fbe,0x6bdf,0x73ff,0x7bff,0x7bff,0x7bff,0x7fff,0x7fff,0x7fff,
	0x7fff,0x7fff,0x7fff,0x7fff,0x7fff,0x7fff,0x7fff,0x7fff,0x7fff,0x7fff,0x7fff,0x7fff,0x7fff,0x7fff,0x7fff,0x7fff,
	0x7fff,0x7fff,0x7fff,0x7fff,0x7fff,0x7fff,0x7fff,0x7fff,0x7fff,0x7fff,0x7fff,0x7fff,0x7fff,0x7fff,0x7fff,0x7bff,
	0x7bff,0x7bff,0x7bff,0x7bff,0x7bff,0x7bff,0x7bff,0x7fff,0x7fff,0x7fff,0x7fff,0x7fff,0x7fff,0x7fff,0x7fff,0x7fff,
	0x7fff,0x7fff,0x7fff,0x7fff,0x7fff,0x7fff,0x7fff,0x7fff,0x7fff,0x7fff,0x7fff,0x7fff,0x7fff,0x7fff,0x7fff,0x7fff,
	0x7fff,0x7fff,0x7fff,0x7fff,0x7fff,0x7fff,0x7fff,0x7fff,0x7fff,0x7fff,0x7fff,0x7fff,0x7fff,0x7fff,0x7fff,0x7fff,
	0x7fff,0x7fff,0x7fff,0x7fff,0x7fff,0x7fff,0x7fff,0x7fff,0x7fff,0x7fff,0x7fff,0x7fff,0x7fff,0x7fff,0x7fff,0x7fff,
	0x7fff,0x7fff,0x7fff,0x7fff,0x7fff,0x7fff,0x7fff,0x7fff,0x7fff,0x7fff,0x7fff,0x7fff,0x7fff,0x7fff,0x7fff,0x7fff,
	0x7fff,0x7fff,0x7fff,0x7fff,0x7fff,0x7fff,0x7fff,0x7fff,0x7fff,0x7fff,0x7fff,0x7fff,0x7fff,0x7fff,0x7fff,0x7fff,
	0x7fff,0x7fff,0x7fff,0x7fff,0x7fff,0x7fff,0x7fff,0x7fff,0x7fff,0x7fff,0x7fff,0x7fff,0x7fff,0x7fff,0x7fff,0x7fff,
	0x7fff,0x7fff,0x7fff,0x7fff,0x7fff,0x7fff,0x7fff,0x7fff,0x7fff,0x7fff,0x7fff,0x7fff,0x7ffe,0x7bff,0x73be,0x675b,
	0x56f8,0x46b6,0x3e96,0x3e95,0x4696,0x4296,0x4296,0x4ab7,0x5b1a,0x635b,0x73be,0x7fff,0x7fff,0x7fff,0x7fff,0x7fff,
	0x7fff,0x7fff,0x7fff,0x7fff,0x7fff,0x7fff,0x7fff,0x7fff,0x7fff,0x7fff,0x7fff,0x7fff,0x7fff,0x7fff,0x7fff,0x7fff,
	0x7fff,0x7fff,0x7fff,0x7fff,0x7fff,0x7fff,0x7fff,0x7fff,0x7fff,0x7bff,0x73de,0x6bbe,0x63be,0x5fbe,0x5b9e,0x537e,
	0x431b,0x3ab9,0x3eb8,0x42d9,0x3696,0x2e75,0x2a34,0x25d2,0x198f,0x090a,0x08c9,0x0d0b,0x0d2c,0x0d6e,0x19d1,0x25f3,
	0x2e13,0x2a34,0x2a34,0x3675,0x46d8,0x5b5b,0x6bbe,0x6fff,0x6fff,0x73ff,0x73ff,0x73de,0x73de,0x77ff,0x7bff,0x7fff,
	0x7fff,0x7fff,0x7fff,0x7fff,0x7fff,0x7fff,0x7fff,0x7fff,0x7fff,0x7fff,0x7fff,0x7fff,0x7fff,0x7fff,0x7fff,0x7fff,
	0x7fff,0x7fff,0x7fff,0x7fff,0x7fff,0x7fff,0x7fff,0x7fff,0x7fff,0x7fff,0x7bdf,0x6f9d,0x67be,0x6fdf,0x6fdf,0x6bde,
	0x67de,0x67de,0x63de,0x5fde,0x63ff,0x67de,0x67de,0x6fff,0x77ff,0x7fff,0x7fff,0x7fff,0x7fff,0x7fff,0x7fff,0x7fff,
	0x7fff,0x7fff,0x7fff,0x7fff,0x7fff,0x7fff,0x7fff,0x7fff,0x7fff,0x7fff,0x7fff,0x7fff,0x7fff,0x7fff,0x7fff,0x7fff,
	0x7fff,0x7fff,0x7fff,0x7fff,0x7fff,0x7fff,0x7fff,0x7fff,0x7fff,0x7fff,0x7fff,0x7fff,0x7fff,0x7fff,0x7fff,0x7fff,
	0x7fff,0x7fff,0x7fff,0x7fff,0x7fff,0x7fff,0x7fff,0x7fff,0x7fff,0x7fff,0x7fff,0x7fff,0x7fff,0x7fff,0x7fff,0x7fff,
	0x7fff,0x7fff,0x7fff,0x7fff,0x7fff,0x7fff,0x7fff,0x7fff,0x7fff,0x7fff,0x7fff,0x7fff,0x7fff,0x7fff,0x7fff,0x7fff,
	0x7fff,0x7fff,0x7fff,0x7fff,0x7fff,0x7fff,0x7fff,0x7fff,0x7fff,0x7fff,0x7fff,0x7fff,0x7fff,0x7fff,0x7fff,0x7fff,
	0x7fff,0x7fff,0x7fff,0x7fff,0x7fff,0x7fff,0x7fff,0x7fff,0x7fff,0x7fff,0x7fff,0x7fff,0x7fff,0x7fff,0x7fff,0x7fff,
	0x7fff,0x7fff,0x7fff,0x7fff,0x7fff,0x7bff,0x7bff,0x7fff,0x7fff,0x7fff,0x7bff,0x6fde,0x677c,0x3e96,0x2a34,0x21f3,
	0x1df4,0x1614,0x1635,0x1e35,0x2255,0x1e55,0x1e15,0x2636,0x2636,0x1970,0x25b1,0x4276,0x6b7d,0x7bff,0x7fff,0x7fff,
	0x7fff,0x7fff,0x7fff,0x7fff,0x7fff,0x7fff,0x7fff,0x7fff,0x7fff,0x7fff,0x7fff,0x7fff,0x7fff,0x7fff,0x7fff,0x7fff,
	0x7fff,0x7fff,0x7bff,0x77df,0x73be,0x6fbe,0x6bbe,0x6bbe,0x679d,0x639d,0x63be,0x67be,0x6bdf,0x6fff,0x73ff,0x77ff,
	0x77ff,0x73df,0x6bdf,0x63df,0x5bbf,0x539f,0x3efc,0x1df4,0x0d71,0x1151,0x0d0f,0x0971,0x1678,0x235d,0x231b,0x2e77,
	0x5b5e,0x63bf,0x67df,0x6fdf,0x73df,0x77ff,0x7bff,0x7bff,0x7bff,0x77ff,0x6fdf,0x6fdf,0x6fde,0x6bde,0x6bbe,0x6bbe,
	0x6bbe,0x6fde,0x73de,0x77ff,0x7bff,0x7fff,0x7fff,0x7fff,0x7fff,0x7fff,0x7fff,0x7fff,0x7fff,0x7fff,0x7fff,0x7fff,
	0x7fff,0x7fff,0x7fff,0x7fff,0x7fff,0x7fff,0x7fff,0x7fff,0x7bff,0x6b9d,0x5318,0x5b5b,0x67de,0x6bdf,0x6bde,0x6bde,
	0x6fde,0x6fff,0x67de,0x63be,0x5fbe,0x5bbe,0x5bbe,0x5fbe,0x5fdf,0x63de,0x6bff,0x77ff,0x7fff,0x7fff,0x7fff,0x7fff,
	0x7fff,0x7fff,0x7fff,0x7fff,0x7fff,0x7fff,0x7fff,0x7fff,0x7fff,0x7fff,0x7fff,0x7fff,0x7fff,0x7fff,0x7fff,0x7fff,
	0x7fff,0x7fff,0x7fff,0x7fff,0x7fff,0x7fff,0x7fff,0x7fff,0x7fff,0x7fff,0x7fff,0x7fff,0x7fff,0x7fff,0x7fff,0x7fff,
	0x7fff,0x7fff,0x7fff,0x7fff,0x7fff,0x7fff,0x7fff,0x7fff,0x7fff,0x7fff,0x7fff,0x7fff,0x7fff,0x7fff,0x7fff,0x7fff,
	0x7fff,0x7fff,0x7fff,0x7fff,0x7fff,0x7fff,0x7fff,0x7fff,0x7fff,0x7fff,0x7fff,0x7fff,0x7fff,0x7fff,0x7fff,0x7fff,
	0x7fff,0x7fff,0x7fff,0x7fff,0x7fff,0x7fff,0x7fff,0x7fff,0x7fff,0x7fff,0x7fff,0x7fff,0x7fff,0x7fff,0x7fff,0x7fff,
	0x7fff,0x7fff,0x7fff,0x7fff,0x7fff,0x7fff,0x7fff,0x7fff,0x7fff,0x7fff,0x7fff,0x7fff,0x7fff,0x7fff,0x7fff,0x7fff,
	0x7fff,0x7fff,0x7fff,0x7fff,0x7fff,0x7fff,0x7fff,0x7fff,0x7fff,0x73de,0x46f8,0x2a55,0x21f3,0x1614,0x1635,0x2255,
	0x3ab7,0x533b,0x5b5c,0x637c,0x679c,0x679d,0x5b7c,0x42d9,0x2615,0x1df4,0x15d2,0x1190,0x2634,0x637c,0x7fff,0x7fff,
	0x7fff,0x7fff,0x7fff,0x7fff,0x7fff,0x7fff,0x7fff,0x7fff,0x7fff,0x7fff,0x7fff,0x7fff,0x7fff,0x7bff,0x7bff,0x77de,
	0x73de,0x679d,0x5f7d,0x577c,0x4f5c,0x473c,0x473b,0x471a,0x46f9,0x42d8,0x42b6,0x46d6,0x4ef8,0x5719,0x5b19,0x5b19,
	0x56f8,0x52d7,0x52d7,0x4eb6,0x4a95,0x4675,0x3a33,0x2dd1,0x2db1,0x2990,0x214f,0x2170,0x29d3,0x3235,0x3234,0x3212,
	0x3e54,0x4675,0x4a75,0x4e96,0x52b6,0x56b7,0x56f8,0x5af9,0x5b19,0x5b19,0x5b18,0x5f39,0x5f3a,0x5b3a,0x5b5b,0x5b7c,
	0x5f9d,0x5fbe,0x63df,0x63be,0x67be,0x6fbf,0x73df,0x77df,0x77df,0x7bff,0x7fff,0x7fff,0x7fff,0x7fff,0x7fff,0x7fff,
	0x7fff,0x7fff,0x7fff,0x7fff,0x7fff,0x7fff,0x7fff,0x7fff,0x73de,0x5b5a,0x533a,0x67df,0x67df,0x67be,0x6fbe,0x77ff,
	0x7bff,0x7bff,0x7bff,0x7bff,0x73ff,0x5f7c,0x573b,0x5fbe,0x5fff,0x57df,0x5fff,0x6bdf,0x73df,0x7fff,0x7fff,0x7fff,
	0x7fff,0x7fff,0x7fff,0x7fff,0x7fff,0x7fff,0x7fff,0x7fff,0x7fff,0x7fff,0x7fff,0x7fff,0x7fff,0x7fff,0x7fff,0x7fff,
	0x7fff,0x7fff,0x7fff,0x7fff,0x7fff,0x7fff,0x7fff,0x7fff,0x7fff,0x7fff,0x7fff,0x7fff,0x7fff,0x7fff,0x7fff,0x7fff,
	0x7fff,0x7fff,0x7fff,0x7fff,0x7fff,0x7fff,0x7fff,0x7fff,0x7fff,0x7fff,0x7fff,0x7fff,0x7fff,0x7fff,0x7fff,0x7fff,
	0x7fff,0x7fff,0x7fff,0x7fff,0x7fff,0x7fff,0x7fff,0x7fff,0x7fff,0x7fff,0x7fff,0x7fff,0x7fff,0x7fff,0x7fff,0x7fff,
	0x7fff,0x7fff,0x7fff,0x7fff,0x7fff,0x7fff,0x7fff,0x7fff,0x7fff,0x7fff,0x7fff,0x7fff,0x7fff,0x7fff,0x7fff,0x7fff,
	0x7fff,0x7fff,0x7fff,0x7fff,0x7fff,0x7fff,0x7fff,0x7fff,0x7fff,0x7fff,0x7fff,0x7fff,0x7fff,0x7fff,0x7fff,0x7fff,
	0x7fff,0x7fff,0x7fff,0x7fff,0x7fff,0x7fff,0x7fff,0x7fff,0x73be,0x46b7,0x15b0,0x09b1,0x11b2,0x11f4,0x1e35,0x4f3b,
	0x73be,0x7fff,0x7fff,0x7fff,0x7fff,0x7fff,0x77ff,0x5b5c,0x21f2,0x15d3,0x11f4,0x11d3,0x11d3,0x4f1a,0x7bff,0x7fff,
	0x7fff,0x7fff,0x7fff,0x7fff,0x7fff,0x7fff,0x7fff,0x7fff,0x7fff,0x7fff,0x7fff,0x7bff,0x6fde,0x637b,0x4f1a,0x3afa,
	0x36da,0x36d9,0x32b9,0x2a77,0x2a55,0x2a34,0x25f3,0x25f1,0x21d0,0x25cf,0x29f0,0x2e11,0x3232,0x3212,0x3212,0x3212,
	0x2e11,0x2e10,0x2df0,0x2df0,0x2df0,0x29d0,0x25d0,0x21b0,0x25d0,0x25af,0x25af,0x258f,0x2590,0x25d1,0x25d1,0x25d1,
	0x29f1,0x2e12,0x3233,0x3634,0x3a55,0x3a55,0x3a76,0x3e96,0x3eb7,0x42d8,0x46d9,0x42d8,0x42b8,0x3e96,0x3a54,0x3233,
	0x3233,0x2e33,0x3676,0x3697,0x3ab8,0x431b,0x473c,0x535c,0x577d,0x637d,0x6fbe,0x7fff,0x7fff,0x7fff,0x7fff,0x7fff,
	0x7fff,0x7fff,0x7fff,0x7fff,0x7fff,0x7fff,0x7fff,0x73bd,0x677b,0x637b,0x67bd,0x6bde,0x63be,0x67be,0x73df,0x7bff,
	0x7fff,0x7fff,0x7fff,0x7fff,0x7fff,0x7bdf,0x677c,0x575b,0x5fbe,0x63df,0x67de,0x63df,0x5fde,0x7bff,0x7fff,0x7fff,
	0x7fff,0x7fff,0x7fff,0x7fff,0x7fff,0x7fff,0x7fff,0x7fff,0x7fff,0x7fff,0x7fff,0x7fff,0x7fff,0x7fff,0x7fff,0x7fff,
	0x7fff,0x7fff,0x7fff,0x7fff,0x7fff,0x7fff,0x7fff,0x7fff,0x7fff,0x7fff,0x7fff,0x7fff,0x7fff,0x7fff,0x7fff,0x7fff,
	0x7fff,0x7fff,0x7fff,0x7fff,0x7fff,0x7fff,0x7fff,0x7fff,0x7fff,0x7fff,0x7fff,0x7fff,0x7fff,0x7fff,0x7fff,0x7fff,
	0x7fff,0x7fff,0x7fff,0x7fff,0x7fff,0x7fff,0x7fff,0x7fff,0x7fff,0x7fff,0x7fff,0x7fff,0x7fff,0x7fff,0x7fff,0x7fff,
	0x7fff,0x7fff,0x7fff,0x7fff,0x7fff,0x7fff,0x7fff,0x7fff,0x7fff,0x7fff,0x7fff,0x7fff,0x7fff,0x7fff,0x7fff,0x7fff,
	0x7fff,0x7fff,0x7fff,0x7fff,0x7fff,0x7fff,0x7fff,0x7fff,0x7fff,0x7fff,0x7fff,0x7fff,0x7fff,0x7fff,0x7fff,0x7fff,
	0x7fff,0x7fff,0x7fff,0x7fff,0x7fff,0x7bff,0x7fff,0x7fdf,0x5f5c,0x2655,0x0db2,0x15b3,0x15f4,0x1a14,0x3698,0x6f9e,
	0x7fff,0x7ffe,0x7bfe,0x7fff,0x7fff,0x7bff,0x7bff,0x6b9d,0x42b7,0x19f2,0x0df3,0x0df4,0x15f5,0x1e37,0x3298,0x5b5c,
	0x7fff,0x7fff,0x7fff,0x7fff,0x7fff,0x7fff,0x7fff,0x7fdf,0x77bf,0x739e,0x6fbd,0x67bd,0x5b7c,0x535c,0x4b3c,0x3afb,
	0x36db,0x36db,0x2eda,0x2677,0x2656,0x2235,0x1dd2,0x1dd0,0x1daf,0x1daf,0x1daf,0x21b0,0x1db0,0x198f,0x19b0,0x1990,
	0x1d8f,0x198f,0x196f,0x196f,0x196f,0x196f,0x198f,0x198f,0x1990,0x1d8f,0x198f,0x198f,0x156e,0x196f,0x1db0,0x25d2,
	0x29f3,0x2e35,0x3256,0x3677,0x3698,0x3697,0x3298,0x36b9,0x3afa,0x3efb,0x3afb,0x3afb,0x3afa,0x36d9,0x3697,0x3255,
	0x2e33,0x2a13,0x2e55,0x36b8,0x3ada,0x3f1b,0x431c,0x475d,0x4b5d,0x4f5d,0x577d,0x679d,0x6bbe,0x73be,0x77de,0x7bff,
	0x7fff,0x7fff,0x7fff,0x7fff,0x7fff,0x7fff,0x6fbe,0x571a,0x5b5b,0x6fff,0x6fff,0x6fde,0x6bde,0x6fde,0x77ff,0x7bff,
	0x7fff,0x7fff,0x7fff,0x7fff,0x7fff,0x7fff,0x6b7c,0x533b,0x57be,0x5fdf,0x6bdf,0x67df,0x5fdf,0x7bff,0x7fff,0x7fff,
	0x7fff,0x7fff,0x7fff,0x7fff,0x7fff,0x7fff,0x7fff,0x7fff,0x7fff,0x7fff,0x7fff,0x7fff,0x7fff,0x7fff,0x7fff,0x7fff,
	0x7fff,0x7fff,0x7fff,0x7fff,0x7fff,0x7fff,0x7fff,0x7fff,0x7fff,0x7fff,0x7fff,0x7fff,0x7fff,0x7fff,0x7fff,0x7fff,
	0x7fff,0x7fff,0x7fff,0x7fff,0x7fff,0x7fff,0x7fff,0x7fff,0x7fff,0x7fff,0x7fff,0x7fff,0x7fff,0x7fff,0x7fff,0x7fff,
	0x7fff,0x7fff,0x7fff,0x7fff,0x7fff,0x7fff,0x7fff,0x7fff,0x7fff,0x7fff,0x7fff,0x7fff,0x7fff,0x7fff,0x7fff,0x7fff,
	0x7fff,0x7fff,0x7fff,0x7fff,0x7fff,0x7fff,0x7fff,0x7fff,0x7fff,0x7fff,0x7fff,0x7fff,0x7fff,0x7fff,0x7fff,0x7fff,
	0x7fff,0x7fff,0x7fff,0x7fff,0x7fff,0x7fff,0x7fff,0x7fff,0x7fff,0x7fff,0x7fff,0x7fff,0x7fff,0x7fff,0x7fff,0x7fff,
	0x7fff,0x7fff,0x7fff,0x7fff,0x7fff,0x7fff,0x7fff,0x7fdf,0x575c,0x1613,0x1215,0x1616,0x1e14,0x15f3,0x2656,0x639d,
	0x7bff,0x7ffe,0x7fff,0x7fff,0x7fdf,0x7bff,0x6b9d,0x2e13,0x116f,0x11b2,0x0db3,0x0df4,0x0a15,0x0e17,0x1e36,0x4f1b,
	0x7bff,0x7fff,0x7fff,0x7fff,0x7fff,0x7fff,0x7bde,0x635c,0x46f9,0x36b8,0x2e55,0x2612,0x2613,0x2615,0x2a77,0x2a98,
	0x2677,0x2256,0x2235,0x1e14,0x1df3,0x1df3,0x19d1,0x1df2,0x21f2,0x25f2,0x29f3,0x29f2,0x25f2,0x25f2,0x25f1,0x21d1,
	0x21b1,0x21b1,0x1db0,0x1db0,0x1db0,0x1dd1,0x1dd1,0x21d1,0x1dd1,0x1dd1,0x1db0,0x1d90,0x1d8f,0x1db0,0x21d1,0x2613,
	0x2a34,0x2a35,0x2a34,0x2a34,0x2a35,0x2e56,0x3297,0x36b7,0x36b8,0x3ab9,0x3ad9,0x3efa,0x3f1b,0x3f1b,0x3f3b,0x433b,
	0x3efa,0x3ad9,0x36b7,0x3297,0x2e55,0x2a35,0x2e56,0x3299,0x36b9,0x36fa,0x3b1b,0x3b3c,0x435d,0x4b5d,0x577d,0x6b9d,
	0x7fff,0x7fff,0x7fff,0x7fff,0x7fff,0x7fff,0x77df,0x677c,0x5f5b,0x6bbe,0x6bde,0x6bdf,0x6bdf,0x6bdf,0x6fde,0x77df,
	0x7bff,0x7fff,0x7fff,0x7fff,0x7fff,0x73be,0x573b,0x535b,0x63df,0x63de,0x67de,0x6bdf,0x6bdf,0x7bff,0x7fff,0x7fff,
	0x7fff,0x7fff,0x7fff,0x7fff,0x7fff,0x7fff,0x7fff,0x7fff,0x7fff,0x7fff,0x7fff,0x7fff,0x7fff,0x7fff,0x7fff,0x7fff,
	0x7fff,0x7fff,0x7fff,0x7fff,0x7fff,0x7fff,0x7fff,0x7fff,0x7fff,0x7fff,0x7fff,0x7fff,0x7fff,0x7fff,0x7fff,0x7fff,
	0x7fff,0x7fff,0x7fff,0x7fff,0x7fff,0x7fff,0x7fff,0x7fff,0x7fff,0x7fff,0x7fff,0x7fff,0x7fff,0x7fff,0x7fff,0x7fff,
	0x7fff,0x7fff,0x7fff,0x7fff,0x7fff,0x7fff,0x7fff,0x7fff,0x7fff,0x7fff,0x7fff,0x7fff,0x7fff,0x7fff,0x7fff,0x7fff,
	0x7fff,0x7fff,0x7fff,0x7fff,0x7fff,0x7fff,0x7fff,0x7fff,0x7fff,0x7fff,0x7fff,0x7fff,0x7fff,0x7fff,0x7fff,0x7fff,
	0x7fff,0x7fff,0x7fff,0x7fff,0x7fff,0x7fff,0x7fff,0x7fff,0x7fff,0x7fff,0x7fff,0x7fff,0x7fff,0x7fff,0x7fff,0x7fff,
	0x7fff,0x7fff,0x7fff,0x7fff,0x7fff,0x7bfe,0x7fff,0x7fff,0x639d,0x32b7,0x1614,0x1e37,0x2e78,0x1a35,0x0df2,0x3297,
	0x5f7c,0x7fff,0x7fff,0x7fff,0x7fff,0x77df,0x573b,0x11b0,0x0dd3,0x1e36,0x2a56,0x3a98,0x46fa,0x533b,0x679d,0x77de,
	0x7fff,0x7fff,0x7bff,0x7bff,0x7fff,0x7bfe,0x6b9d,0x4af9,0x36b9,0x2257,0x1170,0x21d3,0x2a57,0x1e37,0x1e79,0x26bb,
	0x22ba,0x1e79,0x1e78,0x1e57,0x1e57,0x1a36,0x1a35,0x1a15,0x1a14,0x19f3,0x1990,0x090a,0x0486,0x04a6,0x08a6,0x08a6,
	0x08a6,0x08a6,0x08a6,0x08a6,0x08a6,0x08a6,0x08c6,0x08c7,0x08c7,0x08c7,0x0cc7,0x0cc7,0x08a6,0x0ce8,0x154b,0x21f0,
	0x3ad7,0x471a,0x473b,0x4b3b,0x4b5c,0x4f5c,0x4f5c,0x4f5c,0x4f5c,0x4f5c,0x4b5c,0x4b5c,0x4b7d,0x4b7d,0x4b7d,0x4b7d,
	0x4f7d,0x4f7d,0x537d,0x535d,0x473c,0x36da,0x32da,0x36fb,0x3b1c,0x3f1c,0x431c,0x3f1c,0x373c,0x3b7d,0x47be,0x535c,
	0x6fbe,0x7bdf,0x7fff,0x7fff,0x7fff,0x7fff,0x7fff,0x7bff,0x77fe,0x73be,0x6f9d,0x6bbd,0x5b9c,0x67df,0x67bd,0x6bbd,
	0x77ff,0x7fff,0x7fff,0x7fff,0x7fdf,0x5b19,0x4f3a,0x63df,0x67df,0x63de,0x63fe,0x6bff,0x73df,0x7fff,0x7fff,0x7fff,
	0x7fff,0x7fff,0x7fff,0x7fff,0x7fff,0x7fff,0x7fff,0x7fff,0x7fff,0x7fff,0x7fff,0x7fff,0x7fff,0x7fff,0x7fff,0x7fff,
	0x7fff,0x7fff,0x7fff,0x7fff,0x7fff,0x7fff,0x7fff,0x7fff,0x7fff,0x7fff,0x7fff,0x7fff,0x7fff,0x7fff,0x7fff,0x7fff,
	0x7fff,0x7fff,0x7fff,0x7fff,0x7fff,0x7fff,0x7fff,0x7fff,0x7fff,0x7fff,0x7fff,0x7fff,0x7fff,0x7fff,0x7fff,0x7fff,
	0x7fff,0x7fff,0x7fff,0x7fff,0x7fff,0x7fff,0x7fff,0x7fff,0x7fff,0x7fff,0x7fff,0x7fff,0x7fff,0x7fff,0x7fff,0x7fff,
	0x7fff,0x7fff,0x7fff,0x7fff,0x7fff,0x7fff,0x7fff,0x7fff,0x7fff,0x7fff,0x7fff,0x7fff,0x7fff,0x7fff,0x7fff,0x7fff,
	0x7fff,0x7fff,0x7fff,0x7fff,0x7fff,0x7fff,0x7fff,0x7fff,0x7fff,0x7fff,0x7fff,0x7fff,0x7fff,0x7fff,0x7fff,0x7fff,
	0x7fff,0x7fff,0x7fff,0x7fff,0x7fff,0x7fff,0x7fff,0x7fff,0x7bff,0x67de,0x3efa,0x1615,0x2236,0x2698,0x1e55,0x11f4,
	0x2657,0x5b3c,0x77de,0x7bff,0x7bfe,0x7bff,0x6fde,0x42f9,0x1e35,0x1615,0x1a35,0x36b7,0x575c,0x6bbd,0x7bff,0x7fff,
	0x7b9b,0x7358,0x7357,0x6b16,0x4ab5,0x3ed7,0x36b8,0x1e35,0x2679,0x2279,0x2678,0x2eba,0x2eda,0x2aba,0x26ba,0x2699,
	0x2678,0x2257,0x2236,0x1e14,0x1e14,0x2635,0x2a56,0x2e76,0x2e76,0x2e55,0x2a34,0x2a13,0x29f2,0x25f1,0x25d0,0x21b0,
	0x1db0,0x198f,0x196e,0x194d,0x152b,0x150a,0x0cc8,0x08a6,0x08a6,0x08a7,0x0cc8,0x10c8,0x10c8,0x10e9,0x0ce9,0x090a,
	0x0d4b,0x158e,0x198f,0x1db0,0x1dd1,0x21f2,0x21d1,0x25f1,0x2612,0x3254,0x3a97,0x3eb7,0x42d9,0x42f9,0x46f9,0x4b1a,
	0x4f1a,0x4f1a,0x531b,0x573b,0x575b,0x533b,0x4f3a,0x42fa,0x3efa,0x3f1b,0x3f1c,0x3f1c,0x3f3c,0x3b5d,0x335e,0x2f3d,
	0x373d,0x475e,0x537d,0x673a,0x779c,0x73be,0x6b5d,0x6f7d,0x6fbe,0x639d,0x677c,0x6fbd,0x67be,0x67bd,0x6bbd,0x77df,
	0x7fff,0x7fff,0x7bff,0x5b19,0x573a,0x5f9d,0x5fbe,0x63df,0x63de,0x67de,0x6fde,0x77ff,0x7fff,0x7fff,0x7fff,0x7fff,
	0x7fff,0x7fff,0x7fff,0x7fff,0x7fff,0x7fff,0x7fff,0x7fff,0x7fff,0x7fff,0x7fff,0x7fff,0x7fff,0x7fff,0x7fff,0x7fff,
	0x7fff,0x7fff,0x7fff,0x7fff,0x7fff,0x7fff,0x7fff,0x7fff,0x7fff,0x7fff,0x7fff,0x7fff,0x7fff,0x7fff,0x7fff,0x7fff,
	0x7fff,0x7fff,0x7fff,0x7fff,0x7fff,0x7fff,0x7fff,0x7fff,0x7fff,0x7fff,0x7fff,0x7fff,0x7fff,0x7fff,0x7fff,0x7fff,
	0x7fff,0x7fff,0x7fff,0x7fff,0x7fff,0x7fff,0x7fff,0x7fff,0x7fff,0x7fff,0x7fff,0x7fff,0x7fff,0x7fff,0x7fff,0x7fff,
	0x7fff,0x7fff,0x7fff,0x7fff,0x7fff,0x7fff,0x7fff,0x7fff,0x7fff,0x7fff,0x7fff,0x7fff,0x7fff,0x7fff,0x7fff,0x7fff,
	0x7fff,0x7fff,0x7fff,0x7fff,0x7fff,0x7fff,0x7fff,0x7fff,0x7fff,0x7fff,0x7fff,0x7fff,0x7fff,0x7fff,0x7fff,0x7fff,
	0x7fff,0x7fff,0x7fff,0x7fff,0x7fff,0x7fff,0x7fff,0x7fff,0x7fff,0x7bff,0x6bbe,0x4b1a,0x2a78,0x1e15,0x2236,0x2256,
	0x1e36,0x1a36,0x36da,0x73de,0x7ffe,0x7fff,0x7fff,0x6fdf,0x533b,0x2e97,0x1214,0x1214,0x1614,0x1a55,0x2e96,0x4295,
	0x418b,0x34c3,0x4546,0x45ab,0x296c,0x214e,0x0d4e,0x0db3,0x1659,0x1259,0x1a9a,0x22db,0x22fb,0x22fc,0x22fc,0x22dc,
	0x1efc,0x22fd,0x22fd,0x271d,0x2b1d,0x2afd,0x2afc,0x2afc,0x26fc,0x26db,0x26db,0x26db,0x26db,0x26db,0x22bb,0x26ba,
	0x26b9,0x2256,0x15b0,0x090b,0x0d0b,0x0d0a,0x0d09,0x0909,0x0909,0x0909,0x0d0a,0x112b,0x114c,0x0d2b,0x090a,0x114c,
	0x19b0,0x1e35,0x2277,0x2ada,0x2efb,0x32fb,0x475c,0x579d,0x67be,0x6bde,0x6fff,0x6fff,0x6fff,0x6fff,0x6fff,0x6bff,
	0x6bff,0x67ff,0x63ff,0x67ff,0x67ff,0x63ff,0x5bde,0x3f3b,0x2ada,0x1ebb,0x22bb,0x26ba,0x26da,0x2adb,0x22ba,0x229a,
	0x1a37,0x2e77,0x3254,0x56b8,0x6b39,0x6739,0x4a79,0x2d98,0x319a,0x4e9d,0x6b9e,0x6bde,0x6bbd,0x6fdd,0x77ff,0x7fff,
	0x7fff,0x7bde,0x677c,0x4b18,0x577c,0x63ff,0x63de,0x67de,0x6bde,0x73df,0x7bff,0x7fff,0x7fff,0x7fff,0x7fff,0x7fff,
	0x7fff,0x7fff,0x7fff,0x7fff,0x7fff,0x7fff,0x7fff,0x7fff,0x7fff,0x7fff,0x7fff,0x7fff,0x7fff,0x7fff,0x7fff,0x7fff,
	0x7fff,0x7fff,0x7fff,0x7fff,0x7fff,0x7fff,0x7fff,0x7fff,0x7fff,0x7fff,0x7fff,0x7fff,0x7fff,0x7fff,0x7fff,0x7fff,
	0x7fff,0x7fff,0x7fff,0x7fff,0x7fff,0x7fff,0x7fff,0x7fff,0x7fff,0x7fff,0x7fff,0x7fff,0x7fff,0x7fff,0x7fff,0x7fff,
	0x56b5,0x4210,0x739c,0x7fff,0x7fff,0x7fff,0x7fff,0x7fff,0x7fff,0x7fff,0x7fff,0x7fff,0x7fff,0x7fff,0x6b5a,0x3def,
	0x6318,0x7fff,0x7fff,0x7fff,0x7fff,0x7fff,0x7fff,0x7fff,0x7fff,0x7fff,0x7fff,0x7fff,0x7bde,0x6f7b,0x6318,0x6318,
	0x6b5a,0x739c,0x7fff,0x7fff,0x7fff,0x7fff,0x7fff,0x7fff,0x7fff,0x7fff,0x7fff,0x7fff,0x7fff,0x7fff,0x7fff,0x7fff,
	0x7fff,0x7fff,0x7fff,0x7fff,0x7fff,0x7fff,0x7fff,0x7fff,0x7ffe,0x7ffe,0x7fff,0x7bff,0x67bd,0x3eda,0x2e79,0x2a78,
	0x2276,0x1635,0x1a56,0x3ada,0x5b7d,0x77ff,0x7fff,0x7fff,0x7bff,0x6bbd,0x533b,0x3699,0x2237,0x19f5,0x11d2,0x15d1,
	0x18e9,0x28c6,0x45cc,0x39cd,0x212a,0x10a8,0x0866,0x00a9,0x1a16,0x271e,0x271e,0x2f5f,0x377f,0x3b7f,0x3b7f,0x377f,
	0x337f,0x2f7f,0x2b7f,0x2f7f,0x337f,0x377f,0x3b7f,0x377f,0x377f,0x377f,0x377f,0x375f,0x335f,0x335f,0x335f,0x2f5f,
	0x2f5e,0x2f1d,0x1e78,0x0db2,0x11d3,0x15d3,0x11f3,0x1614,0x1635,0x1636,0x1a57,0x1a78,0x1636,0x09d3,0x09b3,0x09d4,
	0x0df5,0x0e16,0x0e16,0x0e37,0x0e58,0x1678,0x435d,0x67df,0x77ff,0x77ff,0x73ff,0x73ff,0x73ff,0x6fff,0x6fff,0x6bff,
	0x67ff,0x63ff,0x63ff,0x63ff,0x63ff,0x5bff,0x475d,0x2a99,0x1e57,0x1a37,0x1a37,0x1e37,0x2658,0x2236,0x1dd5,0x21b5,
	0x0cee,0x2991,0x4e77,0x5ef9,0x56f9,0x4697,0x4ed8,0x4215,0x1472,0x0c36,0x213a,0x427d,0x6f7e,0x7bff,0x7bff,0x7bff,
	0x6b7b,0x5b19,0x5f5b,0x67de,0x6bff,0x6bff,0x6fdf,0x77ff,0x7bff,0x7fff,0x7fff,0x7fff,0x7fff,0x7fff,0x7fff,0x7fff,
	0x7fff,0x7fff,0x7fff,0x7fff,0x7fff,0x7fff,0x7fff,0x7fff,0x7fff,0x7fff,0x7fff,0x7fff,0x7fff,0x7fff,0x7fff,0x7fff,
	0x7fff,0x7fff,0x7fff,0x7fff,0x7fff,0x7fff,0x7fff,0x7fff,0x7fff,0x7fff,0x7fff,0x7fff,0x7fff,0x7fff,0x7fff,0x7fff,
	0x7fff,0x7fff,0x7fff,0x7fff,0x7fff,0x7fff,0x7fff,0x7fff,0x7fff,0x7fff,0x7fff,0x7fff,0x7fff,0x7fff,0x7fff,0x7fff,
	0x0842,0x0000,0x35ad,0x7fff,0x7fff,0x7fff,0x7fff,0x7fff,0x7fff,0x7fff,0x7fff,0x7fff,0x7fff,0x7fff,0x2d6b,0x0000,
	0x1ce7,0x77bd,0x7fff,0x7fff,0x7fff,0x7fff,0x7fff,0x7fff,0x7fff,0x7fff,0x77bd,0x4e73,0x2529,0x0c63,0x0421,0x0421,
	0x0842,0x14a5,0x2d6b,0x56b5,0x7bde,0x7fff,0x7fff,0x7fff,0x7fff,0x7fff,0x7fff,0x7fff,0x5ef7,0x294a,0x5ef7,0x7fff,
	0x7fff,0x7fff,0x7fff,0x7fff,0x7fff,0x7fff,0x7fff,0x7fff,0x7fff,0x7fff,0x7fff,0x4a52,0x2d6b,0x6b7b,0x77ff,0x679d,
	0x4f3b,0x2a77,0x1636,0x0e36,0x1257,0x36d9,0x5b9c,0x77df,0x7fff,0x7bfe,0x635d,0x3e3b,0x29db,0x29fa,0x2639,0x1dd3,
	0x18c9,0x2d29,0x3dee,0x318c,0x2d6d,0x252c,0x210b,0x0488,0x050e,0x1658,0x2b1d,0x377f,0x3b7f,0x3b7f,0x3f7f,0x3f9f,
	0x3b7f,0x337f,0x335f,0x379f,0x377f,0x3b9f,0x3f9f,0x439f,0x439f,0x437f,0x3f7f,0x3f7f,0x3b7f,0x377f,0x337f,0x2f7f,
	0x337f,0x335e,0x22b9,0x09b2,0x0db2,0x11d3,0x11d3,0x15f4,0x1615,0x1636,0x1657,0x1a78,0x1215,0x0191,0x0592,0x05b3,
	0x05d4,0x05d5,0x09f5,0x0df6,0x0a17,0x0a57,0x435d,0x6bdf,0x77ff,0x73ff,0x73ff,0x73ff,0x73ff,0x73ff,0x6fff,0x6bff,
	0x67ff,0x67ff,0x63ff,0x63ff,0x63ff,0x5fff,0x3f3c,0x2258,0x1a38,0x1e37,0x2237,0x2237,0x2257,0x2235,0x19b2,0x1110,
	0x14ee,0x2572,0x2535,0x3177,0x46da,0x3eb9,0x4697,0x56b6,0x3152,0x0831,0x0017,0x045c,0x2d7d,0x5f3e,0x6b7d,0x633a,
	0x5f7b,0x5fbe,0x67ff,0x6fff,0x77ff,0x7bff,0x7bff,0x7fff,0x7fff,0x7fff,0x7fff,0x7fff,0x7fff,0x7fff,0x7fff,0x7fff,
	0x7fff,0x7fff,0x7fff,0x7fff,0x7fff,0x7fff,0x7fff,0x7fff,0x7fff,0x7fff,0x7fff,0x7fff,0x7fff,0x7fff,0x7fff,0x7fff,
	0x7fff,0x7fff,0x7fff,0x7fff,0x7fff,0x7fff,0x7fff,0x7fff,0x7fff,0x7fff,0x7fff,0x7fff,0x7fff,0x7fff,0x7fff,0x7fff,
	0x7fff,0x7fff,0x7fff,0x7fff,0x7fff,0x7fff,0x7fff,0x7fff,0x7fff,0x7fff,0x7fff,0x7fff,0x7fff,0x7fff,0x7fff,0x7fff,
	0x0000,0x0000,0x0c63,0x6b5a,0x7fff,0x7fff,0x7fff,0x7fff,0x7fff,0x7fff,0x7fff,0x7fff,0x7fff,0x6b5a,0x0c63,0x0000,
	0x1084,0x739c,0x7fff,0x7fff,0x7fff,0x7fff,0x7fff,0x7fff,0x7fff,0x6f7b,0x294a,0x0000,0x0000,0x0000,0x0000,0x0000,
	0x0000,0x0000,0x0000,0x0421,0x294a,0x6f7b,0x7fff,0x7fff,0x7fff,0x7fff,0x7fff,0x7fff,0x294a,0x0000,0x2d6b,0x7fff,
	0x7fff,0x7fff,0x7fff,0x7fff,0x7fff,0x7fff,0x7fff,0x7fff,0x7fff,0x7fff,0x6f7b,0x0c63,0x0000,0x4210,0x7fff,0x7bfe,
	0x7bfe,0x73de,0x5f7d,0x32b9,0x1656,0x0a37,0x0e57,0x36da,0x637d,0x77be,0x5f3c,0x3e5a,0x299b,0x259a,0x25db,0x467c,
	0x49ce,0x3d48,0x41ef,0x39d0,0x3df1,0x3df1,0x39d0,0x1d4d,0x050d,0x0150,0x26ba,0x3b7f,0x3f7f,0x3f7f,0x3f7f,0x3f9f,
	0x3b9f,0x377f,0x337e,0x3b9f,0x3b7f,0x3f9f,0x439f,0x439f,0x439f,0x437f,0x437f,0x3f7f,0x3f7f,0x3b7f,0x377f,0x377f,
	0x377f,0x375e,0x26b9,0x0590,0x0991,0x11d3,0x11f3,0x15f4,0x1615,0x1635,0x1656,0x1a78,0x1616,0x0591,0x0571,0x0593,
	0x05d4,0x09d5,0x09f5,0x0df6,0x0e17,0x0e57,0x435d,0x6bdf,0x77ff,0x77ff,0x77ff,0x77ff,0x73ff,0x73ff,0x6fff,0x6bff,
	0x6bff,0x67ff,0x63ff,0x63ff,0x63ff,0x5bff,0x3b1b,0x1e58,0x1a38,0x1e37,0x2238,0x2658,0x2677,0x2235,0x1992,0x150f,
	0x2590,0x35d6,0x0c56,0x0417,0x39fb,0x633c,0x7bdd,0x739c,0x4a78,0x2133,0x0034,0x041c,0x089e,0x217b,0x533d,0x6bde,
	0x6fdf,0x73df,0x77ff,0x7bff,0x7fff,0x7fff,0x7fff,0x7fff,0x7fff,0x7fff,0x7fff,0x7fff,0x7fff,0x7fff,0x7fff,0x7fff,
	0x7fff,0x7fff,0x7fff,0x7fff,0x7fff,0x7fff,0x7fff,0x7fff,0x7fff,0x7fff,0x7fff,0x7fff,0x7fff,0x7fff,0x7fff,0x7fff,
	0x7fff,0x7fff,0x7fff,0x7fff,0x7fff,0x7fff,0x7fff,0x7fff,0x7fff,0x7fff,0x7fff,0x7fff,0x7fff,0x7fff,0x7fff,0x7fff,
	0x7fff,0x7fff,0x7fff,0x7fff,0x7fff,0x7fff,0x7fff,0x7fff,0x7fff,0x7fff,0x7fff,0x7fff,0x7fff,0x7fff,0x7fff,0x7fff,
	0x0c63,0x0000,0x0000,0x39ce,0x7fff,0x7fff,0x7fff,0x7fff,0x7fff,0x7fff,0x7fff,0x7fff,0x7fff,0x4631,0x0000,0x0000,
	0x2108,0x7bde,0x7fff,0x7fff,0x7fff,0x7fff,0x7fff,0x7fff,0x6b5a,0x1ce7,0x0000,0x0000,0x0000,0x0000,0x0000,0x0000,
	0x0000,0x0000,0x0000,0x0000,0x0000,0x2108,0x739c,0x7fff,0x7fff,0x7fff,0x7fff,0x77bd,0x18c6,0x0000,0x1ce7,0x7bde,
	0x7fff,0x7fff,0x7fff,0x7fff,0x7fff,0x7fff,0x7fff,0x7fff,0x7fff,0x7fff,0x5ad6,0x0000,0x0000,0x318c,0x7fff,0x7fff,
	0x7fff,0x7bff,0x7fff,0x77df,0x639c,0x36d9,0x1e38,0x0a16,0x1276,0x36d9,0x4f1b,0x3e79,0x2579,0x1d5a,0x151b,0x3ddb,
	0x4daa,0x3d24,0x49f0,0x5276,0x5695,0x5ab6,0x56b6,0x4276,0x1db2,0x11b3,0x1e36,0x3b3d,0x437f,0x3f7f,0x439f,0x3f9f,
	0x3f9f,0x377f,0x377e,0x3f9f,0x439f,0x479f,0x479f,0x439f,0x437f,0x437f,0x437f,0x437f,0x3f7f,0x3f7f,0x3b5f,0x3b7f,
	0x375f,0x3b5e,0x2a99,0x014f,0x0991,0x11b2,0x15f4,0x11f4,0x1614,0x1615,0x1636,0x1e78,0x1a36,0x0992,0x0571,0x0592,
	0x05d4,0x09d5,0x09f5,0x0df6,0x0df6,0x0e36,0x435d,0x6fdf,0x7bff,0x77ff,0x77ff,0x77ff,0x77ff,0x73ff,0x6fff,0x6fff,
	0x6bff,0x67ff,0x67ff,0x67ff,0x63ff,0x5bdf,0x3afb,0x1e57,0x1a37,0x1e38,0x2237,0x2237,0x2656,0x21f5,0x1533,0x1d51,
	0x3612,0x2df4,0x0455,0x0018,0x35ba,0x675c,0x7fff,0x7fff,0x7bde,0x675a,0x2979,0x043e,0x10de,0x29be,0x5fbf,0x6bfe,
	0x77df,0x7ffe,0x7fff,0x7fff,0x7fff,0x7fff,0x7fff,0x7fff,0x7fff,0x7fff,0x7fff,0x7fff,0x7fff,0x7fff,0x7fff,0x7fff,
	0x7fff,0x7fff,0x7fff,0x7fff,0x7fff,0x7fff,0x7fff,0x7fff,0x7fff,0x7fff,0x7fff,0x7fff,0x7fff,0x7fff,0x7fff,0x7fff,
	0x7fff,0x7fff,0x7fff,0x7fff,0x7fff,0x7fff,0x7fff,0x7fff,0x7fff,0x7fff,0x7fff,0x7fff,0x7fff,0x7fff,0x7fff,0x7fff,
	0x7fff,0x7fff,0x7fff,0x7fff,0x7fff,0x7fff,0x7fff,0x7fff,0x7fff,0x7fff,0x7fff,0x7fff,0x7fff,0x7fff,0x7fff,0x7fff,
	0x4210,0x0000,0x0000,0x0c63,0x6b5a,0x7fff,0x7fff,0x7fff,0x7fff,0x7fff,0x7fff,0x7fff,0x7bde,0x2108,0x0000,0x0000,
	0x4210,0x7fff,0x7fff,0x7fff,0x7fff,0x7fff,0x7fff,0x77bd,0x2529,0x0000,0x0000,0x0000,0x0c63,0x2d6b,0x4210,0x4631,
	0x39ce,0x2529,0x0842,0x0000,0x0000,0x0000,0x35ad,0x7fff,0x7fff,0x7fff,0x7fff,0x739c,0x1084,0x0000,0x18c6,0x77bd,
	0x7fff,0x7fff,0x7fff,0x7fff,0x7fff,0x7fff,0x7fff,0x7fff,0x7fff,0x7fff,0x56b5,0x0000,0x0000,0x35ad,0x7fff,0x7fff,
	0x7fff,0x7fff,0x7fff,0x7fff,0x7fff,0x77de,0x5f7d,0x32ba,0x1236,0x0e35,0x1a57,0x21f8,0x1958,0x151a,0x045a,0x2070,
	0x38a5,0x2486,0x39b2,0x66fa,0x6319,0x6b19,0x6319,0x5af8,0x3255,0x1e16,0x1614,0x2e77,0x32fb,0x3ad9,0x431a,0x437e,
	0x3b7e,0x337f,0x335e,0x439f,0x479f,0x479f,0x437f,0x3f7f,0x3f7f,0x3f7f,0x3f7f,0x3f7f,0x3b5f,0x3b5f,0x3b5e,0x375e,
	0x375e,0x3b5f,0x2aba,0x0570,0x0991,0x11d3,0x15f3,0x15f4,0x1614,0x1a15,0x1a56,0x2278,0x1a15,0x0570,0x0571,0x09b3,
	0x09d4,0x09d5,0x05d5,0x0df6,0x1216,0x1257,0x3b5d,0x5fbe,0x6fde,0x73df,0x77ff,0x77ff,0x77ff,0x73ff,0x6fff,0x6fff,
	0x67ff,0x67ff,0x63df,0x579e,0x539e,0x4f9e,0x3afb,0x2257,0x1e37,0x2238,0x1e37,0x2636,0x2df4,0x1531,0x08b1,0x150e,
	0x3613,0x2154,0x0431,0x0016,0x2119,0x5efc,0x7fff,0x7fff,0x7bdf,0x6b5c,0x3619,0x10fd,0x10de,0x319c,0x6b9e,0x7bfe,
	0x7bff,0x7ffe,0x7fff,0x7fff,0x7fff,0x7fff,0x7fff,0x7fff,0x7fff,0x7fff,0x7fff,0x7fff,0x7fff,0x7fff,0x7fff,0x7fff,
	0x7fff,0x7fff,0x7fff,0x7fff,0x7fff,0x7fff,0x7fff,0x7fff,0x7fff,0x7fff,0x7fff,0x7fff,0x7fff,0x7fff,0x7fff,0x7fff,
	0x7fff,0x7fff,0x7fff,0x7fff,0x7fff,0x7fff,0x7fff,0x7fff,0x7fff,0x7fff,0x7fff,0x7fff,0x7fff,0x7fff,0x7fff,0x7fff,
	0x7fff,0x7fff,0x7fff,0x7fff,0x7fff,0x7fff,0x7fff,0x7fff,0x7fff,0x7fff,0x7fff,0x7fff,0x7fff,0x7fff,0x7fff,0x7fff,
	0x6f7b,0x18c6,0x0000,0x0000,0x39ce,0x7fff,0x7fff,0x7fff,0x7fff,0x7fff,0x7fff,0x7fff,0x5ef7,0x0421,0x0000,0x0c63,
	0x6b5a,0x7fff,0x7fff,0x7fff,0x7fff,0x7fff,0x7fff,0x3def,0x0000,0x0000,0x0000,0x2529,0x6739,0x7fff,0x7fff,0x7fff,
	0x7fff,0x7bde,0x6318,0x2108,0x0000,0x0000,0x0842,0x6318,0x7fff,0x7fff,0x7fff,0x6f7b,0x0c63,0x0000,0x18c6,0x77bd,
	0x7fff,0x7fff,0x7fff,0x7fff,0x7fff,0x7fff,0x7fff,0x7fff,0x7fff,0x7fff,0x56b5,0x0000,0x0000,0x35ad,0x7fff,0x7fff,
	0x7fff,0x7fff,0x7fff,0x7fff,0x7fff,0x7bff,0x7fff,0x73de,0x535b,0x2677,0x1636,0x0db3,0x1570,0x08f6,0x1c73,0x3888,
	0x2848,0x080c,0x2953,0x62dc,0x677a,0x6b5a,0x6b3a,0x6339,0x4277,0x1e16,0x1e56,0x3f1c,0x3b5e,0x1e54,0x2a54,0x36d9,
	0x331c,0x335e,0x335e,0x439f,0x4b9f,0x437f,0x375e,0x3b5e,0x3b5f,0x3b5f,0x3b5f,0x3b5f,0x3b5e,0x3b5e,0x3f5e,0x3b5f,
	0x3b5f,0x373e,0x2aba,0x0dd3,0x11f4,0x1a36,0x1a37,0x1215,0x0dd3,0x0dd3,0x1a36,0x2278,0x1a15,0x0971,0x0971,0x09b3,
	0x09d4,0x0df5,0x1616,0x36fa,0x4b7d,0x437d,0x2af9,0x26b9,0x26bb,0x2ab9,0x3afa,0x577d,0x6fff,0x77ff,0x77ff,0x6fff,
	0x5bbf,0x475c,0x2edb,0x2699,0x2eda,0x3f5d,0x477e,0x3f3c,0x32b9,0x2657,0x2636,0x25b3,0x2152,0x1153,0x21f8,0x2193,
	0x2dd1,0x10b3,0x000f,0x0014,0x14b9,0x56bc,0x7fff,0x6fbe,0x4699,0x2e36,0x1df8,0x111a,0x14dd,0x291a,0x7319,0x7fff,
	0x7fff,0x7ffe,0x7fff,0x7fff,0x7fff,0x7fff,0x7fff,0x7fff,0x7fff,0x7fff,0x7fff,0x7fff,0x7fff,0x7fff,0x7fff,0x7fff,
	0x7fff,0x7fff,0x7fff,0x7fff,0x7fff,0x7fff,0x7fff,0x7fff,0x7fff,0x7fff,0x7fff,0x7fff,0x7fff,0x7fff,0x7fff,0x7fff,
	0x7fff,0x7fff,0x7fff,0x7fff,0x7fff,0x7fff,0x7fff,0x7fff,0x7fff,0x7fff,0x7fff,0x7fff,0x7fff,0x7fff,0x7fff,0x7fff,
	0x7fff,0x7fff,0x7fff,0x7fff,0x7fff,0x7fff,0x7fff,0x7fff,0x7fff,0x7fff,0x7fff,0x7fff,0x7fff,0x7fff,0x7fff,0x7fff,
	0x7fff,0x4631,0x0000,0x0000,0x0c63,0x6b5a,0x7fff,0x7fff,0x7fff,0x7fff,0x7fff,0x7fff,0x39ce,0x0000,0x0000,0x318c,
	0x7fff,0x7fff,0x7fff,0x7fff,0x7fff,0x7fff,0x6318,0x0842,0x0000,0x0000,0x294a,0x77bd,0x7fff,0x7fff,0x7fff,0x7fff,
	0x7fff,0x7fff,0x7fff,0x6f7b,0x18c6,0x0000,0x0000,0x3def,0x7fff,0x7fff,0x7fff,0x6b5a,0x0842,0x0000,0x18c6,0x77bd,
	0x7fff,0x7fff,0x7fff,0x7fff,0x7fff,0x7fff,0x7fff,0x7fff,0x7fff,0x7fff,0x56b5,0x0000,0x0000,0x35ad,0x7fff,0x7fff,
	0x7fff,0x7fff,0x7fff,0x7fff,0x7fff,0x7fff,0x7fff,0x7fff,0x7bff,0x5f5c,0x3275,0x158e,0x15f0,0x25ad,0x40e5,0x40c4,
	0x184c,0x0011,0x1cd4,0x4e39,0x6b7b,0x6f5c,0x6f5b,0x6359,0x4eb8,0x1a16,0x1e35,0x3f5d,0x3b9f,0x377d,0x2a96,0x2a35,
	0x2eda,0x2afc,0x3b5f,0x437f,0x4b9f,0x437f,0x373d,0x375e,0x377f,0x377f,0x3b7f,0x3f7f,0x437f,0x437f,0x477f,0x437f,
	0x3b5f,0x373e,0x26b9,0x1215,0x1616,0x11f5,0x0df5,0x09f5,0x0df4,0x0df4,0x22b9,0x373d,0x2eda,0x19f5,0x0db2,0x09b3,
	0x09d4,0x1a56,0x4f7e,0x63ff,0x63ff,0x63df,0x435c,0x1a99,0x0e39,0x0a18,0x0e16,0x2697,0x5bbe,0x73ff,0x6fff,0x5fbe,
	0x3f1c,0x2a9a,0x2ebb,0x435e,0x4f9e,0x5bdf,0x63ff,0x5fdf,0x471b,0x2637,0x25f5,0x1910,0x14f1,0x1e19,0x1e7b,0x1dd2,
	0x2972,0x0852,0x000f,0x0013,0x041a,0x423d,0x5f5c,0x3218,0x15b8,0x225b,0x2e79,0x31d9,0x151d,0x24fc,0x6a70,0x7bdd,
	0x7fff,0x7ffe,0x7ffe,0x7fff,0x7fff,0x7fff,0x7fff,0x7fff,0x7fff,0x7fff,0x7fff,0x7fff,0x7fff,0x7fff,0x7fff,0x7fff,
	0x7fff,0x7fff,0x7fff,0x7fff,0x7fff,0x7fff,0x7fff,0x7fff,0x7fff,0x7fff,0x7fff,0x7fff,0x7fff,0x7fff,0x7fff,0x7fff,
	0x7fff,0x7fff,0x7fff,0x7fff,0x7fff,0x7fff,0x7fff,0x7fff,0x7fff,0x7fff,0x7fff,0x7fff,0x7fff,0x7fff,0x7fff,0x7fff,
	0x7fff,0x7fff,0x7fff,0x7fff,0x7fff,0x7fff,0x7fff,0x7fff,0x7fff,0x7fff,0x7fff,0x7fff,0x7fff,0x7fff,0x7fff,0x7fff,
	0x7fff,0x739c,0x14a5,0x0000,0x0000,0x39ce,0x7fff,0x7fff,0x7fff,0x7fff,0x7fff,0x77bd,0x18c6,0x0000,0x0000,0x5ad6,
	0x7fff,0x7fff,0x7fff,0x7fff,0x7fff,0x7bde,0x2d6b,0x0000,0x0000,0x18c6,0x6f7b,0x7fff,0x7fff,0x7fff,0x7fff,0x7fff,
	0x7fff,0x7fff,0x7fff,0x7fff,0x4e73,0x0000,0x0000,0x1ce7,0x7bde,0x7fff,0x7fff,0x6b5a,0x0842,0x0000,0x18c6,0x77bd,
	0x7fff,0x7fff,0x7fff,0x7fff,0x7fff,0x7fff,0x7fff,0x7fff,0x7fff,0x7fff,0x56b5,0x0000,0x0000,0x35ad,0x7fff,0x7fff,
	0x7fff,0x7fff,0x7fff,0x7fff,0x7fff,0x7bff,0x7bff,0x7fff,0x7bdf,0x6f5b,0x56d8,0x3612,0x4147,0x4d22,0x3cc1,0x2069,
	0x0832,0x0014,0x0436,0x2958,0x6b5c,0x6f9b,0x6f5b,0x6b59,0x5f19,0x2677,0x1e36,0x333c,0x3b7e,0x3b9f,0x2eb8,0x2e76,
	0x2eda,0x2ada,0x3b5f,0x3b5e,0x479f,0x3f3d,0x26da,0x333d,0x377f,0x3b7f,0x3f7f,0x437f,0x437f,0x477f,0x4b7f,0x437f,
	0x375e,0x331d,0x1e78,0x1616,0x1216,0x0dd4,0x09b3,0x1216,0x1615,0x09d3,0x1ab9,0x377f,0x373d,0x2657,0x15d4,0x09d4,
	0x09f5,0x3af9,0x67fe,0x6bff,0x6bff,0x6bff,0x475d,0x1e99,0x1236,0x0df6,0x01b3,0x1634,0x537c,0x73ff,0x6bff,0x53be,
	0x2eba,0x2e9b,0x3f1c,0x5bdf,0x67ff,0x6bff,0x6bff,0x63df,0x46fb,0x2636,0x21f3,0x1911,0x1115,0x227b,0x1e59,0x2191,
	0x2d4e,0x0852,0x000f,0x0413,0x0058,0x1959,0x21b7,0x0d58,0x0558,0x2217,0x5f3c,0x671e,0x1d5c,0x18dc,0x6211,0x7759,
	0x7fde,0x7ffe,0x7bfe,0x7fff,0x7fff,0x7fff,0x7fff,0x7fff,0x7fff,0x7fff,0x7fff,0x7fff,0x7fff,0x7fff,0x7fff,0x7fff,
	0x7fff,0x7fff,0x7fff,0x7fff,0x7fff,0x7fff,0x7fff,0x7fff,0x7fff,0x7fff,0x7fff,0x7fff,0x7fff,0x7fff,0x7fff,0x7fff,
	0x7fff,0x7fff,0x7fff,0x7fff,0x7fff,0x7fff,0x7fff,0x7fff,0x7fff,0x7fff,0x7fff,0x7fff,0x7fff,0x7fff,0x7fff,0x7fff,
	0x7fff,0x7fff,0x7fff,0x7fff,0x7fff,0x7fff,0x7fff,0x7fff,0x7fff,0x7fff,0x7fff,0x7fff,0x7fff,0x7fff,0x7fff,0x7fff,
	0x7fff,0x7fff,0x4631,0x0000,0x0000,0x1084,0x6f7b,0x7fff,0x7fff,0x7fff,0x7fff,0x5ef7,0x0421,0x0000,0x14a5,0x739c,
	0x7fff,0x7fff,0x7fff,0x7fff,0x7fff,0x6318,0x0842,0x0000,0x0421,0x5294,0x7fff,0x7fff,0x7fff,0x7fff,0x7fff,0x7fff,
	0x7fff,0x7fff,0x7fff,0x7fff,0x6f7b,0x1084,0x0000,0x0c63,0x6f7b,0x7fff,0x7fff,0x6b5a,0x0842,0x0000,0x18c6,0x77bd,
	0x7fff,0x7fff,0x7fff,0x7fff,0x7fff,0x7fff,0x7fff,0x7fff,0x7fff,0x7fff,0x56b5,0x0000,0x0000,0x35ad,0x7fff,0x7fff,
	0x7fff,0x7fff,0x7fff,0x7fff,0x7fff,0x7fff,0x7fff,0x7fff,0x7fde,0x673a,0x56d8,0x41ad,0x5921,0x5900,0x3cc3,0x144b,
	0x0013,0x0014,0x0016,0x18d9,0x631c,0x6f7c,0x6f7c,0x6f7a,0x6339,0x3677,0x2257,0x26ba,0x3b5d,0x3bbf,0x2efa,0x2e97,
	0x2eda,0x2eda,0x3b3f,0x335e,0x439f,0x435e,0x331c,0x375e,0x3b7f,0x3b7f,0x3f7f,0x439f,0x437f,0x477f,0x477f,0x3f5e,
	0x375e,0x331d,0x1e78,0x11f5,0x15f5,0x0dd4,0x09b3,0x1a57,0x1a15,0x09d2,0x1e98,0x3b7f,0x373d,0x2657,0x15d4,0x09d4,
	0x0e16,0x473b,0x73ff,0x77ff,0x6fff,0x6fff,0x473c,0x1e58,0x0e16,0x09d4,0x0592,0x2256,0x5fbe,0x6fff,0x63df,0x4b7d,
	0x2e9a,0x2e9b,0x4b5d,0x63ff,0x6fff,0x73ff,0x6fff,0x535d,0x3ab9,0x21f5,0x1db1,0x1d73,0x1978,0x1e58,0x2214,0x212d,
	0x38e6,0x144e,0x000d,0x0030,0x1d96,0x2e59,0x19d9,0x0959,0x1596,0x3e96,0x7bde,0x671e,0x299c,0x191d,0x5a38,0x7316,
	0x7fdd,0x7fff,0x7bff,0x7bff,0x7fff,0x7fff,0x7fff,0x7fff,0x7fff,0x7fff,0x7fff,0x7fff,0x7fff,0x7fff,0x7fff,0x7fff,
	0x7fff,0x7fff,0x7fff,0x7fff,0x7fff,0x7fff,0x7fff,0x7fff,0x7fff,0x7fff,0x7fff,0x7fff,0x7fff,0x7fff,0x7fff,0x7fff,
	0x7fff,0x7fff,0x7fff,0x7fff,0x7fff,0x7fff,0x7fff,0x7fff,0x7fff,0x7fff,0x7fff,0x7fff,0x7fff,0x7fff,0x7fff,0x7fff,
	0x7fff,0x7fff,0x7fff,0x7fff,0x7fff,0x7fff,0x7fff,0x7fff,0x7fff,0x7fff,0x7fff,0x7fff,0x7fff,0x7fff,0x7fff,0x7fff,
	0x7fff,0x7fff,0x739c,0x14a5,0x0000,0x0000,0x4a52,0x7fff,0x7fff,0x7fff,0x7fff,0x3def,0x0000,0x0000,0x2d6b,0x7fff,
	0x7fff,0x7fff,0x7fff,0x7fff,0x7fff,0x35ad,0x0000,0x0000,0x2529,0x7bde,0x7fff,0x7fff,0x7fff,0x7fff,0x7fff,0x7fff,
	0x7fff,0x7fff,0x7fff,0x7fff,0x7bde,0x2108,0x0000,0x0421,0x6318,0x7fff,0x7fff,0x6b5a,0x0842,0x0000,0x18c6,0x77bd,
	0x7fff,0x7fff,0x7fff,0x7fff,0x7fff,0x7fff,0x7fff,0x7fff,0x7fff,0x7fff,0x56b5,0x0000,0x0000,0x35ad,0x7fff,0x7fff,
	0x7fff,0x7fff,0x7fff,0x7fff,0x7fff,0x7fff,0x7fff,0x7fff,0x7ffd,0x5f1a,0x5297,0x4967,0x5520,0x5500,0x3ce3,0x186b,
	0x0012,0x0013,0x0015,0x14b7,0x5ada,0x6f7d,0x737c,0x6b9a,0x675a,0x4a98,0x2258,0x2278,0x32da,0x337e,0x2f1b,0x2eb8,
	0x2ed9,0x3afc,0x435f,0x335f,0x3b7f,0x4b7f,0x437e,0x3f7f,0x3f7f,0x3f7f,0x437f,0x479f,0x437f,0x437f,0x477e,0x3f5e,
	0x373d,0x333d,0x2ada,0x1615,0x15f5,0x0db3,0x0db2,0x1a36,0x1214,0x11f3,0x2699,0x3b3e,0x2eda,0x1615,0x11f5,0x0df5,
	0x1216,0x36ba,0x6bde,0x77ff,0x77ff,0x73ff,0x4b1b,0x1e58,0x05d5,0x01b3,0x19f4,0x46fa,0x67ff,0x63fe,0x5fff,0x53bf,
	0x2eba,0x229b,0x4f7d,0x6bff,0x77ff,0x77ff,0x5f9e,0x32b9,0x2257,0x21f5,0x21b3,0x1d94,0x19b9,0x2616,0x25b0,0x20ca,
	0x4882,0x2c68,0x086e,0x1d94,0x5b7c,0x537c,0x15d8,0x0536,0x2dd5,0x5af8,0x77de,0x675d,0x39db,0x255e,0x4e7d,0x7736,
	0x7fdd,0x7fff,0x7bff,0x7fff,0x7fff,0x7fff,0x7fff,0x7fff,0x7fff,0x7fff,0x7fff,0x7fff,0x7fff,0x7fff,0x7fff,0x7fff,
	0x7fff,0x7fff,0x7fff,0x7fff,0x7fff,0x7fff,0x7fff,0x7fff,0x7fff,0x7fff,0x7fff,0x7fff,0x7fff,0x7fff,0x7fff,0x7fff,
	0x7fff,0x7fff,0x7fff,0x7fff,0x7fff,0x7fff,0x7fff,0x7fff,0x7fff,0x7fff,0x7fff,0x7fff,0x7fff,0x7fff,0x7fff,0x7fff,
	0x7fff,0x7fff,0x7fff,0x7fff,0x7fff,0x7fff,0x7fff,0x7fff,0x7fff,0x7fff,0x7fff,0x7fff,0x7fff,0x7fff,0x7fff,0x7fff,
	0x7fff,0x7fff,0x7fff,0x4210,0x0000,0x0000,0x2108,0x7bde,0x7fff,0x7fff,0x7bde,0x1ce7,0x0000,0x0000,0x5294,0x7fff,
	0x7fff,0x7fff,0x7fff,0x7fff,0x739c,0x14a5,0x0000,0x0000,0x56b5,0x7fff,0x7fff,0x7fff,0x7fff,0x7fff,0x7fff,0x7fff,
	0x7fff,0x7fff,0x7fff,0x7fff,0x7fff,0x2d6b,0x0000,0x0000,0x56b5,0x7fff,0x7fff,0x6b5a,0x0842,0x0000,0x18c6,0x77bd,
	0x7fff,0x7fff,0x7fff,0x7fff,0x7fff,0x7fff,0x7fff,0x7fff,0x7fff,0x7fff,0x5294,0x0000,0x0000,0x35ad,0x7fff,0x7fff,
	0x7fff,0x7fff,0x7fff,0x7fff,0x7fff,0x7fff,0x7fff,0x7fff,0x7ffe,0x5b1a,0x4612,0x4d44,0x5100,0x5120,0x40e2,0x24aa,
	0x0432,0x0012,0x0014,0x0c76,0x4a58,0x6f7c,0x739c,0x73bb,0x6b5a,0x631b,0x1df4,0x1e37,0x2a99,0x2adc,0x2ada,0x2eb8,
	0x32d9,0x3f1c,0x477f,0x377f,0x335e,0x437f,0x477f,0x477f,0x477f,0x477f,0x477f,0x477f,0x437f,0x437e,0x435e,0x3b5e,
	0x373d,0x373e,0x331c,0x2298,0x11f3,0x15f3,0x11b2,0x1191,0x0d70,0x11b1,0x1e15,0x2678,0x1a36,0x0df4,0x0df5,0x1216,
	0x1217,0x1a38,0x36fa,0x4f5c,0x679e,0x6fdf,0x4f5c,0x2298,0x1e77,0x2ed9,0x4f7d,0x63df,0x63ff,0x5ffe,0x57de,0x4f9e,
	0x3b1c,0x2efc,0x4f9e,0x63df,0x5f9d,0x4f3b,0x32b8,0x1e56,0x1e37,0x21f5,0x1d71,0x1551,0x1dd5,0x3234,0x3211,0x49af,
	0x48a2,0x3929,0x3656,0x537d,0x5f9d,0x46bc,0x25fa,0x3239,0x675b,0x7fdf,0x77de,0x675b,0x4619,0x253d,0x31dd,0x7315,
	0x7fdc,0x7fff,0x7fff,0x7fff,0x7fff,0x7fff,0x7fff,0x7fff,0x7fff,0x7fff,0x7fff,0x7fff,0x7fff,0x7fff,0x7fff,0x7fff,
	0x7fff,0x7fff,0x7fff,0x7fff,0x7fff,0x7fff,0x7fff,0x7fff,0x7fff,0x7fff,0x7fff,0x7fff,0x7fff,0x7fff,0x7fff,0x7fff,
	0x7fff,0x7fff,0x7fff,0x7fff,0x7fff,0x7fff,0x7fff,0x7fff,0x7fff,0x7fff,0x7fff,0x7fff,0x7fff,0x7fff,0x7fff,0x7fff,
	0x7fff,0x7fff,0x7fff,0x7fff,0x7fff,0x7fff,0x7fff,0x7fff,0x7fff,0x7fff,0x7fff,0x7fff,0x7fff,0x7fff,0x7fff,0x7fff,
	0x7fff,0x7fff,0x7fff,0x6b5a,0x0c63,0x0000,0x0842,0x6318,0x7fff,0x7fff,0x6739,0x0842,0x0000,0x0c63,0x6f7b,0x7fff,
	0x7fff,0x7fff,0x7fff,0x7fff,0x5ad6,0x0000,0x0000,0x18c6,0x77bd,0x7fff,0x7fff,0x7fff,0x7fff,0x7fff,0x7fff,0x7fff,
	0x7fff,0x7fff,0x7fff,0x7fff,0x7fff,0x35ad,0x0000,0x0000,0x5294,0x7fff,0x7fff,0x6b5a,0x0842,0x0000,0x18c6,0x77bd,
	0x7fff,0x7fff,0x7fff,0x7fff,0x7fff,0x7fff,0x7fff,0x7fff,0x7fff,0x7fff,0x4e73,0x0000,0x0000,0x35ad,0x7fff,0x7fff,
	0x7fff,0x7fff,0x7fff,0x7fff,0x7fff,0x7fff,0x7fff,0x7bff,0x7ffe,0x5ef8,0x3d8b,0x4d22,0x5520,0x5500,0x4ce0,0x51cd,
	0x2516,0x0013,0x0013,0x0434,0x3597,0x6b7c,0x739c,0x779c,0x779c,0x6b5d,0x29d2,0x1172,0x2659,0x2abb,0x2aba,0x32db,
	0x32b9,0x36d8,0x477d,0x439e,0x3b7e,0x375f,0x3f5f,0x477f,0x477f,0x477f,0x477f,0x477f,0x437f,0x437e,0x3f5e,0x3f5e,
	0x3b3e,0x3b3d,0x373d,0x2efb,0x11d3,0x11d2,0x15d3,0x15d2,0x11b2,0x0db2,0x0db3,0x0dd4,0x0df5,0x0df6,0x11f6,0x1217,
	0x1617,0x1618,0x0e38,0x1258,0x2679,0x32da,0x371b,0x3f5c,0x5bde,0x67ff,0x63ff,0x5fff,0x57df,0x53df,0x4b7e,0x32fa,
	0x1a56,0x1a36,0x2a98,0x32ba,0x2678,0x1e36,0x1e57,0x2237,0x21f6,0x1530,0x10ee,0x25d3,0x3255,0x4274,0x5f59,0x66f7,
	0x3508,0x4ab5,0x579d,0x579e,0x3edb,0x193c,0x255d,0x56fd,0x7ffe,0x7fff,0x77be,0x673b,0x4a18,0x293e,0x215d,0x66d6,
	0x7bdc,0x7fff,0x7fff,0x7fff,0x7fff,0x7fff,0x7fff,0x7fff,0x7fff,0x7fff,0x7fff,0x7fff,0x7fff,0x7fff,0x7fff,0x7fff,
	0x7fff,0x7fff,0x7fff,0x7fff,0x7fff,0x7fff,0x7fff,0x7fff,0x7fff,0x7fff,0x7fff,0x7fff,0x7fff,0x7fff,0x7fff,0x7fff,
	0x7fff,0x7fff,0x7fff,0x7fff,0x7fff,0x7fff,0x7fff,0x7fff,0x7fff,0x7fff,0x7fff,0x7fff,0x7fff,0x7fff,0x7fff,0x7fff,
	0x7fff,0x7fff,0x7fff,0x7fff,0x7fff,0x7fff,0x7fff,0x7fff,0x7fff,0x7fff,0x7fff,0x7fff,0x7fff,0x7fff,0x7fff,0x7fff,
	0x7fff,0x7fff,0x7fff,0x7fff,0x2d6b,0x0000,0x0000,0x4210,0x7fff,0x7fff,0x4631,0x0000,0x0000,0x294a,0x7fff,0x7fff,
	0x7fff,0x7fff,0x7fff,0x7fff,0x3def,0x0000,0x0000,0x35ad,0x7fff,0x7fff,0x7fff,0x7fff,0x7fff,0x7fff,0x7fff,0x7fff,
	0x7fff,0x7fff,0x7fff,0x7fff,0x7fff,0x39ce,0x0000,0x0000,0x5294,0x7fff,0x7fff,0x6b5a,0x0842,0x0000,0x18c6,0x77bd,
	0x7fff,0x7fff,0x7fff,0x7fff,0x7fff,0x7fff,0x7fff,0x7fff,0x7fff,0x7fff,0x4a52,0x0000,0x0000,0x39ce,0x7fff,0x7fff,
	0x7fff,0x7fff,0x7fff,0x7fff,0x7fff,0x7fff,0x7fff,0x7bff,0x7ffe,0x5ef7,0x2d07,0x4d21,0x5920,0x5901,0x5100,0x668f,
	0x35b9,0x0014,0x0014,0x0013,0x2917,0x6b7d,0x739d,0x779c,0x737c,0x737d,0x4a77,0x1d72,0x19b4,0x267b,0x26dc,0x2aba,
	0x2e99,0x2636,0x2e57,0x435d,0x439f,0x3b7f,0x375e,0x437e,0x477f,0x479f,0x479f,0x477f,0x477f,0x435e,0x435e,0x3f5e,
	0x3b5d,0x373d,0x3b3d,0x32fb,0x1614,0x0db2,0x15d3,0x1e15,0x1a15,0x1a36,0x1a36,0x1616,0x1616,0x1637,0x1637,0x1658,
	0x1a58,0x1e79,0x1e79,0x229a,0x26bb,0x2adb,0x331b,0x3f5c,0x4fbe,0x57df,0x57df,0x53df,0x4fbf,0x4b9f,0x477f,0x3afc,
	0x2a78,0x2678,0x2eba,0x2edb,0x2299,0x1e37,0x2638,0x25d6,0x2194,0x21b5,0x29f7,0x2a15,0x3253,0x5f3a,0x7ffe,0x6f5b,
	0x31f2,0x4f5a,0x5f9e,0x4f3c,0x3abb,0x195d,0x0c5c,0x3e1d,0x7bff,0x7fff,0x779e,0x6739,0x4a17,0x24fd,0x18dd,0x5a56,
	0x77bd,0x7bff,0x7ffe,0x7fff,0x7fff,0x7fff,0x7fff,0x7fff,0x7fff,0x7fff,0x7fff,0x7fff,0x7fff,0x7fff,0x7fff,0x7fff,
	0x7fff,0x7fff,0x7fff,0x7fff,0x7fff,0x7fff,0x7fff,0x7fff,0x7fff,0x7fff,0x7fff,0x7fff,0x7fff,0x7fff,0x7fff,0x7fff,
	0x7fff,0x7fff,0x7fff,0x7fff,0x7fff,0x7fff,0x7fff,0x7fff,0x7fff,0x7fff,0x7fff,0x7fff,0x7fff,0x7fff,0x7fff,0x7fff,
	0x7fff,0x7fff,0x7fff,0x7fff,0x7fff,0x7fff,0x7fff,0x7fff,0x7fff,0x7fff,0x7fff,0x7fff,0x7fff,0x7fff,0x7fff,0x7fff,
	0x7fff,0x7fff,0x7fff,0x7fff,0x4e73,0x0000,0x0000,0x18c6,0x77bd,0x7fff,0x2529,0x0000,0x0000,0x4a52,0x7fff,0x7fff,
	0x7fff,0x7fff,0x7fff,0x7fff,0x2529,0x0000,0x0000,0x56b5,0x7fff,0x7fff,0x7fff,0x7fff,0x7fff,0x7fff,0x7fff,0x7fff,
	0x7fff,0x7fff,0x7fff,0x7fff,0x7fff,0x39ce,0x0000,0x0000,0x5294,0x7fff,0x7fff,0x6b5a,0x0842,0x0000,0x18c6,0x77bd,
	0x7fff,0x7fff,0x7fff,0x7fff,0x7fff,0x7fff,0x7fff,0x7fff,0x7fff,0x7fff,0x4631,0x0000,0x0000,0x3def,0x7fff,0x7fff,
	0x7fff,0x7fff,0x7fff,0x7fff,0x7fff,0x7fff,0x7bff,0x7bde,0x779b,0x62d6,0x2cc4,0x48e0,0x5d20,0x5901,0x5100,0x664e,
	0x3178,0x0015,0x0014,0x0013,0x20f7,0x631c,0x739c,0x739c,0x739c,0x739d,0x56b8,0x18ec,0x0cee,0x1994,0x2217,0x2655,
	0x2676,0x2679,0x19d5,0x1df6,0x371d,0x439e,0x3b5e,0x3f7e,0x3b5d,0x3b5e,0x3b7f,0x3b7f,0x437f,0x3f5e,0x433d,0x475e,
	0x3b5e,0x375e,0x333c,0x32da,0x2e99,0x2aba,0x26b9,0x26ba,0x2aba,0x2adb,0x2f1c,0x2efb,0x2a99,0x2278,0x1e98,0x1e99,
	0x26da,0x3b1c,0x435e,0x435e,0x435e,0x3b3d,0x331c,0x2efb,0x2afb,0x333c,0x479e,0x4fbf,0x4b9f,0x435e,0x36ba,0x2657,
	0x2eba,0x433d,0x437e,0x439f,0x3b3d,0x2657,0x1dd4,0x21b5,0x21d7,0x19d9,0x1176,0x25d4,0x571a,0x7bde,0x77dd,0x5f3b,
	0x3e98,0x4f5c,0x5b9d,0x579d,0x3afc,0x21db,0x087b,0x2d7c,0x73be,0x7ffe,0x7bbe,0x6b5b,0x4e37,0x211d,0x10be,0x41f8,
	0x737d,0x7ffe,0x7ffe,0x7fff,0x7fff,0x7fff,0x7fff,0x7fff,0x7fff,0x7fff,0x7fff,0x7fff,0x7fff,0x7fff,0x7fff,0x7fff,
	0x7fff,0x7fff,0x7fff,0x7fff,0x7fff,0x7fff,0x7fff,0x7fff,0x7fff,0x7fff,0x7fff,0x7fff,0x7fff,0x7fff,0x7fff,0x7fff,
	0x7fff,0x7fff,0x7fff,0x7fff,0x7fff,0x7fff,0x7fff,0x7fff,0x7fff,0x7fff,0x7fff,0x7fff,0x7fff,0x7fff,0x7fff,0x7fff,
	0x7fff,0x7fff,0x7fff,0x7fff,0x7fff,0x7fff,0x7fff,0x7fff,0x7fff,0x7fff,0x7fff,0x7fff,0x7fff,0x7fff,0x7fff,0x7fff,
	0x7fff,0x7fff,0x7fff,0x7fff,0x6f7b,0x1084,0x0000,0x0000,0x4e73,0x6f7b,0x0c63,0x0000,0x0842,0x6739,0x7fff,0x7fff,
	0x7fff,0x7fff,0x7fff,0x77bd,0x14a5,0x0000,0x0842,0x6b5a,0x7fff,0x7fff,0x7fff,0x7fff,0x7fff,0x7fff,0x7fff,0x7fff,
	0x7fff,0x7fff,0x7fff,0x7fff,0x7fff,0x318c,0x0000,0x0000,0x5294,0x7fff,0x7fff,0x6f7b,0x0c63,0x0000,0x18c6,0x77bd,
	0x7fff,0x7fff,0x7fff,0x7fff,0x7fff,0x7fff,0x7fff,0x7fff,0x7fff,0x7fff,0x3def,0x0000,0x0000,0x4631,0x7fff,0x7fff,
	0x7fff,0x7fff,0x7fff,0x7fff,0x7fff,0x7fff,0x7fff,0x777a,0x5e0e,0x5ab4,0x34c3,0x44e0,0x5900,0x5500,0x5100,0x5dcb,
	0x2916,0x0016,0x0015,0x0014,0x1cd7,0x56dc,0x739c,0x779c,0x779c,0x7b9c,0x7bbd,0x4e97,0x2572,0x0cf2,0x1955,0x2a36,
	0x2674,0x2696,0x32db,0x21f8,0x19b6,0x32db,0x4b9f,0x435e,0x1e56,0x26da,0x335e,0x377f,0x3b7e,0x3f7e,0x433c,0x433c,
	0x435f,0x375e,0x2f1c,0x2a99,0x36fb,0x2efc,0x22da,0x1e99,0x2699,0x26db,0x2f3d,0x3f7f,0x3b1c,0x2a98,0x22b9,0x22b9,
	0x2edb,0x4b7e,0x477e,0x477e,0x439f,0x3b5d,0x2f1c,0x22b9,0x1657,0x2298,0x477d,0x4f9f,0x3f3d,0x2e9a,0x2a58,0x3afc,
	0x3f7f,0x439f,0x3f7e,0x439f,0x3f1c,0x1db3,0x1d93,0x21b7,0x19b7,0x15b8,0x2a19,0x633b,0x7bff,0x77de,0x637c,0x42d9,
	0x4f7e,0x4f7d,0x4f7b,0x46f9,0x2a1a,0x153c,0x043c,0x1cdd,0x62fe,0x7fff,0x7bde,0x6b5c,0x5258,0x257e,0x0cbe,0x2958,
	0x6f5d,0x7ffe,0x7fff,0x7fff,0x7fff,0x7fff,0x7fff,0x7fff,0x7fff,0x7fff,0x7fff,0x7fff,0x7fff,0x7fff,0x7fff,0x7fff,
	0x7fff,0x7fff,0x7fff,0x7fff,0x7fff,0x7fff,0x7fff,0x7fff,0x7fff,0x7fff,0x7fff,0x7fff,0x7fff,0x7fff,0x7fff,0x7fff,
	0x7fff,0x7fff,0x7fff,0x7fff,0x7fff,0x7fff,0x7fff,0x7fff,0x7fff,0x7fff,0x7fff,0x7fff,0x7fff,0x7fff,0x7fff,0x7fff,
	0x7fff,0x7fff,0x7fff,0x7fff,0x7fff,0x7fff,0x7fff,0x7fff,0x7fff,0x7fff,0x7fff,0x7fff,0x7fff,0x7fff,0x7fff,0x7fff,
	0x7fff,0x7fff,0x7fff,0x7fff,0x7fff,0x35ad,0x0000,0x0000,0x1ce7,0x4210,0x0000,0x0000,0x2108,0x7bde,0x7fff,0x7fff,
	0x7fff,0x7fff,0x7fff,0x6f7b,0x0842,0x0000,0x14a5,0x77bd,0x7fff,0x7fff,0x7fff,0x7fff,0x7fff,0x7fff,0x7fff,0x7fff,
	0x7fff,0x7fff,0x7fff,0x7fff,0x7fff,0x294a,0x0000,0x0000,0x5ef7,0x7fff,0x7fff,0x6f7b,0x0c63,0x0000,0x18c6,0x77bd,
	0x7fff,0x7fff,0x7fff,0x7fff,0x7fff,0x7fff,0x7fff,0x7fff,0x7fff,0x7fff,0x318c,0x0000,0x0000,0x4e73,0x7fff,0x7fff,
	0x7fff,0x7fff,0x7fff,0x7fff,0x7fff,0x7fff,0x7fdd,0x6a8f,0x5524,0x5eb3,0x34e5,0x48c0,0x5520,0x5500,0x5500,0x4926,
	0x1c93,0x0017,0x0016,0x0415,0x18d7,0x4a7a,0x739d,0x77bd,0x7bbd,0x7bbc,0x7bdd,0x77df,0x5f3d,0x2594,0x10f2,0x1556,
	0x2239,0x2a97,0x2676,0x36bb,0x21b6,0x1df7,0x36fa,0x4b5e,0x2eb9,0x1e77,0x2f1c,0x377f,0x3b7f,0x437e,0x3f3c,0x3f1b,
	0x435e,0x375e,0x2f1c,0x2ab9,0x32db,0x2adb,0x1e99,0x1657,0x11d3,0x2298,0x2f3d,0x3f7f,0x3f3d,0x2a98,0x1e77,0x26ba,
	0x3f3e,0x4f9f,0x4f9f,0x4b9f,0x373c,0x2afb,0x22b9,0x1a78,0x1657,0x2eda,0x477e,0x477f,0x329a,0x19f5,0x2ebb,0x435e,
	0x4fbf,0x47df,0x3f5d,0x3f1c,0x21d3,0x1952,0x1d96,0x1597,0x1595,0x3257,0x4f1b,0x5f7c,0x575b,0x4f5c,0x4b5c,0x4f7d,
	0x4f7d,0x537d,0x4b3b,0x4298,0x14b6,0x001b,0x001f,0x043e,0x423e,0x7bff,0x7fde,0x777b,0x5699,0x257f,0x08be,0x1d19,
	0x6b5e,0x7fff,0x7bff,0x7fff,0x7fff,0x7fff,0x7fff,0x7fff,0x7fff,0x7fff,0x7fff,0x7fff,0x7fff,0x7fff,0x7fff,0x7fff,
	0x7fff,0x7fff,0x7fff,0x7fff,0x7fff,0x7fff,0x7fff,0x7fff,0x7fff,0x7fff,0x7fff,0x7fff,0x7fff,0x7fff,0x7fff,0x7fff,
	0x7fff,0x7fff,0x7fff,0x7fff,0x7fff,0x7fff,0x7fff,0x7fff,0x7fff,0x7fff,0x7fff,0x7fff,0x7fff,0x7fff,0x7fff,0x7fff,
	0x7fff,0x7fff,0x7fff,0x7fff,0x7fff,0x7fff,0x7fff,0x7fff,0x7fff,0x7fff,0x7fff,0x7fff,0x7fff,0x7fff,0x7fff,0x7fff,
	0x7fff,0x7fff,0x7fff,0x7fff,0x7fff,0x6318,0x0842,0x0000,0x0000,0x0842,0x0000,0x0000,0x4210,0x7fff,0x7fff,0x7fff,
	0x7fff,0x7fff,0x7fff,0x6739,0x0421,0x0000,0x2108,0x7bde,0x7fff,0x7fff,0x7fff,0x7fff,0x7fff,0x7fff,0x7fff,0x7fff,
	0x7fff,0x7fff,0x7fff,0x7fff,0x7bde,0x18c6,0x0000,0x0842,0x6739,0x7fff,0x7fff,0x6f7b,0x0c63,0x0000,0x18c6,0x77bd,
	0x7fff,0x7fff,0x7fff,0x7fff,0x7fff,0x7fff,0x7fff,0x7fff,0x7fff,0x7fff,0x2529,0x0000,0x0000,0x5ad6,0x7fff,0x7fff,
	0x7fff,0x7fff,0x7fff,0x7fff,0x7fff,0x7bdf,0x6f57,0x5943,0x6122,0x66d2,0x3507,0x48c1,0x5500,0x5500,0x5900,0x48c2,
	0x1c50,0x0019,0x0418,0x0416,0x14b7,0x425a,0x739c,0x7bbd,0x77be,0x7bbd,0x677b,0x42b8,0x46d9,0x3e57,0x1db5,0x04f5,
	0x0917,0x1df9,0x2a37,0x3298,0x32ba,0x1d95,0x2e98,0x3297,0x473c,0x36da,0x2ada,0x333d,0x3b7f,0x3f7f,0x435d,0x435d,
	0x3f5e,0x375e,0x373d,0x32fc,0x2eba,0x26ba,0x2299,0x1a57,0x11f4,0x2aba,0x375e,0x3f5e,0x36fb,0x2ab9,0x2ada,0x2efc,
	0x3f5e,0x4b7e,0x4f9e,0x4fbe,0x331a,0x22ba,0x1258,0x1257,0x2ada,0x3f3d,0x437f,0x3f5e,0x2658,0x19d5,0x36fb,0x477d,
	0x57df,0x53de,0x3aba,0x1992,0x1571,0x1d94,0x1154,0x1997,0x2a38,0x4719,0x4f5b,0x431c,0x473c,0x4b3c,0x5b7c,0x639c,
	0x6359,0x4def,0x458b,0x4d67,0x3cea,0x1855,0x001e,0x001e,0x2d9e,0x6b5f,0x7fdf,0x7bbd,0x5edb,0x255e,0x08be,0x1d3a,
	0x6b5e,0x7fff,0x7bff,0x7fff,0x7fff,0x7fff,0x7fff,0x7fff,0x7fff,0x7fff,0x7fff,0x7fff,0x7fff,0x7fff,0x7fff,0x7fff,
	0x7fff,0x7fff,0x7fff,0x7fff,0x7fff,0x7fff,0x7fff,0x7fff,0x7fff,0x7fff,0x7fff,0x7fff,0x7fff,0x7fff,0x7fff,0x7fff,
	0x7fff,0x7fff,0x7fff,0x7fff,0x7fff,0x7fff,0x7fff,0x7fff,0x7fff,0x7fff,0x7fff,0x7fff,0x7fff,0x7fff,0x7fff,0x7fff,
	0x7fff,0x7fff,0x7fff,0x7fff,0x7fff,0x7fff,0x7fff,0x7fff,0x7fff,0x7fff,0x7fff,0x7fff,0x7fff,0x7fff,0x7fff,0x7fff,
	0x7fff,0x7fff,0x7fff,0x7fff,0x7fff,0x7fff,0x318c,0x0000,0x0000,0x0000,0x0000,0x0421,0x6318,0x7fff,0x7fff,0x7fff,
	0x7fff,0x7fff,0x7fff,0x6318,0x0421,0x0000,0x2529,0x7fff,0x7fff,0x7fff,0x7fff,0x7fff,0x7fff,0x7fff,0x7fff,0x7fff,
	0x7fff,0x7fff,0x7fff,0x7fff,0x6f7b,0x0c63,0x0000,0x1084,0x739c,0x7fff,0x7fff,0x739c,0x1084,0x0000,0x14a5,0x77bd,
	0x7fff,0x7fff,0x7fff,0x7fff,0x7fff,0x7fff,0x7fff,0x7fff,0x7fff,0x7bde,0x1ce7,0x0000,0x0421,0x6318,0x7fff,0x7fff,
	0x7fff,0x7fff,0x7fff,0x7fff,0x7fff,0x7359,0x5dea,0x5d01,0x6122,0x6692,0x3108,0x348a,0x5903,0x5920,0x5900,0x54e0,
	0x286c,0x0418,0x001a,0x0017,0x1097,0x463a,0x739d,0x7fbe,0x7bde,0x7fdd,0x637c,0x2257,0x11f5,0x15f4,0x19f5,0x21f7,
	0x1dd6,0x0916,0x1538,0x2a5b,0x32fc,0x2a79,0x32fc,0x32fa,0x2e98,0x36d9,0x3f1b,0x3f5d,0x3b7e,0x3f7e,0x477f,0x477f,
	0x3f7f,0x3b5e,0x373d,0x331c,0x2efc,0x26ba,0x1e58,0x1615,0x11f4,0x2298,0x32fc,0x36fc,0x32db,0x2edb,0x2efb,0x2afb,
	0x2f1c,0x435d,0x4f9e,0x57be,0x36d9,0x2278,0x229b,0x32fd,0x475e,0x437e,0x3b5e,0x3b3f,0x32dc,0x2eba,0x435d,0x4b5d,
	0x3efb,0x2615,0x19b4,0x21f7,0x21d5,0x1db3,0x21b2,0x3eb8,0x4b3d,0x3b1b,0x2eda,0x3b1c,0x433b,0x533b,0x73be,0x77de,
	0x7f99,0x5d25,0x58c0,0x5d00,0x5d89,0x3954,0x087e,0x001f,0x18de,0x4a7f,0x7bfe,0x77de,0x5f1d,0x215e,0x089e,0x18f8,
	0x675d,0x7fff,0x7fff,0x7fff,0x7fff,0x7fff,0x7fff,0x7fff,0x7fff,0x7fff,0x7fff,0x7fff,0x7fff,0x7fff,0x7fff,0x7fff,
	0x7fff,0x7fff,0x7fff,0x7fff,0x7fff,0x7fff,0x7fff,0x7fff,0x7fff,0x7fff,0x7fff,0x7fff,0x7fff,0x7fff,0x7fff,0x7fff,
	0x7fff,0x7fff,0x7fff,0x7fff,0x7fff,0x7fff,0x7fff,0x7fff,0x7fff,0x7fff,0x7fff,0x7fff,0x7fff,0x7fff,0x7fff,0x7fff,
	0x7fff,0x7fff,0x7fff,0x7fff,0x7fff,0x7fff,0x7fff,0x7fff,0x7fff,0x7fff,0x7fff,0x7fff,0x7fff,0x7fff,0x7fff,0x7fff,
	0x7fff,0x7fff,0x7fff,0x7fff,0x7fff,0x7fff,0x6739,0x0c63,0x0000,0x0000,0x0000,0x1ce7,0x7bde,0x7fff,0x7fff,0x7fff,
	0x7fff,0x7fff,0x7fff,0x5ef7,0x0421,0x0000,0x294a,0x7fff,0x7fff,0x7fff,0x7fff,0x7fff,0x7fff,0x7fff,0x7fff,0x7fff,
	0x7fff,0x7fff,0x7fff,0x7fff,0x56b5,0x0000,0x0000,0x2529,0x7bde,0x7fff,0x7fff,0x77bd,0x14a5,0x0000,0x0c63,0x739c,
	0x7fff,0x7fff,0x7fff,0x7fff,0x7fff,0x7fff,0x7fff,0x7fff,0x7fff,0x739c,0x1084,0x0000,0x0c63,0x6f7b,0x7fff,0x7fff,
	0x7fff,0x7fff,0x7fff,0x7fff,0x7fff,0x6a91,0x5100,0x6521,0x5d42,0x6294,0x20f2,0x1858,0x48c5,0x5900,0x5501,0x54e0,
	0x3ca7,0x1833,0x001a,0x0018,0x1098,0x461a,0x77bd,0x7fde,0x7bde,0x7ffd,0x679c,0x2277,0x1a37,0x1a36,0x42d9,0x73de,
	0x67bc,0x3e78,0x1976,0x0d35,0x199a,0x263c,0x32bb,0x32db,0x32fb,0x2eda,0x2eb8,0x36f9,0x475d,0x477f,0x3f7f,0x3b5f,
	0x3b5e,0x3b5e,0x3b3d,0x373d,0x331c,0x2efb,0x2ada,0x26b9,0x2698,0x2699,0x2ab9,0x2aba,0x2aba,0x2ada,0x2ada,0x2adb,
	0x2afb,0x2f1c,0x333c,0x3b5d,0x373c,0x3b3d,0x3f5e,0x3f5e,0x3f5e,0x3b5e,0x3b5e,0x3b5f,0x3b1e,0x36fd,0x2a79,0x1df5,
	0x1df6,0x2a19,0x2a19,0x25d6,0x2592,0x3e34,0x5f39,0x6fde,0x533b,0x36ba,0x36fc,0x431c,0x537d,0x5f9d,0x77be,0x77dd,
	0x7f9a,0x5d45,0x58e0,0x58e0,0x5524,0x5633,0x211e,0x001e,0x003d,0x297e,0x77df,0x7bde,0x5afe,0x10be,0x047e,0x1099,
	0x631c,0x7fff,0x7fff,0x7fff,0x7fff,0x7fff,0x7fff,0x7fff,0x7fff,0x7fff,0x7fff,0x7fff,0x7fff,0x7fff,0x7fff,0x7fff,
	0x7fff,0x7fff,0x7fff,0x7fff,0x7fff,0x7fff,0x7fff,0x7fff,0x7fff,0x7fff,0x7fff,0x7fff,0x7fff,0x7fff,0x7fff,0x7fff,
	0x7fff,0x7fff,0x7fff,0x7fff,0x7fff,0x7fff,0x7fff,0x7fff,0x7fff,0x7fff,0x7fff,0x7fff,0x7fff,0x7fff,0x7fff,0x7fff,
	0x7fff,0x7fff,0x7fff,0x7fff,0x7fff,0x7fff,0x7fff,0x7fff,0x7fff,0x7fff,0x7fff,0x7fff,0x7fff,0x7fff,0x7fff,0x7fff,
	0x7fff,0x7fff,0x7fff,0x7fff,0x7fff,0x7fff,0x7fff,0x39ce,0x0000,0x0000,0x0000,0x4210,0x7fff,0x7fff,0x7fff,0x7fff,
	0x7fff,0x7fff,0x7fff,0x6318,0x0421,0x0000,0x2529,0x7fff,0x7fff,0x7fff,0x7fff,0x7fff,0x7fff,0x7fff,0x7fff,0x7fff,
	0x7fff,0x7fff,0x7fff,0x7fff,0x35ad,0x0000,0x0000,0x3def,0x7fff,0x7fff,0x7fff,0x7bde,0x1ce7,0x0000,0x0842,0x6739,
	0x7fff,0x7fff,0x7fff,0x7fff,0x7fff,0x7fff,0x7fff,0x7fff,0x7fff,0x6318,0x0421,0x0000,0x18c6,0x77bd,0x7fff,0x7fff,
	0x7fff,0x7fff,0x7fff,0x7fff,0x7759,0x5987,0x5921,0x6d20,0x6962,0x5655,0x0c7d,0x083d,0x3cab,0x5502,0x5901,0x5501,
	0x50c3,0x286e,0x001a,0x0019,0x1499,0x421a,0x73bd,0x7bbd,0x7bde,0x7ffd,0x6bbd,0x2e77,0x2257,0x2257,0x4af9,0x77de,
	0x7bff,0x73be,0x573b,0x29f2,0x0d0f,0x15b7,0x3add,0x329a,0x2a58,0x2a9a,0x2ebb,0x2e9a,0x2e99,0x32db,0x373d,0x373d,
	0x331c,0x331c,0x373d,0x373d,0x371c,0x331b,0x2ab9,0x2278,0x2257,0x2677,0x2a99,0x2ab9,0x2ab9,0x26da,0x2ada,0x2afb,
	0x2efb,0x371d,0x331d,0x2edb,0x2eda,0x371b,0x435d,0x3f5e,0x3b5e,0x3b3e,0x36fd,0x32dc,0x2edb,0x32db,0x2a78,0x2e58,
	0x2a39,0x1dd8,0x2a17,0x3a77,0x56f9,0x77bd,0x7fdf,0x6f9e,0x531a,0x3afa,0x4b5c,0x6bbe,0x77ff,0x7bff,0x7fde,0x7fdd,
	0x7fba,0x5d66,0x54e0,0x5ce0,0x50c0,0x6691,0x3dfe,0x0c7e,0x001f,0x18fe,0x675e,0x7ffe,0x56be,0x043e,0x047e,0x107a,
	0x5edb,0x7fff,0x7fff,0x7bfe,0x7fff,0x7fff,0x7fff,0x7fff,0x7fff,0x7fff,0x7fff,0x7fff,0x7fff,0x7fff,0x7fff,0x7fff,
	0x7fff,0x7fff,0x7fff,0x7fff,0x7fff,0x7fff,0x7fff,0x7fff,0x7fff,0x7fff,0x7fff,0x7fff,0x7fff,0x7fff,0x7fff,0x7fff,
	0x7fff,0x7fff,0x7fff,0x7fff,0x7fff,0x7fff,0x7fff,0x7fff,0x7fff,0x7fff,0x7fff,0x7fff,0x7fff,0x7fff,0x7fff,0x7fff,
	0x7fff,0x7fff,0x7fff,0x7fff,0x7fff,0x7fff,0x7fff,0x7fff,0x7fff,0x7fff,0x7fff,0x7fff,0x7fff,0x7fff,0x7fff,0x7fff,
	0x7fff,0x7fff,0x7fff,0x7fff,0x7fff,0x7fff,0x7fff,0x6318,0x0421,0x0000,0x0842,0x6318,0x7fff,0x7fff,0x7fff,0x7fff,
	0x7fff,0x7fff,0x7fff,0x6b5a,0x0842,0x0000,0x18c6,0x77bd,0x7fff,0x7fff,0x7fff,0x7fff,0x7fff,0x7fff,0x7fff,0x7fff,
	0x7fff,0x7fff,0x7fff,0x739c,0x14a5,0x0000,0x0421,0x5ad6,0x7fff,0x7fff,0x7fff,0x7fff,0x294a,0x0000,0x0000,0x5ad6,
	0x7fff,0x7fff,0x7fff,0x7fff,0x7fff,0x7fff,0x7fff,0x7fff,0x7fff,0x4e73,0x0000,0x0000,0x294a,0x7fde,0x7fff,0x7fff,
	0x7fff,0x7bff,0x7bff,0x7bbd,0x6eb2,0x5921,0x6920,0x6120,0x6584,0x5e79,0x085f,0x003d,0x3093,0x54e6,0x5900,0x5900,
	0x54e0,0x348a,0x0419,0x0419,0x1499,0x35fa,0x779d,0x7fdd,0x7fdd,0x7ffe,0x7bff,0x6bbe,0x573b,0x46d9,0x573b,0x77df,
	0x7fff,0x7fff,0x7bff,0x637c,0x42d8,0x2e98,0x32fb,0x32fc,0x1e58,0x19f6,0x2a7a,0x36fc,0x32fa,0x26b9,0x2afb,0x331d,
	0x26db,0x2299,0x2edc,0x373d,0x371c,0x2eda,0x2277,0x15d4,0x0db3,0x1e36,0x2eba,0x3b1c,0x32fb,0x2ada,0x2ada,0x371c,
	0x3f3e,0x435e,0x2edb,0x1a35,0x1635,0x2677,0x3f3d,0x433e,0x2edc,0x2e9b,0x2ebc,0x2efd,0x333d,0x331d,0x2e59,0x29f8,
	0x2618,0x265a,0x573c,0x6fbf,0x7bff,0x7fff,0x7fff,0x7fff,0x77de,0x73df,0x77ff,0x7fff,0x7fff,0x7fff,0x7fff,0x7fde,
	0x7bba,0x6166,0x5900,0x5d00,0x58a0,0x6a70,0x5f1e,0x295e,0x001e,0x109e,0x52be,0x7bde,0x4a5d,0x043f,0x047f,0x107a,
	0x5698,0x7fde,0x7fff,0x7bff,0x7fff,0x7fff,0x7fff,0x7fff,0x7fff,0x7fff,0x7fff,0x7fff,0x7fff,0x7fff,0x7fff,0x7fff,
	0x7fff,0x7fff,0x7fff,0x7fff,0x7fff,0x7fff,0x7fff,0x7fff,0x7fff,0x7fff,0x7fff,0x7fff,0x7fff,0x7fff,0x7fff,0x7fff,
	0x7fff,0x7fff,0x7fff,0x7fff,0x7fff,0x7fff,0x7fff,0x7fff,0x7fff,0x7fff,0x7fff,0x7fff,0x7fff,0x7fff,0x7fff,0x7fff,
	0x7fff,0x7fff,0x7fff,0x7fff,0x7fff,0x7fff,0x7fff,0x7fff,0x7fff,0x7fff,0x7fff,0x7fff,0x7fff,0x7fff,0x7fff,0x7fff,
	0x7fff,0x7fff,0x7fff,0x7fff,0x7fff,0x7fff,0x7fff,0x4210,0x0000,0x0000,0x2108,0x7bde,0x7fff,0x7fff,0x7fff,0x7fff,
	0x7fff,0x7fff,0x7fff,0x739c,0x14a5,0x0000,0x0842,0x6739,0x7fff,0x7fff,0x7fff,0x7fff,0x7fff,0x7fff,0x7fff,0x7fff,
	0x7fff,0x7fff,0x7fff,0x4e73,0x0000,0x0000,0x18c6,0x77bd,0x7fff,0x7fff,0x7fff,0x7fff,0x39ce,0x0000,0x0000,0x4210,
	0x7fff,0x7fff,0x7fff,0x7fff,0x7fff,0x7fff,0x7fff,0x7fff,0x7fff,0x318c,0x0000,0x0000,0x3e10,0x7fff,0x7fff,0x7fff,
	0x7fff,0x7bff,0x7bff,0x6ed4,0x5946,0x5d21,0x6520,0x5d43,0x72b0,0x6b1d,0x0c7f,0x003f,0x1c7a,0x48c9,0x5900,0x5900,
	0x54e0,0x3ca7,0x1437,0x041b,0x149a,0x3dfb,0x7b9d,0x7fde,0x7fde,0x7ffe,0x7fff,0x7fff,0x7fff,0x7fff,0x7fff,0x7fff,
	0x7fff,0x7bff,0x7fff,0x7fff,0x7bdf,0x5f7d,0x471a,0x371c,0x3b1e,0x2edc,0x1a17,0x2237,0x36fb,0x371c,0x26fb,0x26fc,
	0x2efd,0x2adc,0x229b,0x2edc,0x371d,0x331b,0x3b3d,0x2eba,0x2299,0x2efc,0x3b3e,0x435f,0x3f3d,0x32da,0x36fb,0x435e,
	0x475f,0x373e,0x2afb,0x26ba,0x2ada,0x3afd,0x3efe,0x2e7b,0x267b,0x2edd,0x333d,0x335c,0x36fc,0x2a5a,0x1e1a,0x265c,
	0x46fd,0x6b9e,0x7fff,0x7fff,0x7fff,0x7bff,0x7bff,0x7fff,0x7fff,0x7fff,0x7fff,0x7fff,0x7fff,0x7fff,0x7fff,0x7fde,
	0x7bba,0x6166,0x5900,0x5d00,0x5cc0,0x660e,0x6f9e,0x3e3f,0x001e,0x083f,0x421e,0x739e,0x31bd,0x085f,0x047f,0x087c,
	0x4e15,0x7fdd,0x7fff,0x7fff,0x7fff,0x7fff,0x7fff,0x7fff,0x7fff,0x7fff,0x7fff,0x7fff,0x7fff,0x7fff,0x7fff,0x7fff,
	0x7fff,0x7fff,0x7fff,0x7fff,0x7fff,0x7fff,0x7fff,0x7fff,0x7fff,0x7fff,0x7fff,0x7fff,0x7fff,0x7fff,0x7fff,0x7fff,
	0x7fff,0x7fff,0x7fff,0x7fff,0x7fff,0x7fff,0x7fff,0x7fff,0x7fff,0x7fff,0x7fff,0x7fff,0x7fff,0x7fff,0x7fff,0x7fff,
	0x7fff,0x7fff,0x7fff,0x7fff,0x7fff,0x7fff,0x7fff,0x7fff,0x7fff,0x7fff,0x7fff,0x7fff,0x7fff,0x7fff,0x7fff,0x7fff,
	0x7fff,0x7fff,0x7fff,0x7fff,0x7fff,0x7fff,0x77bd,0x18c6,0x0000,0x0000,0x4631,0x7fff,0x7fff,0x7fff,0x7fff,0x7fff,
	0x7fff,0x7fff,0x7fff,0x7fff,0x294a,0x0000,0x0000,0x4210,0x7fff,0x7fff,0x7fff,0x7fff,0x7fff,0x7fff,0x7fff,0x7fff,
	0x7fff,0x7fff,0x77bd,0x1ce7,0x0000,0x0000,0x3def,0x7fff,0x7fff,0x7fff,0x7fff,0x7fff,0x5294,0x0000,0x0000,0x2108,
	0x7bde,0x7fff,0x7fff,0x7fff,0x7fff,0x7fff,0x7fff,0x7fff,0x739c,0x14a5,0x0000,0x0021,0x56d6,0x7fff,0x7fff,0x7fff,
	0x7fff,0x7bff,0x77bb,0x61eb,0x54c0,0x6120,0x6521,0x660a,0x7fdd,0x673e,0x0c9e,0x003f,0x043f,0x3cad,0x5501,0x5500,
	0x5500,0x48e3,0x2454,0x001d,0x14ba,0x461b,0x779d,0x7fdd,0x7fde,0x7fde,0x7fde,0x7fff,0x7fff,0x7fff,0x7bff,0x7fff,
	0x7fff,0x7fff,0x7fff,0x7fff,0x7bff,0x7bff,0x7bdf,0x679d,0x4b3b,0x3f3d,0x373e,0x2eba,0x2257,0x2e99,0x32fc,0x2efc,
	0x2b1c,0x2efd,0x2add,0x2abc,0x331d,0x371c,0x3b3d,0x36fc,0x26db,0x2afc,0x371c,0x3f3d,0x36fb,0x2eb9,0x3b1c,0x435e,
	0x435e,0x2f1d,0x22ba,0x26da,0x32db,0x3b1d,0x2e99,0x2a9a,0x371e,0x3b5e,0x371c,0x3adb,0x369a,0x3299,0x46fc,0x637f,
	0x77df,0x7fff,0x7fff,0x7fff,0x7fff,0x7fff,0x7fff,0x7fff,0x7fff,0x7fff,0x7fff,0x7fff,0x7fff,0x7fff,0x7fff,0x7fde,
	0x7bba,0x6166,0x5900,0x58e0,0x5cc0,0x660d,0x77bd,0x4e9e,0x087e,0x001f,0x319e,0x677f,0x255e,0x089e,0x089e,0x047d,
	0x4571,0x7b9a,0x7fff,0x7fff,0x7fff,0x7fff,0x7fff,0x7fff,0x7fff,0x7fff,0x7fff,0x7fff,0x7fff,0x7fff,0x7fff,0x7fff,
	0x7fff,0x7fff,0x7fff,0x7fff,0x7fff,0x7fff,0x7fff,0x7fff,0x7fff,0x7fff,0x7fff,0x7fff,0x7fff,0x7fff,0x7fff,0x7fff,
	0x7fff,0x7fff,0x7fff,0x7fff,0x7fff,0x7fff,0x7fff,0x7fff,0x7fff,0x7fff,0x7fff,0x7fff,0x7fff,0x7fff,0x7fff,0x7fff,
	0x7fff,0x7fff,0x7fff,0x7fff,0x7fff,0x7fff,0x7fff,0x7fff,0x7fff,0x7fff,0x7fff,0x7fff,0x7fff,0x7fff,0x7fff,0x7fff,
	0x7fff,0x7fff,0x7fff,0x7fff,0x7fff,0x7fff,0x56b5,0x0000,0x0000,0x0c63,0x6b5a,0x7fff,0x7fff,0x7fff,0x7fff,0x7fff,
	0x7fff,0x7fff,0x7fff,0x7fff,0x4a52,0x0000,0x0000,0x1084,0x6b5a,0x7fff,0x7fff,0x7fff,0x7fff,0x7fff,0x7fff,0x7fff,
	0x7fff,0x7fff,0x4631,0x0000,0x0000,0x0c63,0x6739,0x7fff,0x7fff,0x7fff,0x7fff,0x7fff,0x6739,0x0842,0x0000,0x0421,
	0x5ef7,0x7fff,0x7fff,0x7fff,0x7fff,0x7fff,0x7fff,0x7fff,0x5294,0x0000,0x0000,0x1084,0x739c,0x7fff,0x7fff,0x7fff,
	0x7fff,0x7fff,0x72f5,0x5944,0x5500,0x5d00,0x6565,0x7738,0x7bfe,0x6f7f,0x295e,0x045e,0x003f,0x2477,0x50e5,0x5900,
	0x50e0,0x50e0,0x346c,0x081a,0x14bb,0x4a3a,0x7bbd,0x7fde,0x7fde,0x7fde,0x7fff,0x7fff,0x7fff,0x7fff,0x7fff,0x7fff,
	0x7fff,0x7fff,0x7fff,0x7fff,0x7fff,0x7fff,0x7fff,0x7fff,0x7bdf,0x73df,0x6bdf,0x5f9e,0x46fb,0x3698,0x2e99,0x36fc,
	0x3b1c,0x331c,0x331c,0x373d,0x3f3d,0x3afb,0x19d3,0x2657,0x1e79,0x229a,0x2eba,0x2657,0x19d4,0x1e37,0x2ebc,0x3b1e,
	0x32fc,0x26b9,0x2efb,0x371d,0x3f3e,0x36dc,0x3afc,0x3efc,0x3adb,0x42d9,0x531a,0x5b5c,0x679e,0x73df,0x7bff,0x7fff,
	0x7fff,0x7ffe,0x7fff,0x7fff,0x7fff,0x7fff,0x7fff,0x7fff,0x7fff,0x7fff,0x7fff,0x7fff,0x7fff,0x7fff,0x7fde,0x7fde,
	0x7bba,0x6166,0x58e0,0x5ce1,0x58c0,0x620c,0x77bc,0x631f,0x1cfe,0x001f,0x317e,0x635e,0x1d1e,0x087e,0x007e,0x089e,
	0x5a99,0x6f16,0x7bbc,0x7fff,0x7fff,0x7fff,0x7fff,0x7fff,0x7fff,0x7fff,0x7fff,0x7fff,0x7fff,0x7fff,0x7fff,0x7fff,
	0x7fff,0x7fff,0x7fff,0x7fff,0x7fff,0x7fff,0x7fff,0x7fff,0x7fff,0x7fff,0x7fff,0x7fff,0x7fff,0x7fff,0x7fff,0x7fff,
	0x7fff,0x7fff,0x7fff,0x7fff,0x7fff,0x7fff,0x7fff,0x7fff,0x7fff,0x7fff,0x7fff,0x7fff,0x7fff,0x7fff,0x7fff,0x7fff,
	0x7fff,0x7fff,0x7fff,0x7fff,0x7fff,0x7fff,0x7fff,0x7fff,0x7fff,0x7fff,0x7fff,0x7fff,0x7fff,0x7fff,0x7fff,0x7fff,
	0x7fff,0x7fff,0x7fff,0x7fff,0x7fff,0x7fff,0x294a,0x0000,0x0000,0x318c,0x7fff,0x7fff,0x7fff,0x7fff,0x7fff,0x7fff,
	0x7fff,0x7fff,0x7fff,0x7fff,0x6f7b,0x14a5,0x0000,0x0000,0x294a,0x739c,0x7fff,0x7fff,0x7fff,0x7fff,0x7fff,0x7fff,
	0x7fff,0x5ef7,0x0c63,0x0000,0x0000,0x35ad,0x7fff,0x7fff,0x7fff,0x7fff,0x7fff,0x7fff,0x7bde,0x2108,0x0000,0x0000,
	0x2108,0x77bd,0x7fff,0x7fff,0x7fff,0x7fff,0x7fff,0x77bd,0x2108,0x0000,0x0000,0x318c,0x7fff,0x7fff,0x7fff,0x7fff,
	0x7fff,0x77bb,0x6a6f,0x58e0,0x5d00,0x6164,0x6a70,0x7fde,0x7fff,0x77bf,0x3ddd,0x0c7e,0x003f,0x0c3d,0x3cca,0x5501,
	0x54e0,0x50e0,0x44a7,0x2453,0x14ba,0x4a39,0x7bbd,0x7fde,0x7fde,0x7ffe,0x7fff,0x7fff,0x7fff,0x7fff,0x7fff,0x7fff,
	0x7fff,0x7fff,0x7fff,0x7fff,0x7fff,0x7fff,0x7fff,0x7fff,0x7fff,0x7fff,0x7fff,0x7fff,0x77de,0x6fbe,0x5f7d,0x533c,
	0x471d,0x3f3d,0x373c,0x373d,0x331d,0x269a,0x0994,0x0996,0x0552,0x0930,0x092f,0x050e,0x0530,0x09b6,0x0e1a,0x125b,
	0x0e18,0x15d3,0x3b1d,0x3b1e,0x3b3e,0x3f3e,0x473d,0x535d,0x5f7c,0x6fbe,0x7fff,0x7fff,0x7fff,0x7fff,0x7fff,0x7fff,
	0x7fff,0x7fff,0x7fff,0x7fff,0x7fff,0x7fff,0x7fff,0x7fff,0x7fff,0x7fff,0x7fff,0x7fff,0x7fff,0x7fff,0x7fde,0x7fde,
	0x7fbb,0x6166,0x58e0,0x5d01,0x54c0,0x5deb,0x77bc,0x6f7f,0x295e,0x001e,0x2d7e,0x5afe,0x109e,0x0c7f,0x047e,0x109f,
	0x673e,0x6b18,0x779b,0x7fff,0x7fff,0x7fff,0x7fff,0x7fff,0x7fff,0x7fff,0x7fff,0x7fff,0x7fff,0x7fff,0x7fff,0x7fff,
	0x7fff,0x7fff,0x7fff,0x7fff,0x7fff,0x7fff,0x7fff,0x7fff,0x7fff,0x7fff,0x7fff,0x7fff,0x7fff,0x7fff,0x7fff,0x7fff,
	0x7fff,0x7fff,0x7fff,0x7fff,0x7fff,0x7fff,0x7fff,0x7fff,0x7fff,0x7fff,0x7fff,0x7fff,0x7fff,0x7fff,0x7fff,0x7fff,
	0x7fff,0x7fff,0x7fff,0x7fff,0x7fff,0x7fff,0x7fff,0x7fff,0x7fff,0x7fff,0x7fff,0x7fff,0x7fff,0x7fff,0x7fff,0x7fff,
	0x7fff,0x7fff,0x7fff,0x7fff,0x7fff,0x6739,0x0842,0x0000,0x0421,0x5ef7,0x7fff,0x7fff,0x7fff,0x7fff,0x7fff,0x7fff,
	0x7fff,0x7fff,0x7fff,0x7fff,0x7fff,0x4631,0x0000,0x0000,0x0000,0x2529,0x6739,0x7fff,0x7fff,0x7fff,0x7fff,0x7fff,
	0x56b5,0x1084,0x0000,0x0000,0x1084,0x6b5a,0x7fff,0x7fff,0x7fff,0x7fff,0x7fff,0x7fff,0x7fff,0x4a52,0x0000,0x0000,
	0x0000,0x318c,0x739c,0x7fff,0x7fff,0x7fff,0x7bde,0x39ce,0x0000,0x0000,0x0421,0x5ef7,0x7fff,0x7fff,0x7fff,0x7fff,
	0x7fff,0x6f16,0x5dea,0x6100,0x6100,0x69ca,0x779b,0x7bde,0x7fff,0x7bbf,0x527d,0x109e,0x003f,0x005e,0x2c52,0x50c6,
	0x5900,0x50e0,0x50e2,0x38a9,0x18ba,0x4e3b,0x7bbd,0x7fde,0x7fde,0x7ffe,0x7fff,0x7fff,0x7fff,0x7fff,0x7fff,0x7fff,
	0x7fff,0x7fff,0x7fff,0x7fff,0x7fff,0x7fff,0x7fff,0x7fff,0x7fff,0x7fff,0x7fff,0x7fff,0x7fff,0x7fff,0x7fff,0x7bff,
	0x73de,0x67be,0x4b1b,0x2616,0x19b4,0x1173,0x0510,0x0511,0x04ee,0x08aa,0x0488,0x0467,0x0489,0x090e,0x0d93,0x0e16,
	0x0e16,0x11d5,0x0951,0x0d2f,0x21d3,0x4f1b,0x73df,0x7bff,0x7ffe,0x7fff,0x7fff,0x7fff,0x7fff,0x7fff,0x7fff,0x7fff,
	0x7fff,0x7fff,0x7fff,0x7fff,0x7fff,0x7fff,0x7fff,0x7fff,0x7fff,0x7fff,0x7fff,0x7fff,0x7fff,0x7fde,0x7fde,0x7ffe,
	0x7fdb,0x6587,0x5d00,0x5d00,0x58c0,0x61eb,0x7b9b,0x77bf,0x31be,0x001e,0x2d5e,0x52be,0x085f,0x087f,0x089f,0x14be,
	0x633e,0x7fde,0x77dd,0x7ffe,0x7fff,0x7fff,0x7fff,0x7fff,0x7fff,0x7fff,0x7fff,0x7fff,0x7fff,0x7fff,0x7fff,0x7fff,
	0x7fff,0x7fff,0x7fff,0x7fff,0x7fff,0x7fff,0x7fff,0x7fff,0x7fff,0x7fff,0x7fff,0x7fff,0x7fff,0x7fff,0x7fff,0x7fff,
	0x7fff,0x7fff,0x7fff,0x7fff,0x7fff,0x7fff,0x7fff,0x7fff,0x7fff,0x7fff,0x7fff,0x7fff,0x7fff,0x7fff,0x7fff,0x7fff,
	0x7fff,0x7fff,0x7fff,0x7fff,0x7fff,0x7fff,0x7fff,0x7fff,0x7fff,0x7fff,0x7fff,0x7fff,0x7fff,0x7fff,0x7fff,0x7fff,
	0x7fff,0x7fff,0x7fff,0x7fff,0x7fff,0x4210,0x0000,0x0000,0x2108,0x7bde,0x7fff,0x7fff,0x7fff,0x7fff,0x7fff,0x7fff,
	0x7fff,0x7fff,0x7fff,0x7fff,0x7fff,0x77bd,0x294a,0x0000,0x0000,0x0000,0x0c63,0x2d6b,0x4a52,0x56b5,0x4a52,0x294a,
	0x0421,0x0000,0x0000,0x0421,0x4e73,0x7fff,0x7fff,0x7fff,0x7fff,0x7fff,0x7fff,0x7fff,0x7fff,0x739c,0x18c6,0x0000,
	0x0000,0x0000,0x18c6,0x3def,0x5294,0x4e73,0x2529,0x0000,0x0000,0x0000,0x294a,0x7bde,0x7fff,0x7fff,0x7ffe,0x7bff,
	0x7fff,0x6a4f,0x5922,0x5d00,0x6122,0x6e91,0x7fff,0x7bff,0x7bff,0x7bbf,0x5add,0x14be,0x003f,0x005f,0x185b,0x40ab,
	0x5500,0x4ce0,0x54e0,0x48a4,0x2cd5,0x527d,0x7bbe,0x7fde,0x7fde,0x7ffe,0x7fff,0x7fff,0x7fff,0x7fff,0x7fff,0x7fff,
	0x7fff,0x7fff,0x7fff,0x7fff,0x7fff,0x7fff,0x7fff,0x7fff,0x7fff,0x7fff,0x7fff,0x7fff,0x7fff,0x7fff,0x7fff,0x7fff,
	0x73be,0x531a,0x2e37,0x21d6,0x1993,0x1171,0x1150,0x152e,0x112d,0x0cea,0x04a7,0x0486,0x10e9,0x1d8e,0x2a13,0x36b7,
	0x36b8,0x3698,0x2a34,0x1db4,0x1df5,0x2a57,0x3a77,0x637c,0x7fff,0x7fff,0x7fff,0x7fff,0x7fff,0x7fff,0x7fff,0x7fff,
	0x7fff,0x7fff,0x7fff,0x7fff,0x7fff,0x7fff,0x7fff,0x7fff,0x7fff,0x7fff,0x7fff,0x7bff,0x7bff,0x7fdf,0x7fff,0x7ffe,
	0x7bdc,0x69a8,0x5d00,0x5900,0x5cc0,0x65cc,0x777c,0x7fff,0x3dfe,0x001e,0x211e,0x4a5d,0x045f,0x047f,0x089f,0x1d1d,
	0x635f,0x7fff,0x7fdc,0x7ffe,0x7fff,0x7fff,0x7fff,0x7fff,0x7fff,0x7fff,0x7fff,0x7fff,0x7fff,0x7fff,0x7fff,0x7fff,
	0x7fff,0x7fff,0x7fff,0x7fff,0x7fff,0x7fff,0x7fff,0x7fff,0x7fff,0x7fff,0x7fff,0x7fff,0x7fff,0x7fff,0x7fff,0x7fff,
	0x7fff,0x7fff,0x7fff,0x7fff,0x7fff,0x7fff,0x7fff,0x7fff,0x7fff,0x7fff,0x7fff,0x7fff,0x7fff,0x7fff,0x7fff,0x7fff,
	0x7fff,0x7fff,0x7fff,0x7fff,0x7fff,0x7fff,0x7fff,0x7fff,0x7fff,0x7fff,0x7fff,0x7fff,0x7fff,0x7fff,0x7fff,0x7fff,
	0x7fff,0x7fff,0x7fff,0x7fff,0x7bde,0x1ce7,0x0000,0x0000,0x4e73,0x7fff,0x7fff,0x7fff,0x7fff,0x7fff,0x7fff,0x7fff,
	0x7fff,0x7fff,0x7fff,0x7fff,0x7fff,0x7fff,0x6f7b,0x2108,0x0000,0x0000,0x0000,0x0000,0x0000,0x0000,0x0000,0x0000,
	0x0000,0x0000,0x0000,0x3def,0x7fff,0x7fff,0x7fff,0x7fff,0x7fff,0x7fff,0x7fff,0x7fff,0x7fff,0x7fff,0x5ad6,0x0842,
	0x0000,0x0000,0x0000,0x0000,0x0000,0x0000,0x0000,0x0000,0x0000,0x0c63,0x6739,0x7fff,0x7fff,0x7bff,0x7fff,0x7bff,
	0x7bbb,0x65c9,0x58e0,0x5900,0x6186,0x7779,0x77ff,0x7bff,0x7fff,0x7bdf,0x5f1d,0x14be,0x043f,0x087f,0x003f,0x2cb4,
	0x54e3,0x50c0,0x50e0,0x50c0,0x4d4b,0x66fd,0x7fbd,0x7fde,0x7fde,0x7ffe,0x7fff,0x7fff,0x7fff,0x7fff,0x7fff,0x7fff,
	0x7fff,0x7fff,0x7fff,0x7fff,0x7fff,0x7fff,0x7fff,0x7fff,0x7fff,0x7fff,0x7fff,0x7fff,0x7fff,0x7fff,0x7fff,0x7fff,
	0x5f5c,0x2e56,0x2238,0x1e18,0x2218,0x2237,0x2658,0x1571,0x1571,0x1dd3,0x1170,0x2214,0x3297,0x158f,0x21b0,0x5fbe,
	0x6bff,0x67ff,0x53bd,0x3adb,0x4b3e,0x3699,0x1192,0x3696,0x73be,0x7fff,0x7fff,0x7fff,0x7fff,0x7fff,0x7fff,0x7fff,
	0x7fff,0x7fff,0x7fff,0x7fff,0x7fff,0x7fff,0x7fff,0x7fff,0x7fff,0x7fff,0x7fff,0x7fff,0x7fff,0x7fff,0x7fff,0x7ffe,
	0x7bdb,0x6587,0x5d00,0x5d00,0x5cc0,0x61cb,0x779c,0x7fff,0x463e,0x045e,0x1cfe,0x39de,0x045f,0x047f,0x087f,0x255f,
	0x677f,0x7fff,0x7b9a,0x7fdd,0x7fff,0x7fff,0x7fff,0x7fff,0x7fff,0x7fff,0x7fff,0x7fff,0x7fff,0x7fff,0x7fff,0x7fff,
	0x7fff,0x7fff,0x7fff,0x7fff,0x7fff,0x7fff,0x7fff,0x7fff,0x7fff,0x7fff,0x7fff,0x7fff,0x7fff,0x7fff,0x7fff,0x7fff,
	0x7fff,0x7fff,0x7fff,0x7fff,0x7fff,0x7fff,0x7fff,0x7fff,0x7fff,0x7fff,0x7fff,0x7fff,0x7fff,0x7fff,0x7fff,0x7fff,
	0x7fff,0x7fff,0x7fff,0x7fff,0x7fff,0x7fff,0x7fff,0x7fff,0x7fff,0x7fff,0x7fff,0x7fff,0x7fff,0x7fff,0x7fff,0x7fff,
	0x7fff,0x7fff,0x7fff,0x7fff,0x6b5a,0x0842,0x0000,0x1084,0x739c,0x7fff,0x7fff,0x7fff,0x7fff,0x7fff,0x7fff,0x7fff,
	0x7fff,0x7fff,0x7fff,0x7fff,0x7fff,0x7fff,0x7fff,0x6f7b,0x2d6b,0x0421,0x0000,0x0000,0x0000,0x0000,0x0000,0x0000,
	0x0000,0x0842,0x4210,0x7bde,0x7fff,0x7fff,0x7fff,0x7fff,0x7fff,0x7fff,0x7fff,0x7fff,0x7fff,0x7fff,0x7fff,0x5294,
	0x0c63,0x0000,0x0000,0x0000,0x0000,0x0000,0x0000,0x0000,0x0c63,0x56b5,0x7fff,0x7fff,0x7fff,0x7bff,0x7fff,0x7fff,
	0x7737,0x6586,0x6100,0x5922,0x660c,0x7bfe,0x77ff,0x7fff,0x7ffe,0x7bff,0x635e,0x18de,0x045f,0x045f,0x003e,0x185a,
	0x44aa,0x54c1,0x58e0,0x58e0,0x5967,0x72f7,0x7fbd,0x7fde,0x7fde,0x7ffe,0x7fff,0x7fff,0x7fff,0x7fff,0x7fff,0x7fff,
	0x7fff,0x7fff,0x7fff,0x7fff,0x7fff,0x7fff,0x7fff,0x7fff,0x7fff,0x7fff,0x7fff,0x7fff,0x7fff,0x7fff,0x7fff,0x7fff,
	0x6b9d,0x46fa,0x2e79,0x1e18,0x2259,0x229a,0x2679,0x19d4,0x19f4,0x1e36,0x1a15,0x1e15,0x1e15,0x0db1,0x15d2,0x371a,
	0x4b9e,0x475d,0x3f1b,0x36bc,0x36fd,0x36fc,0x3258,0x571a,0x7bdf,0x7fff,0x7fff,0x7fff,0x7fff,0x7fff,0x7fff,0x7fff,
	0x7fff,0x7fff,0x7fff,0x7fff,0x7fff,0x7fff,0x7fff,0x7fff,0x7fff,0x7fff,0x7fff,0x7fff,0x7fff,0x7fff,0x7fdf,0x7ffe,
	0x7bda,0x6145,0x6100,0x6100,0x5cc0,0x620c,0x77bc,0x7fff,0x529d,0x14be,0x109e,0x211d,0x043f,0x047f,0x087e,0x255e,
	0x6b7f,0x7fff,0x7b99,0x7b79,0x7fdd,0x7fff,0x7fff,0x7fff,0x7fff,0x7fff,0x7fff,0x7fff,0x7fff,0x7fff,0x7fff,0x7fff,
	0x7fff,0x7fff,0x7fff,0x7fff,0x7fff,0x7fff,0x7fff,0x7fff,0x7fff,0x7fff,0x7fff,0x7fff,0x7fff,0x7fff,0x7fff,0x7fff,
	0x7fff,0x7fff,0x7fff,0x7fff,0x7fff,0x7fff,0x7fff,0x7fff,0x7fff,0x7fff,0x7fff,0x7fff,0x7fff,0x7fff,0x7fff,0x7fff,
	0x7fff,0x7fff,0x7fff,0x7fff,0x7fff,0x7fff,0x7fff,0x7fff,0x7fff,0x7fff,0x7fff,0x7fff,0x7fff,0x7fff,0x7fff,0x7fff,
	0x7fff,0x7fff,0x7fff,0x7fff,0x6f7b,0x1084,0x0000,0x35ad,0x7fff,0x7fff,0x7fff,0x7fff,0x7fff,0x7fff,0x7fff,0x7fff,
	0x7fff,0x7fff,0x7fff,0x7fff,0x7fff,0x7fff,0x7fff,0x7fff,0x7bde,0x5294,0x2529,0x0c63,0x0421,0x0000,0x0000,0x0c63,
	0x294a,0x5ad6,0x7fff,0x7fff,0x7fff,0x7fff,0x7fff,0x7fff,0x7fff,0x7fff,0x7fff,0x7fff,0x7fff,0x7fff,0x7fff,0x7fff,
	0x6739,0x318c,0x1084,0x0421,0x0000,0x0000,0x0842,0x2529,0x5ef7,0x7fff,0x7fff,0x7fff,0x7fff,0x7fff,0x7bff,0x7fff,
	0x72b2,0x6142,0x5d00,0x61a8,0x6af5,0x7fff,0x7fff,0x7fff,0x7fff,0x7ffe,0x77be,0x293e,0x005f,0x005e,0x083e,0x041e,
	0x2871,0x4cc5,0x58e0,0x58e0,0x5923,0x65ec,0x7b9c,0x7fdd,0x7fde,0x7ffe,0x7ffe,0x7fff,0x7fff,0x7fff,0x7fff,0x7fff,
	0x7fff,0x7fff,0x7fff,0x7fff,0x7fff,0x7fff,0x7fff,0x7fff,0x7fff,0x7fff,0x7fff,0x7fff,0x7fff,0x7fff,0x7fff,0x7fff,
	0x7fff,0x77df,0x5f7c,0x42d9,0x32ba,0x26bb,0x269b,0x2259,0x15d5,0x19f5,0x15b3,0x1592,0x15b3,0x1194,0x11f6,0x1e9a,
	0x26dc,0x229a,0x32dd,0x2add,0x371d,0x577d,0x6fbd,0x77fe,0x7bff,0x7fff,0x7fff,0x7fff,0x7fff,0x7fff,0x7fff,0x7fff,
	0x7fff,0x7fff,0x7fff,0x7fff,0x7fff,0x7fff,0x7fff,0x7fff,0x7fff,0x7fff,0x7fff,0x7ffe,0x7fff,0x7bff,0x7bff,0x7ffe,
	0x7f78,0x6545,0x5900,0x5d00,0x58c0,0x622d,0x77bd,0x7fff,0x5add,0x251c,0x001f,0x003e,0x003e,0x043f,0x045f,0x257c,
	0x6b5e,0x7fff,0x779b,0x7af3,0x7f79,0x7fff,0x7fff,0x7fff,0x7fff,0x7fff,0x7fff,0x7fff,0x7fff,0x7fff,0x7fff,0x7fff,
	0x7fff,0x7fff,0x7fff,0x7fff,0x7fff,0x7fff,0x7fff,0x7fff,0x7fff,0x7fff,0x7fff,0x7fff,0x7fff,0x7fff,0x7fff,0x7fff,
	0x7fff,0x7fff,0x7fff,0x7fff,0x7fff,0x7fff,0x7fff,0x7fff,0x7fff,0x7fff,0x7fff,0x7fff,0x7fff,0x7fff,0x7fff,0x7fff,
	0x7fff,0x7fff,0x7fff,0x7fff,0x7fff,0x7fff,0x7fff,0x7fff,0x7fff,0x7fff,0x7fff,0x7fff,0x7fff,0x7fff,0x7fff,0x7fff,
	0x7fff,0x7fff,0x7fff,0x7fff,0x7fff,0x5294,0x318c,0x6f7b,0x7fff,0x7fff,0x7fff,0x7fff,0x7fff,0x7fff,0x7fff,0x7fff,
	0x7fff,0x7fff,0x7fff,0x7fff,0x7fff,0x7fff,0x7fff,0x7fff,0x7fff,0x7fff,0x7bde,0x6b5a,0x5ad6,0x56b5,0x5ad6,0x6b5a,
	0x7bde,0x7fff,0x7fff,0x7fff,0x7fff,0x7fff,0x7fff,0x7fff,0x7fff,0x7fff,0x7fff,0x7fff,0x7fff,0x7fff,0x7fff,0x7fff,
	0x7fff,0x7fff,0x739c,0x5ef7,0x56b5,0x56b5,0x6739,0x7bde,0x7fff,0x7fff,0x7fff,0x7fff,0x7fff,0x7fff,0x7bff,0x7fff,
	0x6e6f,0x6120,0x5d00,0x660c,0x7b9c,0x7fff,0x7fff,0x7fff,0x7fff,0x7ffe,0x7fff,0x4e5f,0x087d,0x005e,0x003f,0x001d,
	0x1419,0x348e,0x54e0,0x5cc1,0x58c0,0x5d44,0x7317,0x7fdd,0x7fde,0x7fff,0x7fff,0x7fff,0x7fff,0x7fff,0x7fff,0x7fff,
	0x7fff,0x7fff,0x7fff,0x7fff,0x7fff,0x7fff,0x7fff,0x7fff,0x7fff,0x7fff,0x7fff,0x7fff,0x7fff,0x7fff,0x7fff,0x7fff,
	0x7fff,0x7fff,0x77df,0x5f5d,0x3279,0x2239,0x1e18,0x19d6,0x19d6,0x15d4,0x0d50,0x052d,0x094f,0x11b4,0x1e58,0x2efd,
	0x333d,0x32db,0x21f7,0x1e17,0x3abb,0x677e,0x7fff,0x7bfe,0x7bff,0x7fff,0x7fff,0x7fff,0x7fff,0x7fff,0x7fff,0x7fff,
	0x7fff,0x7fff,0x7fff,0x7fff,0x7fff,0x7fff,0x7fff,0x7fff,0x7fff,0x7fff,0x7fff,0x7fff,0x7fff,0x7fff,0x7fff,0x7bdd,
	0x72d4,0x6545,0x5900,0x5900,0x50a0,0x6650,0x7fdf,0x7fff,0x5f1e,0x315e,0x001f,0x001f,0x001f,0x001f,0x087e,0x3dfc,
	0x6b3b,0x7ffe,0x7b57,0x768d,0x7b56,0x7fff,0x7fff,0x7fff,0x7fff,0x7fff,0x7fff,0x7fff,0x7fff,0x7fff,0x7fff,0x7fff,
	0x7fff,0x7fff,0x7fff,0x7fff,0x7fff,0x7fff,0x7fff,0x7fff,0x7fff,0x7fff,0x7fff,0x7fff,0x7fff,0x7fff,0x7fff,0x7fff,
	0x7fff,0x7fff,0x7fff,0x7fff,0x7fff,0x7fff,0x7fff,0x7fff,0x7fff,0x7fff,0x7fff,0x7fff,0x7fff,0x7fff,0x7fff,0x7fff,
	0x7fff,0x7fff,0x7fff,0x7fff,0x7fff,0x7fff,0x7fff,0x7fff,0x7fff,0x7fff,0x7fff,0x7fff,0x7fff,0x7fff,0x7fff,0x7fff,
	0x7fff,0x7fff,0x7fff,0x7fff,0x7fff,0x7fff,0x7fff,0x7fff,0x7fff,0x7fff,0x7fff,0x7fff,0x7fff,0x7fff,0x7fff,0x7fff,
	0x7fff,0x7fff,0x7fff,0x7fff,0x7fff,0x7fff,0x7fff,0x7fff,0x7fff,0x7fff,0x7fff,0x7fff,0x7fff,0x7fff,0x7fff,0x7fff,
	0x7fff,0x7fff,0x7fff,0x7fff,0x7fff,0x7fff,0x7fff,0x7fff,0x7fff,0x7fff,0x7fff,0x7fff,0x7fff,0x7fff,0x7fff,0x7fff,
	0x7fff,0x7fff,0x7fff,0x7fff,0x7fff,0x7fff,0x7fff,0x7fff,0x7fff,0x7fff,0x7fff,0x7fff,0x7fff,0x7fff,0x7ffe,0x7fbd,
	0x6e2d,0x6120,0x5d00,0x6e70,0x7fff,0x7fff,0x7fff,0x7fff,0x7bff,0x7ffe,0x7fff,0x675e,0x1cfd,0x007e,0x003f,0x081e,
	0x041e,0x1855,0x4ca3,0x58c0,0x5900,0x6141,0x5e0d,0x7fdc,0x7bfd,0x7bff,0x7fff,0x7fff,0x7fff,0x7bff,0x7bff,0x7fff,
	0x7fff,0x7fff,0x7fff,0x7fff,0x7fff,0x7fff,0x7fff,0x7fff,0x7fff,0x7fff,0x7fff,0x7fff,0x7fff,0x7fff,0x7fff,0x7fff,
	0x7fff,0x7fff,0x6fbe,0x46da,0x267a,0x1639,0x11f7,0x2238,0x1e17,0x11d4,0x0970,0x1190,0x1591,0x0d71,0x1e16,0x373d,
	0x333d,0x32fc,0x2e9b,0x1a18,0x1e38,0x573d,0x7bde,0x7bff,0x7fff,0x7fff,0x7fff,0x7fff,0x7fff,0x7fff,0x7fff,0x7fff,
	0x7fff,0x7fff,0x7fff,0x7fff,0x7fff,0x7fff,0x7fff,0x7fff,0x7fff,0x7fff,0x7fff,0x7fff,0x7fff,0x7fff,0x7fff,0x77bc,
	0x5e4f,0x6124,0x5d00,0x5900,0x5901,0x6eb2,0x7fff,0x7fff,0x633f,0x359f,0x001f,0x001f,0x043f,0x041f,0x10bc,0x5edd,
	0x6f3a,0x7fde,0x7ad1,0x764a,0x7b56,0x7fff,0x7fff,0x7fff,0x7fff,0x7fff,0x7fff,0x7fff,0x7fff,0x7fff,0x7fff,0x7fff,
	0x7fff,0x7fff,0x7fff,0x7fff,0x7fff,0x7fff,0x7fff,0x7fff,0x7fff,0x7fff,0x7fff,0x7fff,0x7fff,0x7fff,0x7fff,0x7fff,
	0x7fff,0x7fff,0x7fff,0x7fff,0x7fff,0x7fff,0x7fff,0x7fff,0x7fff,0x7fff,0x7fff,0x7fff,0x7fff,0x7fff,0x7fff,0x7fff,
	0x7fff,0x7fff,0x7fff,0x7fff,0x7fff,0x7fff,0x7fff,0x7fff,0x7fff,0x7fff,0x7fff,0x7fff,0x7fff,0x7fff,0x7fff,0x7fff,
	0x7fff,0x7fff,0x7fff,0x7fff,0x7fff,0x7fff,0x7fff,0x7fff,0x7fff,0x7fff,0x7fff,0x7fff,0x7fff,0x7fff,0x7fff,0x7fff,
	0x7fff,0x7fff,0x7fff,0x7fff,0x7fff,0x7fff,0x7fff,0x7fff,0x7fff,0x7fff,0x7fff,0x7fff,0x7fff,0x7fff,0x7fff,0x7fff,
	0x7fff,0x7fff,0x7fff,0x7fff,0x7fff,0x7fff,0x7fff,0x7fff,0x7fff,0x7fff,0x7fff,0x7fff,0x7fff,0x7fff,0x7fff,0x7fff,
	0x7fff,0x7fff,0x7fff,0x7fff,0x7fff,0x7fff,0x7fff,0x7fff,0x7fff,0x7fff,0x7fff,0x7fff,0x7fff,0x7fff,0x7fff,0x7337,
	0x6e09,0x6900,0x6565,0x72f5,0x7fff,0x7fff,0x7fff,0x7fff,0x7fdf,0x7fff,0x7ffe,0x6fbe,0x4a3e,0x18de,0x003f,0x043e,
	0x001e,0x103b,0x408b,0x54e0,0x5d20,0x5ce1,0x5946,0x7378,0x7bdd,0x7fdf,0x7fff,0x7fff,0x7bff,0x7bff,0x7fff,0x7fff,
	0x7fff,0x7fff,0x7fff,0x7fff,0x7fff,0x7fff,0x7fff,0x7fff,0x7fff,0x7fff,0x7fff,0x7fff,0x7fff,0x7fff,0x7fff,0x7fff,
	0x7fff,0x7fff,0x7bde,0x5f5d,0x329b,0x1a3a,0x1a18,0x225a,0x225a,0x11f6,0x0992,0x1e16,0x2258,0x0d93,0x15f5,0x331d,
	0x26ba,0x2afb,0x331d,0x225a,0x2259,0x677e,0x7fff,0x7fff,0x7fff,0x7fff,0x7fff,0x7fff,0x7fff,0x7fff,0x7fff,0x7fff,
	0x7fff,0x7fff,0x7fff,0x7fff,0x7fff,0x7fff,0x7fff,0x7fff,0x7fff,0x7fff,0x7fff,0x7fff,0x7fff,0x7bff,0x7fff,0x7b9a,
	0x5d87,0x5901,0x5d00,0x5d00,0x5967,0x6ef6,0x7fff,0x7fff,0x5f1f,0x295e,0x001e,0x003e,0x043f,0x043f,0x39fd,0x6f3c,
	0x6b39,0x7b7a,0x7a2a,0x76b0,0x7fbb,0x7fff,0x7fff,0x7fff,0x7fff,0x7fff,0x7fff,0x7fff,0x7fff,0x7fff,0x7fff,0x7fff,
	0x7fff,0x7fff,0x7fff,0x7fff,0x7fff,0x7fff,0x7fff,0x7fff,0x7fff,0x7fff,0x7fff,0x7fff,0x7fff,0x7fff,0x7fff,0x7fff,
	0x7fff,0x7fff,0x7fff,0x7fff,0x7fff,0x7fff,0x7fff,0x7fff,0x7fff,0x7fff,0x7fff,0x7fff,0x7fff,0x7fff,0x7fff,0x7fff,
	0x7fff,0x7fff,0x7fff,0x7fff,0x7fff,0x7fff,0x7fff,0x7fff,0x7fff,0x7fff,0x7fff,0x7fff,0x7fff,0x7fff,0x7fff,0x7fff,
	0x7fff,0x7fff,0x7fff,0x7fff,0x7fff,0x7fff,0x7fff,0x7fff,0x7fff,0x7fff,0x7fff,0x7fff,0x7fff,0x7fff,0x7fff,0x7fff,
	0x7fff,0x7fff,0x7fff,0x7fff,0x7fff,0x7fff,0x7fff,0x7fff,0x7fff,0x7fff,0x7fff,0x7fff,0x7fff,0x7fff,0x7fff,0x7fff,
	0x7fff,0x7fff,0x7fff,0x7fff,0x7fff,0x7fff,0x7fff,0x7fff,0x7fff,0x7fff,0x7fff,0x7fff,0x7fff,0x7fff,0x7fff,0x7fff,
	0x7fff,0x7fff,0x7fff,0x7fff,0x7fff,0x7fff,0x7fff,0x7fff,0x7fff,0x7fff,0x7fff,0x7fff,0x7fff,0x7fff,0x7fff,0x72d2,
	0x6dc6,0x6900,0x69a9,0x777a,0x7ffe,0x7fff,0x7fff,0x7fff,0x7ffe,0x7fff,0x7fdf,0x6f5d,0x6b5c,0x39be,0x043f,0x001f,
	0x001f,0x081f,0x2c50,0x4ce0,0x6120,0x6100,0x6143,0x626f,0x7bbc,0x7fdf,0x7fff,0x7bfe,0x7bff,0x7fff,0x7fff,0x7fff,
	0x7fff,0x7fff,0x7fff,0x7fff,0x7fff,0x7fff,0x7fff,0x7fff,0x7fff,0x7fff,0x7fff,0x7fff,0x7fff,0x7fff,0x7fff,0x7fff,
	0x7fff,0x7fff,0x7bfe,0x637d,0x2e9c,0x1a3b,0x1e18,0x225a,0x265a,0x1216,0x0992,0x15d4,0x1a36,0x0972,0x11d4,0x375e,
	0x32fb,0x32fb,0x3b3d,0x2259,0x2259,0x679e,0x7fff,0x7fff,0x7fff,0x7fff,0x7fff,0x7fff,0x7fff,0x7fff,0x7fff,0x7fff,
	0x7fff,0x7fff,0x7fff,0x7fff,0x7fff,0x7fff,0x7fff,0x7fff,0x7fff,0x7fff,0x7fff,0x7fff,0x7fff,0x7bff,0x7fff,0x7b58,
	0x5d22,0x5920,0x5d00,0x5d01,0x59cc,0x6f39,0x7fff,0x7fff,0x529e,0x18de,0x001f,0x043f,0x003f,0x0c9e,0x5afd,0x6719,
	0x6f18,0x728c,0x71e6,0x7b36,0x7ffe,0x7fff,0x7fff,0x7fff,0x7fff,0x7fff,0x7fff,0x7fff,0x7fff,0x7fff,0x7fff,0x7fff,
	0x7fff,0x7fff,0x7fff,0x7fff,0x7fff,0x7fff,0x7fff,0x7fff,0x7fff,0x7fff,0x7fff,0x7fff,0x7fff,0x7fff,0x7fff,0x7fff,
	0x7fff,0x7fff,0x7fff,0x7fff,0x7fff,0x7fff,0x7fff,0x7fff,0x7fff,0x7fff,0x7fff,0x7fff,0x7fff,0x7fff,0x7fff,0x7fff,
	0x7fff,0x7fff,0x7fff,0x7fff,0x7fff,0x7fff,0x7fff,0x7fff,0x7fff,0x7fff,0x7fff,0x7fff,0x7fff,0x7fff,0x7fff,0x7fff,
	0x7fff,0x7fff,0x7fff,0x7fff,0x7fff,0x7fff,0x7fff,0x7fff,0x7fff,0x7fff,0x7fff,0x7fff,0x7fff,0x7fff,0x7fff,0x7fff,
	0x7fff,0x7fff,0x7fff,0x7fff,0x7fff,0x7fff,0x7fff,0x7fff,0x7fff,0x7fff,0x7fff,0x7fff,0x7fff,0x7fff,0x7fff,0x7fff,
	0x7fff,0x7fff,0x7fff,0x7fff,0x7fff,0x7fff,0x7fff,0x7fff,0x7fff,0x7fff,0x7fff,0x7fff,0x7fff,0x7fff,0x7fff,0x7fff,
	0x7fff,0x7fff,0x7fff,0x7fff,0x7fff,0x7fff,0x7fff,0x7fff,0x7fff,0x7fff,0x7fff,0x7fff,0x7fff,0x7fff,0x7bfe,0x724e,
	0x6d83,0x6540,0x6a4d,0x7ffe,0x7fff,0x7fff,0x7fff,0x7fff,0x7ffe,0x7fff,0x7fdf,0x6f5e,0x5efb,0x4e7d,0x14be,0x001e,
	0x001f,0x001f,0x2496,0x5548,0x6101,0x6500,0x6120,0x5d45,0x7759,0x7bdf,0x7fff,0x7bff,0x7fff,0x7fff,0x7fff,0x7fff,
	0x7fff,0x7fff,0x7fff,0x7fff,0x7fff,0x7fff,0x7fff,0x7fff,0x7fff,0x7fff,0x7fff,0x7fff,0x7fff,0x7fff,0x7fff,0x7fff,
	0x7fff,0x7bff,0x77de,0x573b,0x2a7b,0x1a3b,0x19f7,0x2259,0x2239,0x11f6,0x0992,0x15d4,0x1a36,0x0992,0x11d4,0x3b5e,
	0x371b,0x371a,0x435d,0x2259,0x1e59,0x635e,0x7bff,0x7bff,0x7fff,0x7fff,0x7fff,0x7fff,0x7fff,0x7fff,0x7fff,0x7fff,
	0x7fff,0x7fff,0x7fff,0x7fff,0x7fff,0x7fff,0x7fff,0x7fff,0x7fff,0x7fff,0x7fff,0x7fff,0x7fff,0x7fff,0x7fdf,0x72f5,
	0x58e1,0x5920,0x5900,0x54c1,0x6a92,0x77bc,0x7bff,0x7fff,0x41fe,0x041e,0x001f,0x003f,0x085e,0x295b,0x5b1b,0x62f8,
	0x76f5,0x75e4,0x724b,0x7fbb,0x7fff,0x7fff,0x7fff,0x7fff,0x7fff,0x7fff,0x7fff,0x7fff,0x7fff,0x7fff,0x7fff,0x7fff,
	0x7fff,0x7fff,0x7fff,0x7fff,0x7fff,0x7fff,0x7fff,0x7fff,0x7fff,0x7fff,0x7fff,0x7fff,0x7fff,0x7fff,0x7fff,0x7fff,
	0x7fff,0x7fff,0x7fff,0x7fff,0x7fff,0x7fff,0x7fff,0x7fff,0x7fff,0x7fff,0x7fff,0x7fff,0x7fff,0x7fff,0x7fff,0x7fff,
	0x7fff,0x7fff,0x7fff,0x7fff,0x7fff,0x7fff,0x7fff,0x7fff,0x7fff,0x7fff,0x7fff,0x7fff,0x7fff,0x7fff,0x7fff,0x7fff,
	0x7fff,0x7fff,0x7fff,0x7fff,0x7fff,0x7fff,0x7fff,0x7fff,0x7fff,0x7fff,0x7fff,0x7fff,0x7fff,0x7fff,0x7fff,0x7fff,
	0x7fff,0x7fff,0x7fff,0x7fff,0x7fff,0x7fff,0x7fff,0x7fff,0x7fff,0x7fff,0x7fff,0x7fff,0x7fff,0x7fff,0x7fff,0x7fff,
	0x7fff,0x7fff,0x7fff,0x7fff,0x7fff,0x7fff,0x7fff,0x7fff,0x7fff,0x7fff,0x7fff,0x7fff,0x7fff,0x7fff,0x7fff,0x7fff,
	0x7fff,0x7fff,0x7fff,0x7fff,0x7fff,0x7fff,0x7fff,0x7fff,0x7fff,0x7fff,0x7fff,0x7fff,0x7fff,0x7fff,0x7bfe,0x760a,
	0x6d61,0x6da4,0x72b1,0x7bff,0x7fff,0x7fff,0x7fff,0x7fff,0x7fff,0x7fff,0x7fff,0x77bf,0x461c,0x2d5c,0x087e,0x001f,
	0x041f,0x045f,0x3dfd,0x72b3,0x6121,0x6100,0x6100,0x6101,0x6ed2,0x77de,0x7fff,0x7fff,0x7fff,0x7fff,0x7fff,0x7fff,
	0x7fff,0x7fff,0x7fff,0x7fff,0x7fff,0x7fff,0x7fff,0x7fff,0x7fff,0x7fff,0x7fff,0x7fff,0x7fff,0x7fff,0x7fff,0x7fff,
	0x7fff,0x7bff,0x679d,0x3ab8,0x1e39,0x1619,0x19f8,0x227a,0x1e39,0x15f6,0x0950,0x15f3,0x1a56,0x0970,0x15b2,0x3f7e,
	0x435c,0x473b,0x4fbf,0x267a,0x2259,0x46bb,0x6fde,0x7bff,0x7fff,0x7fff,0x7fff,0x7fff,0x7fff,0x7fff,0x7fff,0x7fff,
	0x7fff,0x7fff,0x7fff,0x7fff,0x7fff,0x7fff,0x7fff,0x7fff,0x7fff,0x7fff,0x7fff,0x7fff,0x7fff,0x7fff,0x7fdd,0x6670,
	0x58e1,0x5900,0x5d00,0x5525,0x7738,0x7bfe,0x7bff,0x6b5d,0x39dd,0x253f,0x257f,0x213f,0x255d,0x5279,0x673b,0x7359,
	0x726f,0x75e6,0x7b14,0x7bde,0x7fff,0x7fff,0x7fff,0x7fff,0x7fff,0x7fff,0x7fff,0x7fff,0x7fff,0x7fff,0x7fff,0x7fff,
	0x7fff,0x7fff,0x7fff,0x7fff,0x7fff,0x7fff,0x7fff,0x7fff,0x7fff,0x7fff,0x7fff,0x7fff,0x7fff,0x7fff,0x7fff,0x7fff,
	0x7fff,0x7fff,0x7fff,0x7fff,0x7fff,0x7fff,0x7fff,0x7fff,0x7fff,0x7fff,0x7fff,0x7fff,0x7fff,0x7fff,0x7fff,0x7fff,
	0x7fff,0x7fff,0x7fff,0x7fff,0x7fff,0x7fff,0x7fff,0x7fff,0x7fff,0x7fff,0x7fff,0x7fff,0x7fff,0x7fff,0x7fff,0x7fff,
	0x7fff,0x7fff,0x7fff,0x7fff,0x7fff,0x7fff,0x7fff,0x7fff,0x7fff,0x7fff,0x7fff,0x7fff,0x7fff,0x7fff,0x7fff,0x7fff,
	0x7fff,0x7fff,0x7fff,0x7fff,0x7fff,0x7fff,0x7fff,0x7fff,0x7fff,0x7fff,0x7fff,0x7fff,0x7fff,0x7fff,0x7fff,0x7fff,
	0x7fff,0x7fff,0x7fff,0x7fff,0x7fff,0x7fff,0x7fff,0x7fff,0x7fff,0x7fff,0x7fff,0x7fff,0x7fff,0x7fff,0x7fff,0x7fff,
	0x7fff,0x7fff,0x7fff,0x7fff,0x7fff,0x7fff,0x7fff,0x7fff,0x7fff,0x7fff,0x7fff,0x7fff,0x7fff,0x7bff,0x7bfd,0x762a,
	0x6981,0x7208,0x7b15,0x7fff,0x7fff,0x7fff,0x7bfe,0x7fff,0x7ffe,0x7fff,0x7fff,0x7ffe,0x633e,0x211e,0x001f,0x001f,
	0x001f,0x18fe,0x5f1f,0x7b59,0x5d65,0x5d00,0x6120,0x6120,0x5dc8,0x7bbc,0x7fff,0x7fff,0x7fff,0x7fff,0x7fff,0x7fff,
	0x7fff,0x7fff,0x7fff,0x7fff,0x7fff,0x7fff,0x7fff,0x7fff,0x7fff,0x7fff,0x7fff,0x7fff,0x7fff,0x7fff,0x7fff,0x7fff,
	0x7fff,0x6f9e,0x3679,0x1df6,0x11f7,0x15d6,0x1a39,0x227b,0x1618,0x1193,0x0d2f,0x2676,0x26b8,0x092d,0x1990,0x4bbe,
	0x53be,0x5b9e,0x5fff,0x3b1c,0x1e39,0x2218,0x46fa,0x6fbe,0x7fff,0x7fff,0x7fff,0x7fff,0x7fff,0x7fff,0x7fff,0x7fff,
	0x7fff,0x7fff,0x7fff,0x7fff,0x7fff,0x7fff,0x7fff,0x7fff,0x7fff,0x7fff,0x7fff,0x7fff,0x7bff,0x7bff,0x7bdc,0x6ed3,
	0x6a2c,0x69e8,0x6184,0x6670,0x7bbc,0x7ffe,0x77de,0x5edd,0x5ade,0x73be,0x73be,0x739f,0x739f,0x7bdd,0x7bdd,0x7bdd,
	0x7315,0x7b57,0x7bdd,0x7bff,0x7fff,0x7fff,0x7fff,0x7fff,0x7fff,0x7fff,0x7fff,0x7fff,0x7fff,0x7fff,0x7fff,0x7fff,
	0x7fff,0x7fff,0x7fff,0x7fff,0x7fff,0x7fff,0x7fff,0x7fff,0x7fff,0x7fff,0x7fff,0x7fff,0x7fff,0x7fff,0x7fff,0x7fff,
	0x7fff,0x7fff,0x7fff,0x7fff,0x7fff,0x7fff,0x7fff,0x7fff,0x7fff,0x7fff,0x7fff,0x7fff,0x7fff,0x7fff,0x7fff,0x7fff,
	0x7fff,0x7fff,0x7fff,0x7fff,0x7fff,0x7fff,0x7fff,0x7fff,0x7fff,0x7fff,0x7fff,0x7fff,0x7fff,0x7fff,0x7fff,0x7fff,
	0x7fff,0x7fff,0x7fff,0x7fff,0x7fff,0x7fff,0x7fff,0x7fff,0x7fff,0x7fff,0x7fff,0x7fff,0x7fff,0x7fff,0x7fff,0x7fff,
	0x7fff,0x7fff,0x7fff,0x7fff,0x7fff,0x7fff,0x7fff,0x7fff,0x7fff,0x7fff,0x7fff,0x7fff,0x7fff,0x7fff,0x7fff,0x7fff,
	0x7fff,0x7fff,0x7fff,0x7fff,0x7fff,0x7fff,0x7fff,0x7fff,0x7fff,0x7fff,0x7fff,0x7fff,0x7fff,0x7fff,0x7fff,0x7fff,
	0x7fff,0x7fff,0x7fff,0x7fff,0x7fff,0x7fff,0x7fff,0x7fff,0x7fff,0x7fff,0x7fff,0x7fff,0x7fff,0x7bff,0x7ffe,0x7f9a,
	0x7735,0x7314,0x7799,0x7fff,0x7fff,0x7fff,0x7fff,0x7fff,0x7fff,0x7fff,0x7fff,0x7bfe,0x5f1f,0x211f,0x001f,0x003f,
	0x001e,0x297d,0x73bf,0x7b9c,0x660c,0x58e0,0x6120,0x6500,0x5524,0x7b59,0x7fdf,0x7fff,0x7fff,0x7fff,0x7fff,0x7fff,
	0x7fff,0x7fff,0x7fff,0x7fff,0x7fff,0x7fff,0x7fff,0x7fff,0x7fff,0x7fff,0x7fff,0x7fff,0x7fff,0x7fff,0x7fff,0x7fff,
	0x677d,0x3699,0x1a18,0x11b7,0x15d6,0x15f5,0x1a18,0x1e1a,0x1e38,0x094f,0x196f,0x3ad9,0x2e97,0x0d0c,0x21b1,0x4fbf,
	0x57df,0x5bbe,0x5fff,0x4fbe,0x225a,0x1a18,0x1e17,0x46fa,0x77de,0x7fff,0x7fff,0x7fff,0x7fff,0x7fff,0x7fff,0x7fff,
	0x7fff,0x7fff,0x7fff,0x7fff,0x7fff,0x7fff,0x7fff,0x7fff,0x7fff,0x7fff,0x7fff,0x7fff,0x7fdf,0x7fff,0x7bff,0x7fff,
	0x7ffe,0x7bbb,0x7758,0x77bb,0x7fdf,0x7fff,0x7bff,0x7bde,0x7fde,0x7fff,0x7ffe,0x7ffe,0x7fff,0x7fff,0x7fff,0x7fff,
	0x7fff,0x7fff,0x7fff,0x7fff,0x7fff,0x7fff,0x7fff,0x7fff,0x7fff,0x7fff,0x7fff,0x7fff,0x7fff,0x7fff,0x7fff,0x7fff,
	0x7fff,0x7fff,0x7fff,0x7fff,0x7fff,0x7fff,0x7fff,0x7fff,0x7fff,0x7fff,0x7fff,0x7fff,0x7fff,0x7fff,0x7fff,0x7fff,
	0x7fff,0x7fff,0x7fff,0x7fff,0x7fff,0x7fff,0x7fff,0x7fff,0x7fff,0x7fff,0x7fff,0x7fff,0x7fff,0x7fff,0x7fff,0x7fff,
	0x7fff,0x7fff,0x7fff,0x7fff,0x7fff,0x7fff,0x7fff,0x7fff,0x7fff,0x7fff,0x7fff,0x7fff,0x7fff,0x7fff,0x7fff,0x7fff,
	0x7fff,0x7fff,0x7fff,0x7fff,0x7fff,0x7fff,0x7fff,0x7fff,0x7fff,0x7fff,0x7fff,0x7fff,0x7fff,0x7fff,0x7fff,0x7fff,
	0x7fff,0x7fff,0x7fff,0x7fff,0x7fff,0x7fff,0x7fff,0x7fff,0x7fff,0x7fff,0x7fff,0x7fff,0x7fff,0x7fff,0x7fff,0x7fff,
	0x7fff,0x7fff,0x7fff,0x7fff,0x7fff,0x7fff,0x7fff,0x7fff,0x7fff,0x7fff,0x7fff,0x7fff,0x7fff,0x7fff,0x7fff,0x7fff,
	0x7fff,0x7fff,0x7fff,0x7fff,0x7fff,0x7fff,0x7fff,0x7fff,0x7fff,0x7fff,0x7fff,0x7fff,0x7fff,0x7fff,0x7fff,0x7fff,
	0x7fff,0x7fff,0x7fff,0x7fff,0x7fff,0x7fff,0x7fff,0x7ffe,0x7ffe,0x7fff,0x7ffe,0x6fde,0x39be,0x0c7e,0x001f,0x001f,
	0x109d,0x421d,0x7bff,0x7fde,0x7315,0x622c,0x6e4c,0x6a0b,0x664e,0x7b79,0x7fde,0x7fff,0x7fff,0x7fff,0x7fff,0x7fff,
	0x7fff,0x7fff,0x7fff,0x7fff,0x7fff,0x7fff,0x7fff,0x7fff,0x7fff,0x7fff,0x7fff,0x7fff,0x7fff,0x7fff,0x7bff,0x7bdf,
	0x5b3b,0x2a76,0x1638,0x1a3b,0x19d8,0x1616,0x1a58,0x1619,0x11f6,0x04ec,0x154d,0x3274,0x21f1,0x04c9,0x118f,0x3b5d,
	0x4fdf,0x4fde,0x57df,0x4b9e,0x2edd,0x1e3a,0x1e3a,0x36ba,0x639d,0x73de,0x7bff,0x7fff,0x7fff,0x7fff,0x7bff,0x7bff,
	0x7fff,0x7fff,0x7fff,0x7fff,0x7fff,0x7fff,0x7fff,0x7fff,0x7fff,0x7fff,0x7fff,0x7fff,0x7fff,0x7fff,0x7fff,0x7fff,
	0x7fff,0x7fff,0x7fff,0x7fff,0x7fff,0x7fff,0x7fff,0x7fff,0x7fff,0x7fff,0x7fff,0x7fff,0x7fff,0x7fff,0x7fff,0x7fff,
	0x7fff,0x7fff,0x7fff,0x7fff,0x7fff,0x7fff,0x7fff,0x7fff,0x7fff,0x7fff,0x7fff,0x7fff,0x7fff,0x7fff,0x7fff,0x7fff,
	0x7fff,0x7fff,0x7fff,0x7fff,0x7fff,0x7fff,0x7fff,0x7fff,0x7fff,0x7fff,0x7fff,0x7fff,0x7fff,0x7fff,0x7fff,0x7fff,
	0x7fff,0x7fff,0x7fff,0x7fff,0x7fff,0x7fff,0x7fff,0x7fff,0x7fff,0x7fff,0x7fff,0x7fff,0x7fff,0x7fff,0x7fff,0x7fff,
	0x7fff,0x7fff,0x7fff,0x7fff,0x7fff,0x7fff,0x7fff,0x7fff,0x7fff,0x7fff,0x7fff,0x7fff,0x7fff,0x7fff,0x7fff,0x7fff,
	0x7fff,0x7fff,0x7fff,0x7fff,0x7fff,0x7fff,0x7fff,0x7fff,0x7fff,0x7fff,0x7fff,0x7fff,0x7fff,0x7fff,0x7fff,0x7fff,
	0x7fff,0x7fff,0x7fff,0x7fff,0x7fff,0x7fff,0x7fff,0x7fff,0x7fff,0x7fff,0x7fff,0x7fff,0x7fff,0x7fff,0x7fff,0x7fff,
	0x7fff,0x7fff,0x7fff,0x7fff,0x7fff,0x7fff,0x7fff,0x7fff,0x7fff,0x7fff,0x7fff,0x7fff,0x7fff,0x7fff,0x7fff,0x7fff,
	0x7fff,0x7fff,0x7fff,0x7fff,0x7fff,0x7fff,0x7fff,0x7fff,0x7fff,0x7fff,0x7fff,0x7fff,0x7fff,0x7fff,0x7fff,0x7fff,
	0x7fff,0x7fff,0x7fff,0x7fff,0x7fff,0x7fff,0x7fff,0x7ffe,0x7ffe,0x7fff,0x7fff,0x6f9f,0x3dbd,0x35be,0x3dff,0x41fe,
	0x529e,0x675e,0x7bfe,0x7ffe,0x7ffe,0x7ffe,0x7bfe,0x7bfe,0x7bff,0x7bff,0x7fff,0x7fff,0x7fff,0x7fff,0x7fff,0x7fff,
	0x7fff,0x7fff,0x7fff,0x7fff,0x7fff,0x7fff,0x7fff,0x7fff,0x7fff,0x7fff,0x7fff,0x77df,0x635c,0x4efa,0x42d9,0x46fb,
	0x4b3c,0x36fa,0x1e78,0x1639,0x19f9,0x1594,0x19b5,0x19b6,0x1593,0x0d0e,0x08ca,0x00a7,0x00a8,0x116f,0x1e37,0x2299,
	0x32fc,0x375e,0x377e,0x331b,0x2278,0x1a37,0x2a9a,0x3efb,0x471b,0x4b3c,0x4f3c,0x573b,0x6f9d,0x7bdf,0x7bff,0x7bfe,
	0x7fff,0x7fff,0x7fff,0x7fff,0x7fff,0x7fff,0x7fff,0x7fff,0x7fff,0x7fff,0x7fff,0x7fff,0x7fff,0x7fff,0x7fff,0x7fff,
	0x7fff,0x7fff,0x7fff,0x7fff,0x7fff,0x7fff,0x7fff,0x7fff,0x7fff,0x7fff,0x7fff,0x7fff,0x7fff,0x7fff,0x7fff,0x7fff,
	0x7fff,0x7fff,0x7fff,0x7fff,0x7fff,0x7fff,0x7fff,0x7fff,0x7fff,0x7fff,0x7fff,0x7fff,0x7fff,0x7fff,0x7fff,0x7fff,
	0x7fff,0x7fff,0x7fff,0x7fff,0x7fff,0x7fff,0x7fff,0x7fff,0x7fff,0x7fff,0x7fff,0x7fff,0x7fff,0x7fff,0x7fff,0x7fff,
	0x7fff,0x7fff,0x7fff,0x7fff,0x7fff,0x7fff,0x7fff,0x7fff,0x7fff,0x7fff,0x7fff,0x7fff,0x7fff,0x7fff,0x7fff,0x7fff,
	0x7fff,0x7fff,0x7fff,0x7fff,0x7fff,0x7fff,0x7fff,0x7fff,0x7fff,0x7fff,0x7fff,0x7fff,0x7fff,0x7fff,0x7fff,0x7fff,
	0x7fff,0x7fff,0x7fff,0x7fff,0x7fff,0x7fff,0x7fff,0x7fff,0x7fff,0x7fff,0x7fff,0x7fff,0x7fff,0x7fff,0x7fff,0x7fff,
	0x7fff,0x7fff,0x7fff,0x7fff,0x7fff,0x7fff,0x7fff,0x7fff,0x7fff,0x7fff,0x7fff,0x7fff,0x7fff,0x7fff,0x7fff,0x7fff,
	0x7fff,0x7fff,0x7fff,0x7fff,0x7fff,0x7fff,0x7fff,0x7fff,0x7fff,0x7fff,0x7fff,0x7fff,0x7fff,0x7fff,0x7fff,0x7fff,
	0x7fff,0x7fff,0x7fff,0x7fff,0x7fff,0x7fff,0x7fff,0x7fff,0x7fff,0x7fff,0x7fff,0x7fff,0x7fff,0x7fff,0x7fff,0x7fff,
	0x7fff,0x7fff,0x7fff,0x7fff,0x7fff,0x7fff,0x7bff,0x7bff,0x7bff,0x7fff,0x7ffe,0x7ffe,0x73bf,0x73be,0x7fff,0x7fff,
	0x7fff,0x7fff,0x7ffe,0x7ffe,0x7fff,0x7fff,0x7fff,0x7fff,0x7fff,0x7fff,0x7fff,0x7fff,0x7fff,0x7fff,0x7fff,0x7fff,
	0x7fff,0x7fff,0x7fff,0x7fff,0x7fff,0x7fff,0x7fff,0x7fff,0x7fff,0x77df,0x5f5c,0x42b9,0x2e57,0x1df5,0x11d5,0x19f5,
	0x1991,0x15b3,0x1df5,0x1992,0x1572,0x0952,0x15b4,0x1150,0x0d0e,0x0d71,0x096f,0x0ccb,0x0ccc,0x1593,0x1e17,0x1152,
	0x0d0f,0x19f5,0x1df5,0x1a16,0x15f5,0x1dd4,0x3257,0x25f5,0x21d4,0x21d4,0x2615,0x1dd5,0x29f6,0x4aba,0x6fbe,0x7fff,
	0x7ffe,0x7fff,0x7fff,0x7fff,0x7fff,0x7fff,0x7fff,0x7fff,0x7fff,0x7fff,0x7fff,0x7fff,0x7fff,0x7fff,0x7fff,0x7fff,
	0x7fff,0x7fff,0x7fff,0x7fff,0x7fff,0x7fff,0x7fff,0x7fff,0x7fff,0x7fff,0x7fff,0x7fff,0x7fff,0x7fff,0x7fff,0x7fff,
	0x7fff,0x7fff,0x7fff,0x7fff,0x7fff,0x7fff,0x7fff,0x7fff,0x7fff,0x7fff,0x7fff,0x7fff,0x7fff,0x7fff,0x7fff,0x7fff,
	0x7fff,0x7fff,0x7fff,0x7fff,0x7fff,0x7fff,0x7fff,0x7fff,0x7fff,0x7fff,0x7fff,0x7fff,0x7fff,0x7fff,0x7fff,0x7fff,
	0x7fff,0x7fff,0x7fff,0x7fff,0x7fff,0x7fff,0x7fff,0x7fff,0x7fff,0x7fff,0x7fff,0x7fff,0x7fff,0x7fff,0x7fff,0x7fff,
	0x7fff,0x7fff,0x7fff,0x7fff,0x7fff,0x7fff,0x7fff,0x7fff,0x7fff,0x7fff,0x7fff,0x7fff,0x7fff,0x7fff,0x7fff,0x7fff,
	0x7fff,0x7fff,0x7fff,0x7fff,0x7fff,0x7fff,0x7fff,0x7fff,0x7fff,0x7fff,0x7fff,0x7fff,0x7fff,0x7fff,0x7fff,0x7fff,
	0x7fff,0x7fff,0x7fff,0x7fff,0x7fff,0x7fff,0x7fff,0x7fff,0x7fff,0x7fff,0x7fff,0x7fff,0x7fff,0x7fff,0x7fff,0x7fff,
	0x7fff,0x7fff,0x7fff,0x7fff,0x7fff,0x7fff,0x7fff,0x7fff,0x7fff,0x7fff,0x7fff,0x7fff,0x7fff,0x7fff,0x7fff,0x7fff,
	0x7fff,0x7fff,0x7fff,0x7fff,0x7fff,0x7fff,0x7fff,0x7fff,0x7fff,0x7fff,0x7fff,0x7fff,0x7fff,0x7fff,0x7fff,0x7fff,
	0x7fff,0x7fff,0x7fff,0x7fff,0x7fff,0x7fff,0x7fff,0x7bff,0x7fff,0x7fff,0x7fff,0x7fff,0x7fff,0x7fff,0x7fff,0x7ffe,
	0x7fff,0x7fff,0x7fff,0x7fff,0x7fff,0x7fff,0x7fff,0x7fff,0x7fff,0x7fff,0x7fff,0x7fff,0x7fff,0x7fff,0x7fff,0x7fff,
	0x7fff,0x7fff,0x7fff,0x7fff,0x7fff,0x7fff,0x7fff,0x7fff,0x7bdf,0x5f7d,0x3698,0x2a99,0x227a,0x1e59,0x1a18,0x19d6,
	0x15d5,0x1618,0x1593,0x10cb,0x10ec,0x1e16,0x1192,0x0ca9,0x110c,0x2ab8,0x1e75,0x0d0c,0x08ca,0x19f3,0x2ada,0x2213,
	0x08ea,0x19b0,0x32ba,0x269a,0x1a38,0x2698,0x3f1b,0x3ada,0x2659,0x3ada,0x42fa,0x2e9a,0x225a,0x267a,0x4b1c,0x6fbf,
	0x7fff,0x7fff,0x7fff,0x7fff,0x7fff,0x7fff,0x7fff,0x7fff,0x7fff,0x7fff,0x7fff,0x7fff,0x7fff,0x7fff,0x7fff,0x7fff,
	0x7fff,0x7fff,0x7fff,0x7fff,0x7fff,0x7fff,0x7fff,0x7fff,0x7fff,0x7fff,0x7fff,0x7fff,0x7fff,0x7fff,0x7fff,0x7fff,
	0x7fff,0x7fff,0x7fff,0x7fff,0x7fff,0x7fff,0x7fff,0x7fff,0x7fff,0x7fff,0x7fff,0x7fff,0x7fff,0x7fff,0x7fff,0x7fff,
	0x7fff,0x7fff,0x7fff,0x7fff,0x7fff,0x7fff,0x7fff,0x7fff,0x7fff,0x7fff,0x7fff,0x7fff,0x7fff,0x7fff,0x7fff,0x7fff,
	0x7fff,0x7fff,0x7fff,0x7fff,0x7fff,0x7fff,0x7fff,0x7fff,0x7fff,0x7fff,0x7fff,0x7fff,0x7fff,0x7fff,0x7fff,0x7fff,
	0x7fff,0x7fff,0x7fff,0x7fff,0x7fff,0x7fff,0x7fff,0x7fff,0x7fff,0x7fff,0x7fff,0x7fff,0x7fff,0x7fff,0x7fff,0x7fff,
	0x7fff,0x7fff,0x7fff,0x7fff,0x7fff,0x7fff,0x7fff,0x7fff,0x7fff,0x7fff,0x7fff,0x7fff,0x7fff,0x7fff,0x7fff,0x7fff,
	0x7fff,0x7fff,0x7fff,0x7fff,0x7fff,0x7fff,0x7fff,0x7fff,0x7fff,0x7fff,0x7fff,0x7fff,0x7fff,0x7fff,0x7fff,0x7fff,
	0x7fff,0x7fff,0x7fff,0x7fff,0x7fff,0x7fff,0x7fff,0x7fff,0x7fff,0x7fff,0x7fff,0x7fff,0x7fff,0x7fff,0x7fff,0x7fff,
	0x7fff,0x7fff,0x7fff,0x7fff,0x7fff,0x7fff,0x7fff,0x7fff,0x7fff,0x7fff,0x7fff,0x7fff,0x7fff,0x7fff,0x7fff,0x7fff,
	0x7fff,0x7fff,0x7fff,0x7fff,0x7fff,0x7fff,0x7fff,0x7fff,0x7fff,0x7fff,0x7fff,0x7fff,0x7fff,0x7fff,0x7fff,0x7fff,
	0x7fff,0x7fff,0x7fff,0x7fff,0x7fff,0x7fff,0x7fff,0x7fff,0x7fff,0x7fff,0x7fff,0x7fff,0x7fff,0x7fff,0x7fff,0x7fff,
	0x7fff,0x7fff,0x7fff,0x7fff,0x7fff,0x7fff,0x7fff,0x7fff,0x77df,0x531a,0x3ada,0x32fc,0x26bb,0x229b,0x2abc,0x2abc,
	0x26dd,0x229c,0x1a37,0x1190,0x15d2,0x2a9b,0x1e38,0x0d4e,0x0d2d,0x2657,0x2ab9,0x19d2,0x0cec,0x21f3,0x437e,0x3efa,
	0x196f,0x156d,0x3afb,0x437f,0x3b3d,0x36fa,0x4b7b,0x57be,0x3f3d,0x3b1b,0x539e,0x4f7e,0x36fc,0x2afb,0x36fb,0x5f9e,
	0x7bff,0x7ffe,0x7fff,0x7fff,0x7fff,0x7fff,0x7fff,0x7fff,0x7fff,0x7fff,0x7fff,0x7fff,0x7fff,0x7fff,0x7fff,0x7fff,
	0x7fff,0x7fff,0x7fff,0x7fff,0x7fff,0x7fff,0x7fff,0x7fff,0x7fff,0x7fff,0x7fff,0x7fff,0x7fff,0x7fff,0x7fff,0x7fff,
	0x7fff,0x7fff,0x7fff,0x7fff,0x7fff,0x7fff,0x7fff,0x7fff,0x7fff,0x7fff,0x7fff,0x7fff,0x7fff,0x7fff,0x7fff,0x7fff,
	0x7fff,0x7fff,0x7fff,0x7fff,0x7fff,0x7fff,0x7fff,0x7fff,0x7fff,0x7fff,0x7fff,0x7fff,0x7fff,0x7fff,0x7fff,0x7fff,
	0x7fff,0x7fff,0x7fff,0x7fff,0x7fff,0x7fff,0x7fff,0x7fff,0x7fff,0x7fff,0x7fff,0x7fff,0x7fff,0x7fff,0x7fff,0x7fff,
	0x7fff,0x7fff,0x7fff,0x7fff,0x7fff,0x7fff,0x7fff,0x7fff,0x7fff,0x7fff,0x7fff,0x7fff,0x7fff,0x7fff,0x7fff,0x7fff,
	0x7fff,0x7fff,0x7fff,0x7fff,0x7fff,0x7fff,0x7fff,0x7fff,0x7fff,0x7fff,0x7fff,0x7fff,0x7fff,0x7fff,0x7fff,0x7fff,
	0x7fff,0x7fff,0x7fff,0x7fff,0x7fff,0x7fff,0x7fff,0x7fff,0x7fff,0x7fff,0x7fff,0x7fff,0x7fff,0x7fff,0x7fff,0x7fff,
	0x7fff,0x7fff,0x7fff,0x7fff,0x7fff,0x7fff,0x7fff,0x7fff,0x7fff,0x7fff,0x7fff,0x7fff,0x7fff,0x7fff,0x7fff,0x7fff,
	0x7fff,0x7fff,0x7fff,0x7fff,0x7fff,0x7fff,0x7fff,0x7fff,0x7fff,0x7fff,0x7fff,0x7fff,0x7fff,0x7fff,0x7fff,0x7fff,
	0x7fff,0x7fff,0x7fff,0x7fff,0x7fff,0x7fff,0x7fff,0x7fff,0x7fff,0x7fff,0x7fff,0x7fff,0x7fff,0x7fff,0x7fff,0x7fff,
	0x7fff,0x7fff,0x7fff,0x7fff,0x7fff,0x7fff,0x7fff,0x7fff,0x7fff,0x7fff,0x7fff,0x7fff,0x7fff,0x7fff,0x7fff,0x7fff,
	0x7fff,0x7fff,0x7fff,0x7fff,0x7fff,0x7fff,0x7fff,0x7fff,0x6fbd,0x42b7,0x36da,0x371c,0x2f1e,0x2efe,0x32fe,0x331e,
	0x2efe,0x22be,0x1a59,0x1615,0x1e59,0x26be,0x1e5a,0x11b2,0x116f,0x090d,0x0d6f,0x19b2,0x116f,0x1191,0x2677,0x32b9,
	0x19f3,0x0970,0x1e16,0x3f3e,0x437f,0x437e,0x3f5d,0x477e,0x3f5e,0x2efc,0x2edc,0x36fd,0x2edd,0x22bb,0x2ada,0x4f3d,
	0x73df,0x7fff,0x7fff,0x7fff,0x7fff,0x7fff,0x7fff,0x7fff,0x7fff,0x7fff,0x7fff,0x7fff,0x7fff,0x7fff,0x7fff,0x7fff,
	0x7fff,0x7fff,0x7fff,0x7fff,0x7fff,0x7fff,0x7fff,0x7fff,0x7fff,0x7fff,0x7fff,0x7fff,0x7fff,0x7fff,0x7fff,0x7fff,
	0x7fff,0x7fff,0x7fff,0x7fff,0x7fff,0x7fff,0x7fff,0x7fff,0x7fff,0x7fff,0x7fff,0x7fff,0x7fff,0x7fff,0x7fff,0x7fff,
	0x7fff,0x7fff,0x7fff,0x7fff,0x7fff,0x7fff,0x7fff,0x7fff,0x7fff,0x7fff,0x7fff,0x7fff,0x7fff,0x7fff,0x7fff,0x7fff,
	0x7fff,0x7fff,0x7fff,0x7fff,0x7fff,0x7fff,0x7fff,0x7fff,0x7fff,0x7fff,0x7fff,0x7fff,0x7fff,0x7fff,0x7fff,0x7fff,
	0x7fff,0x7fff,0x7fff,0x7fff,0x7fff,0x7fff,0x7fff,0x7fff,0x7fff,0x7fff,0x7fff,0x7fff,0x7fff,0x7fff,0x7fff,0x7fff,
	0x7fff,0x7fff,0x7fff,0x7fff,0x7fff,0x7fff,0x7fff,0x7fff,0x7fff,0x7fff,0x7fff,0x7fff,0x7fff,0x7fff,0x7fff,0x7fff,
	0x7fff,0x7fff,0x7fff,0x7fff,0x7fff,0x7fff,0x7fff,0x7fff,0x7fff,0x7fff,0x7fff,0x7fff,0x7fff,0x7fff,0x7fff,0x7fff,
	0x7fff,0x7fff,0x7fff,0x7fff,0x7fff,0x7fff,0x7fff,0x7fff,0x7fff,0x7fff,0x7fff,0x7fff,0x7fff,0x7fff,0x7fff,0x7fff,
	0x7fff,0x7fff,0x7fff,0x7fff,0x7fff,0x7fff,0x7fff,0x7fff,0x7fff,0x7fff,0x7fff,0x7fff,0x7fff,0x7fff,0x7fff,0x7fff,
	0x7fff,0x7fff,0x7fff,0x7fff,0x7fff,0x7fff,0x7fff,0x7fff,0x7fff,0x7fff,0x7fff,0x7fff,0x7fff,0x7fff,0x7fff,0x7fff,
	0x7fff,0x7fff,0x7fff,0x7fff,0x7fff,0x7fff,0x7fff,0x7fff,0x7fff,0x7fff,0x7fff,0x7fff,0x7fff,0x7fff,0x7fff,0x7fff,
	0x7fff,0x7fff,0x7fff,0x7fff,0x7fff,0x7fff,0x7fff,0x7fff,0x73be,0x42b7,0x3297,0x32fb,0x2efc,0x2adc,0x269b,0x267a,
	0x1e5a,0x1a39,0x1617,0x19f5,0x15d5,0x15d6,0x11b4,0x116f,0x112c,0x0cea,0x08eb,0x0d2d,0x0d4f,0x0d71,0x11b3,0x19f6,
	0x1a17,0x1e57,0x2ab9,0x3f1c,0x433d,0x433d,0x3f3d,0x3f3c,0x3f1b,0x32ba,0x2279,0x227a,0x22dc,0x26fc,0x3afb,0x5b5d,
	0x77df,0x7bff,0x7fff,0x7fff,0x7fff,0x7fff,0x7fff,0x7fff,0x7fff,0x7fff,0x7fff,0x7fff,0x7fff,0x7fff,0x7fff,0x7fff,
	0x7fff,0x7fff,0x7fff,0x7fff,0x7fff,0x7fff,0x7fff,0x7fff,0x7fff,0x7fff,0x7fff,0x7fff,0x7fff,0x7fff,0x7fff,0x7fff,
	0x7fff,0x7fff,0x7fff,0x7fff,0x7fff,0x7fff,0x7fff,0x7fff,0x7fff,0x7fff,0x7fff,0x7fff,0x7fff,0x7fff,0x7fff,0x7fff,
	0x7fff,0x7fff,0x7fff,0x7fff,0x7fff,0x7fff,0x7fff,0x7fff,0x7fff,0x7fff,0x7fff,0x7fff,0x7fff,0x7fff,0x7fff,0x7fff,
	0x7fff,0x7fff,0x7fff,0x7fff,0x7fff,0x7fff,0x7fff,0x7fff,0x7fff,0x7fff,0x7fff,0x7fff,0x7fff,0x7fff,0x7fff,0x7fff,
	0x7fff,0x7fff,0x7fff,0x7fff,0x7fff,0x7fff,0x7fff,0x7fff,0x7fff,0x7fff,0x7fff,0x7fff,0x7fff,0x7fff,0x7fff,0x7fff,
	0x7fff,0x7fff,0x7fff,0x7fff,0x7fff,0x7fff,0x7fff,0x7fff,0x7fff,0x7fff,0x7fff,0x7fff,0x7fff,0x7fff,0x7fff,0x7fff,
	0x7fff,0x7fff,0x7fff,0x7fff,0x7fff,0x7fff,0x7fff,0x7fff,0x7fff,0x7fff,0x7fff,0x7fff,0x7fff,0x7fff,0x7fff,0x7fff,
	0x7fff,0x7fff,0x7fff,0x7fff,0x7fff,0x7fff,0x7fff,0x7fff,0x7fff,0x7fff,0x7fff,0x7fff,0x7fff,0x7fff,0x7fff,0x7fff,
	0x7fff,0x7fff,0x7fff,0x7fff,0x7fff,0x7fff,0x7fff,0x7fff,0x7fff,0x7fff,0x7fff,0x7fff,0x7fff,0x7fff,0x7fff,0x7fff,
	0x7fff,0x7fff,0x7fff,0x7fff,0x7fff,0x7fff,0x7fff,0x7fff,0x7fff,0x7fff,0x7fff,0x7fff,0x7fff,0x7fff,0x7fff,0x7fff,
	0x7fff,0x7fff,0x7fff,0x7fff,0x7fff,0x7fff,0x7fff,0x7fff,0x7fff,0x7fff,0x7fff,0x7fff,0x7fff,0x7fff,0x7fff,0x7fff,
	0x7fff,0x7fff,0x7bde,0x739c,0x739c,0x6f9d,0x6bbe,0x639e,0x4b1a,0x21f2,0x36d9,0x3f5d,0x3b5e,0x375e,0x373d,0x331d,
	0x2adc,0x26bb,0x269a,0x2279,0x2279,0x1e58,0x1a37,0x1615,0x0d4f,0x0d0d,0x0d2d,0x092e,0x092e,0x0d70,0x11b3,0x1a16,
	0x1e57,0x2eda,0x475d,0x537e,0x5b9e,0x5b9e,0x579d,0x579d,0x5b7d,0x4b5d,0x32fc,0x2edc,0x2b1d,0x2b1d,0x2efb,0x477e,
	0x579e,0x5fbd,0x679c,0x6b9c,0x6b7b,0x6f7b,0x739c,0x7bfe,0x7fff,0x7fff,0x7fff,0x7fff,0x7fff,0x7fff,0x7fff,0x7fff,
	0x7fff,0x7fff,0x7fff,0x7fff,0x7fff,0x7fff,0x7fff,0x7fff,0x7fff,0x7fff,0x7fff,0x7fff,0x7fff,0x7fff,0x7fff,0x7fff,
	0x7fff,0x7fff,0x7fff,0x7fff,0x7fff,0x7fff,0x7fff,0x7fff,0x7fff,0x7fff,0x7fff,0x7fff,0x7fff,0x7fff,0x7fff,0x7fff,
	0x7fff,0x7fff,0x7fff,0x7fff,0x7fff,0x7fff,0x7fff,0x7fff,0x7fff,0x7fff,0x7fff,0x7fff,0x7fff,0x7fff,0x7fff,0x7fff,
	0x7fff,0x7fff,0x7fff,0x7fff,0x7fff,0x7fff,0x7fff,0x7fff,0x7fff,0x7fff,0x7fff,0x7fff,0x7fff,0x7fff,0x7fff,0x7fff,
	0x7fff,0x7fff,0x7fff,0x7fff,0x7fff,0x7fff,0x7fff,0x7fff,0x7fff,0x7fff,0x7fff,0x7fff,0x7fff,0x7fff,0x7fff,0x7fff,
	0x7fff,0x7fff,0x7fff,0x7fff,0x7fff,0x7fff,0x7fff,0x7fff,0x7fff,0x7fff,0x7fff,0x7fff,0x7fff,0x7fff,0x7fff,0x7fff,
	0x7fff,0x7fff,0x7fff,0x7fff,0x7fff,0x7fff,0x7fff,0x7fff,0x7fff,0x7fff,0x7fff,0x7fff,0x7fff,0x7fff,0x7fff,0x7fff,
	0x7fff,0x7fff,0x7fff,0x7fff,0x7fff,0x7fff,0x7fff,0x7fff,0x7fff,0x7fff,0x7fff,0x7fff,0x7fff,0x7fff,0x7fff,0x7fff,
	0x7fff,0x7fff,0x7fff,0x7fff,0x7fff,0x7fff,0x7fff,0x7fff,0x7fff,0x7fff,0x7fff,0x7fff,0x7fff,0x7fff,0x7fff,0x7fff,
	0x7fff,0x7fff,0x7fff,0x7fff,0x7fff,0x7fff,0x7fff,0x7fff,0x7fff,0x7fff,0x7fff,0x7fff,0x7fff,0x7fff,0x7fff,0x7fff,
	0x7fff,0x7fff,0x7fff,0x7fff,0x7fff,0x7fff,0x7fff,0x7fff,0x7fff,0x7fff,0x7fff,0x7fff,0x7fff,0x7fff,0x7fff,0x7fff,
	0x7fff,0x7fde,0x735b,0x5696,0x52d7,0x46f9,0x3f1a,0x3b1c,0x32da,0x2eb9,0x3b1d,0x371d,0x2edb,0x2abb,0x2adc,0x2edb,
	0x2659,0x2258,0x1e37,0x1a15,0x19f4,0x15d2,0x1591,0x1570,0x0d0b,0x0cea,0x0cea,0x08ca,0x08ea,0x114e,0x1dd2,0x2e98,
	0x3ada,0x42fa,0x4f3b,0x533b,0x573b,0x5b5b,0x575c,0x4b1a,0x3e97,0x2a36,0x1df6,0x1e17,0x2a7a,0x2ebb,0x2ebb,0x32fb,
	0x3b3d,0x3f5d,0x473d,0x4b1b,0x4eb6,0x4e73,0x56b3,0x739a,0x7fff,0x7fff,0x7fff,0x7fff,0x7fff,0x7fff,0x7fff,0x7fff,
	0x7fff,0x7fff,0x7fff,0x7fff,0x7fff,0x7fff,0x7fff,0x7fff,0x7fff,0x7fff,0x7fff,0x7fff,0x7fff,0x7fff,0x7fff,0x7fff,
	0x7fff,0x7fff,0x7fff,0x7fff,0x7fff,0x7fff,0x7fff,0x7fff,0x7fff,0x7fff,0x7fff,0x7fff,0x7fff,0x7fff,0x7fff,0x7fff,
	0x7fff,0x7fff,0x7fff,0x7fff,0x7fff,0x7fff,0x7fff,0x7fff,0x7fff,0x7fff,0x7fff,0x7fff,0x7fff,0x7fff,0x7fff,0x7fff,
	0x7fff,0x7fff,0x7fff,0x7fff,0x7fff,0x7fff,0x7fff,0x7fff,0x7fff,0x7fff,0x7fff,0x7fff,0x7fff,0x7fff,0x7fff,0x7fff,
	0x7fff,0x7fff,0x7fff,0x7fff,0x7fff,0x7fff,0x7fff,0x7fff,0x7fff,0x7fff,0x7fff,0x7fff,0x7fff,0x7fff,0x7fff,0x7fff,
	0x7fff,0x7fff,0x7fff,0x7fff,0x7fff,0x7fff,0x7fff,0x7fff,0x7fff,0x7fff,0x7fff,0x7fff,0x7fff,0x7fff,0x7fff,0x7fff,
	0x7fff,0x7fff,0x7fff,0x7fff,0x7fff,0x7fff,0x7fff,0x7fff,0x7fff,0x7fff,0x7fff,0x7fff,0x7fff,0x7fff,0x7fff,0x7fff,
	0x7fff,0x7fff,0x7fff,0x7fff,0x7fff,0x7fff,0x7fff,0x7fff,0x7fff,0x7fff,0x7fff,0x7fff,0x7fff,0x7fff,0x7fff,0x7fff,
	0x7fff,0x7fff,0x7fff,0x7fff,0x7fff,0x7fff,0x7fff,0x7fff,0x7fff,0x7fff,0x7fff,0x7fff,0x7fff,0x7fff,0x7fff,0x7fff,
	0x7fff,0x7fff,0x7fff,0x7fff,0x7fff,0x7fff,0x7fff,0x7fff,0x7fff,0x7fff,0x7fff,0x7fff,0x7fff,0x7fff,0x7fff,0x7fff,
	0x7fff,0x7fff,0x7fff,0x7fff,0x7fff,0x7fff,0x7fff,0x7fff,0x7fff,0x7fff,0x7fff,0x7fff,0x7fff,0x7fff,0x7fff,0x7fff,
	0x7fff,0x77bd,0x6318,0x5295,0x4233,0x258e,0x1d8e,0x21b0,0x2e55,0x3298,0x2e98,0x2a99,0x2e9a,0x2e9a,0x2e7a,0x2a79,
	0x2658,0x2e78,0x3277,0x2e35,0x21d2,0x1570,0x0d4f,0x0950,0x0d4f,0x0d4f,0x094f,0x092f,0x0950,0x0d93,0x15d5,0x1617,
	0x1217,0x11f5,0x19f6,0x19d4,0x2215,0x2a36,0x2657,0x2a58,0x2e78,0x2a57,0x2678,0x2a99,0x2a98,0x2a98,0x2a97,0x2635,
	0x2213,0x1dd2,0x1db0,0x258f,0x4232,0x5294,0x5293,0x6738,0x77bd,0x7fff,0x7fff,0x7fff,0x7fff,0x7fff,0x7fff,0x7fff,
	0x7fff,0x7fff,0x7fff,0x7fff,0x7fff,0x7fff,0x7fff,0x7fff,0x7fff,0x7fff,0x7fff,0x7fff,0x7fff,0x7fff,0x7fff,0x7fff,
	0x7fff,0x7fff,0x7fff,0x7fff,0x7fff,0x7fff,0x7fff,0x7fff,0x7fff,0x7fff,0x7fff,0x7fff,0x7fff,0x7fff,0x7fff,0x7fff,
	0x7fff,0x7fff,0x7fff,0x7fff,0x7fff,0x7fff,0x7fff,0x7fff,0x7fff,0x7fff,0x7fff,0x7fff,0x7fff,0x7fff,0x7fff,0x7fff,
	0x7fff,0x7fff,0x7fff,0x7fff,0x7fff,0x7fff,0x7fff,0x7fff,0x7fff,0x7fff,0x7fff,0x7fff,0x7fff,0x7fff,0x7fff,0x7fff,
	0x7fff,0x7fff,0x7fff,0x7fff,0x7fff,0x7fff,0x7fff,0x7fff,0x7fff,0x7fff,0x7fff,0x7fff,0x7fff,0x7fff,0x7fff,0x7fff,
	0x7fff,0x7fff,0x7fff,0x7fff,0x7fff,0x7fff,0x7fff,0x7fff,0x7fff,0x7fff,0x7fff,0x7fff,0x7fff,0x7fff,0x7fff,0x7fff,
	0x7fff,0x7fff,0x7fff,0x7fff,0x7fff,0x7fff,0x7fff,0x7fff,0x7fff,0x7fff,0x7fff,0x7fff,0x7fff,0x7fff,0x7fff,0x7fff,
	0x7fff,0x7fff,0x7fff,0x7fff,0x7fff,0x7fff,0x7fff,0x7fff,0x7fff,0x7fff,0x7fff,0x7fff,0x7fff,0x7fff,0x7fff,0x7fff,
	0x7fff,0x7fff,0x7fff,0x7fff,0x7fff,0x7fff,0x7fff,0x7fff,0x7fff,0x7fff,0x7fff,0x7fff,0x7fff,0x7fff,0x7fff,0x7fff,
	0x7fff,0x7fff,0x7fff,0x7fff,0x7fff,0x7fff,0x7fff,0x7fff,0x7fff,0x7fff,0x7fff,0x7fff,0x7fff,0x7fff,0x7fff,0x7fff,
	0x7fff,0x7fff,0x7fff,0x7fff,0x7fff,0x7fff,0x7fff,0x7fff,0x7fff,0x7fff,0x7fff,0x7fff,0x7fff,0x7fff,0x7fff,0x7fff,
	0x7fff,0x5ab6,0x358c,0x39cf,0x39cf,0x254c,0x1d0a,0x14e9,0x150a,0x150a,0x10e9,0x0cc8,0x0cc8,0x0ca7,0x0ca7,0x0ca7,
	0x0886,0x0885,0x0885,0x0c85,0x0864,0x0444,0x0444,0x0044,0x0065,0x0485,0x0486,0x08a7,0x0486,0x0486,0x08a7,0x0cc8,
	0x08c8,0x08c9,0x0cc9,0x0ca8,0x0ca8,0x0ca7,0x0ca7,0x10a7,0x14c8,0x10c8,0x10e9,0x10e9,0x10e9,0x10e9,0x150a,0x110a,
	0x0ce9,0x110b,0x1d2b,0x254c,0x39cf,0x41ef,0x3dce,0x41ef,0x6318,0x7fff,0x7fff,0x7fff,0x7fff,0x7fff,0x7fff,0x7fff,
	0x7fff,0x7fff,0x7fff,0x7fff,0x7fff,0x7fff,0x7fff,0x7fff,0x7fff,0x7fff,0x7fff,0x7fff,0x7fff,0x7fff,0x7fff,0x7fff,
	0x7fff,0x7fff,0x7fff,0x7fff,0x7fff,0x7fff,0x7fff,0x7fff,0x7fff,0x7fff,0x7fff,0x7fff,0x7fff,0x7fff,0x7fff,0x7fff,
	0x7fff,0x7fff,0x7fff,0x7fff,0x7fff,0x7fff,0x7fff,0x7fff,0x7fff,0x7fff,0x7fff,0x7fff,0x7fff,0x7fff,0x7fff,0x7fff,
	0x7fff,0x7fff,0x7fff,0x7fff,0x7fff,0x7fff,0x7fff,0x7fff,0x7fff,0x7fff,0x7fff,0x7fff,0x7fff,0x7fff,0x7fff,0x7fff,
	0x7fff,0x7fff,0x7fff,0x7fff,0x7fff,0x7fff,0x7fff,0x7fff,0x7fff,0x7fff,0x7fff,0x7fff,0x7fff,0x7fff,0x7fff,0x7fff,
	0x7fff,0x7fff,0x7fff,0x7fff,0x7fff,0x7fff,0x7fff,0x7fff,0x7fff,0x7fff,0x7fff,0x7fff,0x7fff,0x7fff,0x7fff,0x7fff,
	0x7fff,0x7fff,0x7fff,0x7fff,0x7fff,0x7fff,0x7fff,0x7fff,0x7fff,0x7fff,0x7fff,0x7fff,0x7fff,0x7fff,0x7fff,0x7fff,
	0x7fff,0x7fff,0x7fff,0x7fff,0x7fff,0x7fff,0x7fff,0x7fff,0x7fff,0x7fff,0x7fff,0x7fff,0x7fff,0x7fff,0x7fff,0x7fff,
	0x7fff,0x7fff,0x7fff,0x7fff,0x7fff,0x7fff,0x7fff,0x7fff,0x7fff,0x7fff,0x7fff,0x7fff,0x7fff,0x7fff,0x7fff,0x7fff,
	0x7fff,0x7fff,0x7fff,0x7fff,0x7fff,0x7fff,0x7fff,0x7fff,0x7fff,0x7fff,0x7fff,0x7fff,0x7fff,0x7fff,0x7fff,0x7fff,
	0x7fff,0x7fff,0x7fff,0x7fff,0x7fff,0x7fff,0x7fff,0x7fff,0x7fff,0x7fff,0x7fff,0x7fff,0x7fff,0x7fff,0x7fff,0x7fff,
	0x7bde,0x4a32,0x1885,0x20e8,0x18a6,0x1485,0x18a6,0x14a6,0x14a6,0x1085,0x0c64,0x0c63,0x0c63,0x0c43,0x0c63,0x0c42,
	0x0842,0x0842,0x0842,0x0842,0x0842,0x0842,0x0842,0x0842,0x0842,0x0c42,0x0c43,0x0c43,0x0c43,0x0842,0x0822,0x0c42,
	0x0c42,0x0c42,0x0c42,0x0c42,0x0c42,0x0842,0x0843,0x0863,0x0863,0x0c63,0x0c43,0x0c63,0x0c63,0x0c63,0x1064,0x1064,
	0x1484,0x1ce7,0x20e8,0x18a5,0x20e7,0x2508,0x2929,0x2929,0x5274,0x7fff,0x7fff,0x7fff,0x7fff,0x7fff,0x7fff,0x7fff,
	0x7fff,0x7fff,0x7fff,0x7fff,0x7fff,0x7fff,0x7fff,0x7fff,0x7fff,0x7fff,0x7fff,0x7fff,0x7fff,0x7fff,0x7fff,0x7fff,
	0x7fff,0x7fff,0x7fff,0x7fff,0x7fff,0x7fff,0x7fff,0x7fff,0x7fff,0x7fff,0x7fff,0x7fff,0x7fff,0x7fff,0x7fff,0x7fff,
	0x7fff,0x7fff,0x7fff,0x7fff,0x7fff,0x7fff,0x7fff,0x7fff,0x7fff,0x7fff,0x7fff,0x7fff,0x7fff,0x7fff,0x7fff,0x7fff,
	0x7fff,0x7fff,0x7fff,0x7fff,0x7fff,0x7fff,0x7fff,0x7fff,0x7fff,0x7fff,0x7fff,0x7fff,0x7fff,0x7fff,0x7fff,0x7fff,
	0x7fff,0x7fff,0x7fff,0x7fff,0x7fff,0x7fff,0x7fff,0x7fff,0x7fff,0x7fff,0x7fff,0x7fff,0x7fff,0x7fff,0x7fff,0x7fff,
	0x7fff,0x7fff,0x7fff,0x7fff,0x7fff,0x7fff,0x7fff,0x7fff,0x7fff,0x7fff,0x7fff,0x7fff,0x7fff,0x7fff,0x7fff,0x7fff,
	0x7fff,0x7fff,0x7fff,0x7fff,0x7fff,0x7fff,0x7fff,0x7fff,0x7fff,0x7fff,0x7fff,0x7fff,0x7fff,0x7fff,0x7fff,0x7fff,
	0x7fff,0x7fff,0x7fff,0x7fff,0x7fff,0x7fff,0x7fff,0x7fff,0x7fff,0x7fff,0x7fff,0x7fff,0x7fff,0x7fff,0x7fff,0x7fff,
	0x7fff,0x7fff,0x7fff,0x7fff,0x7fff,0x7fff,0x7fff,0x7fff,0x7fff,0x7fff,0x7fff,0x7fff,0x7fff,0x7fff,0x7fff,0x7fff,
	0x7fff,0x7fff,0x7fff,0x7fff,0x7fff,0x7fff,0x7fff,0x7fff,0x7fff,0x7fff,0x7fff,0x7fff,0x7fff,0x7fff,0x7fff,0x7fff,
	0x7fff,0x7fff,0x7fff,0x7fff,0x7fff,0x7fff,0x7fff,0x7fff,0x7fff,0x7fff,0x7fff,0x7fff,0x7fff,0x7fff,0x7fff,0x7fff,
	0x7bbe,0x4631,0x14a6,0x20e8,0x18a6,0x1484,0x18a5,0x1885,0x1464,0x1063,0x0c43,0x0c63,0x0c63,0x0c63,0x1063,0x0c42,
	0x0c43,0x0c63,0x0c63,0x0c43,0x0c63,0x1064,0x0c63,0x0c63,0x0c63,0x0c63,0x0c43,0x0c43,0x1063,0x1063,0x0c43,0x0c63,
	0x1063,0x0c43,0x1063,0x0c43,0x1063,0x1063,0x1063,0x0c63,0x0c63,0x0c63,0x0c63,0x0c63,0x0c63,0x0863,0x0862,0x0c62,
	0x1083,0x1ce6,0x2508,0x18a5,0x20e7,0x2508,0x2929,0x2508,0x4e72,0x7fff,0x7fff,0x7fff,0x7fff,0x7fff,0x7fff,0x7fff,
	0x7fff,0x7fff,0x7fff,0x7fff,0x7fff,0x7fff,0x7fff,0x7fff,0x7fff,0x7fff,0x7fff,0x7fff,0x7fff,0x7fff,0x7fff,0x7fff,
	0x7fff,0x7fff,0x7fff,0x7fff,0x7fff,0x7fff,0x7fff,0x7fff,0x7fff,0x7fff,0x7fff,0x7fff,0x7fff,0x7fff,0x7fff,0x7fff,
	0x7fff,0x7fff,0x7fff,0x7fff,0x7fff,0x7fff,0x7fff,0x7fff,0x7fff,0x7fff,0x7fff,0x7fff,0x7fff,0x7fff,0x7fff,0x7fff,
	0x7fff,0x7fff,0x7fff,0x7fff,0x7fff,0x7fff,0x7fff,0x7fff,0x7fff,0x7fff,0x7fff,0x7fff,0x7fff,0x7fff,0x7fff,0x7fff,
	0x7fff,0x7fff,0x7fff,0x7fff,0x7fff,0x7fff,0x7fff,0x7fff,0x7fff,0x7fff,0x7fff,0x7fff,0x7fff,0x7fff,0x7fff,0x7fff,
	0x7fff,0x7fff,0x7fff,0x7fff,0x7fff,0x7fff,0x7fff,0x7fff,0x7fff,0x7fff,0x7fff,0x7fff,0x7fff,0x7fff,0x7fff,0x7fff,
	0x7fff,0x7fff,0x7fff,0x7fff,0x7fff,0x7fff,0x7fff,0x7fff,0x7fff,0x7fff,0x7fff,0x7fff,0x7fff,0x7fff,0x7fff,0x7fff,
	0x7fff,0x7fff,0x7fff,0x7fff,0x7fff,0x7fff,0x7fff,0x7fff,0x7fff,0x7fff,0x7fff,0x7fff,0x7fff,0x7fff,0x7fff,0x7fff,
	0x7fff,0x7fff,0x7fff,0x7fff,0x7fff,0x7fff,0x7fff,0x7fff,0x7fff,0x7fff,0x7fff,0x7fff,0x7fff,0x7fff,0x7fff,0x7fff,
	0x7fff,0x7fff,0x7fff,0x7fff,0x7fff,0x7fff,0x7fff,0x7fff,0x7fff,0x7fff,0x7fff,0x7fff,0x7fff,0x7fff,0x7fff,0x7fff,
	0x7fff,0x7fff,0x7fff,0x7fff,0x7fff,0x7fff,0x7fff,0x7fff,0x7fff,0x7fff,0x7fff,0x7fff,0x7fff,0x7fff,0x7fff,0x7fff,
	0x77bd,0x4210,0x14a5,0x20e7,0x18a6,0x1484,0x18a6,0x14a5,0x1064,0x0c63,0x0c63,0x0c63,0x0c63,0x0c63,0x0c43,0x0c63,
	0x0c63,0x0c63,0x0c63,0x0c63,0x0c63,0x0c63,0x0c63,0x0c63,0x0c63,0x1063,0x1063,0x1063,0x1063,0x1063,0x1063,0x1063,
	0x1063,0x1063,0x0c63,0x1063,0x0c63,0x1063,0x1063,0x1063,0x1063,0x1063,0x0c63,0x0c63,0x0c63,0x0c43,0x0c63,0x1063,
	0x1084,0x1cc6,0x2508,0x18a6,0x2508,0x2508,0x2929,0x20e7,0x4a52,0x7fff,0x7fff,0x7fff,0x7fff,0x7fff,0x7fff,0x7fff,
	0x7fff,0x7fff,0x7fff,0x7fff,0x7fff,0x7fff,0x7fff,0x7fff,0x7fff,0x7fff,0x7fff,0x7fff,0x7fff,0x7fff,0x7fff,0x7fff,
	0x7fff,0x7fff,0x7fff,0x7fff,0x7fff,0x7fff,0x7fff,0x7fff,0x7fff,0x7fff,0x7fff,0x7fff,0x7fff,0x7fff,0x7fff,0x7fff,
	0x7fff,0x7fff,0x7fff,0x7fff,0x7fff,0x7fff,0x7fff,0x7fff,0x7fff,0x7fff,0x7fff,0x7fff,0x7fff,0x7fff,0x7fff,0x7fff,
	0x7fff,0x7fff,0x7fff,0x7fff,0x7fff,0x7fff,0x7fff,0x7fff,0x7fff,0x7fff,0x7fff,0x7fff,0x7fff,0x7fff,0x7fff,0x7fff,
	0x7fff,0x7fff,0x7fff,0x7fff,0x7fff,0x7fff,0x7fff,0x7fff,0x7fff,0x7fff,0x7fff,0x7fff,0x7fff,0x7fff,0x7fff,0x7fff,
	0x7fff,0x7fff,0x7fff,0x7fff,0x7fff,0x7fff,0x7fff,0x7fff,0x7fff,0x7fff,0x7fff,0x7fff,0x7fff,0x7fff,0x7fff,0x7fff,
	0x7fff,0x7fff,0x7fff,0x7fff,0x7fff,0x7fff,0x7fff,0x7fff,0x7fff,0x7fff,0x7fff,0x7fff,0x7fff,0x7fff,0x7fff,0x7fff,
	0x7fff,0x7fff,0x7fff,0x7fff,0x7fff,0x7fff,0x7fff,0x7fff,0x7fff,0x7fff,0x7fff,0x7fff,0x7fff,0x7fff,0x7fff,0x7fff,
	0x7fff,0x7fff,0x7fff,0x7fff,0x7fff,0x7fff,0x7fff,0x7fff,0x7fff,0x7fff,0x7fff,0x7fff,0x7fff,0x7fff,0x7fff,0x7fff,
	0x7fff,0x7fff,0x7fff,0x7fff,0x7fff,0x7fff,0x7fff,0x7fff,0x7fff,0x7fff,0x7fff,0x7fff,0x7fff,0x7fff,0x7fff,0x7fff,
	0x7fff,0x7fff,0x7fff,0x7fff,0x7fff,0x7fff,0x7fff,0x7fff,0x7fff,0x7fff,0x7fff,0x7fff,0x7fff,0x7fff,0x7fff,0x7fff,
	0x779d,0x3def,0x18a5,0x20e7,0x18a6,0x1484,0x18a6,0x14a5,0x1064,0x0c63,0x0c63,0x0c63,0x0c63,0x0c63,0x0c63,0x0c63,
	0x0c63,0x0c63,0x0c63,0x0c63,0x0c63,0x0c63,0x0c63,0x0c63,0x1063,0x1063,0x1063,0x1063,0x1063,0x1063,0x1063,0x1063,
	0x1063,0x1063,0x1063,0x1063,0x1063,0x1063,0x1063,0x1063,0x1063,0x1063,0x0c63,0x0c63,0x0c63,0x0c63,0x0c63,0x1063,
	0x1084,0x18c6,0x2508,0x1cc6,0x2508,0x2508,0x2929,0x20e8,0x4a31,0x7bff,0x7fff,0x7fff,0x7fff,0x7fff,0x7fff,0x7fff,
	0x7fff,0x7fff,0x7fff,0x7fff,0x7fff,0x7fff,0x7fff,0x7fff,0x7fff,0x7fff,0x7fff,0x7fff,0x7fff,0x7fff,0x7fff,0x7fff,
	0x7fff,0x7fff,0x7fff,0x7fff,0x7fff,0x7fff,0x7fff,0x7fff,0x7fff,0x7fff,0x7fff,0x7fff,0x7fff,0x7fff,0x7fff,0x7fff,
	0x7fff,0x7fff,0x7fff,0x7fff,0x7fff,0x7fff,0x7fff,0x7fff,0x7fff,0x7fff,0x7fff,0x7fff,0x7fff,0x7fff,0x7fff,0x7fff,
	0x7fff,0x7fff,0x7fff,0x7fff,0x7fff,0x7fff,0x7fff,0x7fff,0x7fff,0x7fff,0x7fff,0x7fff,0x7fff,0x7fff,0x7fff,0x7fff,
	0x7fff,0x7fff,0x7fff,0x7fff,0x7fff,0x7fff,0x7fff,0x7fff,0x7fff,0x7fff,0x7fff,0x7fff,0x7fff,0x7fff,0x7fff,0x7fff,
	0x7fff,0x7fff,0x7fff,0x7fff,0x7fff,0x7fff,0x7fff,0x7fff,0x7fff,0x7fff,0x7fff,0x7fff,0x7fff,0x7fff,0x7fff,0x7fff,
	0x7fff,0x7fff,0x7fff,0x7fff,0x7fff,0x7fff,0x7fff,0x7fff,0x7fff,0x7fff,0x7fff,0x7fff,0x7fff,0x7fff,0x7fff,0x7fff,
	0x7fff,0x7fff,0x7fff,0x7fff,0x7fff,0x7fff,0x7fff,0x7fff,0x7fff,0x7fff,0x7fff,0x7fff,0x7fff,0x7fff,0x7fff,0x7fff,
	0x7fff,0x7fff,0x7fff,0x7fff,0x7fff,0x7fff,0x7fff,0x7fff,0x7fff,0x7fff,0x7fff,0x7fff,0x7fff,0x7fff,0x7fff,0x7fff,
	0x7fff,0x7fff,0x7fff,0x7fff,0x7fff,0x7fff,0x7fff,0x7fff,0x7fff,0x7fff,0x7fff,0x7fff,0x7fff,0x7fff,0x7fff,0x7fff,
	0x7fff,0x7fff,0x7fff,0x7fff,0x7fff,0x7fff,0x7fff,0x7fff,0x7fff,0x7fff,0x7fff,0x7fff,0x7fff,0x7fff,0x7fff,0x7fff,
	0x739c,0x39ce,0x18c6,0x20e8,0x18a6,0x1484,0x18a6,0x14a5,0x1064,0x0c63,0x0c63,0x0c63,0x0c63,0x0c63,0x0c63,0x0c63,
	0x0c63,0x0c63,0x0c63,0x0c63,0x0c63,0x0c63,0x0c63,0x0c63,0x1063,0x1063,0x1063,0x1063,0x1063,0x1063,0x1063,0x1063,
	0x1063,0x1063,0x1063,0x1063,0x1063,0x1063,0x1063,0x1063,0x1063,0x1063,0x0c63,0x0c63,0x0c63,0x0c63,0x0c63,0x1063,
	0x1084,0x18c6,0x2508,0x20e7,0x2508,0x2508,0x2929,0x20e8,0x4631,0x7bde,0x7fff,0x7fff,0x7fff,0x7fff,0x7fff,0x7fff,
	0x7fff,0x7fff,0x7fff,0x7fff,0x7fff,0x7fff,0x7fff,0x7fff,0x7fff,0x7fff,0x7fff,0x7fff,0x7fff,0x7fff,0x7fff,0x7fff,
	0x7fff,0x7fff,0x7fff,0x7fff,0x7fff,0x7fff,0x7fff,0x7fff,0x7fff,0x7fff,0x7fff,0x7fff,0x7fff,0x7fff,0x7fff,0x7fff,
	0x7fff,0x7fff,0x7fff,0x7fff,0x7fff,0x7fff,0x7fff,0x7fff,0x7fff,0x7fff,0x7fff,0x7fff,0x7fff,0x7fff,0x7fff,0x7fff,
	0x7fff,0x7fff,0x7fff,0x7fff,0x7fff,0x7fff,0x7fff,0x7fff,0x7fff,0x7fff,0x7fff,0x7fff,0x7fff,0x7fff,0x7fff,0x7fff,
	0x7fff,0x7fff,0x7fff,0x7fff,0x7fff,0x7fff,0x7fff,0x7fff,0x7fff,0x7fff,0x7fff,0x7fff,0x7fff,0x7fff,0x7fff,0x7fff,
	0x7fff,0x6b5a,0x2529,0x4210,0x7fff,0x7fff,0x7fff,0x7fff,0x7fff,0x7fff,0x7fff,0x7fff,0x7fff,0x7fff,0x7fff,0x7fff,
	0x7fff,0x7fff,0x7fff,0x7fff,0x7fff,0x7fff,0x7fff,0x7fff,0x7fff,0x7fff,0x7fff,0x3def,0x294a,0x6f7b,0x7fff,0x7fff,
	0x7fff,0x7fff,0x7fff,0x7fff,0x7fff,0x7fff,0x7fff,0x7fff,0x7fff,0x77bd,0x6f7b,0x6f7b,0x739c,0x7bde,0x7fff,0x7fff,
	0x7fff,0x7fff,0x7fff,0x7fff,0x7fff,0x7fff,0x7fff,0x77bd,0x35ad,0x2d6b,0x739c,0x7fff,0x7fff,0x7fff,0x7fff,0x7fff,
	0x7fff,0x7fff,0x7fff,0x7fff,0x7fff,0x7fff,0x7fff,0x7bde,0x3def,0x2529,0x6739,0x7fff,0x7fff,0x7fff,0x7fff,0x7fff,
	0x7fff,0x7fff,0x7fff,0x7fff,0x7fff,0x7fff,0x7fff,0x7fff,0x7fff,0x7fff,0x7fff,0x7fff,0x7fff,0x7fff,0x7fff,0x7fff,
	0x6f7b,0x318c,0x18a5,0x20e8,0x18c6,0x1485,0x1cc6,0x14a5,0x1064,0x0c63,0x0c63,0x0c63,0x0c63,0x0c63,0x0c63,0x0c63,
	0x0c63,0x0c63,0x0c63,0x0c63,0x0c63,0x0c63,0x0c63,0x0c63,0x1063,0x1063,0x1063,0x1063,0x1063,0x1063,0x1063,0x1063,
	0x1063,0x0c63,0x0c63,0x0c63,0x0c63,0x0c63,0x0c63,0x0c63,0x0c63,0x0c63,0x0c63,0x0c63,0x0c63,0x0c63,0x1063,0x0c63,
	0x1084,0x18c6,0x2108,0x1ce7,0x20e7,0x2508,0x2909,0x20e7,0x4210,0x77bd,0x7fff,0x7fff,0x7fff,0x7fff,0x7fff,0x7fff,
	0x7fff,0x7fff,0x7fff,0x7fff,0x7fff,0x7fff,0x7fff,0x7fff,0x7fff,0x7fff,0x7fff,0x7fff,0x7fff,0x7fff,0x7fff,0x7fff,
	0x7fff,0x7fff,0x7fff,0x7fff,0x7fff,0x7fff,0x7fff,0x7fff,0x7fff,0x7fff,0x7fff,0x7fff,0x7fff,0x7fff,0x7fff,0x7fff,
	0x7fff,0x7fff,0x7fff,0x7fff,0x7fff,0x7fff,0x7fff,0x7fff,0x7fff,0x7fff,0x7fff,0x7fff,0x7fff,0x7fff,0x7fff,0x7fff,
	0x7fff,0x7fff,0x7fff,0x7fff,0x7fff,0x7fff,0x7fff,0x7fff,0x7fff,0x7fff,0x7fff,0x7fff,0x7fff,0x7fff,0x7fff,0x7fff,
	0x7fff,0x7fff,0x7fff,0x7fff,0x7fff,0x7fff,0x7fff,0x7fff,0x7fff,0x7fff,0x7fff,0x7fff,0x7fff,0x7fff,0x7fff,0x7fff,
	0x7fff,0x3def,0x0000,0x0842,0x6739,0x7fff,0x7fff,0x7fff,0x7fff,0x7fff,0x7fff,0x7fff,0x7fff,0x7fff,0x6b5a,0x39ce,
	0x6318,0x7fff,0x7fff,0x7fff,0x7fff,0x7fff,0x7fff,0x7fff,0x7fff,0x7fff,0x6318,0x0842,0x0000,0x4631,0x7fff,0x7fff,
	0x7fff,0x7fff,0x7fff,0x7fff,0x7fff,0x7fff,0x7bde,0x5ad6,0x2d6b,0x14a5,0x0c63,0x0c63,0x14a5,0x2529,0x4210,0x6739,
	0x7fff,0x7fff,0x7fff,0x7fff,0x7fff,0x7fff,0x7fff,0x4631,0x0000,0x0000,0x39ce,0x7fff,0x7fff,0x7fff,0x7fff,0x7fff,
	0x7fff,0x7fff,0x7fff,0x7fff,0x7fff,0x7fff,0x7fff,0x6b5a,0x0842,0x0000,0x2d6b,0x7fff,0x7fff,0x7fff,0x7fff,0x7fff,
	0x7fff,0x7fff,0x7fff,0x7fff,0x7fff,0x7fff,0x7fff,0x7fff,0x7fff,0x7fff,0x7fff,0x7fff,0x7fff,0x7fff,0x7fff,0x7fff,
	0x6f5b,0x318c,0x18c6,0x20e8,0x18a6,0x1485,0x18a6,0x14a5,0x1064,0x0c63,0x0c63,0x0c63,0x0c63,0x0c63,0x0c63,0x0c63,
	0x0c63,0x0c63,0x0c63,0x0c63,0x0c63,0x0c63,0x0c63,0x0c63,0x1063,0x1063,0x1063,0x1063,0x1063,0x1063,0x1063,0x1063,
	0x1063,0x0c63,0x0c63,0x0c63,0x0c63,0x0c63,0x0c63,0x0c63,0x0c63,0x0c63,0x0c63,0x0c63,0x0c63,0x1063,0x1064,0x0c63,
	0x1084,0x18a6,0x2508,0x1ce7,0x20e7,0x24e8,0x2508,0x20e7,0x41ef,0x779c,0x7fff,0x7fff,0x7fff,0x7fff,0x7fff,0x7fff,
	0x7fff,0x7fff,0x7fff,0x7fff,0x7fff,0x7fff,0x7fff,0x7fff,0x7fff,0x7fff,0x7fff,0x7fff,0x7fff,0x7fff,0x7fff,0x7fff,
	0x7fff,0x7fff,0x7fff,0x7fff,0x7fff,0x7fff,0x7fff,0x7fff,0x7fff,0x7fff,0x7fff,0x7fff,0x7fff,0x7fff,0x7fff,0x7fff,
	0x7fff,0x7fff,0x7fff,0x7fff,0x7fff,0x7fff,0x7fff,0x7fff,0x7fff,0x7fff,0x7fff,0x7fff,0x7fff,0x7fff,0x7fff,0x7fff,
	0x7fff,0x7fff,0x7fff,0x7fff,0x7fff,0x7fff,0x7fff,0x7fff,0x7fff,0x7fff,0x7fff,0x7fff,0x7fff,0x7fff,0x7fff,0x7fff,
	0x7fff,0x7fff,0x7fff,0x7fff,0x7fff,0x7fff,0x7fff,0x7fff,0x7fff,0x7fff,0x7fff,0x7fff,0x7fff,0x7fff,0x7fff,0x7fff,
	0x7fff,0x35ad,0x0000,0x0000,0x4631,0x7fff,0x7fff,0x7fff,0x7fff,0x7fff,0x7fff,0x7fff,0x7fff,0x77bd,0x2529,0x0000,
	0x2108,0x7bde,0x7fff,0x7fff,0x7fff,0x7fff,0x7fff,0x7fff,0x7fff,0x7fff,0x3def,0x0000,0x0000,0x3def,0x7fff,0x7fff,
	0x7fff,0x7fff,0x7fff,0x7fff,0x7fff,0x6f7b,0x2d6b,0x0421,0x0000,0x0000,0x0000,0x0000,0x0000,0x0000,0x0000,0x0c63,
	0x3def,0x77bd,0x7fff,0x7fff,0x7fff,0x7fff,0x7fff,0x2d6b,0x0000,0x0000,0x0842,0x6318,0x7fff,0x7fff,0x7fff,0x7fff,
	0x7fff,0x7fff,0x7fff,0x7fff,0x7fff,0x7fff,0x7fff,0x6318,0x0421,0x0000,0x0c63,0x6f7b,0x7fff,0x7fff,0x7fff,0x7fff,
	0x7fff,0x7fff,0x7fff,0x7fff,0x7fff,0x7fff,0x7fff,0x7fff,0x7fff,0x7fff,0x7fff,0x7fff,0x7fff,0x7fff,0x7fff,0x7fff,
	0x6719,0x2d4b,0x1ce7,0x1ce7,0x14a5,0x1484,0x18a6,0x14a5,0x1064,0x0c63,0x0c63,0x0c63,0x0c63,0x0c63,0x0c63,0x0c63,
	0x0c63,0x0c63,0x0c63,0x0c63,0x0c63,0x0c63,0x0c63,0x0c63,0x1063,0x1063,0x1063,0x1063,0x1063,0x1063,0x1063,0x1063,
	0x1063,0x0c63,0x0c63,0x0c63,0x0c63,0x0c63,0x0c63,0x0c63,0x0c63,0x0c63,0x0c63,0x0c63,0x0c63,0x1063,0x1064,0x0c63,
	0x1084,0x18a6,0x2108,0x1cc7,0x20e7,0x2508,0x2909,0x2108,0x39ce,0x6f5a,0x7fff,0x7fff,0x7fff,0x7fff,0x7fff,0x7fff,
	0x7fff,0x7fff,0x7fff,0x7fff,0x7fff,0x7fff,0x7fff,0x7fff,0x7fff,0x7fff,0x7fff,0x7fff,0x7fff,0x7fff,0x7fff,0x7fff,
	0x7fff,0x7fff,0x7fff,0x7fff,0x7fff,0x7fff,0x7fff,0x7fff,0x7fff,0x7fff,0x7fff,0x7fff,0x7fff,0x7fff,0x7fff,0x7fff,
	0x7fff,0x7fff,0x7fff,0x7fff,0x7fff,0x7fff,0x7fff,0x7fff,0x7fff,0x7fff,0x7fff,0x7fff,0x7fff,0x7fff,0x7fff,0x7fff,
	0x7fff,0x7fff,0x7fff,0x7fff,0x7fff,0x7fff,0x7fff,0x7fff,0x7fff,0x7fff,0x7fff,0x7fff,0x7fff,0x7fff,0x7fff,0x7fff,
	0x7fff,0x7fff,0x7fff,0x7fff,0x7fff,0x7fff,0x7fff,0x7fff,0x7fff,0x7fff,0x7fff,0x7fff,0x7fff,0x7fff,0x7fff,0x7fff,
	0x7fff,0x4631,0x0000,0x0000,0x294a,0x7fff,0x7fff,0x7fff,0x7fff,0x7fff,0x7fff,0x7fff,0x7fff,0x56b5,0x0421,0x0000,
	0x0842,0x6b5a,0x7fff,0x7fff,0x7fff,0x7fff,0x7fff,0x7fff,0x7fff,0x77bd,0x18c6,0x0000,0x0000,0x5294,0x7fff,0x7fff,
	0x7fff,0x7fff,0x7fff,0x7fff,0x6f7b,0x2108,0x0000,0x0000,0x0000,0x0000,0x0000,0x0000,0x0000,0x0000,0x0000,0x0000,
	0x0000,0x318c,0x7bde,0x7fff,0x7fff,0x7fff,0x7fff,0x2d6b,0x0000,0x0000,0x0000,0x318c,0x7fff,0x7fff,0x7fff,0x7fff,
	0x7fff,0x7fff,0x7fff,0x7fff,0x7fff,0x7fff,0x7fff,0x6b5a,0x0842,0x0000,0x0421,0x5ef7,0x7fff,0x7fff,0x7fff,0x7fff,
	0x7fff,0x7fff,0x7fff,0x7fff,0x7fff,0x7fff,0x7fff,0x7fff,0x7fff,0x7fff,0x7fff,0x7fff,0x7fff,0x7bde,0x77bd,0x737c,
	0x56b5,0x2529,0x1ce7,0x1ce7,0x14a5,0x1485,0x18c6,0x14a5,0x0c63,0x0c43,0x0c63,0x0c63,0x0c63,0x0c63,0x0c63,0x0c63,
	0x0c63,0x0c63,0x0c63,0x0c63,0x0c63,0x0c63,0x0c63,0x0c63,0x0c63,0x0c63,0x0c63,0x0c63,0x0c63,0x0c63,0x0c63,0x0c63,
	0x0c63,0x0c63,0x0c63,0x0c63,0x0c63,0x0c63,0x0c63,0x0c63,0x0c63,0x0c63,0x0c63,0x0c63,0x0c63,0x0c63,0x0c64,0x0c64,
	0x1084,0x14a5,0x2108,0x1cc7,0x20e7,0x2508,0x2508,0x20e7,0x316b,0x5ad6,0x6f7b,0x77bd,0x7fff,0x7fff,0x7fff,0x7fff,
	0x7fff,0x7fff,0x7fff,0x7fff,0x7fff,0x7fff,0x7fff,0x7fff,0x7fff,0x7fff,0x7fff,0x7fff,0x7fff,0x7fff,0x7fff,0x7fff,
	0x7fff,0x7fff,0x7fff,0x7fff,0x7fff,0x7fff,0x7fff,0x7fff,0x7fff,0x7fff,0x7fff,0x7fff,0x7fff,0x7fff,0x7fff,0x7fff,
	0x7fff,0x7fff,0x7fff,0x7fff,0x7fff,0x7fff,0x7fff,0x7fff,0x7fff,0x7fff,0x7fff,0x7fff,0x7fff,0x7fff,0x7fff,0x7fff,
	0x7fff,0x7fff,0x7fff,0x7fff,0x7fff,0x7fff,0x7fff,0x7fff,0x7fff,0x7fff,0x7fff,0x7fff,0x7fff,0x7fff,0x7fff,0x7fff,
	0x7fff,0x7fff,0x7fff,0x7fff,0x7fff,0x7fff,0x7fff,0x7fff,0x7fff,0x7fff,0x7fff,0x7fff,0x7fff,0x7fff,0x7fff,0x7fff,
	0x7fff,0x5ef7,0x0421,0x0000,0x1084,0x739c,0x7fff,0x7fff,0x7fff,0x7fff,0x7fff,0x7fff,0x7fff,0x2d6b,0x0000,0x0000,
	0x0000,0x5ad6,0x7fff,0x7fff,0x7fff,0x7fff,0x7fff,0x7fff,0x7fff,0x6739,0x0842,0x0000,0x0842,0x6b5a,0x7fff,0x7fff,
	0x7fff,0x7fff,0x7fff,0x739c,0x2529,0x0000,0x0000,0x0000,0x0842,0x2108,0x318c,0x318c,0x294a,0x14a5,0x0000,0x0000,
	0x0000,0x0000,0x4a52,0x7fff,0x7fff,0x7fff,0x7fff,0x35ad,0x0000,0x0000,0x0000,0x0842,0x6318,0x7fff,0x7fff,0x7fff,
	0x7fff,0x7fff,0x7fff,0x7fff,0x7fff,0x7fff,0x7fff,0x77bd,0x18c6,0x0000,0x0000,0x4a52,0x7fff,0x7fff,0x7fff,0x7fff,
	0x7fff,0x7fff,0x7fff,0x7fff,0x7fff,0x7fff,0x7bde,0x7fff,0x7fff,0x7fff,0x7bde,0x739c,0x739c,0x6318,0x5ad6,0x5ad6,
	0x4a52,0x2108,0x1ce7,0x1cc7,0x18a5,0x1485,0x18a6,0x14a5,0x0c63,0x0c43,0x0c63,0x0c63,0x0c63,0x0c63,0x0c63,0x0c63,
	0x0c63,0x0c63,0x0c63,0x0c63,0x0c63,0x0c63,0x0c63,0x0c63,0x0c63,0x0c63,0x0c63,0x0c63,0x0c63,0x0c63,0x0c63,0x0c63,
	0x0c63,0x0c63,0x0c63,0x0c63,0x0c63,0x0c63,0x0c63,0x1063,0x1063,0x1064,0x0c64,0x0c63,0x0c63,0x0c63,0x0c64,0x1084,
	0x1084,0x1485,0x20e7,0x1ce7,0x20e7,0x2508,0x2508,0x20e7,0x2d4a,0x5294,0x5ef7,0x5ad6,0x6318,0x77bd,0x7bde,0x7fff,
	0x7fff,0x7fff,0x7fff,0x7fff,0x7fff,0x7fff,0x7fff,0x7fff,0x7fff,0x7fff,0x7fff,0x7fff,0x7fff,0x7fff,0x7fff,0x7fff,
	0x7fff,0x7fff,0x7fff,0x7fff,0x7fff,0x7fff,0x7fff,0x7fff,0x7fff,0x7fff,0x7fff,0x7fff,0x7fff,0x7fff,0x7fff,0x7fff,
	0x7fff,0x7fff,0x7fff,0x7fff,0x7fff,0x7fff,0x7fff,0x7fff,0x7fff,0x7fff,0x7fff,0x7fff,0x7fff,0x7fff,0x7fff,0x7fff,
	0x7fff,0x7fff,0x7fff,0x7fff,0x7fff,0x7fff,0x7fff,0x7fff,0x7fff,0x7fff,0x7fff,0x7fff,0x7fff,0x7fff,0x7fff,0x7fff,
	0x7fff,0x7fff,0x7fff,0x7fff,0x7fff,0x7fff,0x7fff,0x7fff,0x7fff,0x7fff,0x7fff,0x7fff,0x7fff,0x7fff,0x7fff,0x7fff,
	0x7fff,0x739c,0x1084,0x0000,0x0421,0x5ef7,0x7fff,0x7fff,0x7fff,0x7fff,0x7fff,0x7fff,0x6f7b,0x1084,0x0000,0x0000,
	0x0000,0x4a52,0x7fff,0x7fff,0x7fff,0x7fff,0x7fff,0x7fff,0x7fff,0x56b5,0x0000,0x0000,0x1ce7,0x7bde,0x7fff,0x7fff,
	0x7fff,0x7fff,0x7fff,0x39ce,0x0000,0x0000,0x0000,0x2108,0x5ef7,0x7bde,0x7fff,0x7fff,0x7fff,0x739c,0x4e73,0x14a5,
	0x0000,0x0000,0x14a5,0x739c,0x7fff,0x7fff,0x7fff,0x3def,0x0000,0x0000,0x0000,0x0000,0x2d6b,0x7fff,0x7fff,0x7fff,
	0x7fff,0x7fff,0x7fff,0x7fff,0x7fff,0x7fff,0x7fff,0x7fff,0x294a,0x0000,0x0000,0x3def,0x7fff,0x7fff,0x7fff,0x7fff,
	0x7bde,0x7bde,0x7bde,0x7bde,0x77bd,0x77bd,0x77bd,0x739c,0x739c,0x739c,0x6318,0x56b5,0x5ad6,0x5294,0x5294,0x5ad6,
	0x4631,0x20e8,0x1cc7,0x18a6,0x14a5,0x14a5,0x18c6,0x14a5,0x0c63,0x0c43,0x0c63,0x0c63,0x0c63,0x0c63,0x0c63,0x0c63,
	0x0c63,0x0c63,0x0c63,0x0c63,0x0c63,0x0c63,0x0c63,0x0c63,0x0c63,0x0c63,0x0c63,0x0c63,0x0c63,0x0c63,0x0c63,0x0c63,
	0x0c63,0x0c63,0x0c63,0x0c63,0x0c63,0x0c63,0x1063,0x1063,0x1063,0x1064,0x0c64,0x0c63,0x0c63,0x0c63,0x0c64,0x1084,
	0x1084,0x14a5,0x2108,0x20e7,0x1ce7,0x2509,0x2508,0x20e7,0x294a,0x4a52,0x5ed6,0x56b5,0x5294,0x5ef7,0x5ad6,0x6b5a,
	0x7fff,0x7fff,0x7fff,0x7fff,0x7fff,0x7fff,0x7fff,0x7fff,0x7fff,0x7fff,0x7fff,0x7fff,0x7fff,0x7fff,0x7fff,0x7fff,
	0x7fff,0x7fff,0x7fff,0x7fff,0x7fff,0x7fff,0x7fff,0x7fff,0x7fff,0x7fff,0x7fff,0x7fff,0x7fff,0x7fff,0x7fff,0x7fff,
	0x7fff,0x7fff,0x7fff,0x7fff,0x7fff,0x7fff,0x7fff,0x7fff,0x7fff,0x7fff,0x7fff,0x7fff,0x7fff,0x7fff,0x7fff,0x7fff,
	0x7fff,0x7fff,0x7fff,0x7fff,0x7fff,0x7fff,0x7fff,0x7fff,0x7fff,0x7fff,0x7fff,0x7fff,0x7fff,0x7fff,0x7fff,0x7fff,
	0x7fff,0x7fff,0x7fff,0x7fff,0x7fff,0x7fff,0x7fff,0x7fff,0x7fff,0x7fff,0x7fff,0x7fff,0x7fff,0x7fff,0x7fff,0x7fff,
	0x7fff,0x7fff,0x294a,0x0000,0x0000,0x4210,0x7fff,0x7fff,0x7fff,0x7fff,0x7fff,0x7fff,0x56b5,0x0000,0x0000,0x0000,
	0x0000,0x39ce,0x7fff,0x7fff,0x7fff,0x7fff,0x7fff,0x7fff,0x7fff,0x3def,0x0000,0x0000,0x39ce,0x7fff,0x7fff,0x7fff,
	0x7fff,0x7fff,0x5ef7,0x0842,0x0000,0x0000,0x294a,0x739c,0x7fff,0x7fff,0x7fff,0x7fff,0x7fff,0x7fff,0x7fff,0x6318,
	0x0c63,0x0000,0x0000,0x4e73,0x7fff,0x7fff,0x7fff,0x4210,0x0000,0x0000,0x0000,0x0000,0x0842,0x5ef7,0x7fff,0x7fff,
	0x7fff,0x7fff,0x7fff,0x7fff,0x7fff,0x7fff,0x7fff,0x7fff,0x39ce,0x0000,0x0000,0x318c,0x7fff,0x7fff,0x7fff,0x7bde,
	0x7bde,0x7bde,0x77bd,0x77bd,0x77bd,0x77bd,0x739c,0x6f7b,0x6f7b,0x6739,0x56b5,0x5695,0x56b5,0x5273,0x4a52,0x4611,
	0x318c,0x18c6,0x18c6,0x14a5,0x0c63,0x0c63,0x1485,0x1064,0x0842,0x0842,0x0842,0x0842,0x0842,0x0842,0x0842,0x0842,
	0x0842,0x0842,0x0842,0x0842,0x0842,0x0842,0x0842,0x0842,0x0842,0x0842,0x0842,0x0842,0x0842,0x0842,0x0842,0x0842,
	0x0842,0x0842,0x0842,0x0c42,0x0c42,0x0c42,0x0c43,0x0c43,0x0c43,0x0c43,0x0c43,0x0c43,0x0842,0x0c42,0x0c43,0x0c63,
	0x0c63,0x0c63,0x18c6,0x18a5,0x1485,0x18c6,0x1cc6,0x20e7,0x2929,0x39ad,0x4a32,0x5294,0x5294,0x5ad6,0x5294,0x5ad6,
	0x77bd,0x7fff,0x7fff,0x7fff,0x7fff,0x7fff,0x7fff,0x7fff,0x7fff,0x7fff,0x7fff,0x7fff,0x7fff,0x7fff,0x7fff,0x7fff,
	0x7fff,0x7fff,0x7fff,0x7fff,0x7fff,0x7fff,0x7fff,0x7fff,0x7fff,0x7fff,0x7fff,0x7fff,0x7fff,0x7fff,0x7fff,0x7fff,
	0x7fff,0x7fff,0x7fff,0x7fff,0x7fff,0x7fff,0x7fff,0x7fff,0x7fff,0x7fff,0x7fff,0x7fff,0x7fff,0x7fff,0x7fff,0x7fff,
	0x7fff,0x7fff,0x7fff,0x7fff,0x7fff,0x7fff,0x7fff,0x7fff,0x7fff,0x7fff,0x7fff,0x7fff,0x7fff,0x7fff,0x7fff,0x7fff,
	0x7fff,0x7fff,0x7fff,0x7fff,0x7fff,0x7fff,0x7fff,0x7fff,0x7fff,0x7fff,0x7fff,0x7fff,0x7fff,0x7fff,0x7fff,0x7fff,
	0x7fff,0x7fff,0x4631,0x0000,0x0000,0x294a,0x7fff,0x7fff,0x7fff,0x7fff,0x7fff,0x7fff,0x39ce,0x0000,0x0000,0x0000,
	0x0000,0x2d6b,0x7fff,0x7fff,0x7fff,0x7fff,0x7fff,0x7fff,0x7fff,0x294a,0x0000,0x0000,0x56b5,0x7fff,0x7fff,0x7fff,
	0x7fff,0x7bde,0x294a,0x0000,0x0000,0x18c6,0x6f7b,0x7fff,0x7fff,0x7fff,0x7fff,0x7fff,0x7fff,0x7fff,0x7fff,0x7fff,
	0x3def,0x0000,0x0000,0x2d6b,0x7fff,0x7fff,0x7fff,0x4a52,0x0000,0x0000,0x0000,0x0000,0x0000,0x294a,0x7bde,0x7fff,
	0x7fff,0x7fff,0x7fff,0x7fff,0x7fff,0x7fff,0x7fff,0x7fff,0x4631,0x0000,0x0000,0x2d6b,0x7fff,0x7fff,0x7fff,0x7fff,
	0x7bde,0x7bde,0x7bde,0x7bde,0x7bde,0x77bd,0x77bd,0x739c,0x6f7b,0x56b5,0x4e73,0x5294,0x4a32,0x41ef,0x316c,0x1cc7,
	0x18a6,0x1485,0x1084,0x1063,0x0421,0x0421,0x0822,0x0822,0x0821,0x0821,0x0421,0x0421,0x0421,0x0421,0x0421,0x0421,
	0x0421,0x0421,0x0421,0x0421,0x0421,0x0421,0x0421,0x0421,0x0421,0x0421,0x0421,0x0421,0x0421,0x0421,0x0421,0x0421,
	0x0421,0x0421,0x0421,0x0421,0x0421,0x0421,0x0421,0x0421,0x0421,0x0421,0x0421,0x0421,0x0421,0x0421,0x0821,0x0821,
	0x0821,0x0821,0x0842,0x0842,0x0842,0x1063,0x18a5,0x2108,0x2508,0x20e7,0x2508,0x39ad,0x4631,0x5273,0x5694,0x5294,
	0x6739,0x7bde,0x7fff,0x7fff,0x7fff,0x7fff,0x7fff,0x7fff,0x7fff,0x7fff,0x7fff,0x7fff,0x7fff,0x7fff,0x7fff,0x7fff,
	0x7fff,0x7fff,0x7fff,0x7fff,0x7fff,0x7fff,0x7fff,0x7fff,0x7fff,0x7fff,0x7fff,0x7fff,0x7fff,0x7fff,0x7fff,0x7fff,
	0x7fff,0x7fff,0x7fff,0x7fff,0x7fff,0x7fff,0x7fff,0x7fff,0x7fff,0x7fff,0x7fff,0x7fff,0x7fff,0x7fff,0x7fff,0x7fff,
	0x7fff,0x7fff,0x7fff,0x7fff,0x7fff,0x7fff,0x7fff,0x7fff,0x7fff,0x7fff,0x7fff,0x7fff,0x7fff,0x7fff,0x7fff,0x7fff,
	0x7fff,0x7fff,0x7fff,0x7fff,0x7fff,0x7fff,0x7fff,0x7fff,0x7fff,0x7fff,0x7fff,0x7fff,0x7fff,0x7fff,0x7fff,0x7fff,
	0x7fff,0x7fff,0x5ef7,0x0421,0x0000,0x14a5,0x739c,0x7fff,0x7fff,0x7fff,0x7fff,0x7bde,0x1ce7,0x0000,0x0000,0x0000,
	0x0000,0x2108,0x7fff,0x7fff,0x7fff,0x7fff,0x7fff,0x7fff,0x77bd,0x14a5,0x0000,0x0c63,0x6b5a,0x7fff,0x7fff,0x7fff,
	0x7fff,0x5ef7,0x0421,0x0000,0x0421,0x56b5,0x7fff,0x7fff,0x7fff,0x7fff,0x7fff,0x7fff,0x7fff,0x7fff,0x7fff,0x7fff,
	0x6318,0x0842,0x0000,0x18c6,0x77bd,0x7fff,0x7fff,0x4e73,0x0000,0x0000,0x1ce7,0x1084,0x0000,0x0421,0x56b5,0x7fff,
	0x7fff,0x7fff,0x7fff,0x7fff,0x7fff,0x7fff,0x7fff,0x7fff,0x4e73,0x0000,0x0000,0x2529,0x7bde,0x7fff,0x7fff,0x7fff,
	0x7fff,0x7bde,0x7bde,0x7bde,0x7bde,0x77bd,0x77bd,0x739c,0x6b5a,0x4a52,0x4210,0x39ad,0x2929,0x20e7,0x1cc6,0x14a5,
	0x14a5,0x14a5,0x1485,0x0c63,0x0842,0x0421,0x0421,0x0421,0x0421,0x0421,0x0421,0x0421,0x0421,0x0421,0x0421,0x0421,
	0x0421,0x0421,0x0421,0x0421,0x0421,0x0421,0x0421,0x0421,0x0421,0x0421,0x0421,0x0421,0x0421,0x0421,0x0421,0x0421,
	0x0421,0x0421,0x0421,0x0421,0x0421,0x0821,0x0821,0x0822,0x0822,0x0821,0x0821,0x0821,0x0821,0x0821,0x0821,0x0821,
	0x0842,0x0842,0x0842,0x0842,0x0c42,0x1063,0x18a5,0x2508,0x2529,0x20e8,0x20e7,0x20e8,0x20e8,0x2d6b,0x41ef,0x4a31,
	0x56b5,0x739c,0x7fff,0x7fff,0x7fff,0x7fff,0x7fff,0x7fff,0x7fff,0x7fff,0x7fff,0x7fff,0x7fff,0x7fff,0x7fff,0x7fff,
	0x7fff,0x7fff,0x7fff,0x7fff,0x7fff,0x7fff,0x7fff,0x7fff,0x7fff,0x7fff,0x7fff,0x7fff,0x7fff,0x7fff,0x7fff,0x7fff,
	0x7fff,0x7fff,0x7fff,0x7fff,0x7fff,0x7fff,0x7fff,0x7fff,0x7fff,0x7fff,0x7fff,0x7fff,0x7fff,0x7fff,0x7fff,0x7fff,
	0x7fff,0x7fff,0x7fff,0x7fff,0x7fff,0x7fff,0x7fff,0x7fff,0x7fff,0x7fff,0x7fff,0x7fff,0x7fff,0x7fff,0x7fff,0x7fff,
	0x7fff,0x7fff,0x7fff,0x7fff,0x7fff,0x7fff,0x7fff,0x7fff,0x7fff,0x7fff,0x7fff,0x7fff,0x7fff,0x7fff,0x7fff,0x7fff,
	0x7fff,0x7fff,0x739c,0x1084,0x0000,0x0842,0x6739,0x7fff,0x7fff,0x7fff,0x7fff,0x6f7b,0x0c63,0x0000,0x0000,0x0421,
	0x0000,0x18c6,0x7bde,0x7fff,0x7fff,0x7fff,0x7fff,0x7fff,0x6318,0x0421,0x0000,0x1ce7,0x7bde,0x7fff,0x7fff,0x7fff,
	0x7fff,0x318c,0x0000,0x0000,0x294a,0x7bde,0x7fff,0x7fff,0x7fff,0x7fff,0x7fff,0x7fff,0x7fff,0x7fff,0x7fff,0x7fff,
	0x77bd,0x14a5,0x0000,0x0c63,0x6b5a,0x7fff,0x7fff,0x56b5,0x0000,0x0000,0x318c,0x4631,0x0000,0x0000,0x2108,0x77bd,
	0x7fff,0x7fff,0x7fff,0x7fff,0x7fff,0x7fff,0x7fff,0x7fff,0x56b5,0x0000,0x0000,0x2108,0x7bde,0x7fff,0x7fff,0x7fff,
	0x7fff,0x7bde,0x7bde,0x7bde,0x7bde,0x77bd,0x77be,0x739d,0x56b5,0x294a,0x2509,0x2108,0x1cc7,0x18a6,0x1485,0x1484,
	0x14a5,0x1484,0x1084,0x1064,0x0c43,0x0842,0x0821,0x0421,0x0421,0x0421,0x0421,0x0421,0x0421,0x0421,0x0421,0x0421,
	0x0421,0x0421,0x0421,0x0421,0x0421,0x0421,0x0421,0x0421,0x0421,0x0421,0x0421,0x0421,0x0421,0x0421,0x0421,0x0421,
	0x0421,0x0421,0x0421,0x0821,0x0821,0x0821,0x0821,0x0821,0x0822,0x0842,0x0842,0x0842,0x0842,0x0842,0x0842,0x0842,
	0x0842,0x0842,0x0821,0x0842,0x0c42,0x1063,0x1484,0x1cc7,0x2508,0x2508,0x2508,0x20e7,0x1cc7,0x2508,0x2529,0x294a,
	0x35ad,0x6318,0x7fde,0x7fff,0x7fff,0x7fff,0x7fff,0x7fff,0x7fff,0x7fff,0x7fff,0x7fff,0x7fff,0x7fff,0x7fff,0x7fff,
	0x7fff,0x7fff,0x7fff,0x7fff,0x7fff,0x7fff,0x7fff,0x7fff,0x7fff,0x7fff,0x7fff,0x7fff,0x7fff,0x7fff,0x7fff,0x7fff,
	0x7fff,0x7fff,0x7fff,0x7fff,0x7fff,0x7fff,0x7fff,0x7fff,0x7fff,0x7fff,0x7fff,0x7fff,0x7fff,0x7fff,0x7fff,0x7fff,
	0x7fff,0x7fff,0x7fff,0x7fff,0x7fff,0x7fff,0x7fff,0x7fff,0x7fff,0x7fff,0x7fff,0x7fff,0x7fff,0x7fff,0x7fff,0x7fff,
	0x7fff,0x7fff,0x7fff,0x7fff,0x7fff,0x7fff,0x7fff,0x7fff,0x7fff,0x7fff,0x7fff,0x7fff,0x7fff,0x7fff,0x7fff,0x7fff,
	0x7fff,0x7fff,0x7fff,0x2529,0x0000,0x0000,0x5294,0x7fff,0x7fff,0x7fff,0x7fff,0x56b5,0x0000,0x0000,0x0c63,0x14a5,
	0x0000,0x14a5,0x739c,0x7fff,0x7fff,0x7fff,0x7fff,0x7fff,0x4631,0x0000,0x0000,0x39ce,0x7fff,0x7fff,0x7fff,0x7fff,
	0x6f7b,0x1084,0x0000,0x0421,0x5ad6,0x7fff,0x7fff,0x7fff,0x7fff,0x7fff,0x7fff,0x7fff,0x7fff,0x7fff,0x7fff,0x7fff,
	0x7bde,0x2108,0x0000,0x0421,0x6318,0x7fff,0x7fff,0x56b5,0x0000,0x0000,0x318c,0x739c,0x18c6,0x0000,0x0000,0x4e73,
	0x7fff,0x7fff,0x7fff,0x7fff,0x7fff,0x7fff,0x7fff,0x7fff,0x5ad6,0x0000,0x0000,0x1ce7,0x7bde,0x7fff,0x7fff,0x7fff,
	0x7fff,0x7fff,0x7bde,0x7bde,0x7bde,0x7bde,0x7bbe,0x77be,0x6739,0x4e74,0x41f0,0x318d,0x294b,0x2509,0x1ce7,0x18c6,
	0x18a6,0x14a5,0x14a5,0x1084,0x1064,0x0c63,0x0c63,0x0c63,0x0c63,0x0c63,0x0c63,0x0c63,0x0c63,0x0c63,0x0c63,0x0c63,
	0x0c63,0x0c63,0x0c63,0x0c63,0x0c63,0x0c63,0x0c63,0x0c63,0x0c63,0x0c63,0x0c63,0x0c63,0x0c63,0x0c63,0x0c63,0x0c63,
	0x0c63,0x0c63,0x0c63,0x0c63,0x0c63,0x0c63,0x0c63,0x0c63,0x0c63,0x0c63,0x0c63,0x0c63,0x0c63,0x0c63,0x0c63,0x0c63,
	0x0c63,0x0c63,0x1063,0x1063,0x1084,0x14a5,0x1cc6,0x20e8,0x2529,0x294a,0x294a,0x294a,0x2d4a,0x2d6b,0x358c,0x3def,
	0x5273,0x737b,0x7fdf,0x7fff,0x7fff,0x7fff,0x7fff,0x7fff,0x7fff,0x7fff,0x7fff,0x7fff,0x7fff,0x7fff,0x7fff,0x7fff,
	0x7fff,0x7fff,0x7fff,0x7fff,0x7fff,0x7fff,0x7fff,0x7fff,0x7fff,0x7fff,0x7fff,0x7fff,0x7fff,0x7fff,0x7fff,0x7fff,
	0x7fff,0x7fff,0x7fff,0x7fff,0x7fff,0x7fff,0x7fff,0x7fff,0x7fff,0x7fff,0x7fff,0x7fff,0x7fff,0x7fff,0x7fff,0x7fff,
	0x7fff,0x7fff,0x7fff,0x7fff,0x7fff,0x7fff,0x7fff,0x7fff,0x7fff,0x7fff,0x7fff,0x7fff,0x7fff,0x7fff,0x7fff,0x7fff,
	0x7fff,0x7fff,0x7fff,0x7fff,0x7fff,0x7fff,0x7fff,0x7fff,0x7fff,0x7fff,0x7fff,0x7fff,0x7fff,0x7fff,0x7fff,0x7fff,
	0x7fff,0x7fff,0x7fff,0x4210,0x0000,0x0000,0x39ce,0x7fff,0x7fff,0x7fff,0x7fff,0x3def,0x0000,0x0000,0x2529,0x294a,
	0x0000,0x0c63,0x6f7b,0x7fff,0x7fff,0x7fff,0x7fff,0x7fff,0x2529,0x0000,0x0421,0x5ad6,0x7fff,0x7fff,0x7fff,0x7fff,
	0x5294,0x0000,0x0000,0x1ce7,0x77bd,0x7fff,0x7fff,0x7fff,0x7fff,0x7fff,0x7fff,0x7fff,0x7fff,0x7fff,0x7fff,0x7fff,
	0x7fff,0x294a,0x0000,0x0000,0x5ef7,0x7fff,0x7fff,0x56b5,0x0000,0x0000,0x318c,0x7fff,0x4e73,0x0000,0x0000,0x14a5,
	0x6f7b,0x7fff,0x7fff,0x7fff,0x7fff,0x7fff,0x7fff,0x7fff,0x6318,0x0421,0x0000,0x1ce7,0x7bde,0x7fff,0x7fff,0x7fff,
	0x7fff,0x7fff,0x7fff,0x7fff,0x7fff,0x7fff,0x7fff,0x7bde,0x7bde,0x7fff,0x7bde,0x7bde,0x77bd,0x739c,0x6f7b,0x6b5a,
	0x6b5a,0x6739,0x6739,0x6318,0x6318,0x6318,0x6318,0x6318,0x6318,0x6318,0x6318,0x6318,0x6318,0x6318,0x6318,0x6318,
	0x6318,0x6318,0x6318,0x6318,0x6318,0x6318,0x6318,0x6318,0x6318,0x6318,0x6318,0x6318,0x6318,0x6318,0x6318,0x6318,
	0x6318,0x6318,0x6318,0x6318,0x6318,0x6318,0x6318,0x6318,0x6318,0x6318,0x6318,0x6318,0x6318,0x6318,0x6318,0x6318,
	0x6318,0x6318,0x6318,0x6318,0x6318,0x6719,0x6739,0x6b3a,0x6b5a,0x6f5a,0x6f5b,0x6f7b,0x6f7b,0x739c,0x7bde,0x7bde,
	0x7fff,0x7fff,0x7fff,0x7fff,0x7fff,0x7fff,0x7fff,0x7fff,0x7fff,0x7fff,0x7fff,0x7fff,0x7fff,0x7fff,0x7fff,0x7fff,
	0x7fff,0x7fff,0x7fff,0x7fff,0x7fff,0x7fff,0x7fff,0x7fff,0x7fff,0x7fff,0x7fff,0x7fff,0x7fff,0x7fff,0x7fff,0x7fff,
	0x7fff,0x7fff,0x7fff,0x7fff,0x7fff,0x7fff,0x7fff,0x7fff,0x7fff,0x7fff,0x7fff,0x7fff,0x7fff,0x7fff,0x7fff,0x7fff,
	0x7fff,0x7fff,0x7fff,0x7fff,0x7fff,0x7fff,0x7fff,0x7fff,0x7fff,0x7fff,0x7fff,0x7fff,0x7fff,0x7fff,0x7fff,0x7fff,
	0x7fff,0x7fff,0x7fff,0x7fff,0x7fff,0x7fff,0x7fff,0x7fff,0x7fff,0x7fff,0x7fff,0x7fff,0x7fff,0x7fff,0x7fff,0x7fff,
	0x7fff,0x7fff,0x7fff,0x5ad6,0x0000,0x0000,0x2529,0x7fff,0x7fff,0x7fff,0x7fff,0x2529,0x0000,0x0000,0x3def,0x3def,
	0x0000,0x0421,0x6318,0x7fff,0x7fff,0x7fff,0x7fff,0x6f7b,0x0c63,0x0000,0x14a5,0x77bd,0x7fff,0x7fff,0x7fff,0x7fff,
	0x35ad,0x0000,0x0000,0x3def,0x7fff,0x7fff,0x7fff,0x7fff,0x7fff,0x7fff,0x7fff,0x7fff,0x7fff,0x7fff,0x7fff,0x7fff,
	0x7fff,0x2d6b,0x0000,0x0000,0x5ad6,0x7fff,0x7fff,0x56b5,0x0000,0x0000,0x39ce,0x7fff,0x7bde,0x2529,0x0000,0x0000,
	0x3def,0x7fff,0x7fff,0x7fff,0x7fff,0x7fff,0x7fff,0x7fff,0x6318,0x0421,0x0000,0x1ce7,0x7bde,0x7fff,0x7fff,0x7fff,
	0x7fff,0x7fff,0x7fff,0x7fff,0x7fff,0x7fff,0x7fff,0x7fff,0x7fff,0x7fff,0x7fff,0x7fff,0x7fff,0x7fff,0x7fff,0x7fff,
	0x7fff,0x7fff,0x7fff,0x7fff,0x7fff,0x7fff,0x7fff,0x7fff,0x7fff,0x7fff,0x7fff,0x7fff,0x7fff,0x7fff,0x7fff,0x7fff,
	0x7fff,0x7fff,0x7fff,0x7fff,0x7fff,0x7fff,0x7fff,0x7fff,0x7fff,0x7fff,0x7fff,0x7fff,0x7fff,0x7fff,0x7fff,0x7fff,
	0x7fff,0x7fff,0x7fff,0x7fff,0x7fff,0x7fff,0x7fff,0x7fff,0x7fff,0x7fff,0x7fff,0x7fff,0x7fff,0x7fff,0x7fff,0x7fff,
	0x7fff,0x7fff,0x7fff,0x7fff,0x7fff,0x7fff,0x7fff,0x7fff,0x7fff,0x7fff,0x7fff,0x7fff,0x7fff,0x7fff,0x7fff,0x7fff,
	0x7fff,0x7fff,0x7fff,0x7fff,0x7fff,0x7fff,0x7fff,0x7fff,0x7fff,0x7fff,0x7fff,0x7fff,0x7fff,0x7fff,0x7fff,0x7fff,
	0x7fff,0x7fff,0x7fff,0x7fff,0x7fff,0x7fff,0x7fff,0x7fff,0x7fff,0x7fff,0x7fff,0x7fff,0x7fff,0x7fff,0x7fff,0x7fff,
	0x7fff,0x7fff,0x7fff,0x7fff,0x7fff,0x7fff,0x7fff,0x7fff,0x7fff,0x7fff,0x7fff,0x7fff,0x7fff,0x7fff,0x7fff,0x7fff,
	0x7fff,0x7fff,0x7fff,0x7fff,0x7fff,0x7fff,0x7fff,0x7fff,0x7fff,0x7fff,0x7fff,0x7fff,0x7fff,0x7fff,0x7fff,0x7fff,
	0x7fff,0x7fff,0x7fff,0x7fff,0x7fff,0x7fff,0x7fff,0x7fff,0x7fff,0x7fff,0x7fff,0x7fff,0x7fff,0x7fff,0x7fff,0x7fff,
	0x7fff,0x7fff,0x7fff,0x6f7b,0x0c63,0x0000,0x14a5,0x77bd,0x7fff,0x7fff,0x739c,0x1084,0x0000,0x0000,0x5ad6,0x4a52,
	0x0000,0x0000,0x56b5,0x7fff,0x7fff,0x7fff,0x7fff,0x56b5,0x0000,0x0000,0x35ad,0x7fff,0x7fff,0x7fff,0x7fff,0x7bde,
	0x1ce7,0x0000,0x0421,0x5ef7,0x7fff,0x7fff,0x7fff,0x7fff,0x7fff,0x7fff,0x7fff,0x7fff,0x7fff,0x7fff,0x7fff,0x7fff,
	0x7fff,0x2d6b,0x0000,0x0000,0x5ad6,0x7fff,0x7fff,0x56b5,0x0000,0x0000,0x3def,0x7fff,0x7fff,0x5ef7,0x0842,0x0000,
	0x0c63,0x6318,0x7fff,0x7fff,0x7fff,0x7fff,0x7fff,0x7fff,0x6739,0x0842,0x0000,0x1ce7,0x7bde,0x7fff,0x7fff,0x7fff,
	0x7fff,0x7fff,0x7fff,0x7fff,0x7fff,0x7fff,0x7fff,0x7fff,0x7fff,0x7fff,0x7fff,0x7fff,0x7fff,0x7fff,0x7fff,0x7fff,
	0x7fff,0x7fff,0x7fff,0x7fff,0x7fff,0x7fff,0x7fff,0x7fff,0x7fff,0x7fff,0x7fff,0x7fff,0x7fff,0x7fff,0x7fff,0x7fff,
	0x7fff,0x7fff,0x7fff,0x7fff,0x7fff,0x7fff,0x7fff,0x7fff,0x7fff,0x7fff,0x7fff,0x7fff,0x7fff,0x7fff,0x7fff,0x7fff,
	0x7fff,0x7fff,0x7fff,0x7fff,0x7fff,0x7fff,0x7fff,0x7fff,0x7fff,0x7fff,0x7fff,0x7fff,0x7fff,0x7fff,0x7fff,0x7fff,
	0x7fff,0x7fff,0x7fff,0x7fff,0x7fff,0x7fff,0x7fff,0x7fff,0x7fff,0x7fff,0x7fff,0x7fff,0x7fff,0x7fff,0x7fff,0x7fff,
	0x7fff,0x7fff,0x7fff,0x7fff,0x7fff,0x7fff,0x7fff,0x7fff,0x7fff,0x7fff,0x7fff,0x7fff,0x7fff,0x7fff,0x7fff,0x7fff,
	0x7fff,0x7fff,0x7fff,0x7fff,0x7fff,0x7fff,0x7fff,0x7fff,0x7fff,0x7fff,0x7fff,0x7fff,0x7fff,0x7fff,0x7fff,0x7fff,
	0x7fff,0x7fff,0x7fff,0x7fff,0x7fff,0x7fff,0x7fff,0x7fff,0x7fff,0x7fff,0x7fff,0x7fff,0x7fff,0x7fff,0x7fff,0x7fff,
	0x7fff,0x7fff,0x7fff,0x7fff,0x7fff,0x7fff,0x7fff,0x7fff,0x7fff,0x7fff,0x7fff,0x7fff,0x7fff,0x7fff,0x7fff,0x7fff,
	0x7fff,0x7fff,0x7fff,0x7fff,0x7fff,0x7fff,0x7fff,0x7fff,0x7fff,0x7fff,0x7fff,0x7fff,0x7fff,0x7fff,0x7fff,0x7fff,
	0x7fff,0x7fff,0x7fff,0x7bde,0x1ce7,0x0000,0x0842,0x6b5a,0x7fff,0x7fff,0x5ef7,0x0421,0x0000,0x0c63,0x6f7b,0x56b5,
	0x0000,0x0000,0x4a52,0x7fff,0x7fff,0x7fff,0x7fff,0x35ad,0x0000,0x0000,0x5ad6,0x7fff,0x7fff,0x7fff,0x7fff,0x6f7b,
	0x0c63,0x0000,0x1084,0x6f7b,0x7fff,0x7fff,0x7fff,0x7fff,0x7fff,0x7fff,0x7fff,0x7fff,0x7fff,0x7fff,0x7fff,0x7fff,
	0x7fff,0x294a,0x0000,0x0421,0x5ef7,0x7fff,0x7fff,0x56b5,0x0000,0x0000,0x3def,0x7fff,0x7fff,0x7fff,0x35ad,0x0000,
	0x0000,0x294a,0x7bde,0x7fff,0x7fff,0x7fff,0x7fff,0x7fff,0x6b5a,0x0842,0x0000,0x1ce7,0x7bde,0x7fff,0x7fff,0x7fff,
	0x7fff,0x7fff,0x7fff,0x7fff,0x7fff,0x7fff,0x7fff,0x7fff,0x7fff,0x7fff,0x7fff,0x7fff,0x7fff,0x7fff,0x7fff,0x7fff,
	0x7fff,0x7fff,0x7fff,0x7fff,0x7fff,0x7fff,0x7fff,0x7fff,0x7fff,0x7fff,0x7fff,0x7fff,0x7fff,0x7fff,0x7fff,0x7fff,
	0x7fff,0x7fff,0x7fff,0x7fff,0x7fff,0x7fff,0x7fff,0x7fff,0x7fff,0x7fff,0x7fff,0x7fff,0x7fff,0x7fff,0x7fff,0x7fff,
	0x7fff,0x7fff,0x7fff,0x7fff,0x7fff,0x7fff,0x7fff,0x7fff,0x7fff,0x7fff,0x7fff,0x7fff,0x7fff,0x7fff,0x7fff,0x7fff,
	0x7fff,0x7fff,0x7fff,0x7fff,0x7fff,0x7fff,0x7fff,0x7fff,0x7fff,0x7fff,0x7fff,0x7fff,0x7fff,0x7fff,0x7fff,0x7fff,
	0x7fff,0x7fff,0x7fff,0x7fff,0x7fff,0x7fff,0x7fff,0x7fff,0x7fff,0x7fff,0x7fff,0x7fff,0x7fff,0x7fff,0x7fff,0x7fff,
	0x7fff,0x7fff,0x7fff,0x7fff,0x7fff,0x7fff,0x7fff,0x7fff,0x7fff,0x7fff,0x7fff,0x7fff,0x7fff,0x7fff,0x7fff,0x7fff,
	0x7fff,0x7fff,0x7fff,0x7fff,0x7fff,0x7fff,0x7fff,0x7fff,0x7fff,0x7fff,0x7fff,0x7fff,0x7fff,0x7fff,0x7fff,0x7fff,
	0x7fff,0x7fff,0x7fff,0x7fff,0x7fff,0x7fff,0x7fff,0x7fff,0x7fff,0x7fff,0x7fff,0x7fff,0x7fff,0x7fff,0x7fff,0x7fff,
	0x7fff,0x7fff,0x7fff,0x7fff,0x7fff,0x7fff,0x7fff,0x7fff,0x7fff,0x7fff,0x7fff,0x7fff,0x7fff,0x7fff,0x7fff,0x7fff,
	0x7fff,0x7fff,0x7fff,0x7fff,0x35ad,0x0000,0x0000,0x5ad6,0x7fff,0x7fff,0x4210,0x0000,0x0000,0x2108,0x7fff,0x6318,
	0x0421,0x0000,0x39ce,0x7fff,0x7fff,0x7fff,0x77bd,0x18c6,0x0000,0x14a5,0x739c,0x7fff,0x7fff,0x7fff,0x7fff,0x6739,
	0x0421,0x0000,0x1ce7,0x7bde,0x7fff,0x7fff,0x7fff,0x7fff,0x7fff,0x7fff,0x7fff,0x7fff,0x7fff,0x7fff,0x7fff,0x7fff,
	0x7bde,0x1ce7,0x0000,0x0421,0x6739,0x7fff,0x7fff,0x5ef7,0x0421,0x0000,0x3def,0x7fff,0x7fff,0x7fff,0x6b5a,0x1084,
	0x0000,0x0421,0x5294,0x7fff,0x7fff,0x7fff,0x7fff,0x7fff,0x6b5a,0x0842,0x0000,0x1ce7,0x7bde,0x7fff,0x7fff,0x7fff,
	0x7fff,0x7fff,0x7fff,0x7fff,0x7fff,0x7fff,0x7fff,0x7fff,0x7fff,0x7bdf,0x77bd,0x77bd,0x7fff,0x7fff,0x779d,0x6f7c,
	0x673a,0x5f19,0x5b19,0x5b19,0x5f1a,0x5f19,0x5ef9,0x5b19,0x5b19,0x5b19,0x5b3a,0x5f3a,0x5f3a,0x633a,0x673b,0x739c,
	0x7bbe,0x7fff,0x7bfe,0x77bd,0x77bd,0x7fde,0x7fff,0x7fff,0x7fff,0x7fff,0x7fff,0x7fff,0x7fff,0x7fff,0x7fff,0x7fff,
	0x7fff,0x7fff,0x7fff,0x7fff,0x7fff,0x7fff,0x7fff,0x7fff,0x7fff,0x7fff,0x7fff,0x7fff,0x7fff,0x7fff,0x7fff,0x7fff,
	0x7fff,0x7fff,0x7fff,0x7fff,0x7fff,0x7fff,0x7fff,0x7fff,0x7fff,0x7fff,0x7fff,0x7fff,0x7fff,0x7fff,0x7fff,0x7fff,
	0x7fff,0x7fff,0x7fff,0x7fff,0x7fff,0x7fff,0x7fff,0x7fff,0x7fff,0x7fff,0x7fff,0x7fff,0x7fff,0x7fff,0x7fff,0x7fff,
	0x7fff,0x7fff,0x7fff,0x7fff,0x7fff,0x7fff,0x7fff,0x7fff,0x7fff,0x7fff,0x7fff,0x7fff,0x7fff,0x7fff,0x7fff,0x7fff,
	0x7fff,0x7fff,0x7fff,0x7fff,0x7fff,0x7fff,0x7fff,0x7fff,0x7fff,0x7fff,0x7fff,0x7fff,0x7fff,0x7fff,0x7fff,0x7fff,
	0x7fff,0x7fff,0x7fff,0x7fff,0x7fff,0x7fff,0x7fff,0x7fff,0x7fff,0x7fff,0x7fff,0x7fff,0x7fff,0x7fff,0x7fff,0x7fff,
	0x7fff,0x7fff,0x7fff,0x7fff,0x7fff,0x7fff,0x7fff,0x7fff,0x7fff,0x7fff,0x7fff,0x7fff,0x7fff,0x7fff,0x7fff,0x7fff,
	0x7fff,0x7fff,0x7fff,0x7fff,0x4a52,0x0000,0x0000,0x4631,0x7fff,0x7fff,0x294a,0x0000,0x0000,0x3def,0x7fff,0x6f7b,
	0x0c63,0x0000,0x294a,0x7fff,0x7fff,0x7fff,0x6318,0x0421,0x0000,0x318c,0x7fff,0x7fff,0x7fff,0x7fff,0x7fff,0x5ad6,
	0x0421,0x0000,0x294a,0x7fff,0x7fff,0x7fff,0x7fff,0x7fff,0x7fff,0x7fff,0x7fff,0x7fff,0x7fff,0x7fff,0x7fff,0x7fff,
	0x739c,0x1084,0x0000,0x0c63,0x6f7b,0x7fff,0x7fff,0x5ef7,0x0421,0x0000,0x3def,0x7fff,0x7fff,0x7fff,0x7fff,0x4631,
	0x0000,0x0000,0x14a5,0x6f7b,0x7fff,0x7fff,0x7fff,0x7fff,0x6f7b,0x0c63,0x0000,0x1ce7,0x7bde,0x7fff,0x7fff,0x7fff,
	0x7fff,0x7fff,0x7fff,0x7fff,0x7fff,0x7fff,0x7bde,0x739c,0x6b59,0x6318,0x675a,0x5f3b,0x5f3c,0x56fd,0x365b,0x261b,
	0x221a,0x1a1a,0x163a,0x165b,0x167c,0x169c,0x169c,0x127c,0x127c,0x127c,0x165b,0x1a5b,0x1e3b,0x223b,0x263b,0x327b,
	0x42bc,0x573d,0x5f5d,0x635b,0x673a,0x6739,0x673a,0x6f7b,0x77bd,0x7ffe,0x7bde,0x7fff,0x7fff,0x7fff,0x7fff,0x7fff,
	0x7fff,0x7fff,0x7fff,0x7fff,0x7fff,0x7fff,0x7fff,0x7fff,0x7fff,0x7fff,0x7fff,0x7fff,0x7fff,0x7fff,0x7fff,0x7fff,
	0x7fff,0x7fff,0x7fff,0x7fff,0x7fff,0x7fff,0x7fff,0x7fff,0x7fff,0x7fff,0x7fff,0x7fff,0x7fff,0x7fff,0x7fff,0x7fff,
	0x7fff,0x7fff,0x7fff,0x7fff,0x7fff,0x7fff,0x7fff,0x7fff,0x7fff,0x7fff,0x7fff,0x7fff,0x7fff,0x7fff,0x7fff,0x7fff,
	0x7fff,0x7fff,0x7fff,0x7fff,0x7fff,0x7fff,0x7fff,0x7fff,0x7fff,0x7fff,0x7fff,0x7fff,0x7fff,0x7fff,0x7fff,0x7fff,
	0x7fff,0x7fff,0x7fff,0x7fff,0x7fff,0x7fff,0x7fff,0x7fff,0x7fff,0x7fff,0x7fff,0x7fff,0x7fff,0x7fff,0x7fff,0x7fff,
	0x7fff,0x7fff,0x7fff,0x7fff,0x7fff,0x7fff,0x7fff,0x7fff,0x7fff,0x7fff,0x7fff,0x7fff,0x7fff,0x7fff,0x7fff,0x7fff,
	0x7fff,0x7fff,0x7fff,0x7fff,0x7fff,0x7fff,0x7fff,0x7fff,0x7fff,0x7fff,0x7fff,0x7fff,0x7fff,0x7fff,0x7fff,0x7fff,
	0x7fff,0x7fff,0x7fff,0x7fff,0x5ef7,0x0421,0x0000,0x35ad,0x7fff,0x6f7b,0x1084,0x0000,0x0421,0x5ad6,0x7fff,0x77bd,
	0x18c6,0x0000,0x1ce7,0x77bd,0x7fff,0x7fff,0x4631,0x0000,0x0000,0x56b5,0x7fff,0x7fff,0x7fff,0x7fff,0x7fff,0x56b5,
	0x0000,0x0000,0x318c,0x7fff,0x7fff,0x7fff,0x7fff,0x7fff,0x7fff,0x7fff,0x7fff,0x7fff,0x7fff,0x7fff,0x7fff,0x7fff,
	0x6739,0x0842,0x0000,0x18c6,0x77bd,0x7fff,0x7fff,0x5ef7,0x0421,0x0000,0x3def,0x7fff,0x7fff,0x7fff,0x7fff,0x77bd,
	0x2108,0x0000,0x0000,0x318c,0x7bde,0x7fff,0x7fff,0x7fff,0x6f7b,0x0c63,0x0000,0x1ce7,0x7bde,0x7fff,0x7fff,0x7fff,
	0x7fff,0x7ffe,0x7fff,0x77be,0x6b5a,0x6b59,0x6b7c,0x571c,0x3659,0x263a,0x1e5b,0x1ebe,0x16be,0x0e9d,0x06be,0x06be,
	0x06df,0x0aff,0x0aff,0x0f1f,0x0f1f,0x0f1f,0x0b1f,0x0f1f,0x0f1f,0x0f1f,0x0f1f,0x0f1f,0x131f,0x1b1e,0x1f1e,0x1afe,
	0x16de,0x16de,0x16de,0x1ade,0x229c,0x2a5b,0x325a,0x469b,0x6b5d,0x73bd,0x6b59,0x6318,0x6f7b,0x7bde,0x7bff,0x7fff,
	0x7fff,0x7fff,0x7fff,0x7fff,0x7fff,0x7fff,0x7fff,0x7fff,0x7fff,0x7fff,0x7fff,0x7fff,0x7fff,0x7fff,0x7fff,0x7fff,
	0x7fff,0x7fff,0x7fff,0x7fff,0x7fff,0x7fff,0x7fff,0x7fff,0x7fff,0x7fff,0x7fff,0x7fff,0x7fff,0x7fff,0x7fff,0x7fff,
	0x7fff,0x7fff,0x7fff,0x7fff,0x7fff,0x7fff,0x7fff,0x7fff,0x7fff,0x7fff,0x7fff,0x7fff,0x7fff,0x7fff,0x7fff,0x7fff,
	0x7fff,0x7fff,0x7fff,0x7fff,0x7fff,0x7fff,0x7fff,0x7fff,0x7fff,0x7fff,0x7fff,0x7fff,0x7fff,0x7fff,0x7fff,0x7fff,
	0x7fff,0x7fff,0x7fff,0x7fff,0x7fff,0x7fff,0x7fff,0x7fff,0x7fff,0x7fff,0x7fff,0x7fff,0x7fff,0x7fff,0x7fff,0x7fff,
	0x7fff,0x7fff,0x7fff,0x7fff,0x7fff,0x7fff,0x7fff,0x7fff,0x7fff,0x7fff,0x7fff,0x7fff,0x7fff,0x7fff,0x7fff,0x7fff,
	0x7fff,0x7fff,0x7fff,0x7fff,0x7fff,0x7fff,0x7fff,0x7fff,0x7fff,0x7fff,0x7fff,0x7fff,0x7fff,0x7fff,0x7fff,0x7fff,
	0x7fff,0x7fff,0x7fff,0x7fff,0x6f7b,0x0c63,0x0000,0x2529,0x7fff,0x5ad6,0x0000,0x0000,0x14a5,0x739c,0x7fff,0x7fff,
	0x2529,0x0000,0x0c63,0x6f7b,0x7fff,0x7fff,0x2529,0x0000,0x1084,0x739c,0x7fff,0x7fff,0x7fff,0x7fff,0x7fff,0x56b5,
	0x0000,0x0000,0x35ad,0x7fff,0x7fff,0x7fff,0x7fff,0x7fff,0x7fff,0x7fff,0x7fff,0x7fff,0x7fff,0x7fff,0x7fff,0x7fff,
	0x4e73,0x0000,0x0000,0x294a,0x7fff,0x7fff,0x7fff,0x5ef7,0x0421,0x0000,0x3def,0x7fff,0x7fff,0x7fff,0x7fff,0x7fff,
	0x5ad6,0x0842,0x0000,0x0421,0x5294,0x7fff,0x7fff,0x7fff,0x6f7b,0x0c63,0x0000,0x1ce7,0x7bde,0x7fff,0x7fff,0x7fff,
	0x7fff,0x77bd,0x6b59,0x6779,0x52fa,0x3e5a,0x2a7c,0x1e7d,0x129d,0x0abe,0x06de,0x0afe,0x0aff,0x0b1f,0x0b1f,0x0f1f,
	0x0f1f,0x0f1f,0x0f1f,0x0f1f,0x131f,0x131f,0x131f,0x1f3e,0x2f5f,0x3f9f,0x4bbe,0x4bbe,0x4fdd,0x57de,0x5bdf,0x5bdf,
	0x57df,0x4fbe,0x4fbe,0x479e,0x3f7f,0x333f,0x1edd,0x1abd,0x1e9d,0x267c,0x3abb,0x4efb,0x6b5b,0x739c,0x6338,0x739c,
	0x7fff,0x7fff,0x7fff,0x7fff,0x7fff,0x7fff,0x7fff,0x7fff,0x7fff,0x7fff,0x7fff,0x7fff,0x7fff,0x7fff,0x7fff,0x7fff,
	0x7fff,0x7fff,0x7fff,0x7fff,0x7fff,0x7fff,0x7fff,0x7fff,0x7fff,0x7fff,0x7fff,0x7fff,0x7fff,0x7fff,0x7fff,0x7fff,
	0x7fff,0x7fff,0x7fff,0x7fff,0x7fff,0x7fff,0x7fff,0x7fff,0x7fff,0x7fff,0x7fff,0x7fff,0x7fff,0x7fff,0x7fff,0x7fff,
	0x7fff,0x7fff,0x7fff,0x7fff,0x7fff,0x7fff,0x7fff,0x7fff,0x7fff,0x7fff,0x7fff,0x7fff,0x7fff,0x7fff,0x7fff,0x7fff,
	0x7fff,0x7fff,0x7fff,0x7fff,0x7fff,0x7fff,0x7fff,0x7fff,0x7fff,0x7fff,0x7fff,0x7fff,0x7fff,0x7fff,0x7fff,0x7fff,
	0x7fff,0x7fff,0x7fff,0x7fff,0x7fff,0x7fff,0x7fff,0x7fff,0x7fff,0x7fff,0x7fff,0x7fff,0x7fff,0x7fff,0x7fff,0x7fff,
	0x7fff,0x7fff,0x7fff,0x7fff,0x7fff,0x7fff,0x7fff,0x7fff,0x7fff,0x7fff,0x7fff,0x7fff,0x7fff,0x7fff,0x7fff,0x7fff,
	0x7fff,0x7fff,0x7fff,0x7fff,0x77bd,0x18c6,0x0000,0x14a5,0x77bd,0x39ce,0x0000,0x0000,0x318c,0x7fff,0x7fff,0x7fff,
	0x35ad,0x0000,0x0421,0x6318,0x7fff,0x6f7b,0x0c63,0x0000,0x2d6b,0x7fff,0x7fff,0x7fff,0x7fff,0x7fff,0x7fff,0x56b5,
	0x0000,0x0000,0x318c,0x7fff,0x7fff,0x7fff,0x7fff,0x7fff,0x7fff,0x7fff,0x7fff,0x7fff,0x7fff,0x7fff,0x7fff,0x7fff,
	0x318c,0x0000,0x0000,0x4631,0x7fff,0x7fff,0x7fff,0x5ad6,0x0000,0x0000,0x3def,0x7fff,0x7fff,0x7fff,0x7fff,0x7fff,
	0x7fff,0x35ad,0x0000,0x0000,0x14a5,0x6b5a,0x7fff,0x7fff,0x6f7b,0x0c63,0x0000,0x2108,0x7bde,0x7fff,0x7fff,0x7bff,
	0x6b7b,0x6318,0x5f1b,0x4adc,0x1a3b,0x0a3c,0x0abe,0x0afe,0x0b1e,0x0b1e,0x0eff,0x12ff,0x0f1f,0x0f1e,0x131f,0x131f,
	0x131f,0x133f,0x173f,0x173f,0x173f,0x173f,0x1f5f,0x3b9f,0x43bf,0x4bbf,0x4fdf,0x4fde,0x53de,0x57fe,0x5bfe,0x63de,
	0x63de,0x63ff,0x63fe,0x63de,0x63df,0x63df,0x5fdf,0x4fbf,0x335f,0x271e,0x12bc,0x0e5b,0x2e7c,0x52fd,0x677c,0x6739,
	0x6739,0x739c,0x7fff,0x7fff,0x7fff,0x7fff,0x7fff,0x7fff,0x7fff,0x7fff,0x7fff,0x7fff,0x7fff,0x7fff,0x7fff,0x7fff,
	0x7fff,0x7fff,0x7fff,0x7fff,0x7fff,0x7fff,0x7fff,0x7fff,0x7fff,0x7fff,0x7fff,0x7fff,0x7fff,0x7fff,0x7fff,0x7fff,
	0x7fff,0x7fff,0x7fff,0x7fff,0x7fff,0x7fff,0x7fff,0x7fff,0x7fff,0x7fff,0x7fff,0x7fff,0x7fff,0x7fff,0x7fff,0x7fff,
	0x7fff,0x7fff,0x7fff,0x7fff,0x7fff,0x7fff,0x7fff,0x7fff,0x7fff,0x7fff,0x7fff,0x7fff,0x7fff,0x7fff,0x7fff,0x7fff,
	0x7fff,0x7fff,0x7fff,0x7fff,0x7fff,0x7fff,0x7fff,0x7fff,0x7fff,0x7fff,0x7fff,0x7fff,0x7fff,0x7fff,0x7fff,0x7fff,
	0x7fff,0x7fff,0x7fff,0x7fff,0x7fff,0x7fff,0x7fff,0x7fff,0x7fff,0x7fff,0x7fff,0x7fff,0x7fff,0x7fff,0x7fff,0x7fff,
	0x7fff,0x7fff,0x7fff,0x7fff,0x7fff,0x7fff,0x7fff,0x7fff,0x7fff,0x7fff,0x7fff,0x7fff,0x7fff,0x7fff,0x7fff,0x7fff,
	0x7fff,0x7fff,0x7fff,0x7fff,0x7fff,0x294a,0x0000,0x0842,0x6318,0x1ce7,0x0000,0x0000,0x56b5,0x7fff,0x7fff,0x7fff,
	0x4210,0x0000,0x0000,0x5294,0x7fff,0x5294,0x0000,0x0000,0x5294,0x7fff,0x7fff,0x7fff,0x7fff,0x7fff,0x7fff,0x5ef7,
	0x0421,0x0000,0x2529,0x7fff,0x7fff,0x7fff,0x7fff,0x7fff,0x7fff,0x7fff,0x7fff,0x7fff,0x7fff,0x7fff,0x7fff,0x6f7b,
	0x1084,0x0000,0x0421,0x6318,0x7fff,0x7fff,0x7fff,0x56b5,0x0000,0x0000,0x39ce,0x7fff,0x7fff,0x7fff,0x7fff,0x7fff,
	0x7fff,0x6f7b,0x14a5,0x0000,0x0000,0x294a,0x7bde,0x7fff,0x6f7b,0x0c63,0x0000,0x2529,0x7fff,0x7fff,0x7fff,0x6f7c,
	0x5f18,0x5b1a,0x367b,0x15fb,0x0a9e,0x02fd,0x0aff,0x0aff,0x0b1f,0x0f1f,0x131f,0x131f,0x131f,0x131f,0x173f,0x173f,
	0x173f,0x1b3f,0x1b3f,0x1b3f,0x1f3f,0x1f3f,0x275f,0x3b9f,0x3f9f,0x3f9f,0x47bf,0x47bf,0x4fdf,0x4fdf,0x53df,0x57de,
	0x5bde,0x5bde,0x5fde,0x63de,0x63df,0x67ff,0x63ff,0x67fe,0x67fe,0x5ffe,0x3f9e,0x1f3e,0x0e7d,0x121a,0x2e7a,0x677e,
	0x77be,0x6318,0x6b7a,0x7bde,0x7fff,0x7fff,0x7fff,0x7fff,0x7fff,0x7fff,0x7fff,0x7fff,0x7fff,0x7fff,0x7fff,0x7fff,
	0x7fff,0x7fff,0x7fff,0x7fff,0x7fff,0x7fff,0x7fff,0x7fff,0x7fff,0x7fff,0x7fff,0x7fff,0x7fff,0x7fff,0x7fff,0x7fff,
	0x7fff,0x7fff,0x7fff,0x7fff,0x7fff,0x7fff,0x7fff,0x7fff,0x7fff,0x7fff,0x7fff,0x7fff,0x7fff,0x7fff,0x7fff,0x7fff,
	0x7fff,0x7fff,0x7fff,0x7fff,0x7fff,0x7fff,0x7fff,0x7fff,0x7fff,0x7fff,0x7fff,0x7fff,0x7fff,0x7fff,0x7fff,0x7fff,
	0x7fff,0x7fff,0x7fff,0x7fff,0x7fff,0x7fff,0x7fff,0x7fff,0x7fff,0x7fff,0x7fff,0x7fff,0x7fff,0x7fff,0x7fff,0x7fff,
	0x7fff,0x7fff,0x7fff,0x7fff,0x7fff,0x7fff,0x7fff,0x7fff,0x7fff,0x7fff,0x7fff,0x7fff,0x7fff,0x7fff,0x7fff,0x7fff,
	0x7fff,0x7fff,0x7fff,0x7fff,0x7fff,0x7fff,0x7fff,0x7fff,0x7fff,0x7fff,0x7fff,0x7fff,0x7fff,0x7fff,0x7fff,0x7fff,
	0x7fff,0x7fff,0x7fff,0x7fff,0x7fff,0x3def,0x0000,0x0421,0x3def,0x0842,0x0000,0x14a5,0x739c,0x7fff,0x7fff,0x7fff,
	0x5294,0x0000,0x0000,0x3def,0x7fff,0x318c,0x0000,0x1084,0x6f7b,0x7fff,0x7fff,0x7fff,0x7fff,0x7fff,0x7fff,0x6b5a,
	0x0842,0x0000,0x1084,0x739c,0x7fff,0x7fff,0x7fff,0x7fff,0x7fff,0x7fff,0x7fff,0x7fff,0x7fff,0x7fff,0x7fff,0x4a52,
	0x0000,0x0000,0x1ce7,0x77bd,0x7fff,0x7fff,0x7fff,0x56b5,0x0000,0x0000,0x318c,0x7fff,0x7fff,0x7fff,0x7fff,0x7fff,
	0x7fff,0x7fff,0x5294,0x0421,0x0000,0x0000,0x4631,0x7fff,0x6f7b,0x0c63,0x0000,0x294a,0x7fff,0x7fff,0x779c,0x6739,
	0x5afb,0x3a9b,0x121a,0x0e9e,0x0aff,0x0b1f,0x0f1f,0x0f1f,0x0f1f,0x131f,0x131f,0x173f,0x173f,0x173f,0x1b3f,0x1b5f,
	0x1f5f,0x1f5f,0x1f5f,0x235f,0x235f,0x235f,0x275f,0x337f,0x337f,0x379f,0x3b9f,0x3fbf,0x43bf,0x47bf,0x4bdf,0x4fde,
	0x53de,0x57de,0x57de,0x5bde,0x5fdf,0x5fdf,0x5fdf,0x63df,0x63df,0x63ff,0x63de,0x5fdf,0x337e,0x0efd,0x165c,0x221b,
	0x635e,0x6f9d,0x5f17,0x6759,0x7bde,0x7fff,0x7fff,0x7fff,0x7fff,0x7fff,0x7fff,0x7fff,0x7fff,0x7fff,0x7fff,0x7fff,
	0x7fff,0x7fff,0x7fff,0x7fff,0x7fff,0x7fff,0x7fff,0x7fff,0x7fff,0x7fff,0x7fff,0x7fff,0x7fff,0x7fff,0x7fff,0x7fff,
	0x7fff,0x7fff,0x7fff,0x7fff,0x7fff,0x7fff,0x7fff,0x7fff,0x7fff,0x7fff,0x7fff,0x7fff,0x7fff,0x7fff,0x7fff,0x7fff,
	0x7fff,0x7fff,0x7fff,0x7fff,0x7fff,0x7fff,0x7fff,0x7fff,0x7fff,0x7fff,0x7fff,0x7fff,0x7fff,0x7fff,0x7fff,0x7fff,
	0x7fff,0x7fff,0x7fff,0x7fff,0x7fff,0x7fff,0x7fff,0x7fff,0x7fff,0x7fff,0x7fff,0x7fff,0x7fff,0x7fff,0x7fff,0x7fff,
	0x7fff,0x7fff,0x7fff,0x7fff,0x7fff,0x7fff,0x7fff,0x7fff,0x7fff,0x7fff,0x7fff,0x7fff,0x7fff,0x7fff,0x7fff,0x7fff,
	0x7fff,0x7fff,0x7fff,0x7fff,0x7fff,0x7fff,0x7fff,0x7fff,0x7fff,0x7fff,0x7fff,0x7fff,0x7fff,0x7fff,0x7fff,0x7fff,
	0x7fff,0x7fff,0x7fff,0x7fff,0x7fff,0x4e73,0x0000,0x0000,0x1084,0x0000,0x0000,0x318c,0x7fff,0x7fff,0x7fff,0x7fff,
	0x6318,0x0421,0x0000,0x2d6b,0x739c,0x14a5,0x0000,0x2d6b,0x7fff,0x7fff,0x7fff,0x7fff,0x7fff,0x7fff,0x7fff,0x77bd,
	0x1ce7,0x0000,0x0000,0x5294,0x7fff,0x7fff,0x7fff,0x7fff,0x7fff,0x7fff,0x7fff,0x7fff,0x7fff,0x7fff,0x77bd,0x1ce7,
	0x0000,0x0000,0x4210,0x7fff,0x7fff,0x7fff,0x7fff,0x5294,0x0000,0x0000,0x318c,0x7fff,0x7fff,0x7fff,0x7fff,0x7fff,
	0x7fff,0x7fff,0x7bde,0x318c,0x0000,0x0000,0x0842,0x5ef7,0x739c,0x0c63,0x0000,0x294a,0x7fff,0x7fdf,0x5f15,0x6358,
	0x46bc,0x19ba,0x0e3d,0x0eff,0x0eff,0x0aff,0x0f1f,0x131f,0x131f,0x171f,0x173f,0x1b3f,0x1b3f,0x1b3f,0x1f5f,0x1f5f,
	0x235f,0x235f,0x235f,0x277f,0x277f,0x2b7f,0x2b7f,0x2f7f,0x2f7f,0x337f,0x337f,0x379f,0x3b9f,0x3fbf,0x3fbf,0x43bf,
	0x47bf,0x4bdf,0x4fdf,0x53df,0x57df,0x5bdf,0x5fdf,0x63de,0x63de,0x5fde,0x5fff,0x63ff,0x63de,0x3b9e,0x1b3f,0x0e5c,
	0x21f8,0x46dd,0x73bf,0x6318,0x6f7a,0x7ffe,0x7fff,0x7fff,0x7fff,0x7fff,0x7fff,0x7fff,0x7fff,0x7fff,0x7fff,0x7fff,
	0x7fff,0x7fff,0x7fff,0x7fff,0x7fff,0x7fff,0x7fff,0x7fff,0x7fff,0x7fff,0x7fff,0x7fff,0x7fff,0x7fff,0x7fff,0x7fff,
	0x7fff,0x7fff,0x7fff,0x7fff,0x7fff,0x7fff,0x7fff,0x7fff,0x7fff,0x7fff,0x7fff,0x7fff,0x7fff,0x7fff,0x7fff,0x7fff,
	0x7fff,0x7fff,0x7fff,0x7fff,0x7fff,0x7fff,0x7fff,0x7fff,0x7fff,0x7fff,0x7fff,0x7fff,0x7fff,0x7fff,0x7fff,0x7fff,
	0x7fff,0x7fff,0x7fff,0x7fff,0x7fff,0x7fff,0x7fff,0x7fff,0x7fff,0x7fff,0x7fff,0x7fff,0x7fff,0x7fff,0x7fff,0x7fff,
	0x7fff,0x7fff,0x7fff,0x7fff,0x7fff,0x7fff,0x7fff,0x7fff,0x7fff,0x7fff,0x7fff,0x7fff,0x7fff,0x7fff,0x7fff,0x7fff,
	0x7fff,0x7fff,0x7fff,0x7fff,0x7fff,0x7fff,0x7fff,0x7fff,0x7fff,0x7fff,0x7fff,0x7fff,0x7fff,0x7fff,0x7fff,0x7fff,
	0x7fff,0x7fff,0x7fff,0x7fff,0x7fff,0x5ef7,0x0421,0x0000,0x0000,0x0000,0x0000,0x5294,0x7fff,0x7fff,0x7fff,0x7fff,
	0x6f7b,0x0c63,0x0000,0x1ce7,0x56b5,0x0421,0x0000,0x4e73,0x7fff,0x7fff,0x7fff,0x7fff,0x7fff,0x7fff,0x7fff,0x7fff,
	0x39ce,0x0000,0x0000,0x2108,0x77bd,0x7fff,0x7fff,0x7fff,0x7fff,0x7fff,0x7fff,0x7fff,0x7fff,0x7fff,0x4631,0x0000,
	0x0000,0x0c63,0x6b5a,0x7fff,0x7fff,0x7fff,0x7fff,0x4e73,0x0000,0x0000,0x318c,0x7fff,0x7fff,0x7fff,0x7fff,0x7fff,
	0x7fff,0x7fff,0x7fff,0x6f7b,0x14a5,0x0000,0x0000,0x18c6,0x6318,0x1084,0x0000,0x294a,0x7fff,0x737c,0x6338,0x637b,
	0x2e5b,0x09ba,0x0e9e,0x0f1f,0x0eff,0x0f1f,0x131f,0x131f,0x131f,0x173f,0x1b3f,0x1b3f,0x1f3f,0x1f5f,0x235f,0x235f,
	0x235f,0x275f,0x277f,0x2b7f,0x2b7f,0x2b7f,0x2f9f,0x339f,0x339f,0x2f7f,0x2f7f,0x2f7f,0x337f,0x379f,0x3b9f,0x3b9f,
	0x3fbf,0x3fbf,0x43bf,0x4bbf,0x4fdf,0x53df,0x57df,0x5bde,0x63de,0x63df,0x5fdf,0x5ffe,0x67fe,0x5bbf,0x335f,0x0ede,
	0x11b9,0x2a1a,0x6f9e,0x739b,0x6318,0x6f9b,0x7bff,0x7fff,0x7fff,0x7fff,0x7fff,0x7fff,0x7fff,0x7fff,0x7fff,0x7fff,
	0x7fff,0x7fff,0x7fff,0x7fff,0x7fff,0x7fff,0x7fff,0x7fff,0x7fff,0x7fff,0x7fff,0x7fff,0x7fff,0x7fff,0x7fff,0x7fff,
	0x7fff,0x7fff,0x7fff,0x7fff,0x7fff,0x7fff,0x7fff,0x7fff,0x7fff,0x7fff,0x7fff,0x7fff,0x7fff,0x7fff,0x7fff,0x7fff,
	0x7fff,0x7fff,0x7fff,0x7fff,0x7fff,0x7fff,0x7fff,0x7fff,0x7fff,0x7fff,0x7fff,0x7fff,0x7fff,0x7fff,0x7fff,0x7fff,
	0x7fff,0x7fff,0x7fff,0x7fff,0x7fff,0x7fff,0x7fff,0x7fff,0x7fff,0x7fff,0x7fff,0x7fff,0x7fff,0x7fff,0x7fff,0x7fff,
	0x7fff,0x7fff,0x7fff,0x7fff,0x7fff,0x7fff,0x7fff,0x7fff,0x7fff,0x7fff,0x7fff,0x7fff,0x7fff,0x7fff,0x7fff,0x7fff,
	0x7fff,0x7fff,0x7fff,0x7fff,0x7fff,0x7fff,0x7fff,0x7fff,0x7fff,0x7fff,0x7fff,0x7fff,0x7fff,0x7fff,0x7fff,0x7fff,
	0x7fff,0x7fff,0x7fff,0x7fff,0x7fff,0x6f7b,0x0c63,0x0000,0x0000,0x0000,0x0c63,0x6f7b,0x7fff,0x7fff,0x7fff,0x7fff,
	0x77bd,0x14a5,0x0000,0x0c63,0x294a,0x0000,0x0842,0x6b5a,0x7fff,0x7fff,0x7fff,0x7fff,0x7fff,0x7fff,0x7fff,0x7fff,
	0x6318,0x0842,0x0000,0x0000,0x3def,0x7bde,0x7fff,0x7fff,0x7fff,0x7fff,0x7fff,0x7fff,0x7fff,0x5ef7,0x0c63,0x0000,
	0x0000,0x39ce,0x7fff,0x7fff,0x7fff,0x7fff,0x7fff,0x4e73,0x0000,0x0000,0x318c,0x7fff,0x7fff,0x7fff,0x7fff,0x7fff,
	0x7fff,0x7fff,0x7fff,0x7fff,0x5294,0x0421,0x0000,0x0000,0x2108,0x0c63,0x0000,0x2529,0x7bde,0x6717,0x6f9c,0x533d,
	0x1a1b,0x0a5c,0x0afe,0x0aff,0x0f1f,0x171f,0x131f,0x131f,0x133f,0x173f,0x1b3f,0x1b3f,0x1f3f,0x1f5f,0x235f,0x235f,
	0x275f,0x275f,0x2b7f,0x2b7f,0x2b7f,0x2f7f,0x2f7f,0x339f,0x339f,0x339f,0x2f7f,0x2f7f,0x2f7f,0x2f7f,0x337f,0x339f,
	0x379f,0x3b9f,0x3b9f,0x43bf,0x47bf,0x47bf,0x4bdf,0x4fdf,0x57ff,0x5bdf,0x5bdf,0x5bfe,0x5ffe,0x5fdf,0x437f,0x0eff,
	0x0ddb,0x1dd9,0x677e,0x7bdf,0x5ad7,0x6739,0x7fff,0x7fff,0x7fff,0x7fff,0x7fff,0x7fff,0x7fff,0x7fff,0x7fff,0x7fff,
	0x7fff,0x7fff,0x7fff,0x7fff,0x7fff,0x7fff,0x7fff,0x7fff,0x7fff,0x7fff,0x7fff,0x7fff,0x7fff,0x7fff,0x7fff,0x7fff,
	0x7fff,0x7fff,0x7fff,0x7fff,0x7fff,0x7fff,0x7fff,0x7fff,0x7fff,0x7fff,0x7fff,0x7fff,0x7fff,0x7fff,0x7fff,0x7fff,
	0x7fff,0x7fff,0x7fff,0x7fff,0x7fff,0x7fff,0x7fff,0x7fff,0x7fff,0x7fff,0x7fff,0x7fff,0x7fff,0x7fff,0x7fff,0x7fff,
	0x7fff,0x7fff,0x7fff,0x7fff,0x7fff,0x7fff,0x7fff,0x7fff,0x7fff,0x7fff,0x7fff,0x7fff,0x7fff,0x7fff,0x7fff,0x7fff,
	0x7fff,0x7fff,0x7fff,0x7fff,0x7fff,0x7fff,0x7fff,0x7fff,0x7fff,0x7fff,0x7fff,0x7fff,0x7fff,0x7fff,0x7fff,0x7fff,
	0x7fff,0x7fff,0x7fff,0x7fff,0x7fff,0x7fff,0x7fff,0x7fff,0x7fff,0x7fff,0x7fff,0x7fff,0x7fff,0x7fff,0x7fff,0x7fff,
	0x7fff,0x7fff,0x7fff,0x7fff,0x7fff,0x77bd,0x18c6,0x0000,0x0000,0x0000,0x2108,0x7bde,0x7fff,0x7fff,0x7fff,0x7fff,
	0x7fff,0x2108,0x0000,0x0000,0x0421,0x0000,0x2108,0x7bde,0x7fff,0x7fff,0x7fff,0x7fff,0x7fff,0x7fff,0x7fff,0x7fff,
	0x7fff,0x35ad,0x0000,0x0000,0x0421,0x39ce,0x739c,0x7fff,0x7fff,0x7fff,0x7fff,0x7fff,0x5ad6,0x14a5,0x0000,0x0000,
	0x14a5,0x6f7b,0x7fff,0x7fff,0x7fff,0x7fff,0x7fff,0x4e73,0x0000,0x0000,0x318c,0x7fff,0x7fff,0x7fff,0x7fff,0x7fff,
	0x7fff,0x7fff,0x7fff,0x7fff,0x7fff,0x35ad,0x0000,0x0000,0x0000,0x0000,0x0000,0x294a,0x6739,0x6f59,0x6b7e,0x367b,
	0x0e3b,0x0abe,0x0aff,0x0aff,0x0eff,0x0f1f,0x131f,0x131f,0x131f,0x173f,0x1b3f,0x1b3f,0x1f3f,0x1f3f,0x235f,0x235f,
	0x235f,0x275f,0x275f,0x275f,0x2b7f,0x2b7f,0x2b7f,0x2f7e,0x2f7f,0x2f7f,0x2f7f,0x2f7f,0x2b7f,0x2b7f,0x2b7f,0x2f7f,
	0x2f7f,0x337f,0x379f,0x3b9f,0x3f9f,0x3fbf,0x43bf,0x43bf,0x4bdf,0x4fdf,0x53df,0x53fe,0x5bff,0x4fbf,0x2b3e,0x0eff,
	0x0ddb,0x1dd9,0x637e,0x7bdf,0x5ad6,0x6739,0x7fff,0x7fff,0x7fff,0x7fff,0x7fff,0x7fff,0x7fff,0x7fff,0x7fff,0x7fff,
	0x7fff,0x7fff,0x7fff,0x7fff,0x7fff,0x7fff,0x7fff,0x7fff,0x7fff,0x7fff,0x7fff,0x7fff,0x7fff,0x7fff,0x7fff,0x7fff,
	0x7fff,0x7fff,0x7fff,0x7fff,0x7fff,0x7fff,0x7fff,0x7fff,0x7fff,0x7fff,0x7fff,0x7fff,0x7fff,0x7fff,0x7fff,0x7fff,
	0x7fff,0x7fff,0x7fff,0x7fff,0x7fff,0x7fff,0x7fff,0x7fff,0x7fff,0x7fff,0x7fff,0x7fff,0x7fff,0x7fff,0x7fff,0x7fff,
	0x7fff,0x7fff,0x7fff,0x7fff,0x7fff,0x7fff,0x7fff,0x7fff,0x7fff,0x7fff,0x7fff,0x7fff,0x7fff,0x7fff,0x7fff,0x7fff,
	0x7fff,0x7fff,0x7fff,0x7fff,0x7fff,0x7fff,0x7fff,0x7fff,0x7fff,0x7fff,0x7fff,0x7fff,0x7fff,0x7fff,0x7fff,0x7fff,
	0x7fff,0x7fff,0x7fff,0x7fff,0x7fff,0x7fff,0x7fff,0x7fff,0x7fff,0x7fff,0x7fff,0x7fff,0x7fff,0x7fff,0x7fff,0x7fff,
	0x7fff,0x7fff,0x7fff,0x7fff,0x7fff,0x7fff,0x294a,0x0000,0x0000,0x0000,0x3def,0x7fff,0x7fff,0x7fff,0x7fff,0x7fff,
	0x7fff,0x318c,0x0000,0x0000,0x0000,0x0000,0x4631,0x7fff,0x7fff,0x7fff,0x7fff,0x7fff,0x7fff,0x7fff,0x7fff,0x7fff,
	0x7fff,0x6f7b,0x14a5,0x0000,0x0000,0x0000,0x18c6,0x4210,0x5ad6,0x6318,0x56b5,0x35ad,0x0842,0x0000,0x0000,0x0421,
	0x4e73,0x7fff,0x7fff,0x7fff,0x7fff,0x7fff,0x7fff,0x4631,0x0000,0x0000,0x318c,0x7fff,0x7fff,0x7fff,0x7fff,0x7fff,
	0x7fff,0x7fff,0x7fff,0x7fff,0x7fff,0x739c,0x1ce7,0x0000,0x0000,0x0000,0x0000,0x2529,0x6318,0x635c,0x3e9b,0x1e1b,
	0x0e7d,0x0ade,0x06fe,0x06ff,0x0aff,0x0aff,0x0f1f,0x0f1f,0x131f,0x131f,0x173f,0x1b3f,0x1b3f,0x1b3f,0x1f3f,0x1f3f,
	0x1f5f,0x235f,0x235f,0x235f,0x275f,0x275f,0x275f,0x2b7f,0x2b7f,0x2b7f,0x2b7f,0x2b7f,0x275f,0x275f,0x275f,0x275f,
	0x2b5f,0x2b7f,0x2f7f,0x337f,0x379f,0x3b9f,0x3b9f,0x3b9f,0x3f9f,0x43be,0x4bbe,0x4bbf,0x3b9f,0x235f,0x131e,0x0abd,
	0x0db9,0x323b,0x6bbf,0x739c,0x6318,0x6f7a,0x7fff,0x7fff,0x7fff,0x7fff,0x7fff,0x7fff,0x7fff,0x7fff,0x7fff,0x7fff,
	0x7fff,0x7fff,0x7fff,0x7fff,0x7fff,0x7fff,0x7fff,0x7fff,0x7fff,0x7fff,0x7fff,0x7fff,0x7fff,0x7fff,0x7fff,0x7fff,
	0x7fff,0x7fff,0x7fff,0x7fff,0x7fff,0x7fff,0x7fff,0x7fff,0x7fff,0x7fff,0x7fff,0x7fff,0x7fff,0x7fff,0x7fff,0x7fff,
	0x7fff,0x7fff,0x7fff,0x7fff,0x7fff,0x7fff,0x7fff,0x7fff,0x7fff,0x7fff,0x7fff,0x7fff,0x7fff,0x7fff,0x7fff,0x7fff,
	0x7fff,0x7fff,0x7fff,0x7fff,0x7fff,0x7fff,0x7fff,0x7fff,0x7fff,0x7fff,0x7fff,0x7fff,0x7fff,0x7fff,0x7fff,0x7fff,
	0x7fff,0x7fff,0x7fff,0x7fff,0x7fff,0x7fff,0x7fff,0x7fff,0x7fff,0x7fff,0x7fff,0x7fff,0x7fff,0x7fff,0x7fff,0x7fff,
	0x7fff,0x7fff,0x7fff,0x7fff,0x7fff,0x7fff,0x7fff,0x7fff,0x7fff,0x7fff,0x7fff,0x7fff,0x7fff,0x7fff,0x7fff,0x7fff,
	0x7fff,0x7fff,0x7fff,0x7fff,0x7fff,0x7fff,0x4210,0x0000,0x0000,0x0000,0x56b5,0x7fff,0x7fff,0x7fff,0x7fff,0x7fff,
	0x7fff,0x4631,0x0000,0x0000,0x0000,0x0842,0x6739,0x7fff,0x7fff,0x7fff,0x7fff,0x7fff,0x7fff,0x7fff,0x7fff,0x7fff,
	0x7fff,0x7fff,0x5ef7,0x1084,0x0000,0x0000,0x0000,0x0000,0x0000,0x0421,0x0000,0x0000,0x0000,0x0000,0x0000,0x39ce,
	0x7bde,0x7fff,0x7fff,0x7fff,0x7fff,0x7fff,0x7fff,0x420f,0x0000,0x0000,0x318c,0x7bde,0x7bde,0x7bde,0x7bde,0x7bde,
	0x7bde,0x7bde,0x7bde,0x7bde,0x7bde,0x7fdf,0x5ed7,0x0c63,0x0000,0x0000,0x0000,0x252a,0x633a,0x3e9b,0x11da,0x0e3c,
	0x0ebf,0x06df,0x0afe,0x0aff,0x0eff,0x0eff,0x0f1f,0x0f1f,0x0f1f,0x131f,0x131f,0x173f,0x173f,0x173f,0x1b3f,0x1b3f,
	0x1b3f,0x1f3f,0x1f5f,0x1f5f,0x235f,0x235f,0x235f,0x235f,0x275f,0x275f,0x235f,0x235f,0x235f,0x235f,0x235f,0x233f,
	0x235f,0x235f,0x275f,0x2b5f,0x2f7f,0x2f7f,0x337f,0x337f,0x2f7f,0x337e,0x337e,0x2b5f,0x133f,0x071e,0x0eff,0x123c,
	0x21f9,0x4efe,0x73df,0x6738,0x6f5a,0x7bde,0x7fff,0x7fff,0x7fff,0x7fff,0x7fff,0x7fff,0x7fff,0x7fff,0x7fff,0x7fff,
	0x7fff,0x7fff,0x7fff,0x7fff,0x7fff,0x7fff,0x7fff,0x7fff,0x7fff,0x7fff,0x7fff,0x7fff,0x7fff,0x7fff,0x7fff,0x7fff,
	0x7fff,0x7fff,0x7fff,0x7fff,0x7fff,0x7fff,0x7fff,0x7fff,0x7fff,0x7fff,0x7fff,0x7fff,0x7fff,0x7fff,0x7fff,0x7fff,
	0x7fff,0x7fff,0x7fff,0x7fff,0x7fff,0x7fff,0x7fff,0x7fff,0x7fff,0x7fff,0x7fff,0x7fff,0x7fff,0x7fff,0x7fff,0x7fff,
	0x7fff,0x7fff,0x7fff,0x7fff,0x7fff,0x7fff,0x7fff,0x7fff,0x7fff,0x7fff,0x7fff,0x7fff,0x7fff,0x7fff,0x7fff,0x7fff,
	0x7fff,0x7fff,0x7fff,0x7fff,0x7fff,0x7fff,0x7fff,0x7fff,0x7fff,0x7fff,0x7fff,0x7fff,0x7fff,0x7fff,0x7fff,0x7fff,
	0x7fff,0x7fff,0x7fff,0x7fff,0x7fff,0x7fff,0x7fff,0x7fff,0x7fff,0x7fff,0x7fff,0x7fff,0x7fff,0x7fff,0x7fff,0x7fff,
	0x7fff,0x7fff,0x7fff,0x7fff,0x7fff,0x7fff,0x5294,0x0000,0x0000,0x0000,0x56b5,0x7fff,0x7fff,0x7fff,0x7fff,0x7fff,
	0x7fff,0x6318,0x0421,0x0000,0x0000,0x2108,0x7bde,0x7fff,0x7fff,0x7fff,0x7fff,0x7fff,0x7fff,0x7fff,0x7fff,0x7fff,
	0x7fff,0x7fff,0x7fff,0x5ef7,0x18c6,0x0000,0x0000,0x0000,0x0000,0x0000,0x0000,0x0000,0x0000,0x0421,0x35ad,0x77bd,
	0x7bfe,0x6f9c,0x675a,0x6319,0x56f9,0x56f9,0x56f9,0x296c,0x0000,0x0000,0x256c,0x56fb,0x56fb,0x56fb,0x56fb,0x56fa,
	0x56fa,0x56fa,0x56fa,0x56f9,0x56f9,0x5afa,0x5af9,0x2d8d,0x0000,0x0000,0x0000,0x258f,0x367b,0x161b,0x127e,0x129f,
	0x0edf,0x0edf,0x0edf,0x0edf,0x0aff,0x0aff,0x0aff,0x0aff,0x0eff,0x0f1f,0x0f1f,0x0f1f,0x131f,0x131f,0x173f,0x173f,
	0x173f,0x173f,0x1b3f,0x1b3f,0x1b3f,0x1b3f,0x1b3f,0x1b3f,0x1b3f,0x1b3f,0x1b3f,0x1b3f,0x1b3f,0x1b3f,0x1b3f,0x1b3f,
	0x1b3f,0x1b3f,0x1b3f,0x1b3f,0x1b3f,0x1b3f,0x1b3f,0x173f,0x131f,0x12fe,0x12fe,0x0aff,0x071f,0x0add,0x0e5c,0x1e1b,
	0x5b3d,0x73be,0x6739,0x6738,0x77bd,0x7fff,0x7fff,0x7fff,0x7fff,0x7fff,0x7fff,0x7fff,0x7fff,0x7fff,0x7fff,0x7fff,
	0x7fff,0x7fff,0x7fff,0x7fff,0x7fff,0x7fff,0x7fff,0x7fff,0x7fff,0x7fff,0x7fff,0x7fff,0x7fff,0x7fff,0x7fff,0x7fff,
	0x7fff,0x7fff,0x7fff,0x7fff,0x7fff,0x7fff,0x7fff,0x7fff,0x7fff,0x7fff,0x7fff,0x7fff,0x7fff,0x7fff,0x7fff,0x7fff,
	0x7fff,0x7fff,0x7fff,0x7fff,0x7fff,0x7fff,0x7fff,0x7fff,0x7fff,0x7fff,0x7fff,0x7fff,0x7fff,0x7fff,0x7fff,0x7fff,
	0x7fff,0x7fff,0x7fff,0x7fff,0x7fff,0x7fff,0x7fff,0x7fff,0x7fff,0x7fff,0x7fff,0x7fff,0x7fff,0x7fff,0x7fff,0x7fff,
	0x7fff,0x7fff,0x7fff,0x7fff,0x7fff,0x7fff,0x7fff,0x7fff,0x7fff,0x7fff,0x7fff,0x7fff,0x7fff,0x7fff,0x7fff,0x7fff,
	0x7fff,0x7fff,0x7fff,0x7fff,0x7fff,0x7fff,0x7fff,0x7fff,0x7fff,0x7fff,0x7fff,0x7fff,0x7fff,0x7fff,0x7fff,0x7fff,
	0x7fff,0x7fff,0x7fff,0x7fff,0x7fff,0x7fff,0x6f7b,0x2529,0x0c63,0x2108,0x6f7b,0x7fff,0x7fff,0x7fff,0x7fff,0x7fff,
	0x7fff,0x739c,0x14a5,0x0000,0x0000,0x4631,0x7fff,0x7fff,0x7fff,0x7fff,0x7fff,0x7fff,0x7fff,0x7fff,0x7fff,0x7fff,
	0x7fff,0x7fff,0x7fff,0x7bde,0x6f5a,0x3def,0x14a5,0x0421,0x0000,0x0000,0x0000,0x0001,0x0ca7,0x3612,0x4efb,0x4afc,
	0x3ebc,0x327b,0x2a5a,0x223a,0x161b,0x163b,0x163c,0x0d2e,0x0000,0x0000,0x0d92,0x167e,0x167e,0x127e,0x167e,0x167e,
	0x167e,0x167d,0x165d,0x165d,0x165d,0x163c,0x121b,0x161b,0x090d,0x0001,0x0021,0x0d53,0x11fc,0x165d,0x127d,0x0a7d,
	0x0a9e,0x0ebe,0x0ebe,0x0ebe,0x0abf,0x0adf,0x0aff,0x0aff,0x0aff,0x0aff,0x0eff,0x0eff,0x0eff,0x0f1f,0x0f1f,0x131f,
	0x131f,0x131f,0x131f,0x131f,0x173f,0x173f,0x173f,0x171f,0x171f,0x171f,0x171f,0x171f,0x171f,0x171f,0x171f,0x133f,
	0x133f,0x131f,0x131f,0x131f,0x0f1f,0x0f1f,0x0f1f,0x0f1f,0x0aff,0x0eff,0x0eff,0x0eff,0x0abe,0x0e1c,0x2219,0x573d,
	0x73bd,0x6738,0x6b39,0x7bbd,0x7fff,0x7bff,0x7fff,0x7fff,0x7fff,0x7fff,0x7fff,0x7fff,0x7fff,0x7fff,0x7fff,0x7fff,
	0x7fff,0x7fff,0x7fff,0x7fff,0x7fff,0x7fff,0x7fff,0x7fff,0x7fff,0x7fff,0x7fff,0x7fff,0x7fff,0x7fff,0x7fff,0x7fff,
	0x7fff,0x7fff,0x7fff,0x7fff,0x7fff,0x7fff,0x7fff,0x7fff,0x7fff,0x7fff,0x7fff,0x7fff,0x7fff,0x7fff,0x7fff,0x7fff,
	0x7fff,0x7fff,0x7fff,0x7fff,0x7fff,0x7fff,0x7fff,0x7fff,0x7fff,0x7fff,0x7fff,0x7fff,0x7fff,0x7fff,0x7fff,0x7fff,
	0x7fff,0x7fff,0x7fff,0x7fff,0x7fff,0x7fff,0x7fff,0x7fff,0x7fff,0x7fff,0x7fff,0x7fff,0x7fff,0x7fff,0x7fff,0x7fff,
	0x7fff,0x7fff,0x7fff,0x7fff,0x7fff,0x7fff,0x7fff,0x7fff,0x7fff,0x7fff,0x7fff,0x7fff,0x7fff,0x7fff,0x7fff,0x7fff,
	0x7fff,0x7fff,0x7fff,0x7fff,0x7fff,0x7fff,0x7fff,0x7fff,0x7fff,0x7fff,0x7fff,0x7fff,0x7fff,0x7fff,0x7fff,0x7fff,
	0x7fff,0x7fff,0x7fff,0x7fff,0x7fff,0x7fff,0x7fff,0x77bd,0x6f7b,0x77bd,0x7fff,0x7fff,0x7fff,0x7fff,0x7fff,0x7fff,
	0x7fff,0x7fff,0x5294,0x1ce7,0x318c,0x739c,0x7fff,0x7fff,0x7fff,0x7fff,0x7fff,0x7fff,0x7fff,0x7ffe,0x7ffe,0x7bdd,
	0x77bc,0x6f9b,0x675a,0x673a,0x673b,0x5f3c,0x4699,0x21d3,0x092f,0x052f,0x0551,0x0db6,0x1a7c,0x1ebe,0x1ebe,0x1ede,
	0x22fe,0x22fe,0x271e,0x273e,0x2b5e,0x2b5e,0x2f5f,0x2297,0x0463,0x0484,0x26da,0x2f7f,0x2b7f,0x2b5f,0x275f,0x275f,
	0x233f,0x233f,0x1f3f,0x1f3f,0x1b1f,0x12ff,0x12df,0x0edf,0x0ebe,0x05d4,0x05d5,0x0e9e,0x0a9e,0x0a9e,0x0e9e,0x0e9e,
	0x0e7d,0x0e5d,0x123c,0x121b,0x121b,0x123c,0x0e5c,0x0e7d,0x0abe,0x0edf,0x0edf,0x0eff,0x0eff,0x0eff,0x0aff,0x0aff,
	0x0b1f,0x0b1f,0x0f1f,0x0f1f,0x0f1f,0x0f1f,0x0f1f,0x0f1f,0x0f1f,0x0f1f,0x0f1f,0x0f1f,0x0f1f,0x0f1f,0x0f1f,0x0f1f,
	0x0f1f,0x0f1f,0x0f1f,0x0b1f,0x0aff,0x0aff,0x0aff,0x0aff,0x0afe,0x0afe,0x0ebe,0x0e7d,0x1a1a,0x3e9b,0x677e,0x6b5a,
	0x5f17,0x6f7b,0x7fff,0x7fff,0x7fff,0x7fff,0x7fff,0x7fff,0x7fff,0x7fff,0x7fff,0x7fff,0x7fff,0x7fff,0x7fff,0x7fff,
	0x7fff,0x7fff,0x7fff,0x7fff,0x7fff,0x7fff,0x7fff,0x7fff,0x7fff,0x7fff,0x7fff,0x7fff,0x7fff,0x7fff,0x7fff,0x7fff,
	0x7fff,0x7fff,0x7fff,0x7fff,0x7fff,0x7fff,0x7fff,0x7fff,0x7fff,0x7fff,0x7fff,0x7fff,0x7fff,0x7fff,0x7fff,0x7fff,
	0x7fff,0x7fff,0x7fff,0x7fff,0x7fff,0x7fff,0x7fff,0x7fff,0x7fff,0x7fff,0x7fff,0x7fff,0x7fff,0x7fff,0x7fff,0x7fff,
	0x7fff,0x7fff,0x7fff,0x7fff,0x7fff,0x7fff,0x7fff,0x7fff,0x7fff,0x7fff,0x7fff,0x7fff,0x7fff,0x7fff,0x7fff,0x7fff,
	0x7fff,0x7fff,0x7fff,0x7fff,0x7fff,0x7fff,0x7fff,0x7fff,0x7fff,0x7fff,0x7fff,0x7fff,0x7fff,0x7fff,0x7fff,0x7fff,
	0x7fff,0x7fff,0x7fff,0x7fff,0x7fff,0x7fff,0x7fff,0x7fff,0x7fff,0x7fff,0x7fff,0x7fff,0x7fff,0x7fff,0x7fff,0x7fff,
	0x7fff,0x7fff,0x7fff,0x7fff,0x7fff,0x7fff,0x7fff,0x7fff,0x7fff,0x7fff,0x7fff,0x7fff,0x7fff,0x7fff,0x7fff,0x7fff,
	0x7fff,0x7fff,0x7fff,0x7bde,0x7fff,0x7fff,0x7fff,0x7fff,0x7fff,0x7fff,0x7fff,0x73bc,0x6f7b,0x77bd,0x675b,0x52d8,
	0x4ab9,0x4adb,0x42dc,0x329c,0x225b,0x163b,0x127d,0x129e,0x0ebf,0x12df,0x16ff,0x1b1f,0x233f,0x233f,0x235f,0x275f,
	0x275f,0x275f,0x235f,0x235f,0x1f3f,0x1f3f,0x1f3f,0x1b3f,0x1299,0x1279,0x171e,0x171f,0x173f,0x173f,0x173f,0x171f,
	0x171f,0x131f,0x131f,0x131f,0x131f,0x0eff,0x0eff,0x0eff,0x0edf,0x0adf,0x0adf,0x0adf,0x0adf,0x0edf,0x0ebf,0x0ebf,
	0x0abf,0x0ebf,0x0ebf,0x0ebf,0x0e9e,0x0e7d,0x125d,0x123c,0x123c,0x123c,0x0e5c,0x0e7d,0x0e9d,0x0e9e,0x0ebe,0x0abe,
	0x0ade,0x06ff,0x06ff,0x0aff,0x0aff,0x0aff,0x0eff,0x0aff,0x0aff,0x0aff,0x0aff,0x0aff,0x0aff,0x0aff,0x0aff,0x0aff,
	0x0aff,0x0aff,0x0aff,0x0aff,0x0adf,0x0adf,0x0adf,0x0adf,0x0e9d,0x127d,0x1e5c,0x367b,0x5b1c,0x6b7b,0x6f7b,0x6759,
	0x7bde,0x7fff,0x7fff,0x7fff,0x7fff,0x7fff,0x7fff,0x7fff,0x7fff,0x7fff,0x7fff,0x7fff,0x7fff,0x7fff,0x7fff,0x7fff,
	0x7fff,0x7fff,0x7fff,0x7fff,0x7fff,0x7fff,0x7fff,0x7fff,0x7fff,0x7fff,0x7fff,0x7fff,0x7fff,0x7fff,0x7fff,0x7fff,
	0x7fff,0x7fff,0x7fff,0x7fff,0x7fff,0x7fff,0x7fff,0x7fff,0x7fff,0x7fff,0x7fff,0x7fff,0x7fff,0x7fff,0x7fff,0x7fff,
	0x7fff,0x7fff,0x7fff,0x7fff,0x7fff,0x7fff,0x7fff,0x7fff,0x7fff,0x7fff,0x7fff,0x7fff,0x7fff,0x7fff,0x7fff,0x7fff,
	0x7fff,0x7fff,0x7fff,0x7fff,0x7fff,0x7fff,0x7fff,0x7fff,0x7fff,0x7fff,0x7fff,0x7fff,0x7fff,0x7fff,0x7fff,0x7fff,
	0x7fff,0x7fff,0x7fff,0x7fff,0x7fff,0x7fff,0x7fff,0x7fff,0x7fff,0x7fff,0x7fff,0x7fff,0x7fff,0x7fff,0x7fff,0x7fff,
	0x7fff,0x7fff,0x7fff,0x7fff,0x7fff,0x7fff,0x7fff,0x7fff,0x7fff,0x7fff,0x7fff,0x7fff,0x7fff,0x7fff,0x7fff,0x7fff,
	0x7fff,0x7fff,0x7fff,0x7fff,0x7fff,0x7fff,0x7fff,0x7fff,0x7fff,0x7fff,0x7fff,0x7fff,0x7fff,0x7fff,0x7fff,0x7fff,
	0x7fff,0x7fff,0x7fff,0x7fff,0x7fff,0x7fff,0x7bde,0x77bd,0x77bd,0x6f7b,0x5f18,0x5718,0x573b,0x46dc,0x263b,0x15fb,
	0x123d,0x0e9e,0x0ebe,0x0edf,0x0edf,0x12ff,0x131f,0x0f1f,0x131f,0x131f,0x131f,0x131f,0x0eff,0x0eff,0x0eff,0x0eff,
	0x0eff,0x0aff,0x0aff,0x0aff,0x0aff,0x0aff,0x0aff,0x0aff,0x0aff,0x0aff,0x0aff,0x0aff,0x0aff,0x0aff,0x0aff,0x0aff,
	0x0aff,0x0aff,0x0aff,0x0aff,0x0aff,0x0adf,0x0adf,0x0adf,0x0adf,0x0aff,0x0aff,0x0aff,0x0aff,0x0adf,0x0adf,0x0adf,
	0x0edf,0x0edf,0x0edf,0x0adf,0x0adf,0x0adf,0x0abe,0x0abf,0x0ebf,0x0ebf,0x12bf,0x129e,0x127e,0x123d,0x121c,0x0e1b,
	0x0e3c,0x0e7d,0x0e9e,0x0ebe,0x0abe,0x0abe,0x0abe,0x0adf,0x0adf,0x0edf,0x0adf,0x0adf,0x0adf,0x0adf,0x0adf,0x0adf,
	0x0edf,0x0edf,0x0abf,0x0abe,0x0abe,0x0e9e,0x127e,0x1a5c,0x2e7b,0x46dc,0x5f1c,0x779d,0x6b59,0x6b7a,0x77de,0x7bff,
	0x7fff,0x7fff,0x7fff,0x7fff,0x7fff,0x7fff,0x7fff,0x7fff,0x7fff,0x7fff,0x7fff,0x7fff,0x7fff,0x7fff,0x7fff,0x7fff,
	0x7fff,0x7fff,0x7fff,0x7fff,0x7fff,0x7fff,0x7fff,0x7fff,0x7fff,0x7fff,0x7fff,0x7fff,0x7fff,0x7fff,0x7fff,0x7fff,
	0x7fff,0x7fff,0x7fff,0x7fff,0x7fff,0x7fff,0x7fff,0x7fff,0x7fff,0x7fff,0x7fff,0x7fff,0x7fff,0x7fff,0x7fff,0x7fff,
	0x7fff,0x7fff,0x7fff,0x7fff,0x7fff,0x7fff,0x7fff,0x7fff,0x7fff,0x7fff,0x7fff,0x7fff,0x7fff,0x7fff,0x7fff,0x7fff,
	0x7fff,0x7fff,0x7fff,0x7fff,0x7fff,0x7fff,0x7fff,0x7fff,0x7fff,0x7fff,0x7fff,0x7fff,0x7fff,0x7fff,0x7fff,0x7fff,
	0x7fff,0x7fff,0x7fff,0x7fff,0x7fff,0x7fff,0x7fff,0x7fff,0x7fff,0x7fff,0x7fff,0x7fff,0x7fff,0x7fff,0x7fff,0x7fff,
	0x7fff,0x7fff,0x7fff,0x7fff,0x7fff,0x7fff,0x7fff,0x7fff,0x7fff,0x7fff,0x7fff,0x7fff,0x7fff,0x7fff,0x7fff,0x7fff,
	0x7fff,0x7fff,0x7fff,0x7fff,0x7fff,0x7fff,0x7fff,0x7fff,0x7fff,0x7fff,0x7fff,0x7fff,0x7fff,0x7fff,0x7fff,0x7fff,
	0x7fff,0x7fff,0x7bdf,0x7fdf,0x77bc,0x6b58,0x5f38,0x5b3a,0x531c,0x367a,0x1e19,0x123c,0x127d,0x0e9e,0x0abe,0x0adf,
	0x0aff,0x0aff,0x0afe,0x0aff,0x0aff,0x0aff,0x0aff,0x0aff,0x0aff,0x0aff,0x0aff,0x0aff,0x0aff,0x0aff,0x0aff,0x0aff,
	0x0aff,0x0aff,0x0aff,0x0aff,0x0aff,0x0aff,0x0aff,0x0aff,0x0aff,0x0aff,0x0aff,0x0aff,0x0aff,0x0aff,0x0aff,0x0aff,
	0x0aff,0x0aff,0x0aff,0x0aff,0x0aff,0x0aff,0x0aff,0x0aff,0x0aff,0x0aff,0x0aff,0x0aff,0x0aff,0x0aff,0x0aff,0x0aff,
	0x0aff,0x0aff,0x0aff,0x0aff,0x0aff,0x0eff,0x0eff,0x12ff,0x171f,0x171f,0x1b1f,0x1b1f,0x1b1f,0x1aff,0x12de,0x12be,
	0x12be,0x127e,0x0e5d,0x0a1c,0x0dfb,0x161b,0x163c,0x0e7e,0x0e9e,0x0abf,0x0abe,0x0a9e,0x0a9e,0x0ebf,0x0abf,0x0abf,
	0x0a9e,0x0e7e,0x127e,0x163c,0x1e3b,0x327a,0x56fc,0x6b5c,0x6739,0x6318,0x6b5b,0x77de,0x7bff,0x7fff,0x7fff,0x7fff,
	0x7fff,0x7fff,0x7fff,0x7fff,0x7fff,0x7fff,0x7fff,0x7fff,0x7fff,0x7fff,0x7fff,0x7fff,0x7fff,0x7fff,0x7fff,0x7fff,
	0x7fff,0x7fff,0x7fff,0x7fff,0x7fff,0x7fff,0x7fff,0x7bde,0x7bde,0x7bde,0x7bde,0x7bde,0x7bde,0x7bde,0x7bde,0x7bde,
	0x7bde,0x7bde,0x7bde,0x7bde,0x7bde,0x7fff,0x7fff,0x7fff,0x7fff,0x7fff,0x7fff,0x7fff,0x7fff,0x7fff,0x7fff,0x7fff,
	0x7fff,0x7fff,0x7fff,0x7fff,0x7fff,0x7fff,0x7fff,0x7fff,0x7fff,0x7fff,0x7fff,0x7fff,0x7fff,0x7fff,0x7fff,0x7fff,
	0x7fff,0x7fff,0x7fff,0x7fff,0x7fff,0x7fff,0x7fff,0x7fff,0x7fff,0x7fff,0x7fff,0x7fff,0x7fff,0x7fff,0x7fff,0x7fff,
	0x7fff,0x7fff,0x7fff,0x7fff,0x7fff,0x7fff,0x7fff,0x7fff,0x7fff,0x7fff,0x7fff,0x7fff,0x7fff,0x7fff,0x7fff,0x7fff,
	0x7fff,0x7fff,0x7fff,0x7fff,0x7fff,0x7fff,0x7fff,0x7fff,0x7fff,0x7fff,0x7fff,0x7fff,0x7fff,0x7fff,0x7fff,0x7fff,
	0x7fff,0x7fff,0x7fff,0x7fff,0x7fff,0x7fff,0x7fff,0x7fff,0x7fff,0x7fff,0x7fff,0x7fff,0x7fff,0x7fff,0x7fff,0x7fff,
	0x77bd,0x6f7b,0x6738,0x6b5b,0x5b1d,0x3a7b,0x263b,0x1a5c,0x127d,0x0a9e,0x06be,0x0adf,0x0adf,0x06df,0x06df,0x0aff,
	0x0aff,0x0aff,0x0aff,0x0aff,0x0aff,0x0aff,0x0aff,0x0aff,0x0aff,0x0aff,0x0aff,0x0aff,0x0aff,0x0aff,0x0aff,0x0aff,
	0x0aff,0x0aff,0x0aff,0x0aff,0x0b1f,0x0b1f,0x0b1f,0x0b1f,0x0b1f,0x0b1f,0x0b1f,0x0b1f,0x0b1f,0x0b1f,0x0b1f,0x0b1f,
	0x0b1f,0x0b1f,0x0b1f,0x0b1f,0x0aff,0x0aff,0x0aff,0x0aff,0x0aff,0x0aff,0x0aff,0x0aff,0x0aff,0x0aff,0x0aff,0x0aff,
	0x0aff,0x0aff,0x0aff,0x0aff,0x0aff,0x0eff,0x171f,0x1b3f,0x1f3f,0x235f,0x275f,0x2b5f,0x2b5f,0x2b5f,0x2b5f,0x2f7f,
	0x337f,0x337f,0x2f5f,0x231e,0x1ade,0x12be,0x0e9e,0x0e7d,0x123c,0x121b,0x0e3c,0x0a7e,0x0a7e,0x125c,0x1e3c,0x223c,
	0x2a7b,0x4afd,0x5b3d,0x5f3a,0x5f19,0x6319,0x737c,0x7bbe,0x77bd,0x7bde,0x7fff,0x7fff,0x7fff,0x7fff,0x7fff,0x7fff,
	0x7fff,0x7fff,0x7fff,0x7fff,0x7fff,0x7fff,0x7fff,0x7fff,0x7fff,0x7fff,0x7bde,0x77bd,0x77bd,0x77bc,0x739c,0x6f9b,
	0x6f7a,0x6f7b,0x6f7b,0x6f7b,0x6f7b,0x6f7b,0x6f7c,0x6f7c,0x6f7c,0x6b5b,0x675b,0x675b,0x635b,0x635a,0x635b,0x675b,
	0x675b,0x675b,0x6b5b,0x6f7b,0x6f7b,0x6f7b,0x6f7b,0x6f7b,0x6f7b,0x6f7b,0x6f7b,0x6f7b,0x739b,0x779c,0x77bd,0x77bd,
	0x7bdd,0x7fde,0x7fff,0x7fff,0x7fff,0x7fff,0x7fff,0x7fff,0x7fff,0x7fff,0x7fff,0x7fff,0x7fff,0x7fff,0x7fff,0x7fff,
	0x7fff,0x7fff,0x7fff,0x7fff,0x7fff,0x7fff,0x7fff,0x7fff,0x7fff,0x7fff,0x7fff,0x7fff,0x7fff,0x7fff,0x7fff,0x7fff,
	0x7fff,0x7fff,0x7fff,0x7fff,0x7fff,0x7fff,0x7fff,0x7fff,0x7fff,0x7fff,0x7fff,0x7fff,0x7fff,0x7fff,0x7fff,0x7fff,
	0x7fff,0x7fff,0x7fff,0x7fff,0x7fff,0x7fff,0x7fff,0x7fff,0x7fff,0x7fff,0x7fff,0x7fff,0x7fff,0x7fff,0x7fff,0x7fff,
	0x7fff,0x7fff,0x7fff,0x7fff,0x7fff,0x7fff,0x7fff,0x7fff,0x7fff,0x7fff,0x7fff,0x7fff,0x7fff,0x7bdd,0x6f7a,0x6339,
	0x6b7c,0x56fa,0x365a,0x265b,0x167c,0x0a7d,0x0a9e,0x0edf,0x0edf,0x0adf,0x06df,0x0aff,0x0aff,0x0aff,0x0aff,0x0aff,
	0x0aff,0x0aff,0x0aff,0x0aff,0x0aff,0x0aff,0x0aff,0x0aff,0x0aff,0x0aff,0x0aff,0x0aff,0x0f1f,0x0b1f,0x0b1f,0x0b1f,
	0x0f1f,0x0f1f,0x0f1f,0x0f1f,0x0f1f,0x0f1f,0x0f1f,0x0f1f,0x0f1f,0x0f1f,0x0f1f,0x0f1f,0x0f1f,0x0f1f,0x0f1f,0x0f1f,
	0x0f1f,0x0f1f,0x0f1f,0x0f1f,0x0f1f,0x0f1f,0x0f1f,0x0f1f,0x0f1f,0x0f1f,0x0f1f,0x0f1f,0x0f1f,0x0f1f,0x0f1f,0x0f1f,
	0x0f1f,0x0f1f,0x0f1f,0x0f1f,0x0f1f,0x0f1f,0x173f,0x173f,0x1b3f,0x1f3f,0x235f,0x235f,0x275f,0x275f,0x2b7f,0x2f7f,
	0x337f,0x379f,0x3b9f,0x3f9f,0x3b9f,0x379f,0x337f,0x2b5f,0x231f,0x129d,0x0a5c,0x0e3d,0x11fa,0x21f9,0x42bb,0x635d,
	0x6f9d,0x6b39,0x6738,0x6f7a,0x77bd,0x7bdf,0x7fff,0x7fff,0x7fff,0x7fff,0x7fff,0x7fff,0x7fff,0x7bff,0x77de,0x77de,
	0x779d,0x737c,0x737b,0x6f5b,0x6b5a,0x6b5a,0x6b9c,0x6b9e,0x679e,0x5b3d,0x531b,0x46ba,0x3a99,0x3279,0x2e79,0x2e7a,
	0x2e9b,0x2ebb,0x2edc,0x2add,0x2abd,0x2efe,0x2f1f,0x2efe,0x2edc,0x2ebb,0x2e7a,0x2e59,0x2a38,0x2a38,0x2638,0x2659,
	0x269b,0x2abc,0x2afe,0x2aff,0x2eff,0x2f1f,0x331e,0x32fd,0x32bc,0x2ebb,0x2e9b,0x2e7b,0x327a,0x367a,0x3e9a,0x46ba,
	0x4efa,0x5f3c,0x677e,0x73be,0x73bd,0x6f7b,0x6f5a,0x737a,0x737a,0x6f7b,0x73bc,0x7bdd,0x7fde,0x7ffe,0x7fff,0x7fff,
	0x7fff,0x7fff,0x7fff,0x7fff,0x7fff,0x7fff,0x7fff,0x7fff,0x7fff,0x7fff,0x7fff,0x7fff,0x7fff,0x7fff,0x7fff,0x7fff,
	0x7fff,0x7fff,0x7fff,0x7fff,0x7fff,0x7fff,0x7fff,0x7fff,0x7fff,0x7fff,0x7fff,0x7fff,0x7fff,0x7fff,0x7fff,0x7fff,
	0x7fff,0x7fff,0x7fff,0x7fff,0x7fff,0x7fff,0x7fff,0x7fff,0x7fff,0x7fff,0x7fff,0x7fff,0x7fff,0x7fff,0x7fff,0x7fff,
	0x7fff,0x7fff,0x7fff,0x7fff,0x7fff,0x7fff,0x7fff,0x7fff,0x7fff,0x7fff,0x7bfe,0x7bbd,0x779c,0x6318,0x5b19,0x4afa,
	0x2e5a,0x223b,0x0e5d,0x0a9e,0x06df,0x06ff,0x0aff,0x0ade,0x0ade,0x0adf,0x0aff,0x0aff,0x0aff,0x0aff,0x0aff,0x0aff,
	0x0aff,0x0aff,0x0aff,0x0eff,0x0eff,0x0f1f,0x0f1f,0x0f1f,0x0f1f,0x0f1f,0x0f1f,0x0f1f,0x0f1f,0x131f,0x133f,0x173e,
	0x173f,0x133f,0x0f1f,0x0f1f,0x131f,0x131f,0x131f,0x131f,0x131f,0x131f,0x131f,0x131f,0x131f,0x131f,0x131f,0x131f,
	0x131f,0x131f,0x131f,0x131f,0x131f,0x131f,0x131f,0x131f,0x131f,0x131f,0x131f,0x131f,0x131f,0x0f1f,0x0f1f,0x0f1f,
	0x0f1f,0x0f1f,0x0f1f,0x0f1f,0x0f1f,0x0f1f,0x131f,0x173f,0x173f,0x1b3f,0x1f3f,0x233f,0x235f,0x275f,0x275f,0x2b5f,
	0x2f7f,0x337f,0x337f,0x3b9f,0x3f9e,0x43be,0x47be,0x47be,0x4bde,0x3b9e,0x231e,0x16df,0x12bf,0x127d,0x161b,0x2a3a,
	0x4adc,0x635c,0x6739,0x6f5a,0x739c,0x77bd,0x7bde,0x77bd,0x77bd,0x7bde,0x7fde,0x739c,0x6739,0x5f19,0x5f19,0x5f1a,
	0x5b3c,0x531b,0x42da,0x3ebb,0x329c,0x2a9c,0x227d,0x1e7d,0x1a7d,0x127e,0x0e7e,0x0e7e,0x0e7e,0x0a9e,0x0a9f,0x0abf,
	0x0abf,0x0abf,0x0a9e,0x0e7d,0x0e5c,0x0df8,0x0dd6,0x11b4,0x15b3,0x1592,0x1592,0x1591,0x1571,0x1150,0x0d30,0x0d30,
	0x0d31,0x0d52,0x09d6,0x0e7c,0x0abe,0x029e,0x069f,0x0e9f,0x0e9f,0x0a9e,0x0a9f,0x0a9f,0x0e9f,0x0e9f,0x0e7e,0x127e,
	0x127e,0x125d,0x165d,0x1e7c,0x267c,0x2e9c,0x3ebc,0x46fb,0x531c,0x5f3c,0x5f3b,0x5b19,0x5f19,0x6339,0x6b5a,0x77bd,
	0x7ffe,0x7bdd,0x73bd,0x77de,0x7fff,0x7fff,0x7fff,0x7fff,0x7fff,0x7fff,0x7fff,0x7fff,0x7fff,0x7fff,0x7fff,0x7fff,
	0x7fff,0x7fff,0x7fff,0x7fff,0x7fff,0x7fff,0x7fff,0x7fff,0x7fff,0x7fff,0x7fff,0x7fff,0x7fff,0x7fff,0x7fff,0x7fff,
	0x7fff,0x7fff,0x7fff,0x7fff,0x7fff,0x7fff,0x7fff,0x7fff,0x7fff,0x7fff,0x7fff,0x7fff,0x7fff,0x7fff,0x7fff,0x7fff,
	0x7fff,0x7fff,0x7fff,0x7fff,0x7fff,0x7fff,0x7fff,0x7fff,0x7fff,0x7bde,0x6b7a,0x5f18,0x635c,0x42bc,0x223b,0x125c,
	0x0e9e,0x0abe,0x0adf,0x0aff,0x06df,0x0aff,0x0aff,0x0aff,0x0aff,0x0aff,0x0aff,0x0aff,0x0aff,0x0aff,0x0aff,0x0aff,
	0x0aff,0x0f1f,0x0f1f,0x0f1f,0x0f1f,0x0f1f,0x0f1f,0x0f1f,0x131f,0x173f,0x173f,0x1b3f,0x233f,0x275f,0x2f7f,0x2f7f,
	0x339f,0x339f,0x337f,0x275f,0x133f,0x133f,0x133f,0x133f,0x133f,0x173f,0x173f,0x173f,0x173f,0x173f,0x173f,0x173f,
	0x173f,0x173f,0x173f,0x173f,0x173f,0x133f,0x131f,0x131f,0x131f,0x131f,0x131f,0x131f,0x131f,0x131f,0x131f,0x131f,
	0x131f,0x131f,0x0f1f,0x0f1f,0x0f1f,0x0f1f,0x131f,0x131f,0x171f,0x173f,0x1b3f,0x1f3f,0x233f,0x233f,0x273f,0x275f,
	0x2b5f,0x2b5f,0x2f7f,0x337f,0x377f,0x3b9f,0x3b9f,0x3fbe,0x43bf,0x47bf,0x4bbe,0x4bde,0x3b7e,0x231e,0x12de,0x169e,
	0x165d,0x1e3b,0x327a,0x5b3c,0x6b7b,0x6318,0x6738,0x6b5a,0x5f3b,0x571b,0x46db,0x329b,0x267b,0x1e7c,0x1e9d,0x1a9e,
	0x16bf,0x129f,0x0e9e,0x0e9e,0x0e9e,0x0e9e,0x0a9f,0x0a9f,0x0e9f,0x0e9f,0x0ebf,0x12bf,0x12bf,0x12bf,0x12bf,0x12be,
	0x0e9e,0x127c,0x09d7,0x0d73,0x1150,0x112e,0x112f,0x0d2f,0x0d2f,0x0d2f,0x0d30,0x1130,0x1130,0x1130,0x1130,0x112f,
	0x112f,0x112f,0x0d0f,0x0d72,0x269a,0x331e,0x333e,0x2f3e,0x271e,0x1efe,0x16de,0x16de,0x16de,0x16df,0x12bf,0x12bf,
	0x12bf,0x12bf,0x0ebf,0x0ebf,0x0a9e,0x0a9e,0x069e,0x0a9e,0x129e,0x16bf,0x169e,0x1e7c,0x227c,0x2a5b,0x327a,0x46db,
	0x5f5d,0x677c,0x675a,0x6759,0x6759,0x6f7b,0x77bd,0x7fff,0x7bde,0x7ffe,0x7fff,0x7fff,0x7fff,0x7fff,0x7fff,0x7fff,
	0x7fff,0x7fff,0x7fff,0x7fff,0x7fff,0x7fff,0x7fff,0x7fff,0x7fff,0x7fff,0x7fff,0x7fff,0x7fff,0x7fff,0x7fff,0x7fff,
	0x7fff,0x7fff,0x7fff,0x7fff,0x7fff,0x7fff,0x7fff,0x7fff,0x7fff,0x7fff,0x7fff,0x7fff,0x7fff,0x7fff,0x7fff,0x7fff,
	0x7fff,0x7fff,0x7fff,0x7fff,0x7fff,0x7fff,0x7fff,0x7bde,0x6b5a,0x6318,0x635b,0x3e7c,0x1dfc,0x125d,0x069d,0x06bf,
	0x0adf,0x0adf,0x0aff,0x0aff,0x0aff,0x0aff,0x0aff,0x0aff,0x0aff,0x0aff,0x0aff,0x0aff,0x0aff,0x0aff,0x0f1f,0x0f1f,
	0x0f1f,0x0f1f,0x131f,0x131f,0x131f,0x131f,0x131f,0x131f,0x1b3f,0x1f3f,0x235f,0x275f,0x2b5f,0x2f7f,0x379f,0x379e,
	0x3f9f,0x43bf,0x43bf,0x379f,0x173f,0x173f,0x173f,0x173f,0x173f,0x1b3f,0x1b3f,0x1b3f,0x1b3f,0x1b3f,0x1b3f,0x1b3f,
	0x1b3f,0x1b3f,0x1b3f,0x1b3f,0x1b3f,0x173f,0x173f,0x173f,0x173f,0x173f,0x173f,0x173f,0x133f,0x133f,0x133f,0x133f,
	0x133f,0x131f,0x131f,0x131f,0x131f,0x131f,0x131f,0x131f,0x131f,0x171f,0x173f,0x1b3f,0x1f3f,0x1f3f,0x233f,0x235f,
	0x275f,0x275f,0x2b5f,0x2f7f,0x337f,0x337f,0x379f,0x3b9f,0x3f9f,0x3f9e,0x43be,0x4bde,0x4bde,0x4bbf,0x439f,0x2f5f,
	0x1afe,0x0a7e,0x0e5d,0x1a1b,0x2e5a,0x2e7b,0x229c,0x1ebe,0x1a9e,0x129d,0x0e7d,0x0a9e,0x0a9e,0x0a9f,0x0a9f,0x0e9f,
	0x0e9e,0x0e9e,0x0a9f,0x0a9f,0x0abf,0x0ebf,0x16df,0x1eff,0x26fe,0x373e,0x3f5f,0x477f,0x4f9f,0x4f9f,0x4f7f,0x3ada,
	0x15b2,0x092f,0x0d0f,0x0d0f,0x1131,0x11b4,0x15f6,0x2258,0x2e79,0x3eda,0x471a,0x4b1b,0x4f5c,0x535c,0x535c,0x535c,
	0x535b,0x4f3b,0x471b,0x3ed9,0x4719,0x5bbd,0x63ff,0x63ff,0x5fff,0x5bde,0x57be,0x57be,0x53bf,0x53bf,0x53bf,0x4fbf,
	0x4fbf,0x4fbf,0x4b9e,0x437e,0x3b5f,0x2f1f,0x1edf,0x12bf,0x0ebf,0x0e9e,0x0ebe,0x0e9e,0x0e9f,0x0e9f,0x0a7e,0x0e7e,
	0x169e,0x1ebe,0x1ebe,0x1e9c,0x2e7a,0x3a9a,0x571c,0x739e,0x6f7b,0x6b59,0x6b59,0x6f9c,0x7bde,0x7fff,0x7fff,0x7fff,
	0x7fff,0x7fff,0x7fff,0x7fff,0x7fff,0x7fff,0x7fff,0x7fff,0x7fff,0x7fff,0x7fff,0x7fff,0x7fff,0x7fff,0x7fff,0x7fff,
	0x7fff,0x7fff,0x7fff,0x7fff,0x7fff,0x7fff,0x7fff,0x7fff,0x7fff,0x7fff,0x7fff,0x7fff,0x7fff,0x7fff,0x7fff,0x7fff,
	0x7fff,0x7fff,0x7fff,0x7fff,0x7fff,0x7fff,0x6f7b,0x6739,0x633a,0x4ebb,0x2a3b,0x165c,0x12be,0x0adf,0x06df,0x0ade,
	0x0adf,0x0aff,0x0aff,0x0aff,0x0aff,0x0aff,0x0aff,0x0b1f,0x0b1f,0x0b1f,0x0b1f,0x0f1f,0x0f1f,0x0f1f,0x0f1f,0x131f,
	0x131f,0x131f,0x131f,0x133f,0x131f,0x131f,0x171f,0x1b3f,0x1f3f,0x235f,0x275f,0x2b5f,0x2f7f,0x339f,0x3b9f,0x3f9e,
	0x47be,0x4bdf,0x4bdf,0x3b7e,0x1b1f,0x1b1f,0x1b3f,0x1b3f,0x1b3f,0x1f3f,0x1f3f,0x1f3f,0x1f3f,0x1b5f,0x1b5f,0x1b5f,
	0x1f5f,0x1f3f,0x1f3f,0x1b3f,0x1b3f,0x1b3f,0x1b3f,0x1b3f,0x1b3f,0x1b3f,0x1b3f,0x173f,0x173f,0x173f,0x173f,0x173f,
	0x173f,0x173f,0x173f,0x173f,0x173f,0x131f,0x131f,0x131f,0x131f,0x131f,0x173f,0x173f,0x1b3f,0x1b3f,0x1b3f,0x1f3f,
	0x1f3f,0x235f,0x275f,0x2b5f,0x2f7f,0x2f7f,0x337f,0x339f,0x379e,0x3f9e,0x43bf,0x43bf,0x47bf,0x4bde,0x53de,0x57de,
	0x479e,0x271e,0x12df,0x0e7e,0x161c,0x15fa,0x0e3c,0x0e7e,0x0a9e,0x0abf,0x0ebf,0x0e9f,0x0ebf,0x12be,0x12be,0x16de,
	0x2b3e,0x333e,0x375f,0x3b5e,0x437e,0x477e,0x4b9f,0x53bf,0x57bf,0x5bbf,0x5bdf,0x5fdf,0x5fbf,0x42f9,0x21f3,0x1170,
	0x1591,0x2636,0x3699,0x3eda,0x42fb,0x475d,0x4b9e,0x53bf,0x5bdf,0x5bdf,0x5bdf,0x5bdf,0x5bdf,0x5bdf,0x5bdf,0x5bdf,
	0x5bdf,0x5bdf,0x5bdf,0x5bdf,0x5bdf,0x5bbe,0x5bdf,0x5bdf,0x5fff,0x5bdf,0x57df,0x57df,0x5bdf,0x5bdf,0x5bdf,0x5bde,
	0x5bdf,0x5fff,0x5fff,0x5fdf,0x5fdf,0x5bdf,0x53bf,0x4f9e,0x477e,0x3f7f,0x3f5f,0x375f,0x2b3f,0x1ede,0x16de,0x12bf,
	0x0abf,0x069f,0x0abf,0x0ebe,0x0a5c,0x0a3b,0x163b,0x227b,0x32dd,0x3abb,0x4299,0x52db,0x739d,0x739c,0x6f7b,0x6f7b,
	0x739d,0x7bde,0x7fff,0x7fff,0x7fff,0x7fff,0x7fff,0x7fff,0x7fff,0x7fff,0x7fff,0x7fff,0x7fff,0x7fff,0x7fff,0x7fff,
	0x7fff,0x7fff,0x7fff,0x7fff,0x7fff,0x7fff,0x7fff,0x7fff,0x7fff,0x7fff,0x7fff,0x7fff,0x7fff,0x7fff,0x7fff,0x7fff,
	0x7fff,0x7fff,0x7ffe,0x7fff,0x7bde,0x6b7b,0x6339,0x5b3b,0x325b,0x11da,0x0e7d,0x12df,0x12ff,0x0adf,0x06df,0x0aff,
	0x0aff,0x0aff,0x0aff,0x0aff,0x0aff,0x0aff,0x0aff,0x0b1f,0x0f1f,0x0f1f,0x0f1f,0x0f1f,0x0f1f,0x0f1f,0x131f,0x131f,
	0x131f,0x131f,0x131f,0x131f,0x131f,0x173f,0x1b3f,0x235f,0x275f,0x2b5f,0x2b7f,0x337f,0x379f,0x3b9f,0x3fbf,0x47bf,
	0x4fdf,0x4fdf,0x439f,0x26fc,0x1add,0x1add,0x1ede,0x1ede,0x1ede,0x1ede,0x22de,0x22de,0x1ebd,0x1abc,0x1abc,0x16bc,
	0x16bc,0x16dd,0x1afe,0x1f1e,0x233f,0x235f,0x235f,0x1f3f,0x1b5f,0x1b5f,0x1b5f,0x1f3f,0x1b3f,0x1b3f,0x1b3f,0x1b3f,
	0x1b3f,0x1b3f,0x173f,0x173f,0x173f,0x173f,0x133f,0x133f,0x133f,0x133f,0x173f,0x171f,0x171f,0x171f,0x1b3f,0x1b3f,
	0x1f3f,0x233f,0x235f,0x275f,0x2b5f,0x2b7f,0x2f7f,0x337f,0x337f,0x379f,0x3b9f,0x3f9f,0x43bf,0x47bf,0x47be,0x4fdf,
	0x57de,0x53be,0x3f7f,0x1eff,0x12bf,0x125d,0x11db,0x0dfb,0x0e9e,0x16bf,0x1edf,0x271f,0x333f,0x373e,0x3f7e,0x479e,
	0x53bf,0x53bf,0x53bf,0x57bf,0x57bf,0x53bf,0x53bf,0x53bf,0x53bf,0x53be,0x57bf,0x57bf,0x4b7d,0x3297,0x2a55,0x3ad9,
	0x4f7d,0x53bf,0x57bf,0x57df,0x57df,0x57bf,0x57bf,0x57bf,0x57bf,0x57bf,0x57bf,0x57bf,0x57bf,0x57bf,0x57bf,0x57bf,
	0x57bf,0x57bf,0x57bf,0x57bf,0x53bf,0x57bf,0x57bf,0x57bf,0x57bf,0x57bf,0x57bf,0x57bf,0x57bf,0x57bf,0x57bf,0x57bf,
	0x57bf,0x57bf,0x57bf,0x57bf,0x57bf,0x57bf,0x57bf,0x57bf,0x57df,0x57df,0x57df,0x57de,0x57df,0x4b9e,0x437e,0x377f,
	0x26fd,0x1658,0x0dd5,0x0db4,0x1193,0x11b3,0x11b3,0x0d92,0x11b4,0x11b5,0x11b6,0x1a1a,0x2abd,0x3afe,0x42dc,0x4eda,
	0x5af9,0x6b7a,0x779c,0x6b5a,0x739c,0x7fff,0x7fff,0x7fff,0x7fff,0x7fff,0x7bde,0x7fff,0x7fff,0x7fff,0x7fff,0x7fff,
	0x7fff,0x7fff,0x7fff,0x7fff,0x7fff,0x7fff,0x7fff,0x7fff,0x7fff,0x7fff,0x7fff,0x7fff,0x7fff,0x7fff,0x7fff,0x7fff,
	0x7fff,0x7fff,0x7bff,0x7bde,0x6317,0x6718,0x573d,0x2e7b,0x0e1b,0x0e9e,0x0adf,0x0adf,0x0adf,0x0adf,0x06df,0x0aff,
	0x0f1f,0x0aff,0x0aff,0x0aff,0x0aff,0x0eff,0x0f1f,0x0f1f,0x0f1f,0x0f1f,0x0f1f,0x131f,0x131f,0x131f,0x131f,0x131f,
	0x173f,0x173f,0x173f,0x173f,0x1b3f,0x1b3f,0x1f3f,0x275f,0x2b5f,0x2f7f,0x337f,0x379e,0x3f9e,0x3f9f,0x47bf,0x4fdf,
	0x4bdf,0x3b9e,0x2f7f,0x233f,0x235f,0x235f,0x235f,0x233f,0x233e,0x233e,0x233e,0x233f,0x231e,0x1efd,0x1edd,0x1ebd,
	0x1abc,0x1a9c,0x1a7b,0x165b,0x1a5b,0x1a7b,0x1e9c,0x1edd,0x1efe,0x231f,0x233f,0x233f,0x233f,0x1f5f,0x1f5f,0x1f5f,
	0x1f3f,0x1f3f,0x1b3f,0x1b3f,0x1b3f,0x1b3f,0x173f,0x173f,0x173f,0x173f,0x173f,0x133f,0x133f,0x133f,0x171f,0x173f,
	0x1b3f,0x1b3f,0x1f3f,0x235f,0x275f,0x275f,0x2b5f,0x2f7f,0x2f7f,0x337f,0x379f,0x3b9f,0x3fbf,0x43bf,0x43bf,0x4bff,
	0x4bde,0x53de,0x57de,0x4b9f,0x1f1f,0x0ebf,0x127e,0x121b,0x1e5b,0x3b3f,0x4bbf,0x4fde,0x4f9e,0x4f9f,0x4fbf,0x4bbe,
	0x4fbf,0x4fbf,0x4fbf,0x4fbf,0x4fbf,0x4fbf,0x4fbf,0x4fbf,0x4fbf,0x4fbf,0x4fbf,0x4f9f,0x4fbf,0x4fbf,0x4fbf,0x4fbe,
	0x4fbe,0x4fbf,0x4fbf,0x4fbf,0x4fbf,0x4fbf,0x4fbf,0x4fbe,0x4fbe,0x4fbf,0x4fbf,0x4fbf,0x4fbf,0x4fbf,0x4fbf,0x4fbf,
	0x4fbf,0x4fbf,0x4fbf,0x4fbf,0x4fbf,0x4fbf,0x4fbf,0x4fbf,0x4fbf,0x4fbf,0x4fbf,0x4fbf,0x4fbf,0x4fbf,0x4fbf,0x4fbf,
	0x4fbf,0x4fbf,0x4fbf,0x53bf,0x53bf,0x53bf,0x53bf,0x53bf,0x53bf,0x53bf,0x53bf,0x4fbf,0x4fbf,0x4fbf,0x4fbf,0x4b5d,
	0x2613,0x0d2e,0x112f,0x110f,0x0d2f,0x0d2f,0x090e,0x0d2f,0x0d4f,0x0d2f,0x110f,0x1550,0x0e19,0x127d,0x127e,0x125d,
	0x1e5c,0x32bc,0x533c,0x673b,0x6319,0x6739,0x739c,0x7bde,0x7bde,0x7fff,0x7fff,0x7fff,0x7fff,0x7fff,0x7fff,0x7fff,
	0x7fff,0x7fff,0x7fff,0x7fff,0x7fff,0x7fff,0x7fff,0x7fff,0x7fff,0x7fff,0x7fff,0x7fff,0x7fff,0x7fff,0x7fff,0x7fff,
	0x7fff,0x7bff,0x7ffe,0x6338,0x6b3a,0x5f3c,0x263a,0x0dfb,0x0abf,0x0adf,0x0adf,0x0aff,0x0aff,0x0aff,0x0aff,0x0aff,
	0x0aff,0x0aff,0x0aff,0x0eff,0x0f1f,0x0f1f,0x0f1f,0x131f,0x131f,0x131f,0x131f,0x131f,0x131f,0x131f,0x133f,0x173f,
	0x173f,0x173f,0x1b3f,0x1b3f,0x1f3f,0x1f5f,0x275f,0x2b5f,0x337f,0x377f,0x379f,0x3f9e,0x47be,0x47bf,0x43bf,0x3bbf,
	0x337e,0x275e,0x233f,0x235f,0x275f,0x275f,0x235f,0x235f,0x235f,0x275f,0x275f,0x275f,0x275f,0x275f,0x275f,0x275f,
	0x275f,0x275f,0x275f,0x233f,0x233e,0x1b1d,0x1efd,0x1efd,0x22dd,0x22dd,0x1ebd,0x1a7c,0x165b,0x1a7c,0x1abd,0x1edd,
	0x1f1e,0x1f3e,0x1f3f,0x1b3f,0x1b3f,0x1b3f,0x1f3f,0x1b3f,0x173f,0x133f,0x133f,0x133f,0x131f,0x131f,0x131f,0x131f,
	0x131f,0x171f,0x173f,0x1b3f,0x1f3f,0x275f,0x275f,0x2b5f,0x2b7f,0x2f7f,0x337f,0x379f,0x3b9f,0x3f9f,0x3fbf,0x3fbf,
	0x47bf,0x4fbe,0x4bde,0x4fff,0x539f,0x2f1f,0x0abe,0x0a5e,0x15fb,0x2e5c,0x475e,0x47be,0x439e,0x477f,0x4b9f,0x47be,
	0x479f,0x479f,0x479f,0x479f,0x479f,0x479f,0x479f,0x479f,0x4b9f,0x4b9f,0x4b9f,0x479f,0x479f,0x479f,0x4b9f,0x479f,
	0x4b9e,0x4f9f,0x4b9f,0x4b9f,0x479f,0x479f,0x479f,0x4b9e,0x4b9e,0x4b9e,0x4b9f,0x4b9f,0x4b9f,0x4b9f,0x4b9f,0x4b9f,
	0x4b9e,0x4b9e,0x4b9f,0x4b9f,0x4b9f,0x4b9f,0x4b9f,0x4b9f,0x4b9f,0x4b9f,0x4b9f,0x4b9f,0x4b9f,0x4b9f,0x4b9f,0x4b9f,
	0x4b9f,0x4b9f,0x4b9f,0x4b9f,0x4b9f,0x4b9f,0x4b9f,0x4b9f,0x4b9f,0x4b9f,0x4b9f,0x4bbf,0x4bbf,0x4b9f,0x4b9f,0x3b1b,
	0x2257,0x2678,0x2a99,0x2a99,0x2a99,0x2679,0x2658,0x19f6,0x0d93,0x0930,0x0d0f,0x0d0e,0x0d0f,0x0d51,0x127b,0x0edf,
	0x0a9f,0x0e7f,0x167e,0x229d,0x2e9b,0x4aba,0x635c,0x739c,0x6738,0x6f7b,0x77be,0x7bdf,0x7fff,0x7fff,0x7fff,0x7fff,
	0x7fff,0x7fff,0x7fff,0x7fff,0x7fff,0x7fff,0x7fff,0x7fff,0x7fff,0x7fff,0x7fff,0x7fff,0x7fff,0x7fff,0x7fff,0x7fff,
	0x7fff,0x7fdf,0x6738,0x6338,0x5b1d,0x365b,0x11fb,0x0e9d,0x0adf,0x0aff,0x0aff,0x0aff,0x0aff,0x0aff,0x0aff,0x0aff,
	0x0aff,0x0b1f,0x0eff,0x0f1f,0x0f1f,0x0f1f,0x0f1f,0x131f,0x131f,0x131f,0x131f,0x133f,0x133f,0x173f,0x173f,0x173f,
	0x1b3f,0x1b3f,0x1b3f,0x1b3f,0x1b3f,0x1f3f,0x235f,0x2b5f,0x2f7f,0x337f,0x377f,0x379f,0x379f,0x337e,0x2b5e,0x275e,
	0x235e,0x235f,0x235f,0x235f,0x275f,0x275f,0x275f,0x277f,0x277f,0x277f,0x277f,0x277f,0x277f,0x277f,0x277f,0x277f,
	0x277f,0x275f,0x275f,0x275f,0x277f,0x277f,0x277f,0x235f,0x275f,0x275f,0x275f,0x233e,0x1f1d,0x1abc,0x1abc,0x1abc,
	0x1ebd,0x1ebd,0x1a9c,0x169c,0x1a9c,0x1abd,0x1afe,0x1f1f,0x1f3f,0x1b3f,0x173f,0x173f,0x173f,0x173f,0x173f,0x133f,
	0x131f,0x131f,0x131f,0x171f,0x173f,0x1b3f,0x1f3f,0x235f,0x275f,0x2b5f,0x2f7f,0x337f,0x379f,0x3b9f,0x3b9f,0x3f9f,
	0x43bf,0x47bf,0x47de,0x4bde,0x57df,0x479f,0x1f1e,0x0ebe,0x121c,0x15ba,0x2e9c,0x439f,0x3fbe,0x479f,0x477f,0x3f9e,
	0x439f,0x439f,0x439f,0x439f,0x439f,0x439f,0x439f,0x439f,0x439f,0x439f,0x439f,0x479f,0x479f,0x479f,0x439f,0x3f7f,
	0x3b5e,0x2afe,0x2afe,0x26fe,0x22ff,0x22df,0x22df,0x22ff,0x26ff,0x26ff,0x26ff,0x26ff,0x2f1e,0x333e,0x3b5f,0x3f7f,
	0x439f,0x479f,0x479f,0x479f,0x479f,0x479f,0x479f,0x479f,0x479f,0x479f,0x479f,0x479f,0x479f,0x479f,0x479f,0x479f,
	0x479f,0x479f,0x479f,0x479f,0x479f,0x479f,0x479f,0x479f,0x479f,0x479f,0x479f,0x479f,0x479f,0x479f,0x479f,0x479f,
	0x479f,0x479f,0x479f,0x479f,0x479e,0x479f,0x479f,0x3f7f,0x371d,0x2e9a,0x1e17,0x0d73,0x090f,0x0cee,0x11b5,0x0e7b,
	0x0abf,0x0ebf,0x0ebf,0x0e9f,0x0e7e,0x167d,0x26be,0x3adc,0x4ada,0x633b,0x739c,0x6b5a,0x6f7b,0x7bde,0x7fff,0x7fff,
	0x7fff,0x7fff,0x7fff,0x7fff,0x7fff,0x7fff,0x7fff,0x7fff,0x7fff,0x7fff,0x7fff,0x7fff,0x7fff,0x7fff,0x7fff,0x7fff,
	0x7fff,0x7bbd,0x5af5,0x677a,0x3a7b,0x11ba,0x0e5d,0x0edf,0x0ade,0x0aff,0x0aff,0x0aff,0x0aff,0x0aff,0x0aff,0x0aff,
	0x0b1f,0x0b1f,0x0f1f,0x0f1f,0x0f1f,0x131f,0x131f,0x131f,0x131f,0x131f,0x133f,0x173f,0x173f,0x173f,0x1b3f,0x1b3f,
	0x1b3f,0x1b3f,0x1f3f,0x1b3f,0x1f3f,0x1f3f,0x1f5f,0x235f,0x235f,0x235f,0x275f,0x275f,0x275f,0x235f,0x235f,0x235f,
	0x277f,0x277f,0x277f,0x275f,0x2b7f,0x2b7f,0x2b7f,0x2b7f,0x2b7f,0x2b7f,0x2b7f,0x2b7f,0x2b7f,0x2b7f,0x2b7f,0x2b7f,
	0x2b7f,0x2b7f,0x2b7f,0x2b7f,0x2b7f,0x275f,0x2b5f,0x2b7f,0x2b5f,0x2f5f,0x2f7f,0x337f,0x337f,0x339f,0x2f9f,0x2f7e,
	0x2f7e,0x2f7e,0x2f3e,0x2b1d,0x26bc,0x1e9c,0x16bc,0x1abd,0x1ebd,0x1a9c,0x169c,0x16de,0x1b1f,0x171f,0x173f,0x173f,
	0x131f,0x131f,0x0f1f,0x0f1f,0x0f1f,0x131f,0x131f,0x173f,0x1b3f,0x233f,0x275f,0x2f5f,0x337f,0x337f,0x379f,0x3b9f,
	0x3f9f,0x3fbf,0x43bf,0x47df,0x4bde,0x53df,0x3b7e,0x1afe,0x0e5d,0x11bb,0x1e1b,0x3b5f,0x3f9e,0x3f7f,0x3f7f,0x3b7f,
	0x3f7f,0x3f7f,0x3f7f,0x3f7f,0x3f7f,0x3f7f,0x3f7f,0x3f7f,0x3f7f,0x3f7f,0x437f,0x3f7f,0x375f,0x2f1f,0x26ff,0x1ede,
	0x12bd,0x0e9c,0x0a19,0x09d6,0x0994,0x0572,0x0971,0x0971,0x0971,0x0971,0x0951,0x0971,0x0972,0x0993,0x1216,0x1a7a,
	0x26fe,0x2b3f,0x335f,0x3f7f,0x439e,0x3f9f,0x3f9f,0x3f9e,0x3f7e,0x3f7f,0x3f7f,0x3f7f,0x3f7f,0x3f7f,0x3f7f,0x3f7f,
	0x3f7f,0x3f7f,0x3f7f,0x3f7e,0x3f7e,0x3f7f,0x3f7f,0x3f9f,0x3f7f,0x3f9f,0x3f9f,0x3f9f,0x3f7e,0x3f7e,0x3f7e,0x439f,
	0x439f,0x439f,0x439f,0x439e,0x439e,0x439f,0x437f,0x437f,0x439f,0x439f,0x3b5e,0x2efc,0x1e37,0x1993,0x0d10,0x0dd6,
	0x0ede,0x0adf,0x0edf,0x0ebf,0x0ebf,0x0ebe,0x0a9f,0x0a5e,0x0e3d,0x269c,0x471c,0x571b,0x673a,0x6f9b,0x6f5b,0x77bd,
	0x7fde,0x7fff,0x7fff,0x7fff,0x7fff,0x7fff,0x7fff,0x7fff,0x7fff,0x7fff,0x7fff,0x7fff,0x7fff,0x7fff,0x7fff,0x7fff,
	0x7fff,0x6b5a,0x6b79,0x635c,0x261a,0x05da,0x0e9e,0x12df,0x0aff,0x0b1f,0x0aff,0x0aff,0x0aff,0x0aff,0x0aff,0x0aff,
	0x0b1f,0x0b1f,0x0f1f,0x0f1f,0x131f,0x131f,0x131f,0x131f,0x131f,0x171f,0x173f,0x173f,0x173f,0x173f,0x1b3f,0x1b3f,
	0x1b3f,0x1f3f,0x1f3f,0x1f3f,0x1f3f,0x1f5f,0x1f5f,0x235f,0x235f,0x235f,0x235f,0x235f,0x275f,0x275f,0x275f,0x277f,
	0x2b7f,0x2b7f,0x2b7f,0x2b7f,0x2b7f,0x2b7f,0x2f7f,0x2f7f,0x2f7f,0x2f7f,0x2f7f,0x2f7f,0x2f7f,0x2f7f,0x2f7f,0x2f7f,
	0x2f7f,0x2f7f,0x2f7f,0x2f7f,0x2f7f,0x2b7f,0x2b7f,0x2b5f,0x2f5f,0x2f5f,0x337f,0x337f,0x379f,0x379f,0x3b9f,0x3b9f,
	0x3f9f,0x3f9f,0x3f9f,0x3f9f,0x3fbf,0x3fbf,0x379e,0x2f5e,0x2b1d,0x22dd,0x1e9c,0x1a7b,0x167b,0x169d,0x12be,0x12de,
	0x12fe,0x171f,0x173f,0x133f,0x0f1e,0x131f,0x131f,0x0f1f,0x0f1f,0x131f,0x171f,0x1f3f,0x275f,0x2f7f,0x337f,0x337f,
	0x3b9e,0x3f9e,0x3fbf,0x3fbf,0x4bde,0x4fde,0x377f,0x1afe,0x125d,0x15bb,0x1e1b,0x333f,0x3b7e,0x377f,0x377f,0x3b7f,
	0x377f,0x377f,0x377f,0x377f,0x377f,0x377f,0x377f,0x377f,0x3b7f,0x377f,0x2f3e,0x22fe,0x1ade,0x127d,0x0e3a,0x0df6,
	0x11d2,0x1d6d,0x1d2a,0x2108,0x2506,0x3148,0x3daa,0x41cb,0x45ec,0x45ec,0x45cb,0x3daa,0x3168,0x2927,0x2129,0x1d6d,
	0x19d2,0x11f4,0x0e37,0x26dd,0x333e,0x375f,0x3b7f,0x3b7f,0x3b7f,0x3b7f,0x3b7f,0x3b7f,0x3b7f,0x3b7f,0x3b7f,0x3b7f,
	0x3b7f,0x3b7f,0x3b7f,0x3b7f,0x3b7f,0x3b7f,0x3b7f,0x3b7f,0x3b7f,0x3b9f,0x3b9f,0x3b7f,0x3b7f,0x3b7f,0x3b7f,0x3b7f,
	0x3b7f,0x3b7f,0x3b7f,0x3b7f,0x3b7f,0x3b7f,0x3b7f,0x3b7f,0x3b7f,0x3b7f,0x3b7f,0x3f7f,0x3f7f,0x371c,0x15f4,0x1a16,
	0x26fd,0x1b1f,0x0adf,0x0adf,0x0ebf,0x0abf,0x0ebf,0x129f,0x0ebf,0x0abf,0x0a7c,0x165b,0x369c,0x5f5d,0x675b,0x6317,
	0x6f5a,0x779d,0x7bde,0x7bff,0x7ffe,0x7fff,0x7fff,0x7fff,0x7fff,0x7fff,0x7fff,0x7fff,0x7fff,0x7fff,0x7fff,0x7fff,
	0x7fff,0x5ef8,0x73bc,0x5f3c,0x1e1a,0x0a3d,0x0adf,0x0adf,0x0adf,0x0aff,0x0aff,0x0aff,0x0aff,0x0aff,0x0aff,0x0aff,
	0x0b1f,0x0b1f,0x0f1f,0x0f1f,0x0f1f,0x131f,0x131f,0x131f,0x131f,0x171f,0x173f,0x173f,0x173f,0x173f,0x1b3f,0x1b3f,
	0x1b3f,0x1f3f,0x1f3f,0x1f5f,0x235f,0x235f,0x235f,0x235f,0x235f,0x275f,0x275f,0x275f,0x275f,0x275f,0x2b7f,0x2b7f,
	0x2b7f,0x2b7f,0x2b7f,0x2f7f,0x2f7f,0x2f7f,0x2f7f,0x337f,0x339f,0x339f,0x339f,0x339f,0x339f,0x339f,0x339f,0x339f,
	0x339f,0x339f,0x339f,0x337f,0x2f9f,0x2f7f,0x2f7f,0x2b7f,0x2b5f,0x2b5f,0x2b5f,0x2b5f,0x2f7f,0x337f,0x337f,0x337f,
	0x379f,0x379f,0x3b9f,0x3f9f,0x43bf,0x43bf,0x43be,0x43be,0x47de,0x47df,0x47bf,0x3f9e,0x2f5e,0x273e,0x16bd,0x125c,
	0x123b,0x165b,0x127c,0x0ede,0x0efe,0x0f1f,0x131f,0x0f1f,0x0f1f,0x0aff,0x0aff,0x0aff,0x0f1f,0x171f,0x1b1f,0x1f5f,
	0x2b5e,0x379e,0x3bbf,0x3fbf,0x43bf,0x377e,0x16fe,0x0adf,0x0e3b,0x1599,0x225c,0x2f5f,0x337e,0x335f,0x337f,0x375f,
	0x335f,0x335f,0x335f,0x335f,0x335f,0x335f,0x335f,0x335f,0x335f,0x1f1e,0x0ede,0x0ade,0x069a,0x098f,0x0ca6,0x2507,
	0x4a0d,0x6af2,0x7756,0x7b77,0x7b77,0x7b97,0x7f97,0x7fb8,0x7fb8,0x7fb8,0x7bb7,0x7b96,0x7b96,0x7b96,0x7b76,0x7776,
	0x62d2,0x4a2d,0x2d69,0x0d6d,0x0a37,0x1afd,0x2f5f,0x337f,0x377f,0x377e,0x377f,0x337f,0x337f,0x337f,0x337f,0x337f,
	0x337f,0x337f,0x337f,0x337f,0x337f,0x377f,0x377f,0x377f,0x335f,0x2f3f,0x2f3f,0x271f,0x271f,0x271f,0x271f,0x271f,
	0x271f,0x271f,0x271f,0x2b1f,0x2f3f,0x2f5f,0x335f,0x377f,0x377f,0x377f,0x375f,0x375f,0x377f,0x375e,0x377e,0x3b7f,
	0x3b7f,0x335f,0x1f1f,0x12ff,0x0edf,0x0adf,0x0adf,0x0edf,0x0ebf,0x0ebf,0x0ebf,0x0abf,0x0a9f,0x123d,0x2a9c,0x4f1c,
	0x677d,0x6719,0x62f8,0x739c,0x7fff,0x7fff,0x7fff,0x7fff,0x7fff,0x7fff,0x7fff,0x7fff,0x7fff,0x7fff,0x7fff,0x7fff,
	0x7fff,0x5ef7,0x73bc,0x571b,0x1a1b,0x0a5e,0x0adf,0x0adf,0x06df,0x06ff,0x0aff,0x0aff,0x0aff,0x0aff,0x0aff,0x0aff,
	0x0b1f,0x0f1f,0x0f1f,0x0f1f,0x131f,0x131f,0x131f,0x131f,0x131f,0x173f,0x173f,0x173f,0x173f,0x1b3f,0x1b3f,0x1b3f,
	0x1b3f,0x1b3f,0x1b3f,0x1f5f,0x235f,0x275f,0x275f,0x2b5f,0x2b5f,0x2b5f,0x275f,0x275f,0x275f,0x277f,0x2b7f,0x2b7f,
	0x2b7f,0x2f7f,0x2f7f,0x2f7f,0x2f7f,0x2f9f,0x339f,0x339f,0x339f,0x339f,0x339f,0x339f,0x339f,0x339f,0x339f,0x339f,
	0x339f,0x339f,0x339f,0x339f,0x339f,0x339f,0x2f7f,0x2f7f,0x2b5f,0x2b5f,0x275f,0x275f,0x275f,0x2f5f,0x335f,0x337f,
	0x337f,0x337f,0x379f,0x379f,0x3b9f,0x3b9f,0x3bbf,0x3fbf,0x43bf,0x47be,0x47be,0x4bbe,0x4bde,0x4bde,0x3fbf,0x379f,
	0x2f5f,0x22de,0x169d,0x127c,0x125c,0x127c,0x127c,0x12be,0x0eff,0x0b1f,0x0eff,0x0eff,0x0aff,0x06ff,0x06ff,0x0f1f,
	0x131e,0x171e,0x1b3f,0x233f,0x233f,0x16fe,0x0abf,0x069e,0x121a,0x1a1b,0x2ade,0x2f5f,0x2f5e,0x2f5f,0x2f7f,0x2f5f,
	0x2f5f,0x2f5f,0x2f5f,0x2f5f,0x2f5f,0x2f5f,0x2b5f,0x233f,0x131e,0x0afe,0x0a79,0x094d,0x190a,0x39ed,0x5ed3,0x7777,
	0x7bb9,0x7fba,0x7fdb,0x7fdb,0x7fdc,0x7fdc,0x7fdc,0x7fdc,0x7bdb,0x7ffc,0x7fdc,0x7fdb,0x7fba,0x7fb9,0x7fb9,0x7fb9,
	0x7fb8,0x7f98,0x7376,0x5690,0x35cc,0x158f,0x1279,0x233d,0x337e,0x2f5f,0x2f5f,0x2f5f,0x2f5f,0x2f5f,0x2f5f,0x2f5f,
	0x2f5f,0x2f5f,0x2f5f,0x2f5f,0x335f,0x2b3f,0x1efe,0x1edf,0x1ede,0x1a9d,0x1a7c,0x123b,0x0e19,0x09d7,0x09d6,0x0dd6,
	0x0dd6,0x0dd6,0x0df8,0x0e39,0x127b,0x16bd,0x1ade,0x1f1f,0x231f,0x2b3f,0x333f,0x333f,0x335f,0x335f,0x335f,0x337f,
	0x2f7f,0x337f,0x2f5f,0x273f,0x1f1f,0x0eff,0x0eff,0x0adf,0x0abf,0x0ebf,0x12bf,0x0ebf,0x0ebf,0x0ebf,0x0e7e,0x1a5d,
	0x2a7b,0x571c,0x675b,0x6f5a,0x6f7a,0x73bd,0x7fff,0x7fff,0x7fff,0x7fff,0x7fff,0x7fff,0x7fff,0x7fff,0x7fff,0x7fff,
	0x7fff,0x5ef7,0x73bc,0x5b1c,0x19fb,0x0a3d,0x0adf,0x0eff,0x0adf,0x06ff,0x06ff,0x0aff,0x0aff,0x0aff,0x0aff,0x0aff,
	0x0f1f,0x0f1f,0x0f1f,0x0f1f,0x131f,0x131f,0x131f,0x131f,0x131f,0x173f,0x173f,0x173f,0x173f,0x173f,0x1b3f,0x1b3f,
	0x1b3f,0x1b3f,0x1b3f,0x235f,0x275f,0x2b5f,0x2f7f,0x377f,0x379f,0x339f,0x337f,0x2b7f,0x275f,0x277f,0x2b7f,0x2b7f,
	0x2b7f,0x2f7f,0x2f7f,0x2f7f,0x2f7f,0x2f9f,0x339f,0x339f,0x339f,0x339e,0x339f,0x339f,0x379f,0x379f,0x379f,0x379f,
	0x339f,0x339f,0x339f,0x339f,0x339f,0x337f,0x2f7f,0x2f7f,0x2b7f,0x2b7f,0x2b5f,0x275f,0x275f,0x2b5f,0x2b5f,0x2b5f,
	0x2f7f,0x2f7f,0x337f,0x337f,0x337f,0x379f,0x3b9f,0x3b9f,0x3f9f,0x3fbf,0x43bf,0x43bf,0x47be,0x47be,0x47de,0x4bdf,
	0x4fdf,0x4b9f,0x3b7f,0x235f,0x173f,0x12bd,0x167c,0x165c,0x123c,0x0e7c,0x0ade,0x0afe,0x0eff,0x0f1f,0x0aff,0x06ff,
	0x06ff,0x0adf,0x0adf,0x0adf,0x0adf,0x0e9e,0x125d,0x163b,0x2abc,0x373f,0x335f,0x2f5e,0x2f7f,0x2b5f,0x2b5f,0x2b3f,
	0x2b3f,0x2b3f,0x2b5f,0x2b5f,0x2b3f,0x273f,0x1b1f,0x0b1f,0x06fd,0x05d3,0x152b,0x45ed,0x62f3,0x7bda,0x7fdb,0x7fdc,
	0x7bfd,0x77bc,0x6717,0x5eb4,0x62b4,0x66d5,0x6ad5,0x6af6,0x66d6,0x6294,0x5e94,0x62d6,0x737a,0x7bdd,0x7ffd,0x7fdd,
	0x7fbb,0x7fdb,0x7fb9,0x7fd8,0x7bb7,0x5a91,0x214c,0x0e35,0x171e,0x233f,0x2b5f,0x2b5f,0x2b5f,0x2b5f,0x2b5f,0x2b5f,
	0x2b5f,0x2b5f,0x2b3f,0x231e,0x1afe,0x16be,0x0e3b,0x09b6,0x11b3,0x1990,0x218e,0x2d8d,0x318c,0x318b,0x318a,0x358a,
	0x356a,0x318a,0x318b,0x318b,0x258d,0x196d,0x118f,0x15f3,0x0dd4,0x0a38,0x0a9b,0x1b1e,0x233f,0x273f,0x275f,0x2b5f,
	0x2f5f,0x2f5f,0x2f5f,0x2f5f,0x2b3f,0x1f1f,0x171f,0x0ade,0x06df,0x0abf,0x0ebf,0x0ebf,0x0abf,0x0abe,0x0e9e,0x12bf,
	0x0e9e,0x125c,0x2e9c,0x5b3d,0x675b,0x6739,0x6f7b,0x7bde,0x7fff,0x7fff,0x7fff,0x7fff,0x7fff,0x7fff,0x7fff,0x7fff,
	0x7fff,0x62f7,0x6f9b,0x5f3d,0x1e1b,0x0a1c,0x0ade,0x0eff,0x0aff,0x0aff,0x0aff,0x0aff,0x0aff,0x0aff,0x0aff,0x0aff,
	0x0b1f,0x0f1f,0x0f1f,0x0f1f,0x131f,0x131f,0x131f,0x131f,0x131f,0x173f,0x173f,0x1b3f,0x173f,0x173f,0x171f,0x173f,
	0x1b3f,0x1f3f,0x1f3f,0x275f,0x2b5f,0x2f7f,0x377f,0x3b9f,0x3fbf,0x3fbf,0x3fbf,0x339f,0x277f,0x275f,0x277f,0x2b7f,
	0x2b7f,0x2b7f,0x2f7f,0x2f7f,0x2f7e,0x2f7f,0x339f,0x339f,0x339f,0x339f,0x339f,0x339f,0x379f,0x379f,0x379f,0x339f,
	0x339f,0x339f,0x339f,0x339f,0x337f,0x2f7f,0x2f7f,0x2f7f,0x2f7f,0x2b7f,0x2b7f,0x275f,0x275f,0x275f,0x275f,0x275f,
	0x2b5f,0x2b5f,0x2f7f,0x2f7f,0x2f7f,0x337f,0x337f,0x379f,0x379f,0x3b9f,0x3f9f,0x3f9f,0x3fbf,0x43bf,0x43bf,0x47bf,
	0x4bde,0x4bde,0x4fde,0x4fbf,0x47bf,0x2f7f,0x1b5e,0x131e,0x0ede,0x125c,0x11fb,0x123c,0x0e9e,0x0adf,0x0afe,0x0afe,
	0x0afe,0x0abe,0x0a9e,0x0e9e,0x0e5c,0x121a,0x1e5c,0x2efe,0x377f,0x3b9e,0x3f9f,0x439f,0x3f9f,0x377f,0x2f5f,0x2b5f,
	0x2b3f,0x273f,0x235f,0x235f,0x233f,0x1b1f,0x0efe,0x06fe,0x0635,0x256c,0x5673,0x7bdb,0x77fc,0x7ffd,0x7fde,0x739b,
	0x62d6,0x4dad,0x498c,0x4dac,0x5e0e,0x622e,0x622e,0x59ec,0x4da9,0x5188,0x55aa,0x4d89,0x49ab,0x5a72,0x6f5a,0x7bde,
	0x7ffe,0x7ffe,0x7fdd,0x7fdc,0x7fda,0x7bb7,0x5ab2,0x1d6d,0x0a7a,0x173f,0x233f,0x273f,0x273f,0x273f,0x273f,0x273f,
	0x273f,0x273f,0x1f1f,0x0e9f,0x129d,0x1215,0x194c,0x1d07,0x45ec,0x66f3,0x7356,0x7b98,0x7bb9,0x7fba,0x7fda,0x7fda,
	0x7fdb,0x7fdb,0x7fba,0x7fb9,0x7799,0x7357,0x66f4,0x5a90,0x3569,0x1d08,0x154c,0x11f3,0x0a58,0x0ebb,0x171e,0x1b3f,
	0x233f,0x273f,0x275f,0x273f,0x2b5f,0x2b5f,0x1f3f,0x12ff,0x0adf,0x0adf,0x0edf,0x0edf,0x0edf,0x06be,0x0abf,0x12bf,
	0x0e9f,0x0abe,0x0a9e,0x123c,0x367c,0x6b7d,0x6719,0x5ef7,0x77bd,0x7fff,0x7fff,0x7fff,0x7fff,0x7fff,0x7fff,0x7fff,
	0x7fff,0x779b,0x5f18,0x635c,0x2e5a,0x0dba,0x0e7d,0x0aff,0x0aff,0x0aff,0x0aff,0x0aff,0x0aff,0x0aff,0x0aff,0x0aff,
	0x0b1f,0x0b1f,0x0f1f,0x0f1f,0x0f1f,0x0f1f,0x131f,0x131f,0x131f,0x131f,0x173f,0x173f,0x173f,0x173f,0x1b3f,0x1b3f,
	0x233f,0x275f,0x2b5f,0x2f7f,0x337f,0x337f,0x3b9f,0x3fbe,0x43bf,0x47df,0x479e,0x375e,0x273f,0x273e,0x273e,0x273e,
	0x275e,0x275e,0x277e,0x2b9e,0x2f9f,0x2f9f,0x2f9f,0x2f9f,0x339f,0x339f,0x339f,0x339f,0x339f,0x339f,0x339f,0x339f,
	0x337f,0x337f,0x337f,0x337f,0x2f7f,0x2b7f,0x2b7f,0x2b7f,0x2b7f,0x2b7f,0x2b7f,0x275f,0x275f,0x235f,0x235f,0x235f,
	0x275f,0x275f,0x2b5f,0x2b5f,0x2b5f,0x2f7f,0x2f7f,0x337f,0x337f,0x379f,0x379f,0x3b9f,0x3b9f,0x3b9f,0x3fbf,0x43bf,
	0x43bf,0x43bf,0x47bf,0x4bdf,0x4bdf,0x4bdf,0x47bf,0x379f,0x235e,0x131e,0x12de,0x12be,0x0a3b,0x121b,0x125d,0x0a7d,
	0x0e5c,0x121b,0x163b,0x127d,0x0ede,0x12fe,0x1b1f,0x1b1f,0x131f,0x171e,0x1f1e,0x233f,0x2b3f,0x2b5f,0x2b5f,0x2f5f,
	0x335f,0x337f,0x235f,0x1b5f,0x1b3f,0x131f,0x0f1e,0x0a78,0x0d4d,0x4a30,0x7fdc,0x7ffd,0x7ffe,0x7fde,0x6b18,0x3949,
	0x4989,0x666f,0x777a,0x77be,0x7bfe,0x7bbd,0x739c,0x39ef,0x18a4,0x1ca2,0x41a7,0x5e6b,0x6e8c,0x59ea,0x4168,0x5250,
	0x7bdd,0x7bff,0x7fff,0x7ffc,0x7fdc,0x7fbb,0x7bb9,0x31ac,0x0a37,0x0efe,0x1b3f,0x1f3f,0x1f3f,0x1f3f,0x1f5f,0x1f3f,
	0x1b3f,0x16ff,0x12fe,0x0a9a,0x0db1,0x35ae,0x6f57,0x73b9,0x7bdb,0x7bbb,0x779b,0x779a,0x779b,0x77bb,0x77bc,0x77bc,
	0x77bc,0x7bde,0x7fff,0x7fff,0x7fff,0x7ffe,0x7fdd,0x7ffd,0x7bbb,0x779a,0x6f58,0x4e50,0x2107,0x1109,0x09f3,0x0abb,
	0x0efe,0x131f,0x231f,0x233e,0x1f3e,0x233f,0x233f,0x1b3f,0x131f,0x0eff,0x0adf,0x0adf,0x0edf,0x0adf,0x0adf,0x0ebe,
	0x0ebf,0x0abf,0x0adf,0x0e9e,0x125d,0x329c,0x677d,0x677b,0x5f18,0x6f7b,0x7fff,0x7fff,0x7fff,0x7fff,0x7fff,0x7fff,
	0x7fff,0x7fdf,0x5af7,0x677a,0x4adc,0x1dda,0x0e3c,0x0ebf,0x0adf,0x06fe,0x0aff,0x0aff,0x0aff,0x0aff,0x0aff,0x0aff,
	0x0b1f,0x0b1f,0x0f1f,0x0f1f,0x0f1f,0x0f1f,0x131f,0x131f,0x131f,0x131f,0x133f,0x173f,0x173f,0x173f,0x1b3f,0x1f3f,
	0x275f,0x2b5f,0x2f5f,0x2f7e,0x337e,0x3b9e,0x43bf,0x4bbf,0x4bbf,0x4fdf,0x439e,0x333d,0x1edd,0x1ebc,0x1a9c,0x1a7b,
	0x165a,0x1a5b,0x1e7c,0x22bc,0x26dd,0x2afe,0x2b1e,0x2f3f,0x2f5f,0x2f7f,0x2f7e,0x2f7e,0x2f7f,0x2f7f,0x2f7f,0x2f7f,
	0x2f7f,0x2f7f,0x2f7f,0x2f7f,0x2f7f,0x2b7f,0x2b7f,0x2b7f,0x277f,0x277f,0x275f,0x275f,0x275f,0x235f,0x235e,0x235f,
	0x235f,0x275f,0x275f,0x275f,0x275f,0x275f,0x2b5f,0x2b5f,0x2f7f,0x2f7f,0x337f,0x337f,0x377f,0x379f,0x3b9f,0x3b9f,
	0x3f9f,0x3fbe,0x43be,0x43be,0x47be,0x47be,0x4bde,0x4fde,0x4bbf,0x3b9f,0x1b3f,0x0b1f,0x0ade,0x0e7d,0x15fb,0x0e1b,
	0x127d,0x12df,0x0eff,0x131f,0x131e,0x131e,0x0f1f,0x0f1f,0x12de,0x0e9d,0x127b,0x167b,0x1a9c,0x1a9d,0x16bd,0x16bd,
	0x1ade,0x1efe,0x171e,0x1b3f,0x1f3f,0x1b1f,0x0f1e,0x0e79,0x0d4e,0x4610,0x7bdd,0x7ffe,0x7fff,0x6f7a,0x3dac,0x4568,
	0x6e6c,0x730c,0x45ea,0x2d6c,0x41ef,0x316a,0x18c6,0x0843,0x0421,0x0000,0x0400,0x24e3,0x628b,0x7b2d,0x59e7,0x3905,
	0x735a,0x7bff,0x7bff,0x7ffd,0x7fdd,0x7fdd,0x7bdb,0x3e11,0x0a58,0x0ade,0x173f,0x1f5f,0x1f3f,0x233f,0x235f,0x1f5f,
	0x1b3f,0x131f,0x0abb,0x0d6d,0x294a,0x6f59,0x7bfd,0x77bc,0x62d5,0x45cd,0x458a,0x498a,0x51ab,0x51ab,0x4d8a,0x454a,
	0x418b,0x5210,0x6b18,0x779c,0x7fff,0x7fff,0x7fff,0x7fff,0x7fff,0x7ffe,0x7ffe,0x7fdc,0x7778,0x6b36,0x39ed,0x154a,
	0x0a14,0x0edc,0x0f1f,0x1b3f,0x1f1f,0x1b1f,0x1b3f,0x1b3f,0x173f,0x12ff,0x0efe,0x0adf,0x0adf,0x0adf,0x0adf,0x0adf,
	0x0abf,0x0abf,0x0abf,0x0a9f,0x0a9f,0x0e7d,0x223a,0x46db,0x739d,0x6b39,0x6738,0x7bff,0x7bff,0x7fff,0x7fff,0x7fff,
	0x7fff,0x7fff,0x739c,0x62f8,0x635b,0x4adc,0x15fb,0x0a3d,0x0adf,0x06ff,0x0aff,0x0aff,0x0aff,0x0aff,0x0aff,0x0aff,
	0x0aff,0x0b1f,0x0f1f,0x0f1f,0x0f1f,0x0f1f,0x0f1f,0x131f,0x131f,0x131f,0x133f,0x173f,0x173f,0x173f,0x1b3f,0x233f,
	0x275f,0x2f7f,0x337f,0x379e,0x3b9f,0x3fbf,0x47bf,0x4fdf,0x4bdf,0x3fbf,0x2f7f,0x275f,0x235f,0x235f,0x275f,0x273f,
	0x273f,0x271e,0x231e,0x1efd,0x1add,0x1efd,0x22fe,0x26fe,0x26dd,0x22bc,0x1e9b,0x1a9b,0x1ebc,0x22dd,0x271e,0x2b5f,
	0x2b7f,0x2b7f,0x2b7f,0x2f7f,0x2b7f,0x277f,0x277f,0x275e,0x275e,0x275f,0x277f,0x277f,0x235f,0x235f,0x235f,0x235f,
	0x235f,0x235f,0x235f,0x235f,0x235f,0x235f,0x275f,0x275f,0x2b5f,0x2b5f,0x2f7f,0x2f7f,0x337f,0x337f,0x379f,0x379f,
	0x3b9f,0x3b9f,0x3f9f,0x3fbf,0x43bf,0x43bf,0x47bf,0x4bbf,0x47de,0x47be,0x439f,0x335f,0x131f,0x06ff,0x0e9d,0x0dfa,
	0x161c,0x16df,0x0f1f,0x0eff,0x0f1f,0x0b3f,0x0b3f,0x071f,0x071f,0x071f,0x071f,0x0b1e,0x0b1f,0x0eff,0x0ede,0x0ebe,
	0x0e9e,0x129e,0x12be,0x1ade,0x1adf,0x16be,0x0e9c,0x129c,0x0df7,0x21b3,0x4eb7,0x7bdd,0x7ffe,0x737b,0x49ce,0x3d26,
	0x664c,0x6eec,0x3565,0x0820,0x0000,0x0000,0x0421,0x0c63,0x0c63,0x0822,0x0400,0x2903,0x66ab,0x72cc,0x49a7,0x3508,
	0x779c,0x7ffe,0x7bfe,0x7ffe,0x7fdd,0x7fdb,0x7779,0x29f0,0x0a7a,0x0eff,0x1b3f,0x235f,0x235f,0x235f,0x235f,0x235f,
	0x1f3f,0x131f,0x0a9c,0x154e,0x4a73,0x739c,0x6717,0x6b37,0x6717,0x6b3a,0x735a,0x7759,0x66d5,0x3949,0x2083,0x2cc5,
	0x4588,0x4daa,0x4dab,0x4dac,0x5652,0x7bbd,0x7fff,0x7fff,0x7fff,0x7fff,0x7fff,0x7fff,0x7fde,0x7ffc,0x7bb9,0x5ef3,
	0x294a,0x0d2c,0x0e9a,0x131f,0x131f,0x171f,0x171f,0x171f,0x131f,0x131f,0x0eff,0x0aff,0x0adf,0x0adf,0x0adf,0x0adf,
	0x0adf,0x0ebf,0x0ebf,0x0ebf,0x0ebf,0x0e9f,0x125e,0x1e5c,0x573c,0x7bde,0x6719,0x6319,0x7bde,0x7fff,0x7fff,0x7fff,
	0x7fff,0x7fff,0x7fff,0x6b1a,0x6739,0x6b9c,0x3a9b,0x15fa,0x0e9e,0x0adf,0x0aff,0x0aff,0x0aff,0x0aff,0x0aff,0x0aff,
	0x0aff,0x0b1f,0x0aff,0x0eff,0x0f1f,0x0f1f,0x0f1f,0x131f,0x131f,0x131f,0x131f,0x131f,0x131f,0x131f,0x171f,0x1f3f,
	0x275f,0x2f7f,0x339f,0x3b9e,0x3fbe,0x43be,0x4fbf,0x4fbf,0x3b9f,0x277e,0x1f5f,0x235f,0x235f,0x235f,0x235f,0x235f,
	0x235f,0x275f,0x275f,0x277f,0x237f,0x237f,0x277e,0x2b7e,0x2f7e,0x2f5e,0x2b3e,0x271e,0x26dd,0x229c,0x1e7b,0x1a5b,
	0x1e7c,0x22bd,0x22fe,0x231e,0x233e,0x275f,0x235f,0x235e,0x237e,0x277f,0x277f,0x235f,0x235f,0x235f,0x235f,0x235f,
	0x235f,0x1f5f,0x1f5f,0x1f3f,0x1f3f,0x1f3f,0x235f,0x235f,0x235f,0x275f,0x2b5f,0x2b5f,0x2f7f,0x2f7f,0x337f,0x337f,
	0x337f,0x379f,0x379f,0x3b9f,0x3f9f,0x3f9f,0x3fbf,0x43bf,0x47df,0x43be,0x4fbe,0x4fbf,0x2b7f,0x071e,0x0ade,0x123c,
	0x11fa,0x0ebe,0x0f1f,0x131f,0x0f1f,0x0b3f,0x0f3f,0x0b3f,0x0b5f,0x0f5f,0x0f5f,0x135f,0x133f,0x131f,0x131f,0x12ff,
	0x12df,0x0edf,0x0ebf,0x0abf,0x0abf,0x0e9e,0x129e,0x169e,0x16be,0x1a9c,0x227b,0x329c,0x42dc,0x575d,0x56d8,0x2d08,
	0x4d69,0x620a,0x5a0a,0x3d87,0x20c3,0x18a4,0x3e0f,0x6759,0x6f5a,0x4a31,0x3967,0x5207,0x666a,0x51c9,0x41ac,0x6718,
	0x7bde,0x7fde,0x7ffe,0x7fdd,0x7fdb,0x77b9,0x52b4,0x19d3,0x0abc,0x131f,0x235f,0x277f,0x235f,0x235f,0x275f,0x275f,
	0x235f,0x173f,0x0abd,0x1191,0x3a54,0x6b3a,0x45ac,0x6f13,0x7bba,0x739c,0x6b7b,0x6b7a,0x5ef7,0x1ce7,0x0000,0x0020,
	0x0c61,0x2d06,0x5e2c,0x620c,0x4149,0x4dee,0x737a,0x7fff,0x7fff,0x7fff,0x7fff,0x7fff,0x7fff,0x7ffe,0x7ffc,0x7bdb,
	0x6715,0x39ad,0x0d8f,0x0f1e,0x0f1f,0x131f,0x131f,0x131f,0x131f,0x0f1f,0x0eff,0x0aff,0x0ade,0x0adf,0x0adf,0x0adf,
	0x0adf,0x0edf,0x0ebf,0x0ebf,0x0ebf,0x0ebf,0x0e9f,0x0a5d,0x2a7b,0x637f,0x739d,0x5ad7,0x6f7c,0x7fff,0x7fff,0x7fff,
	0x7fff,0x7fff,0x7fff,0x7fff,0x6718,0x6737,0x6b7c,0x46dc,0x15fb,0x0e5d,0x0ade,0x0aff,0x0aff,0x0aff,0x0aff,0x0aff,
	0x0aff,0x0aff,0x0aff,0x0aff,0x0eff,0x0f1f,0x0f1f,0x0f1f,0x131f,0x131f,0x131f,0x131f,0x131f,0x131f,0x173f,0x173f,
	0x1b3f,0x1b3f,0x1f5f,0x235f,0x2f7f,0x337f,0x2f7f,0x1f5f,0x1b3f,0x1f5f,0x1b5e,0x1b5e,0x1f5f,0x1f5f,0x1f5f,0x1f5f,
	0x235f,0x235f,0x235f,0x235f,0x275f,0x2b7f,0x2f7f,0x337f,0x337f,0x379e,0x3b9e,0x3fbe,0x3fbf,0x3f9f,0x3b9f,0x337e,
	0x2f7d,0x2b3e,0x22fd,0x1ebd,0x167c,0x165b,0x1a7c,0x1ebd,0x22fe,0x233e,0x1f3e,0x1f3f,0x1f5f,0x1f5f,0x1f3f,0x1f3f,
	0x1f3f,0x1f3f,0x1f3f,0x1f3f,0x1b3f,0x1b3f,0x1b3f,0x1b3f,0x1f3f,0x1f5f,0x235f,0x275f,0x275f,0x2b5f,0x2b5f,0x2b7f,
	0x2f7f,0x2f7f,0x337f,0x377f,0x379f,0x3b9f,0x3b9f,0x3f9f,0x439e,0x3b9e,0x3fbe,0x47de,0x3b9f,0x16fd,0x0edf,0x125d,
	0x121b,0x12be,0x131f,0x171e,0x1b3f,0x1b3f,0x1b3f,0x1f3f,0x235f,0x275f,0x275f,0x2b5f,0x2b5f,0x275f,0x275f,0x275f,
	0x2b5f,0x273f,0x231f,0x1eff,0x129e,0x0e7e,0x0e5e,0x129f,0x129f,0x12bf,0x0edf,0x0ebe,0x16de,0x1efd,0x1efd,0x1e9b,
	0x21d5,0x2d2d,0x30e8,0x4547,0x5589,0x55ab,0x59ee,0x6251,0x6671,0x5a0c,0x4968,0x416a,0x5651,0x6b38,0x7bbc,0x7fde,
	0x7fdd,0x7fdc,0x7fdb,0x7fbb,0x7b99,0x5af6,0x19b0,0x0e59,0x0aff,0x1b3f,0x277f,0x277f,0x275f,0x275f,0x275f,0x275f,
	0x235f,0x1b3f,0x171f,0x0e59,0x1170,0x52b7,0x418a,0x4dc7,0x66ad,0x3588,0x18c4,0x0863,0x0842,0x0800,0x0821,0x0842,
	0x0842,0x0c42,0x3568,0x668f,0x59ab,0x2cc4,0x4e30,0x7bde,0x7fff,0x7fff,0x7fff,0x7fff,0x7fff,0x7ffe,0x7fdc,0x7bbb,
	0x7fda,0x6ef3,0x29ad,0x0699,0x0b1f,0x0aff,0x0aff,0x0f1f,0x0eff,0x0aff,0x0aff,0x0aff,0x0aff,0x0adf,0x0adf,0x0adf,
	0x0adf,0x0edf,0x0edf,0x0ebf,0x0ebf,0x0ebf,0x0abe,0x0a9f,0x123d,0x2e5b,0x6fbe,0x77bd,0x5ad7,0x7bdd,0x7fff,0x7fff,
	0x7fff,0x7fff,0x7fff,0x7fff,0x7bfe,0x739b,0x6739,0x5f3b,0x3e9b,0x19d9,0x0a3c,0x0ebf,0x0aff,0x06fe,0x0afe,0x0aff,
	0x0adf,0x0aff,0x0aff,0x0aff,0x0aff,0x0aff,0x0f1f,0x0f1f,0x0f1f,0x0f1f,0x0f1f,0x131f,0x131f,0x131f,0x131f,0x131f,
	0x173f,0x173f,0x173f,0x173f,0x173f,0x173f,0x173f,0x173f,0x1b3f,0x1b3f,0x1b3f,0x1b3f,0x1b3f,0x1b3f,0x1f3f,0x1f5f,
	0x1f5f,0x1f5f,0x1f5f,0x235f,0x235f,0x275f,0x275f,0x2b5f,0x2f7f,0x2f7f,0x337f,0x377f,0x379f,0x3b9f,0x3f9f,0x43bf,
	0x47bf,0x47bf,0x43bf,0x3fbf,0x3b7f,0x333d,0x231d,0x1afe,0x1abd,0x1a5b,0x163a,0x165b,0x1abd,0x1b1f,0x1f3f,0x1f3f,
	0x1b3f,0x1b3e,0x1b3f,0x1b3f,0x1b3f,0x1b3f,0x171f,0x173f,0x173f,0x173f,0x173f,0x1b3f,0x1f3f,0x1f3f,0x275f,0x2b5f,
	0x2b5f,0x2f7f,0x2f7f,0x337f,0x337f,0x337f,0x337f,0x379f,0x379f,0x3b9f,0x439f,0x3fbf,0x275f,0x16ff,0x0a7d,0x11da,
	0x121b,0x12df,0x0b1f,0x0b1f,0x131f,0x171f,0x12ff,0x0efe,0x0efe,0x0eff,0x0eff,0x0eff,0x0eff,0x0f1f,0x0f1f,0x0f1f,
	0x0f1e,0x0f1f,0x133f,0x131f,0x0efe,0x0ede,0x0edf,0x0ebf,0x0ebf,0x0ebf,0x0abf,0x0adf,0x0aff,0x0b1f,0x0b1f,0x0f3f,
	0x173f,0x1efd,0x1a79,0x1df6,0x4677,0x6b18,0x7738,0x7338,0x7359,0x7359,0x6f38,0x7379,0x7bdc,0x7ffc,0x7bda,0x7fba,
	0x7fba,0x7f98,0x7fb8,0x6b17,0x3a12,0x15b3,0x0e5b,0x1ade,0x275f,0x2b7f,0x2b7f,0x2b7f,0x277f,0x277f,0x275f,0x275f,
	0x275f,0x235f,0x235f,0x173e,0x129a,0x1dd3,0x4e54,0x3948,0x51c9,0x666b,0x4a08,0x2504,0x1482,0x0820,0x1484,0x4652,
	0x6759,0x6b58,0x6f16,0x6a92,0x4d69,0x30c5,0x5eb4,0x7bfe,0x7fff,0x7fff,0x7fff,0x7ffe,0x7ffe,0x7ffd,0x7fdb,0x7bb9,
	0x7fb9,0x6b15,0x29cf,0x0a58,0x0aff,0x0aff,0x0aff,0x0aff,0x0aff,0x0aff,0x0aff,0x0aff,0x0aff,0x0aff,0x0aff,0x0adf,
	0x0adf,0x0adf,0x0adf,0x0edf,0x0edf,0x0ebf,0x0abe,0x0abe,0x0e7f,0x161c,0x42bb,0x73de,0x6b5a,0x6318,0x7bde,0x7fff,
	0x7fff,0x7fff,0x7fff,0x7fff,0x7fff,0x7fff,0x739c,0x6339,0x5f18,0x5b1b,0x3a9c,0x163a,0x0e7d,0x0adf,0x0adf,0x0aff,
	0x0aff,0x0aff,0x0aff,0x0aff,0x0aff,0x0aff,0x0aff,0x0eff,0x0f1f,0x0f1f,0x0f1f,0x0f1f,0x0f1f,0x0f1f,0x131f,0x131f,
	0x131f,0x131f,0x133f,0x173f,0x173f,0x173f,0x173f,0x173f,0x173f,0x173f,0x1b3f,0x1b3f,0x1b3f,0x1b3f,0x1b3f,0x1b3f,
	0x1b3f,0x1f3f,0x1f3f,0x1f3f,0x1b3f,0x1b3f,0x1f3f,0x1f5f,0x235f,0x275f,0x2b5f,0x2b5f,0x2f7f,0x337f,0x337f,0x379f,
	0x3b9f,0x3f9f,0x3fbf,0x43bf,0x47bf,0x4bde,0x43be,0x3fbf,0x3b9f,0x2f5e,0x22fd,0x16bc,0x16bd,0x1a7d,0x165c,0x167c,
	0x16dd,0x1b1f,0x173f,0x173f,0x173f,0x173f,0x171f,0x131f,0x131f,0x0f1f,0x0f1f,0x0f1f,0x0f1f,0x131f,0x171f,0x1b3f,
	0x1b3f,0x1f3f,0x275f,0x2b5f,0x2f7f,0x337f,0x337f,0x337f,0x377f,0x337f,0x235f,0x173e,0x12fe,0x127d,0x0dfa,0x0e3a,
	0x12bd,0x0eff,0x0aff,0x0ebe,0x129d,0x129d,0x16be,0x12de,0x131f,0x131f,0x171f,0x171f,0x171f,0x171f,0x16fe,0x12dd,
	0x125c,0x125b,0x127c,0x129d,0x12de,0x12de,0x12ff,0x0eff,0x0aff,0x0aff,0x0aff,0x0aff,0x0b1f,0x071f,0x073f,0x073f,
	0x073f,0x075e,0x135f,0x173f,0x1efd,0x2ebb,0x3eb9,0x635a,0x77ba,0x7fd9,0x7fb9,0x7fb9,0x7fb9,0x7fb8,0x7fb7,0x7b97,
	0x7b96,0x6b34,0x4672,0x21f4,0x1219,0x127d,0x1f1f,0x2b7e,0x339e,0x2f7f,0x2b7f,0x2b7f,0x2b7f,0x2b7f,0x2b7f,0x277f,
	0x275f,0x275f,0x275f,0x277f,0x1b3e,0x12bb,0x1e15,0x2db0,0x4e31,0x6291,0x55eb,0x4dea,0x4dc9,0x4988,0x4968,0x59ed,
	0x6250,0x5a0f,0x518b,0x4549,0x520f,0x6b17,0x77bd,0x7bff,0x7fff,0x7fff,0x7ffe,0x7fdd,0x7fdc,0x7fdb,0x7bb9,0x7fb7,
	0x7b97,0x5293,0x11d4,0x0ebd,0x0aff,0x0aff,0x0aff,0x0aff,0x0aff,0x0aff,0x0aff,0x0aff,0x0aff,0x0aff,0x0aff,0x0adf,
	0x0adf,0x0adf,0x0adf,0x0edf,0x0edf,0x0ebf,0x0ebf,0x0abf,0x0abe,0x125d,0x261a,0x5f5f,0x73bc,0x56b5,0x739c,0x7fff,
	0x7fff,0x7fff,0x7fff,0x7fff,0x7fff,0x7fff,0x7fff,0x7bde,0x737b,0x6b59,0x633a,0x4aba,0x369b,0x1e5c,0x0e3d,0x0ebf,
	0x0eff,0x0aff,0x0aff,0x0aff,0x0aff,0x0aff,0x0aff,0x0aff,0x0aff,0x0aff,0x0aff,0x0b1f,0x0b1f,0x0f1f,0x0f1f,0x0f1f,
	0x0f1f,0x131f,0x131f,0x131f,0x131f,0x131f,0x131f,0x173f,0x173f,0x173f,0x173f,0x173f,0x173f,0x173f,0x173f,0x173f,
	0x1b3f,0x1b3f,0x1b3f,0x1b3f,0x1b3f,0x1b3f,0x1b3f,0x1b3f,0x1b3f,0x1f3f,0x1f3f,0x1f3f,0x235f,0x275f,0x275f,0x2b5f,
	0x2f7f,0x337f,0x379f,0x379f,0x3b9f,0x3f9f,0x3fbe,0x47be,0x47be,0x4bbf,0x43bf,0x379f,0x2f7f,0x1f3f,0x16dd,0x169c,
	0x165c,0x165c,0x167c,0x12bd,0x131f,0x133f,0x133f,0x131f,0x0f1f,0x0f1f,0x0f1f,0x0f1f,0x0f1f,0x0f1f,0x0f1f,0x0aff,
	0x0aff,0x0f1f,0x0f1f,0x131f,0x171f,0x1b3f,0x1f3f,0x1b3f,0x1b1f,0x16ff,0x12de,0x0e9d,0x0e3c,0x0e3b,0x127c,0x12fe,
	0x131f,0x131f,0x131f,0x12fe,0x12fe,0x16fe,0x1b1f,0x1b1f,0x1b3f,0x1b3f,0x1b3f,0x1b3f,0x1b3f,0x1b3f,0x1f3f,0x1f3f,
	0x22ff,0x1a7c,0x165a,0x1a9b,0x1adc,0x1ebd,0x22de,0x1add,0x12bd,0x0ebd,0x0ebd,0x0efe,0x131e,0x133f,0x175f,0x135f,
	0x0f3f,0x0b3f,0x0b3e,0x073e,0x0f5f,0x275e,0x22fc,0x267a,0x46b8,0x6b36,0x6af4,0x66f5,0x5ed5,0x5293,0x4672,0x4295,
	0x3276,0x19f5,0x1a58,0x1ebc,0x273f,0x2b5f,0x337f,0x337e,0x2f7e,0x337f,0x2f7f,0x2f7f,0x2b7f,0x2b7f,0x2b7f,0x2b7f,
	0x2b7f,0x2b7f,0x2b7f,0x2b7e,0x235e,0x235f,0x1afd,0x1a78,0x2a77,0x3a55,0x4e75,0x5ab4,0x5a92,0x5e71,0x6251,0x5e52,
	0x5230,0x5230,0x5a94,0x6b18,0x7bdd,0x7fff,0x7bdd,0x7ffd,0x7ffd,0x7ffc,0x7fda,0x7fb9,0x7fb8,0x7fb7,0x7f96,0x6f34,
	0x4231,0x1db2,0x125a,0x0efe,0x0aff,0x0aff,0x0aff,0x0aff,0x0aff,0x0aff,0x0aff,0x0aff,0x0aff,0x0aff,0x0adf,0x0adf,
	0x0adf,0x0adf,0x0adf,0x0adf,0x0adf,0x0ebf,0x0abf,0x0abf,0x12bf,0x129e,0x161c,0x46be,0x73bd,0x6338,0x6b5a,0x7fff,
	0x7fff,0x7fff,0x7fff,0x7fff,0x7fff,0x7fff,0x7fff,0x7fff,0x7fff,0x7bff,0x6f9b,0x6718,0x6b39,0x5f3c,0x369b,0x163b,
	0x0e7d,0x0ebe,0x0adf,0x0adf,0x0adf,0x0aff,0x0aff,0x0aff,0x0aff,0x0aff,0x0aff,0x0aff,0x0aff,0x0aff,0x0b1f,0x0f1f,
	0x0f1f,0x0f1f,0x0f1f,0x131f,0x131f,0x131f,0x131f,0x131f,0x131f,0x131f,0x131f,0x131f,0x131f,0x131f,0x173f,0x173f,
	0x173f,0x173f,0x173f,0x173f,0x173f,0x173f,0x173f,0x173f,0x173f,0x173f,0x173f,0x173f,0x1b3f,0x1b3f,0x1b3f,0x1f5f,
	0x235f,0x275f,0x2b7f,0x2f7f,0x337f,0x3b7f,0x3b9f,0x379f,0x3b9e,0x3fbe,0x43be,0x47bf,0x4bbf,0x3f9f,0x2b7f,0x1f5e,
	0x16fe,0x12de,0x125c,0x0e1a,0x165c,0x1ebe,0x131f,0x131f,0x0f1f,0x0b1f,0x0b1f,0x0b1f,0x0aff,0x0eff,0x0eff,0x0aff,
	0x0aff,0x0aff,0x0aff,0x0aff,0x0aff,0x0aff,0x0adf,0x06df,0x0abf,0x0e7d,0x161b,0x121a,0x0a7c,0x0edf,0x171f,0x131f,
	0x131f,0x131f,0x131f,0x131f,0x173f,0x173f,0x171f,0x173f,0x1b3f,0x1b3f,0x1b3f,0x1b3f,0x1b3f,0x1b3f,0x1f3f,0x1f3f,
	0x1b5f,0x233f,0x1edd,0x1a7b,0x1edc,0x231e,0x235f,0x275e,0x271e,0x1efd,0x1add,0x1efd,0x233e,0x277f,0x277f,0x2b7f,
	0x277f,0x237f,0x235f,0x1b5f,0x237f,0x2f9f,0x2f9e,0x275e,0x227b,0x21f8,0x2238,0x1e58,0x1638,0x1659,0x1e7b,0x22bc,
	0x271e,0x275f,0x2f7f,0x339f,0x339f,0x339f,0x339e,0x337e,0x337f,0x339f,0x2f7f,0x2f7f,0x2f7f,0x2b7f,0x2b7f,0x2b7f,
	0x2b7f,0x2b7f,0x277f,0x277f,0x235e,0x275f,0x2b3f,0x235f,0x1f5e,0x16ba,0x1e36,0x3234,0x4ab7,0x6b7b,0x779b,0x7bba,
	0x7bdc,0x7ffc,0x7fdc,0x7fdc,0x7bdb,0x7fda,0x7fb9,0x7bb8,0x7798,0x7379,0x6b58,0x6317,0x4ef8,0x4ad8,0x42b8,0x2a36,
	0x11d6,0x0e1a,0x0e7d,0x0e9d,0x129d,0x129d,0x0e9d,0x0abe,0x0ade,0x0aff,0x0aff,0x0aff,0x0aff,0x0adf,0x0adf,0x0adf,
	0x0adf,0x0adf,0x0adf,0x0adf,0x0adf,0x0ebf,0x0abf,0x0abf,0x12bf,0x0ebf,0x125d,0x323b,0x73be,0x77de,0x5ef7,0x77bd,
	0x7fff,0x7fff,0x7fff,0x7fff,0x7fff,0x7fff,0x7fff,0x7fff,0x7fff,0x7fff,0x7fff,0x7bde,0x739c,0x739c,0x6319,0x52d9,
	0x4adb,0x3a9b,0x163c,0x0e5d,0x0ebe,0x0edf,0x0adf,0x0aff,0x0aff,0x0afe,0x0aff,0x0eff,0x0aff,0x0aff,0x0aff,0x0aff,
	0x0aff,0x0f1f,0x0f1f,0x0f1f,0x0f1f,0x0f1f,0x0f1f,0x0f1f,0x0f1f,0x0f1f,0x0f1f,0x131f,0x131f,0x131f,0x131f,0x131f,
	0x131f,0x131f,0x131f,0x131f,0x131f,0x131f,0x131f,0x131f,0x133f,0x133f,0x133f,0x133f,0x133f,0x133f,0x173f,0x173f,
	0x1b3f,0x1b3f,0x1f3f,0x1f3f,0x235f,0x2b5f,0x2f5f,0x2f7f,0x337f,0x377f,0x377e,0x3b9f,0x3bbf,0x439e,0x43bf,0x3fbf,
	0x2f7f,0x1f3e,0x0f1e,0x0ede,0x125d,0x15fb,0x127c,0x12de,0x0eff,0x071e,0x071e,0x0b1f,0x0f1f,0x0eff,0x0aff,0x0aff,
	0x0aff,0x0aff,0x0adf,0x0ebe,0x0e9d,0x0e5c,0x0e3b,0x0a3b,0x0e5c,0x129d,0x0ede,0x0eff,0x0f1f,0x0f1f,0x0f1f,0x131f,
	0x131f,0x131f,0x131f,0x131f,0x173f,0x173f,0x173f,0x173f,0x1b3f,0x1b3f,0x1b3f,0x1b3f,0x1b3f,0x1b3f,0x1f3f,0x1f3f,
	0x235f,0x1f5f,0x235f,0x231e,0x1edd,0x1abc,0x16bc,0x271e,0x2b5f,0x277e,0x277f,0x275f,0x275f,0x2b5f,0x2b7f,0x2f7f,
	0x2b7f,0x2b7f,0x2f7f,0x2f9e,0x339f,0x377f,0x339f,0x2fbe,0x2f5e,0x225c,0x269d,0x335f,0x339f,0x2f9e,0x37bf,0x3bbf,
	0x3bbf,0x379e,0x339f,0x339f,0x339f,0x339f,0x339f,0x339f,0x339f,0x339f,0x2f7f,0x2f7f,0x2f7f,0x2b7f,0x2b7f,0x2b7f,
	0x2b7f,0x2b7f,0x2b7f,0x277f,0x275f,0x277f,0x235e,0x235e,0x275f,0x275f,0x1f3e,0x1b1d,0x1edb,0x2299,0x2656,0x3234,
	0x4a94,0x5ef5,0x6f56,0x7356,0x6737,0x5af7,0x42b8,0x32ba,0x2adb,0x22dc,0x1edd,0x1abd,0x0e7d,0x0e7e,0x127e,0x0e7e,
	0x0e9e,0x0ebf,0x0abf,0x0ebf,0x12bf,0x0abe,0x0abe,0x0abe,0x0ebe,0x0edf,0x0aff,0x0aff,0x06ff,0x0adf,0x0adf,0x0adf,
	0x0adf,0x0adf,0x0adf,0x0adf,0x0adf,0x0edf,0x0edf,0x0ebf,0x0a9f,0x0abe,0x0e5e,0x261a,0x73be,0x77de,0x5ef7,0x77bd,
	0x7fff,0x7fff,0x7fff,0x7fff,0x7fff,0x7fff,0x7fff,0x7fff,0x7fff,0x7fff,0x7fff,0x7fff,0x7fff,0x7fff,0x7bde,0x739c,
	0x77bd,0x675a,0x4a98,0x46ba,0x3abc,0x227d,0x0e5d,0x0a9e,0x0ade,0x0aff,0x0aff,0x0aff,0x0aff,0x06ff,0x06ff,0x06ff,
	0x0aff,0x0aff,0x0aff,0x0eff,0x0eff,0x0eff,0x0f1f,0x0f1f,0x0f1f,0x0f1f,0x0f1f,0x0f1f,0x0f1f,0x0f1f,0x0f1f,0x0f1f,
	0x0f1f,0x0f1f,0x0f1f,0x0f1f,0x131f,0x131f,0x131f,0x131f,0x131f,0x131f,0x131f,0x131f,0x131f,0x131f,0x131f,0x131f,
	0x131f,0x131f,0x131f,0x131f,0x131f,0x173f,0x1b3f,0x1f3f,0x275f,0x2b5f,0x2f7f,0x337f,0x337f,0x377e,0x379e,0x3b9f,
	0x439f,0x3b7f,0x235f,0x0f3f,0x0afe,0x0e9e,0x121b,0x0e1b,0x0e5c,0x0a5c,0x0e5b,0x0e5b,0x0e5c,0x0e5c,0x125c,0x127d,
	0x0e7d,0x0e9d,0x0e9d,0x0e9e,0x0e9d,0x0e7d,0x0e9d,0x0ade,0x0aff,0x0aff,0x0b1f,0x0b1f,0x0f1f,0x0f1f,0x131f,0x131f,
	0x131f,0x131f,0x131f,0x131f,0x133f,0x173f,0x173f,0x173f,0x1b3f,0x1b3f,0x1b3f,0x1b3f,0x1b3f,0x1b3f,0x1f3f,0x1f3f,
	0x1b3f,0x1f5f,0x235f,0x235e,0x1f5f,0x233f,0x1edd,0x1a5b,0x1a3a,0x1e9c,0x26fe,0x2b5f,0x277f,0x277f,0x277f,0x2b7f,
	0x2b7f,0x2f7f,0x2f7f,0x2f7f,0x2f7f,0x2f7f,0x2f7f,0x339f,0x339f,0x26dd,0x1e7b,0x2afd,0x379f,0x339e,0x339f,0x379f,
	0x3bbf,0x379f,0x339f,0x339f,0x339f,0x339f,0x339f,0x339f,0x339f,0x339f,0x2f7f,0x2f7f,0x2f7f,0x2f7f,0x2b7f,0x2b7f,
	0x2b7f,0x2b7f,0x2b7f,0x277f,0x275f,0x275f,0x275f,0x235f,0x235f,0x235f,0x235f,0x1f5e,0x1f5f,0x235f,0x233f,0x1abc,
	0x1218,0x11d5,0x2238,0x2ebb,0x1ebc,0x169d,0x129e,0x0e9f,0x0ebf,0x0ebf,0x0e9f,0x0e7f,0x0e7f,0x127f,0x127f,0x127f,
	0x0e7e,0x0e9e,0x0a9f,0x0abf,0x0abf,0x0adf,0x0adf,0x0aff,0x06ff,0x06ff,0x0aff,0x0aff,0x0aff,0x0aff,0x0adf,0x0adf,
	0x0adf,0x0adf,0x0adf,0x0adf,0x0adf,0x0abf,0x0abf,0x0ebf,0x0e9e,0x0abe,0x0e5e,0x261a,0x73be,0x7bff,0x5ef7,0x77bd,
	0x7fff,0x7fff,0x7fff,0x7fff,0x7fff,0x7fff,0x7fff,0x7fff,0x7fff,0x7fff,0x7fff,0x7fff,0x7fff,0x7fff,0x7fff,0x7fff,
	0x7fff,0x7bfe,0x779c,0x6b5a,0x6f9c,0x5afa,0x4278,0x367a,0x32bd,0x1e9d,0x127c,0x0a9e,0x0abe,0x0adf,0x0aff,0x0aff,
	0x0aff,0x0aff,0x0aff,0x0aff,0x0aff,0x0aff,0x0aff,0x0aff,0x0aff,0x0aff,0x0b1f,0x0b1f,0x0aff,0x0aff,0x0aff,0x0eff,
	0x0f1f,0x0f1f,0x0f1f,0x0f1f,0x0f1f,0x0f1f,0x0f1f,0x0f1f,0x0f1f,0x0f1f,0x0f1f,0x0f1f,0x0f1f,0x0f1f,0x0f1f,0x0f1f,
	0x0f1f,0x0f1f,0x0f1f,0x0f1f,0x0f1f,0x0b1f,0x0f1f,0x0f1f,0x131f,0x173f,0x1f3f,0x233f,0x273f,0x2b5f,0x2b7f,0x2f9f,
	0x3b9f,0x3f9f,0x2f7f,0x1b3e,0x0b1f,0x0adf,0x161c,0x09fa,0x125d,0x0e5d,0x0e5d,0x127d,0x127d,0x0e9e,0x0ebe,0x0ede,
	0x0adf,0x0aff,0x06ff,0x06ff,0x0aff,0x0eff,0x0eff,0x0aff,0x0aff,0x0aff,0x0f1f,0x0f1f,0x0f1f,0x0f1f,0x0f1f,0x0f1f,
	0x131f,0x131f,0x131f,0x131f,0x133f,0x173f,0x173f,0x173f,0x173f,0x1b3f,0x1b3f,0x1b3f,0x1b3f,0x1b3f,0x1f3f,0x1f3f,
	0x1f3f,0x1f3f,0x235f,0x235e,0x1f5e,0x235f,0x275f,0x1abc,0x15d9,0x1115,0x0d14,0x19b7,0x19f8,0x229b,0x26fc,0x273e,
	0x2b5f,0x2b7f,0x2b7f,0x2b7f,0x2f7f,0x2f7f,0x2f7f,0x2f7f,0x2f7f,0x2f5f,0x273e,0x2b5e,0x2f9f,0x2f7f,0x2f7f,0x2f7f,
	0x337f,0x2f7e,0x2f7f,0x2f7f,0x2f7f,0x2f7f,0x2f7f,0x2f7f,0x2f7f,0x2f7f,0x2f7f,0x2f7f,0x2f7f,0x2b7f,0x2b7f,0x2b7f,
	0x2b7f,0x2b5f,0x2b5f,0x277f,0x275f,0x275f,0x275f,0x275f,0x275f,0x235f,0x235f,0x235f,0x1b1d,0x1afd,0x1efd,0x1edd,
	0x169d,0x16de,0x12fe,0x0efe,0x0eff,0x0eff,0x0eff,0x0edf,0x12df,0x12df,0x12df,0x0ebf,0x0ebe,0x0ebe,0x12df,0x12ff,
	0x16ff,0x171f,0x171f,0x171f,0x171f,0x131f,0x131f,0x0eff,0x0aff,0x0aff,0x0aff,0x0aff,0x0aff,0x0aff,0x0adf,0x0adf,
	0x0adf,0x0adf,0x0adf,0x0adf,0x0adf,0x0ebf,0x0abe,0x0a9e,0x0ebe,0x0ebe,0x125e,0x365d,0x73be,0x77bc,0x6738,0x7bde,
	0x7fff,0x7fff,0x7fff,0x7fff,0x7fff,0x7fff,0x7fff,0x7fff,0x7fff,0x7fff,0x7fff,0x7fff,0x7fff,0x7fff,0x7fff,0x7fff,
	0x7fff,0x7fff,0x7fff,0x7fff,0x7ffe,0x7bbd,0x737b,0x673a,0x675b,0x5f5c,0x4ab9,0x323a,0x2e7b,0x2a9d,0x1a9d,0x129e,
	0x0a9d,0x0abe,0x0eff,0x0aff,0x0aff,0x0aff,0x0aff,0x06df,0x0aff,0x0aff,0x0b1f,0x0aff,0x0aff,0x0aff,0x0aff,0x0aff,
	0x0aff,0x0aff,0x0aff,0x0aff,0x0aff,0x0aff,0x0aff,0x0aff,0x0aff,0x0aff,0x0aff,0x0aff,0x0aff,0x0aff,0x0aff,0x0aff,
	0x0aff,0x0aff,0x0aff,0x0aff,0x0aff,0x0aff,0x0aff,0x0aff,0x0aff,0x0aff,0x0eff,0x0f1f,0x0f1f,0x171f,0x1b1f,0x1f3f,
	0x235f,0x1f3f,0x173f,0x131f,0x0ade,0x0a7d,0x11fb,0x125d,0x12bf,0x0adf,0x0abf,0x0abf,0x0adf,0x0adf,0x0adf,0x0adf,
	0x0adf,0x0adf,0x0aff,0x0aff,0x0aff,0x0aff,0x0aff,0x0aff,0x0aff,0x0aff,0x0aff,0x0eff,0x0f1f,0x0f1f,0x0f1f,0x0f1f,
	0x131f,0x131f,0x131f,0x131f,0x131f,0x131f,0x173f,0x173f,0x173f,0x173f,0x1b3f,0x1b3f,0x1b3f,0x1b3f,0x1b3f,0x1f3f,
	0x1f3f,0x1f3f,0x1f3f,0x1f5f,0x1f5f,0x235f,0x235f,0x235f,0x1ebd,0x1156,0x046f,0x040e,0x082e,0x2551,0x4ab7,0x46d9,
	0x3afb,0x3b3e,0x373d,0x2b1c,0x22fd,0x273f,0x2b5f,0x2b7f,0x2b5f,0x275f,0x2b5f,0x2b7f,0x2b7f,0x2b7f,0x2b7f,0x2b5f,
	0x2b5f,0x2b5f,0x2b5f,0x2b5f,0x2b5f,0x2b5f,0x2b5f,0x2b5f,0x2b5f,0x2b5f,0x2b7f,0x2b7f,0x2b7f,0x2b7f,0x2b7f,0x2b7f,
	0x2b7f,0x2b7f,0x2b7f,0x2b5f,0x2b5f,0x2b5f,0x2b5f,0x2b5f,0x2b5f,0x2b5f,0x2b5f,0x275f,0x233e,0x231e,0x233e,0x1f3f,
	0x1b3f,0x1b3f,0x173f,0x171f,0x171f,0x171f,0x171e,0x12fe,0x12fe,0x16ff,0x16ff,0x16fe,0x12fe,0x12df,0x12df,0x12de,
	0x12bd,0x12bd,0x16dd,0x1afe,0x1b1e,0x173f,0x171f,0x0f1f,0x0aff,0x06ff,0x06ff,0x06ff,0x0aff,0x0aff,0x0aff,0x0adf,
	0x0adf,0x0adf,0x0adf,0x0edf,0x0edf,0x0ebf,0x0ebe,0x0abd,0x0abe,0x0a7e,0x1e1b,0x56fe,0x779e,0x5f16,0x6f7b,0x7fff,
	0x7fff,0x7fff,0x7fff,0x7fff,0x7fff,0x7fff,0x7fff,0x7fff,0x7fff,0x7fff,0x7fff,0x7fff,0x7fff,0x7fff,0x7fff,0x7fff,
	0x7fff,0x7fff,0x7fff,0x7fff,0x7fff,0x7fff,0x7fff,0x7fff,0x7bde,0x7bdd,0x739c,0x673a,0x6339,0x673a,0x5b1b,0x4efb,
	0x3a9b,0x2a5b,0x225c,0x127d,0x129d,0x0ebe,0x0ede,0x0ade,0x06de,0x06de,0x06de,0x06df,0x0aff,0x0aff,0x0aff,0x0aff,
	0x0aff,0x0aff,0x0aff,0x0aff,0x0aff,0x0aff,0x0aff,0x0aff,0x0aff,0x0aff,0x0aff,0x0aff,0x0aff,0x0aff,0x0aff,0x0aff,
	0x0aff,0x0aff,0x0aff,0x0aff,0x0aff,0x0aff,0x0aff,0x0aff,0x0aff,0x0aff,0x0aff,0x0aff,0x0aff,0x06ff,0x06ff,0x0eff,
	0x0eff,0x06ff,0x06df,0x0a9e,0x121b,0x15d9,0x167c,0x16df,0x12df,0x0ade,0x0ebf,0x0ebf,0x0edf,0x0adf,0x0adf,0x0adf,
	0x0adf,0x0adf,0x0aff,0x0aff,0x0aff,0x0aff,0x0aff,0x0aff,0x0aff,0x0aff,0x0aff,0x0eff,0x0f1f,0x0f1f,0x0f1f,0x0f1f,
	0x131f,0x131f,0x131f,0x131f,0x131f,0x131f,0x173f,0x173f,0x173f,0x173f,0x173f,0x1b3f,0x1b3f,0x1b3f,0x1b3f,0x1b3f,
	0x1f3f,0x1f3f,0x1f3f,0x1f3f,0x1f5f,0x235f,0x235f,0x235f,0x233f,0x1e5c,0x1535,0x042c,0x042a,0x0c6b,0x39b0,0x6b36,
	0x7b98,0x7799,0x6f79,0x5f18,0x4ed9,0x3eba,0x32bb,0x26bc,0x22bc,0x1afd,0x1b1e,0x1f1e,0x233f,0x233f,0x233f,0x233f,
	0x233f,0x233f,0x235f,0x235f,0x233f,0x233f,0x233f,0x233f,0x233f,0x233f,0x235f,0x275f,0x275f,0x275f,0x275f,0x275f,
	0x275f,0x275f,0x275f,0x275f,0x275f,0x275f,0x275f,0x275f,0x275f,0x275f,0x275f,0x2b5f,0x2b7f,0x2b5f,0x275f,0x275f,
	0x235f,0x235f,0x235f,0x1f3f,0x1b3f,0x1b3f,0x171e,0x12fd,0x12fd,0x171f,0x171f,0x12ff,0x1abd,0x169d,0x127c,0x127d,
	0x12bd,0x12be,0x0e9d,0x0e9d,0x0e9c,0x0e9c,0x0ebd,0x0ede,0x0ade,0x0aff,0x0aff,0x06ff,0x06ff,0x0aff,0x0aff,0x0adf,
	0x0adf,0x0adf,0x0adf,0x0edf,0x0edf,0x0ebf,0x0ebf,0x0ebe,0x0e9f,0x0e3d,0x2a39,0x6b7e,0x739c,0x52b5,0x73bd,0x7fff,
	0x7fff,0x7fff,0x7fff,0x7fff,0x7fff,0x7fff,0x7fff,0x7fff,0x7fff,0x7fff,0x7fff,0x7fff,0x7fff,0x7fff,0x7fff,0x7fff,
	0x7fff,0x7fff,0x7fff,0x7fff,0x7fff,0x7fff,0x7fff,0x7fff,0x7fff,0x7fff,0x7fff,0x7fff,0x7bdf,0x779c,0x6f7b,0x73bc,
	0x77de,0x6b5b,0x5af9,0x4ed9,0x4eda,0x4afc,0x46fc,0x36dc,0x229c,0x1a7c,0x125c,0x0e7d,0x069e,0x0abe,0x0abf,0x0adf,
	0x0adf,0x0aff,0x0aff,0x0aff,0x0aff,0x0aff,0x0aff,0x0aff,0x0aff,0x0aff,0x0afe,0x0afe,0x0aff,0x0aff,0x0aff,0x0aff,
	0x0aff,0x0aff,0x0aff,0x0aff,0x0aff,0x0aff,0x0aff,0x0aff,0x06df,0x06df,0x0adf,0x0adf,0x0adf,0x06de,0x0ade,0x0e9e,
	0x0a3c,0x121b,0x121b,0x0e3b,0x1a9d,0x2ade,0x271f,0x1f1e,0x16fe,0x12ff,0x12ff,0x0edf,0x0edf,0x0adf,0x0adf,0x0adf,
	0x0adf,0x0adf,0x0aff,0x0aff,0x0aff,0x0aff,0x0aff,0x0aff,0x0aff,0x0aff,0x0aff,0x0aff,0x0b1f,0x0f1f,0x0f1f,0x0f1f,
	0x0f1f,0x0f1f,0x131f,0x131f,0x131f,0x131f,0x131f,0x173f,0x173f,0x173f,0x173f,0x1b3f,0x1b3f,0x1b3f,0x1b3f,0x1b3f,
	0x1b3f,0x1f3f,0x1f3f,0x1f3f,0x1f5f,0x1f5f,0x235f,0x235f,0x235f,0x231f,0x1e3b,0x0cd0,0x084a,0x0848,0x0448,0x1ccb,
	0x4630,0x6f57,0x7bb9,0x7fba,0x7f9a,0x7b99,0x7799,0x6759,0x5f39,0x5319,0x4f19,0x4f1a,0x471b,0x3efb,0x2edc,0x26bc,
	0x1e9d,0x1a9d,0x16bd,0x12be,0x12be,0x0ede,0x0ede,0x0eff,0x0efe,0x0efe,0x12ff,0x12ff,0x12ff,0x12ff,0x12ff,0x16ff,
	0x16ff,0x16ff,0x171f,0x171f,0x171f,0x171f,0x171f,0x171f,0x171e,0x171f,0x171f,0x1b1f,0x1b1f,0x171f,0x171f,0x171f,
	0x171f,0x1b3f,0x1b1f,0x171e,0x171f,0x1b1f,0x1afe,0x1ade,0x16bd,0x129d,0x129d,0x12be,0x12bd,0x12dd,0x0efe,0x0f1f,
	0x0f1f,0x0f1f,0x0b1f,0x0b1f,0x0aff,0x0ade,0x0ade,0x0ade,0x0ade,0x0adf,0x0aff,0x0aff,0x0adf,0x0aff,0x0adf,0x0adf,
	0x0adf,0x0adf,0x0adf,0x0abf,0x0ebf,0x0a9f,0x0ebf,0x12de,0x0e5d,0x15fb,0x571d,0x7bde,0x6339,0x6b3a,0x7bde,0x7fff,
	0x7fff,0x7fff,0x7fff,0x7fff,0x7fff,0x7fff,0x7fff,0x7fff,0x7fff,0x7fff,0x7fff,0x7fff,0x7fff,0x7fff,0x7fff,0x7fff,
	0x7fff,0x7fff,0x7fff,0x7fff,0x7fff,0x7fff,0x7fff,0x7fff,0x7fff,0x7fff,0x7fff,0x7fff,0x7fff,0x7fff,0x7fff,0x7fff,
	0x7fff,0x7fff,0x7bde,0x739c,0x6f9b,0x6f7b,0x739c,0x77be,0x6f9d,0x5f1b,0x4eb9,0x4279,0x3a7a,0x3a9b,0x36bc,0x36dd,
	0x2ade,0x1ebd,0x1a9c,0x169c,0x127d,0x0e7d,0x0e7d,0x0a7d,0x0a9d,0x0a9e,0x0a9e,0x0a9e,0x0e9e,0x0ebf,0x0ebf,0x0ebf,
	0x0e9f,0x0a9e,0x0a9e,0x0a9e,0x0e9e,0x0e9e,0x0e9e,0x0e7d,0x0e7d,0x129d,0x169d,0x1ebd,0x22bd,0x2abd,0x369c,0x3a7b,
	0x46ba,0x52fb,0x367c,0x123c,0x16be,0x2b3f,0x333f,0x2f3f,0x273f,0x233f,0x1f1f,0x171f,0x12ff,0x0edf,0x0edf,0x0edf,
	0x0edf,0x0adf,0x0adf,0x0adf,0x0adf,0x0adf,0x0aff,0x0aff,0x0aff,0x0aff,0x0aff,0x0aff,0x0aff,0x0b1f,0x0b1f,0x0f1f,
	0x0f1f,0x0f1f,0x0f1f,0x131f,0x131f,0x131f,0x131f,0x131f,0x173f,0x173f,0x173f,0x173f,0x173f,0x1b3f,0x1b3f,0x1b3f,
	0x1b3f,0x1b3f,0x1b3f,0x1b3f,0x1f3f,0x1f3f,0x1f5f,0x1f5f,0x1f5f,0x235f,0x22fe,0x19f9,0x1532,0x0869,0x0447,0x0425,
	0x0c46,0x250a,0x4611,0x5693,0x6b57,0x7fdb,0x7fdb,0x7bbb,0x7bbb,0x7fbb,0x7fba,0x7fba,0x7fba,0x7bba,0x779a,0x6f7a,
	0x6759,0x5f19,0x4efa,0x46da,0x42da,0x3aba,0x36ba,0x36db,0x36fd,0x371d,0x331c,0x2f1c,0x2efc,0x2adc,0x26dc,0x22bd,
	0x1ebd,0x1e9d,0x1e9d,0x1abd,0x1abc,0x1a9c,0x1a9d,0x125b,0x0e3b,0x0e1b,0x0e3b,0x0e3b,0x0e3b,0x0e5c,0x0e7c,0x129e,
	0x12be,0x12df,0x12df,0x16df,0x16bd,0x129c,0x0e9c,0x0e9c,0x12dd,0x12ff,0x131f,0x131f,0x0f1f,0x0f1f,0x0f1f,0x0f1f,
	0x0f1f,0x0b1f,0x0b1f,0x0aff,0x0aff,0x0aff,0x0aff,0x0aff,0x0aff,0x0aff,0x0aff,0x0adf,0x0adf,0x0adf,0x0adf,0x0adf,
	0x0adf,0x0adf,0x0ebf,0x0ebf,0x0ebf,0x0ebf,0x0ebf,0x0e9d,0x1a3b,0x429c,0x77be,0x6f7a,0x5f17,0x7bdf,0x7fff,0x7fff,
	0x7fff,0x7fff,0x7fff,0x7fff,0x7fff,0x7fff,0x7fff,0x7fff,0x7fff,0x7fff,0x7fff,0x7fff,0x7fff,0x7fff,0x7fff,0x7fff,
	0x7fff,0x7fff,0x7fff,0x7fff,0x7fff,0x7fff,0x7fff,0x7fff,0x7fff,0x7fff,0x7fff,0x7fff,0x7fff,0x7fff,0x7fff,0x7fff,
	0x7fff,0x7fff,0x7fff,0x7fff,0x7fff,0x7fff,0x7fff,0x7fff,0x7bff,0x77de,0x77bd,0x739c,0x737b,0x737b,0x6f7b,0x6f5b,
	0x675a,0x675b,0x6b7c,0x679d,0x5b5e,0x531d,0x46bb,0x3a7a,0x3259,0x325a,0x323a,0x323a,0x2e3a,0x2e39,0x2e39,0x2e39,
	0x2e39,0x2e39,0x2e39,0x2e39,0x2e3a,0x365a,0x3a7a,0x429b,0x4efc,0x5f3d,0x677e,0x6f9d,0x739c,0x6b7a,0x6b5a,0x6b7a,
	0x6336,0x6737,0x5f3c,0x369c,0x125c,0x16bf,0x26fe,0x335f,0x3b5f,0x375f,0x2f3f,0x273f,0x233f,0x231f,0x16ff,0x16ff,
	0x12df,0x0edf,0x0adf,0x0adf,0x0adf,0x06df,0x06ff,0x0aff,0x0aff,0x0aff,0x0aff,0x0aff,0x0aff,0x0b1f,0x0b1f,0x0f1f,
	0x0f1f,0x0f1f,0x0f1f,0x0f1f,0x131f,0x131f,0x131f,0x131f,0x131f,0x131f,0x131f,0x133f,0x173f,0x173f,0x173f,0x173f,
	0x173f,0x1b3f,0x1b3f,0x1b3f,0x1b3f,0x1b3f,0x1f3f,0x1f5f,0x1b3f,0x1f3f,0x235f,0x1efe,0x1a5c,0x0d31,0x0848,0x0845,
	0x0466,0x0445,0x0445,0x0845,0x18a8,0x4612,0x5ed7,0x5ef7,0x6738,0x7bbb,0x7ffd,0x7ffd,0x7ffd,0x7fdd,0x7fdc,0x7fdc,
	0x7bdc,0x7fdc,0x7fdc,0x7fdc,0x7fdb,0x7fbb,0x7fdb,0x7fdb,0x7fbc,0x7bbc,0x7bbc,0x7bbb,0x779b,0x779b,0x779b,0x739a,
	0x737a,0x6f7a,0x6f7a,0x6f7a,0x6f7a,0x6b7a,0x4656,0x18cf,0x084f,0x084f,0x0c90,0x08b0,0x0d13,0x19d9,0x1e5c,0x1ede,
	0x1b1f,0x171f,0x131f,0x131f,0x133f,0x131f,0x131f,0x131f,0x131f,0x173f,0x173f,0x131f,0x0f1f,0x0f1f,0x0f1f,0x0f1f,
	0x0b1f,0x0aff,0x0aff,0x0aff,0x0aff,0x0aff,0x0aff,0x0aff,0x0aff,0x0aff,0x0aff,0x0adf,0x0adf,0x0adf,0x0adf,0x0adf,
	0x0abf,0x0ebf,0x0ebf,0x0ebf,0x0ebf,0x0ebf,0x0e9e,0x123c,0x46dc,0x77bf,0x6f7b,0x5af6,0x73bc,0x7bff,0x7fff,0x7fff,
	0x7fff,0x7fff,0x7fff,0x7fff,0x7fff,0x7fff,0x7fff,0x7fff,0x7fff,0x7fff,0x7fff,0x7fff,0x7fff,0x7fff,0x7fff,0x7fff,
	0x7fff,0x7fff,0x7fff,0x7fff,0x7fff,0x7fff,0x7fff,0x7fff,0x7fff,0x7fff,0x7fff,0x7fff,0x7fff,0x7fff,0x7fff,0x7fff,
	0x7fff,0x7fff,0x7fff,0x7fff,0x7fff,0x7fff,0x7fff,0x7fff,0x7fff,0x7fff,0x7fff,0x7fff,0x7fff,0x7fff,0x7fff,0x7fff,
	0x7fff,0x7fff,0x7fff,0x7fff,0x7fff,0x7fff,0x7bde,0x77bd,0x779d,0x739c,0x739c,0x739c,0x739c,0x739c,0x739c,0x739c,
	0x739c,0x739c,0x739c,0x739c,0x739c,0x739c,0x77bd,0x77bd,0x7bde,0x7bde,0x7fff,0x7fff,0x7fff,0x7bfe,0x7bde,0x7fdf,
	0x7fff,0x6f7a,0x6739,0x675d,0x2e5b,0x0e1c,0x0e9e,0x271f,0x3b5f,0x437e,0x3b7f,0x335f,0x335f,0x2f3f,0x2b3f,0x271f,
	0x1f1f,0x16ff,0x0eff,0x0adf,0x06df,0x06de,0x06df,0x0aff,0x0aff,0x0aff,0x0aff,0x0aff,0x0aff,0x0aff,0x0aff,0x0b1f,
	0x0b1f,0x0b1f,0x0b1f,0x0f1f,0x0f1f,0x0f1f,0x0f1f,0x0f1f,0x131f,0x131f,0x131f,0x131f,0x131f,0x133f,0x173f,0x173f,
	0x173f,0x173f,0x173f,0x173f,0x1b3f,0x1b3f,0x1b3f,0x1b3f,0x1b3f,0x1b3f,0x1f5f,0x1b5f,0x1b3f,0x165b,0x1111,0x0869,
	0x0865,0x0844,0x0845,0x0845,0x0424,0x0825,0x0845,0x0844,0x1066,0x2d6c,0x4a53,0x5ad7,0x6b5b,0x739c,0x739c,0x77bd,
	0x7ffe,0x7fff,0x7fff,0x7fff,0x7fff,0x7ffe,0x7ffe,0x7ffe,0x7ffe,0x7ffe,0x7ffe,0x7fde,0x7fde,0x7fdd,0x7fdd,0x7ffd,
	0x7ffd,0x7fdd,0x7bbc,0x737a,0x6b5b,0x4235,0x108e,0x0c2e,0x082f,0x044f,0x0d14,0x0e18,0x169c,0x1f1f,0x1b1f,0x171f,
	0x173f,0x133f,0x131f,0x171f,0x131f,0x131f,0x131f,0x131f,0x131f,0x131f,0x0f1f,0x0f1f,0x0b1f,0x0b1f,0x0b1f,0x0aff,
	0x0aff,0x0aff,0x0aff,0x0aff,0x0aff,0x0aff,0x0aff,0x0aff,0x0aff,0x0adf,0x0adf,0x0adf,0x0adf,0x0edf,0x0edf,0x0adf,
	0x0ebf,0x0ebf,0x0ebf,0x0ebf,0x0abf,0x0e7e,0x1a3a,0x369b,0x6f9e,0x737b,0x6317,0x73dd,0x7bff,0x7fff,0x7fff,0x7fff,
	0x7fff,0x7fff,0x7fff,0x7fff,0x7fff,0x7fff,0x7fff,0x7fff,0x7fff,0x7fff,0x7fff,0x7fff,0x7fff,0x7fff,0x7fff,0x7fff,
	0x7fff,0x7fff,0x7fff,0x7fff,0x7fff,0x7fff,0x7fff,0x7fff,0x7fff,0x7fff,0x7fff,0x7fff,0x7fff,0x7fff,0x7fff,0x7fff,
	0x7fff,0x7fff,0x7fff,0x7fff,0x7fff,0x7fff,0x7fff,0x7fff,0x7fff,0x7fff,0x7fff,0x7fff,0x7fff,0x7fff,0x7fff,0x7fff,
	0x7fff,0x7fff,0x7fff,0x7fff,0x7fff,0x7fff,0x7fff,0x7fff,0x7fff,0x7fff,0x7fff,0x7fff,0x7fff,0x7fff,0x7fff,0x7fff,
	0x7fff,0x7fff,0x7fff,0x7fff,0x7fff,0x7fff,0x7fff,0x7fff,0x7fff,0x7fff,0x7fff,0x7fff,0x7fff,0x7fff,0x7fff,0x7fff,
	0x7fff,0x7bfe,0x6f7b,0x6319,0x5b1b,0x42db,0x161b,0x169e,0x16de,0x2f5f,0x439f,0x477f,0x435e,0x3b5f,0x335f,0x333f,
	0x2f3f,0x2b3f,0x271f,0x1b1f,0x16ff,0x0eff,0x0aff,0x06df,0x06ff,0x0aff,0x0aff,0x0aff,0x0aff,0x0aff,0x0aff,0x0aff,
	0x0aff,0x0aff,0x0aff,0x0f1f,0x0f1f,0x0f1f,0x0f1f,0x0f1f,0x0f1f,0x131f,0x131f,0x131f,0x131f,0x131f,0x131f,0x171f,
	0x173f,0x173f,0x173f,0x173f,0x173f,0x173f,0x173f,0x1b3f,0x1b3f,0x1b3f,0x1b5f,0x1b3f,0x1b3f,0x1b1f,0x1abc,0x1195,
	0x0c8e,0x0c6c,0x0c6c,0x0c6a,0x0848,0x0847,0x0826,0x0424,0x0824,0x0424,0x0424,0x0845,0x1087,0x14a7,0x14a7,0x210a,
	0x3df0,0x5295,0x5ad7,0x673a,0x6f9c,0x77bd,0x77de,0x7bde,0x7bde,0x7bfe,0x7bde,0x7bde,0x7bfe,0x7bde,0x77bd,0x6f7c,
	0x633a,0x5297,0x3df3,0x20ef,0x108e,0x044d,0x042e,0x082e,0x0cb2,0x11b8,0x169d,0x171f,0x173f,0x173f,0x131f,0x131f,
	0x173f,0x171f,0x171f,0x171f,0x131f,0x131f,0x131f,0x0f1f,0x0f1f,0x0f1f,0x0f1f,0x0f1f,0x0aff,0x0aff,0x0aff,0x0aff,
	0x0aff,0x0aff,0x0aff,0x0aff,0x0aff,0x0aff,0x0aff,0x0adf,0x0adf,0x0adf,0x0adf,0x0adf,0x0adf,0x0adf,0x0edf,0x0ebe,
	0x0ebe,0x0abf,0x0adf,0x0e9f,0x0e5d,0x2a7c,0x5b3d,0x6b9e,0x6339,0x6718,0x7bde,0x7fff,0x7fff,0x7fff,0x7fff,0x7fff,
	0x7fff,0x7fff,0x7fff,0x7fff,0x7fff,0x7fff,0x7fff,0x7fff,0x7fff,0x7fff,0x7fff,0x7fff,0x7fff,0x7fff,0x7fff,0x7fff,
	0x7fff,0x7fff,0x7fff,0x7fff,0x7fff,0x7fff,0x7fff,0x7fff,0x7fff,0x7fff,0x7fff,0x7fff,0x7fff,0x7fff,0x7fff,0x7fff,
	0x7fff,0x7fff,0x7fff,0x7fff,0x7fff,0x7fff,0x7fff,0x7fff,0x7fff,0x7fff,0x7fff,0x7fff,0x7fff,0x7fff,0x7fff,0x7fff,
	0x7fff,0x7fff,0x7fff,0x7fff,0x7fff,0x7fff,0x7fff,0x7fff,0x7fff,0x7fff,0x7fff,0x7fff,0x7fff,0x7fff,0x7fff,0x7fff,
	0x7fff,0x7fff,0x7fff,0x7fff,0x7fff,0x7fff,0x7fff,0x7fff,0x7fff,0x7fff,0x7fff,0x7fff,0x7fff,0x7fff,0x7fff,0x7fff,
	0x7fff,0x7fff,0x7fff,0x779d,0x6318,0x675a,0x4efd,0x227c,0x0a7e,0x0ebf,0x271f,0x3f5f,0x4b9e,0x477e,0x3f7f,0x3b5f,
	0x3b5f,0x375f,0x335f,0x2b3f,0x271f,0x1eff,0x1aff,0x0eff,0x0aff,0x0aff,0x0aff,0x0aff,0x0aff,0x0aff,0x0aff,0x0aff,
	0x0aff,0x0aff,0x0aff,0x0aff,0x0eff,0x0f1f,0x0f1f,0x0f1f,0x0f1f,0x0f1f,0x0f1f,0x131f,0x131f,0x131f,0x131f,0x131f,
	0x131f,0x131f,0x131f,0x131f,0x173f,0x173f,0x173f,0x173f,0x173f,0x173f,0x173f,0x1b3f,0x1f1f,0x1b3f,0x173f,0x16bd,
	0x15da,0x1d3c,0x18fb,0x1cfc,0x1d1a,0x1cf6,0x18f4,0x14af,0x0c6b,0x0827,0x0826,0x0846,0x0825,0x0825,0x0425,0x0404,
	0x0424,0x0844,0x0845,0x1067,0x18a9,0x1cea,0x210b,0x210b,0x252c,0x254c,0x294d,0x292d,0x252d,0x212d,0x1d0d,0x14ac,
	0x0c6b,0x082c,0x082c,0x044d,0x084e,0x082e,0x084f,0x08d2,0x11d9,0x1afe,0x173f,0x131f,0x131f,0x173f,0x173f,0x131f,
	0x131f,0x131f,0x131f,0x131f,0x131f,0x131f,0x0f1f,0x0f1f,0x0f1f,0x0f1f,0x0b1f,0x0b1f,0x0aff,0x0aff,0x0aff,0x0aff,
	0x0aff,0x0aff,0x0aff,0x0aff,0x0aff,0x0aff,0x0aff,0x0adf,0x0adf,0x0adf,0x0adf,0x0adf,0x0adf,0x06df,0x0abf,0x129f,
	0x12bf,0x0ebf,0x0a9f,0x125d,0x267c,0x5b3e,0x739c,0x6739,0x6b5a,0x7bfe,0x7fff,0x7fff,0x7fff,0x7fff,0x7fff,0x7fff,
	0x7fff,0x7fff,0x7fff,0x7fff,0x7fff,0x7fff,0x7fff,0x7fff,0x7fff,0x7fff,0x7fff,0x7fff,0x7fff,0x7fff,0x7fff,0x7fff,
	0x7fff,0x7fff,0x7fff,0x7fff,0x7fff,0x7fff,0x7fff,0x7fff,0x7fff,0x7fff,0x7fff,0x7fff,0x7fff,0x7fff,0x7fff,0x7fff,
	0x7fff,0x7fff,0x7fff,0x7fff,0x7fff,0x7fff,0x7fff,0x7fff,0x7fff,0x7fff,0x7fff,0x7fff,0x7fff,0x7fff,0x7fff,0x7fff,
	0x7fff,0x7fff,0x7fff,0x7fff,0x7fff,0x7fff,0x7fff,0x7fff,0x7fff,0x7fff,0x7fff,0x7fff,0x7fff,0x7fff,0x7fff,0x7fff,
	0x7fff,0x7fff,0x7fff,0x7fff,0x7fff,0x7fff,0x7fff,0x7fff,0x7fff,0x7fff,0x7fff,0x7fff,0x7fff,0x7fff,0x7fff,0x7fff,
	0x7fff,0x7fff,0x7fff,0x7fff,0x77bd,0x6b5a,0x6339,0x571c,0x325c,0x1a3d,0x0e9e,0x16de,0x2f1f,0x437f,0x4f9f,0x4b9f,
	0x479f,0x437f,0x3f7f,0x3b5f,0x335f,0x2f3f,0x2f3f,0x271f,0x1f1f,0x16ff,0x0eff,0x0aff,0x0aff,0x0eff,0x0eff,0x0aff,
	0x0aff,0x0aff,0x0aff,0x0aff,0x0aff,0x0aff,0x0aff,0x0aff,0x0aff,0x0aff,0x0f1f,0x0f1f,0x0f1f,0x0f1f,0x131f,0x131f,
	0x131f,0x131f,0x131f,0x131f,0x131f,0x131f,0x133f,0x133f,0x133f,0x133f,0x133f,0x173f,0x173f,0x173f,0x173f,0x171f,
	0x16fe,0x1a3d,0x157c,0x191c,0x213d,0x297d,0x2dde,0x2dde,0x259c,0x18d6,0x104f,0x0c4c,0x0869,0x0868,0x0847,0x0c47,
	0x0c46,0x0845,0x0826,0x0846,0x0847,0x0846,0x0426,0x0426,0x0426,0x0446,0x0847,0x0428,0x0428,0x0429,0x042a,0x042b,
	0x082c,0x082d,0x082d,0x0c4e,0x084e,0x044f,0x0d34,0x161b,0x1ade,0x133f,0x133f,0x133f,0x131f,0x131f,0x131f,0x131f,
	0x0f1f,0x0f1f,0x0f1f,0x0f1f,0x0f1f,0x0eff,0x0eff,0x0eff,0x0aff,0x0aff,0x0aff,0x0aff,0x0aff,0x0aff,0x0aff,0x0aff,
	0x0aff,0x0aff,0x0aff,0x0aff,0x0aff,0x0adf,0x0adf,0x0adf,0x0adf,0x0adf,0x0edf,0x0ebf,0x0ebf,0x0abe,0x0e9f,0x129f,
	0x0e9f,0x127e,0x1e5c,0x42db,0x637d,0x6b5b,0x6739,0x6f7b,0x7fff,0x7fff,0x7fff,0x7fff,0x7fff,0x7fff,0x7fff,0x7fff,
	0x7fff,0x7fff,0x7fff,0x7fff,0x7fff,0x7fff,0x7fff,0x7fff,0x7fff,0x7fff,0x7fff,0x7fff,0x7fff,0x7fff,0x7fff,0x7fff,
	0x7fff,0x7fff,0x7fff,0x7fff,0x7fff,0x7fff,0x7fff,0x7fff,0x7fff,0x7fff,0x7fff,0x7fff,0x7fff,0x7fff,0x7fff,0x7fff,
	0x7fff,0x7fff,0x7fff,0x7fff,0x7fff,0x7fff,0x7fff,0x7fff,0x7fff,0x7fff,0x7fff,0x7fff,0x7fff,0x7fff,0x7fff,0x7fff,
	0x7fff,0x7fff,0x7fff,0x7fff,0x7fff,0x7fff,0x7fff,0x7fff,0x7fff,0x7fff,0x7fff,0x7fff,0x7fff,0x7fff,0x7fff,0x7fff,
	0x7fff,0x7fff,0x7fff,0x7fff,0x7fff,0x7fff,0x7fff,0x7fff,0x7fff,0x7fff,0x7fff,0x7fff,0x7fff,0x7fff,0x7fff,0x7fff,
	0x7fff,0x7fff,0x7fff,0x7fff,0x7fff,0x7fff,0x77bd,0x6719,0x6319,0x531c,0x2a7c,0x1a7d,0x0e9d,0x12be,0x331e,0x435f,
	0x4f9f,0x53bf,0x4f9e,0x479e,0x437f,0x3f7f,0x3b5f,0x375f,0x335f,0x2f3f,0x271f,0x1aff,0x12ff,0x0aff,0x06ff,0x0aff,
	0x0aff,0x0aff,0x0aff,0x0aff,0x0aff,0x0aff,0x0aff,0x0aff,0x0aff,0x0aff,0x0aff,0x0aff,0x0f1f,0x0f1f,0x0f1f,0x0f1f,
	0x0f1f,0x0f1f,0x0f1f,0x131f,0x131f,0x131f,0x131f,0x133f,0x131f,0x131f,0x131f,0x131f,0x133f,0x173f,0x131f,0x131f,
	0x133f,0x0f1f,0x16dd,0x1a3b,0x197c,0x18fd,0x191d,0x215c,0x257d,0x253e,0x18db,0x1099,0x14b8,0x14b9,0x18da,0x1cfa,
	0x18f7,0x10b3,0x1091,0x0c4d,0x044a,0x0448,0x0447,0x0868,0x0849,0x084a,0x082a,0x082a,0x084b,0x082c,0x082d,0x082d,
	0x082d,0x084e,0x084e,0x0c2f,0x082e,0x0d14,0x127c,0x131f,0x131f,0x131f,0x131f,0x131f,0x131f,0x0f1f,0x0f1f,0x0f1f,
	0x0f1f,0x0aff,0x0aff,0x0aff,0x0eff,0x0aff,0x0aff,0x0aff,0x0aff,0x0aff,0x0aff,0x0aff,0x0aff,0x0aff,0x0aff,0x0aff,
	0x0aff,0x0aff,0x0aff,0x0aff,0x0adf,0x0adf,0x0adf,0x0adf,0x0abf,0x0ebf,0x0ebf,0x0ebf,0x0ebf,0x129f,0x0e9e,0x0a9d,
	0x163c,0x46dd,0x6b7e,0x6b5a,0x6318,0x6b7b,0x7fff,0x7fff,0x7fff,0x7fff,0x7fff,0x7fff,0x7fff,0x7fff,0x7fff,0x7fff,
	0x7fff,0x7fff,0x7fff,0x7fff,0x7fff,0x7fff,0x7fff,0x7fff,0x7fff,0x7fff,0x7fff,0x7fff,0x7fff,0x7fff,0x7fff,0x7fff,
	0x7fff,0x7fff,0x7fff,0x7fff,0x7fff,0x7fff,0x7fff,0x7fff,0x7fff,0x7fff,0x7fff,0x7fff,0x7fff,0x7fff,0x7fff,0x7fff,
	0x7fff,0x7fff,0x7fff,0x7fff,0x7fff,0x7fff,0x7fff,0x7fff,0x7fff,0x7fff,0x7fff,0x7fff,0x7fff,0x7fff,0x7fff,0x7fff,
	0x7fff,0x7fff,0x7fff,0x7fff,0x7fff,0x7fff,0x7fff,0x7fff,0x7fff,0x7fff,0x7fff,0x7fff,0x7fff,0x7fff,0x7fff,0x7fff,
	0x7fff,0x7fff,0x7fff,0x7fff,0x7fff,0x7fff,0x7fff,0x7fff,0x7fff,0x7fff,0x7fff,0x7fff,0x7fff,0x7fff,0x7fff,0x7fff,
	0x7fff,0x7fff,0x7fff,0x7fff,0x7fff,0x7fff,0x7fff,0x7ffe,0x779c,0x6739,0x5af9,0x4efc,0x265a,0x163b,0x129e,0x12be,
	0x22ff,0x477f,0x57be,0x57be,0x4fbf,0x4b9f,0x479f,0x3f7e,0x3f7f,0x3f5f,0x375f,0x333f,0x273f,0x1f1f,0x1b1f,0x0eff,
	0x0eff,0x0aff,0x0adf,0x06df,0x06ff,0x06ff,0x0aff,0x0aff,0x0aff,0x0aff,0x0aff,0x0aff,0x0aff,0x0aff,0x0aff,0x0aff,
	0x0f1f,0x0f1f,0x0f1f,0x0f1f,0x0f1f,0x0f1f,0x0f1f,0x0f1f,0x131f,0x131f,0x131f,0x131f,0x131f,0x131f,0x131f,0x131f,
	0x131f,0x131f,0x133f,0x173f,0x16de,0x163d,0x159b,0x151a,0x14da,0x18bc,0x18bc,0x14ba,0x10b8,0x10b9,0x18db,0x1cfc,
	0x1d1d,0x213d,0x255d,0x213b,0x18d8,0x1094,0x084f,0x044b,0x044a,0x082c,0x082c,0x082c,0x044d,0x044d,0x084e,0x0c4e,
	0x0c2e,0x0c2e,0x0c4f,0x0cd3,0x1197,0x127c,0x0eff,0x0f1f,0x12ff,0x131f,0x0f1f,0x0f1f,0x0f1f,0x0f1f,0x0f1f,0x0b1f,
	0x0b1f,0x0b1f,0x0b1f,0x0aff,0x0aff,0x0aff,0x0aff,0x0aff,0x0aff,0x0aff,0x0aff,0x0aff,0x0aff,0x0aff,0x0aff,0x0adf,
	0x0adf,0x0adf,0x0adf,0x0adf,0x0adf,0x0adf,0x0abf,0x0abf,0x0ebf,0x0ebf,0x0ebf,0x0ebf,0x0a9f,0x165e,0x1a5b,0x3edc,
	0x5f5d,0x675a,0x6738,0x6b7a,0x77bd,0x7fff,0x7fff,0x7fff,0x7fff,0x7fff,0x7fff,0x7fff,0x7fff,0x7fff,0x7fff,0x7fff,
	0x7fff,0x7fff,0x7fff,0x7fff,0x7fff,0x7fff,0x7fff,0x7fff,0x7fff,0x7fff,0x7fff,0x7fff,0x7fff,0x7fff,0x7fff,0x7fff,
	0x7fff,0x7fff,0x7fff,0x7fff,0x7fff,0x7fff,0x7fff,0x7fff,0x7fff,0x7fff,0x7fff,0x7fff,0x7fff,0x7fff,0x7fff,0x7fff,
	0x7fff,0x7fff,0x7fff,0x7fff,0x7fff,0x7fff,0x7fff,0x7fff,0x7fff,0x7fff,0x7fff,0x7fff,0x7fff,0x7fff,0x7fff,0x7fff,
	0x7fff,0x7fff,0x7fff,0x7fff,0x7fff,0x7fff,0x7fff,0x7fff,0x7fff,0x7fff,0x7fff,0x7fff,0x7fff,0x7fff,0x7fff,0x7fff,
	0x7fff,0x7fff,0x7fff,0x7fff,0x7fff,0x7fff,0x7fff,0x7fff,0x7fff,0x7fff,0x7fff,0x7fff,0x7fff,0x7fff,0x7fff,0x7fff,
	0x7fff,0x7fff,0x7fff,0x7fff,0x7fff,0x7fff,0x7fff,0x7fff,0x7fff,0x7bde,0x737b,0x6f7b,0x5af9,0x571a,0x3abc,0x227c,
	0x0e5d,0x129f,0x1efe,0x3f5e,0x539e,0x57bf,0x53bf,0x4fbf,0x4fbf,0x479f,0x437f,0x3f5f,0x3b5f,0x375f,0x335f,0x2b3f,
	0x273f,0x1f1f,0x16ff,0x0eff,0x0aff,0x0adf,0x0aff,0x0aff,0x0aff,0x0aff,0x0aff,0x0aff,0x0aff,0x0aff,0x0aff,0x0aff,
	0x0aff,0x0aff,0x0b1f,0x0b1f,0x0b1f,0x0b1f,0x0f1f,0x0f1f,0x0f1f,0x0f1f,0x0f1f,0x0f1f,0x0f1f,0x0f1f,0x0f1f,0x0f1f,
	0x131f,0x131f,0x0f1e,0x131e,0x133f,0x131f,0x12fe,0x169e,0x163c,0x159a,0x1119,0x10d9,0x10b9,0x1499,0x18b9,0x18ba,
	0x18bb,0x14bb,0x18db,0x1cfc,0x18db,0x149a,0x1498,0x1074,0x084f,0x084e,0x084d,0x082e,0x042d,0x082d,0x0c2e,0x084e,
	0x046f,0x0914,0x11b8,0x0e9c,0x12de,0x0eff,0x0b1e,0x0b1f,0x0f1f,0x0f1f,0x0eff,0x0eff,0x0aff,0x0aff,0x0aff,0x0aff,
	0x0aff,0x0aff,0x0aff,0x0aff,0x0aff,0x0aff,0x0aff,0x0aff,0x0aff,0x0aff,0x0aff,0x0aff,0x0adf,0x0adf,0x0adf,0x0adf,
	0x0adf,0x0adf,0x0adf,0x0abf,0x0abf,0x0edf,0x12bf,0x129f,0x0e9f,0x0abf,0x0a7e,0x0e5c,0x267c,0x531d,0x5f3c,0x6719,
	0x6f5a,0x6f9b,0x73bd,0x7bff,0x7fff,0x7fff,0x7fff,0x7fff,0x7fff,0x7fff,0x7fff,0x7fff,0x7fff,0x7fff,0x7fff,0x7fff,
	0x7fff,0x7fff,0x7fff,0x7fff,0x7fff,0x7fff,0x7fff,0x7fff,0x7fff,0x7fff,0x7fff,0x7fff,0x7fff,0x7fff,0x7fff,0x7fff,
	0x7fff,0x7fff,0x7fff,0x7fff,0x7fff,0x7fff,0x7fff,0x7fff,0x7fff,0x7fff,0x7fff,0x7fff,0x7fff,0x7fff,0x7fff,0x7fff,
	0x7fff,0x7fff,0x7fff,0x7fff,0x7fff,0x7fff,0x7fff,0x7fff,0x7fff,0x7fff,0x7fff,0x7fff,0x7fff,0x7fff,0x7fff,0x7fff,
	0x7fff,0x7fff,0x7fff,0x7fff,0x7fff,0x7fff,0x7fff,0x7fff,0x7fff,0x7fff,0x7fff,0x7fff,0x7fff,0x7fff,0x7fff,0x7fff,
	0x7fff,0x7fff,0x7fff,0x7fff,0x7fff,0x7fff,0x7fff,0x7fff,0x7fff,0x7fff,0x7fff,0x7fff,0x7fff,0x7fff,0x7fff,0x7fff,
	0x7fff,0x7fff,0x7fff,0x7fff,0x7fff,0x7fff,0x7fff,0x7fff,0x7fff,0x7fff,0x7fff,0x7fff,0x739c,0x6b5a,0x6b5a,0x5b1a,
	0x369b,0x1e7c,0x127d,0x0e7e,0x1abe,0x333e,0x477f,0x57be,0x5bbf,0x57bf,0x4f9e,0x479f,0x439f,0x437f,0x437f,0x3b7f,
	0x375f,0x335f,0x2b3f,0x233f,0x1b1f,0x12ff,0x0eff,0x0eff,0x0aff,0x0aff,0x0aff,0x06ff,0x0aff,0x0aff,0x0aff,0x0eff,
	0x0aff,0x0aff,0x0aff,0x0aff,0x0aff,0x0aff,0x0aff,0x0aff,0x0aff,0x0aff,0x0aff,0x0aff,0x0b1f,0x0b1f,0x0f1f,0x0f1f,
	0x0b1f,0x0b1e,0x0efe,0x12ff,0x12ff,0x0eff,0x0aff,0x0b1f,0x0f1f,0x12fe,0x129d,0x123c,0x11bb,0x155a,0x1519,0x14f8,
	0x14f9,0x10d9,0x14b8,0x14b9,0x18ba,0x14b9,0x18b8,0x1496,0x0c52,0x0c4f,0x0c6f,0x0c70,0x0890,0x08d2,0x0d34,0x0db8,
	0x123a,0x12be,0x12ff,0x0b1f,0x0b1f,0x0f1f,0x0f1f,0x0afe,0x0b1f,0x0b1f,0x0aff,0x0aff,0x0aff,0x0aff,0x0aff,0x0aff,
	0x0aff,0x0aff,0x0aff,0x0aff,0x0aff,0x0aff,0x0aff,0x0aff,0x0adf,0x0adf,0x0adf,0x0adf,0x06df,0x0adf,0x0adf,0x0edf,
	0x0ebf,0x0ebf,0x0ebf,0x0ebf,0x0ebf,0x12bf,0x0ebf,0x0e9e,0x0e7e,0x167d,0x267b,0x46fc,0x633b,0x6f7a,0x6759,0x6f7b,
	0x77de,0x7fff,0x7fff,0x7fff,0x7fff,0x7fff,0x7fff,0x7fff,0x7fff,0x7fff,0x7fff,0x7fff,0x7fff,0x7fff,0x7fff,0x7fff,
	0x7fff,0x7fff,0x7fff,0x7fff,0x7fff,0x7fff,0x7fff,0x7fff,0x7fff,0x7fff,0x7fff,0x7fff,0x7fff,0x7fff,0x7fff,0x7fff,
	0x7fff,0x7fff,0x7fff,0x7fff,0x7fff,0x7fff,0x7fff,0x7fff,0x7fff,0x7fff,0x7fff,0x7fff,0x7fff,0x7fff,0x7fff,0x7fff,
	0x7fff,0x7fff,0x7fff,0x7fff,0x7fff,0x7fff,0x7fff,0x7fff,0x7fff,0x7fff,0x7fff,0x7fff,0x7fff,0x7fff,0x7fff,0x7fff,
	0x7fff,0x7fff,0x7fff,0x7fff,0x7fff,0x7fff,0x7fff,0x7fff,0x7fff,0x7fff,0x7fff,0x7fff,0x7fff,0x7fff,0x7fff,0x7fff,
	0x7fff,0x7fff,0x7fff,0x7fff,0x7fff,0x7fff,0x7fff,0x7fff,0x7fff,0x7fff,0x7fff,0x7fff,0x7fff,0x7fff,0x7fff,0x7fff,
	0x7fff,0x7fff,0x7fff,0x7fff,0x7fff,0x7fff,0x7fff,0x7fff,0x7fff,0x7fff,0x7fff,0x7fff,0x7fff,0x7fff,0x7bde,0x739c,
	0x6318,0x633a,0x571b,0x327b,0x1e5c,0x167e,0x129e,0x1ade,0x2f1e,0x437f,0x53be,0x57de,0x53be,0x53bf,0x4f9f,0x479f,
	0x437f,0x3f7f,0x3f7f,0x375f,0x2f3f,0x2b3f,0x271f,0x231f,0x16ff,0x12ff,0x0eff,0x0adf,0x0adf,0x0adf,0x0adf,0x0aff,
	0x0aff,0x0aff,0x0aff,0x0aff,0x0aff,0x0aff,0x0aff,0x0aff,0x0aff,0x0aff,0x0aff,0x0aff,0x0aff,0x0aff,0x0aff,0x0aff,
	0x0aff,0x0f1f,0x0eff,0x0eff,0x0adf,0x0ebe,0x0ebe,0x0ebf,0x12df,0x12df,0x0eff,0x0eff,0x0aff,0x0afe,0x0ade,0x0ebe,
	0x129d,0x167d,0x163c,0x121c,0x11fc,0x0ddb,0x0dbb,0x0dda,0x0dda,0x11f9,0x0e3a,0x0e7c,0x0e9d,0x0ede,0x0ade,0x0aff,
	0x0aff,0x0aff,0x0b1f,0x0aff,0x0aff,0x0aff,0x0aff,0x0aff,0x0aff,0x0aff,0x0aff,0x0aff,0x0aff,0x0aff,0x0aff,0x0aff,
	0x0aff,0x0aff,0x0aff,0x0aff,0x0aff,0x0adf,0x0adf,0x0adf,0x0adf,0x0adf,0x0adf,0x0adf,0x0ebf,0x0ebf,0x0ebf,0x0ebf,
	0x0ebf,0x0ebf,0x0ebf,0x0ebf,0x0abf,0x0a9e,0x0e7d,0x1e5b,0x3ebb,0x5f3b,0x6f7b,0x6739,0x675a,0x77bd,0x7fff,0x7fff,
	0x7fff,0x7fff,0x7fff,0x7fff,0x7fff,0x7fff,0x7fff,0x7fff,0x7fff,0x7fff,0x7fff,0x7fff,0x7fff,0x7fff,0x7fff,0x7fff,
	0x7fff,0x7fff,0x7fff,0x7fff,0x7fff,0x7fff,0x7fff,0x7fff,0x7fff,0x7fff,0x7fff,0x7fff,0x7fff,0x7fff,0x7fff,0x7fff,
	0x7fff,0x7fff,0x7fff,0x7fff,0x7fff,0x7fff,0x7fff,0x7fff,0x7fff,0x7fff,0x7fff,0x7fff,0x7fff,0x7fff,0x7fff,0x7fff,
	0x7fff,0x7fff,0x7fff,0x7fff,0x7fff,0x7fff,0x7fff,0x7fff,0x7fff,0x7fff,0x7fff,0x7fff,0x7fff,0x7fff,0x7fff,0x7fff,
	0x7fff,0x7fff,0x7fff,0x7fff,0x7fff,0x7fff,0x7fff,0x7fff,0x7fff,0x7fff,0x7fff,0x7fff,0x7fff,0x7fff,0x7fff,0x7fff,
	0x7fff,0x7fff,0x7fff,0x7fff,0x7fff,0x7fff,0x7fff,0x7fff,0x7fff,0x7fff,0x7fff,0x7fff,0x7fff,0x7fff,0x7fff,0x7fff,
	0x7fff,0x7fff,0x7fff,0x7fff,0x7fff,0x7fff,0x7fff,0x7fff,0x7fff,0x7fff,0x7fff,0x7fff,0x7fff,0x7fff,0x7fff,0x7fff,
	0x77de,0x77bd,0x739b,0x6719,0x5f19,0x571b,0x46fc,0x267c,0x165c,0x127d,0x16df,0x22ff,0x373f,0x4b9f,0x53be,0x57bf,
	0x57bf,0x4f9f,0x479e,0x3f7e,0x3b7f,0x3b7f,0x3b5f,0x3b5f,0x2f3f,0x2b3f,0x231f,0x1aff,0x16ff,0x0edf,0x0edf,0x0adf,
	0x0aff,0x0aff,0x0aff,0x0aff,0x0aff,0x0aff,0x0aff,0x0aff,0x0aff,0x0aff,0x0aff,0x0aff,0x0aff,0x0aff,0x0aff,0x0aff,
	0x0aff,0x0aff,0x0aff,0x0aff,0x0aff,0x0aff,0x0adf,0x0edf,0x0ebe,0x0ebe,0x0ebe,0x0ebe,0x0ebe,0x0ebe,0x0ebe,0x0ebe,
	0x0ebf,0x0ebf,0x0ede,0x0edf,0x0edf,0x0edf,0x0edf,0x0edf,0x0edf,0x0edf,0x0ede,0x0ede,0x0edf,0x0ede,0x0ede,0x0abe,
	0x0ade,0x0edf,0x0edf,0x0aff,0x0aff,0x0aff,0x0aff,0x0aff,0x0aff,0x0aff,0x0aff,0x0aff,0x0aff,0x0aff,0x0aff,0x0adf,
	0x0adf,0x0adf,0x0adf,0x0adf,0x0adf,0x0adf,0x0adf,0x0edf,0x0edf,0x0abf,0x0abf,0x0abf,0x0ebf,0x0ebf,0x0ebf,0x0ebf,
	0x0ebf,0x0e9f,0x0e7d,0x123c,0x227c,0x46fc,0x5b5e,0x633b,0x6739,0x6b5a,0x77bd,0x77dd,0x7fff,0x7fff,0x7fff,0x7fff,
	0x7fff,0x7fff,0x7fff,0x7fff,0x7fff,0x7fff,0x7fff,0x7fff,0x7fff,0x7fff,0x7fff,0x7fff,0x7fff,0x7fff,0x7fff,0x7fff,
	0x7fff,0x7fff,0x7fff,0x7fff,0x7fff,0x7fff,0x7fff,0x7fff,0x7fff,0x7fff,0x7fff,0x7fff,0x7fff,0x7fff,0x7fff,0x7fff,
	0x7fff,0x7fff,0x7fff,0x7fff,0x7fff,0x7fff,0x7fff,0x7fff,0x7fff,0x7fff,0x7fff,0x7fff,0x7fff,0x7fff,0x7fff,0x7fff,
	0x7fff,0x7fff,0x7fff,0x7fff,0x7fff,0x7fff,0x7fff,0x7fff,0x7fff,0x7fff,0x7fff,0x7fff,0x7fff,0x7fff,0x7fff,0x7fff,
	0x7fff,0x7fff,0x7fff,0x7fff,0x7fff,0x7fff,0x7fff,0x7fff,0x7fff,0x7fff,0x7fff,0x7fff,0x7fff,0x7fff,0x7fff,0x7fff,
	0x7fff,0x7fff,0x7fff,0x7fff,0x7fff,0x7fff,0x7fff,0x7fff,0x7fff,0x7fff,0x7fff,0x7fff,0x7fff,0x7fff,0x7fff,0x7fff,
	0x7fff,0x7fff,0x7fff,0x7fff,0x7fff,0x7fff,0x7fff,0x7fff,0x7fff,0x7fff,0x7fff,0x7fff,0x7fff,0x7fff,0x7fff,0x7fff,
	0x7fff,0x7fff,0x7fff,0x7bde,0x739c,0x739c,0x77bd,0x5ef9,0x56d9,0x52fc,0x3add,0x1e7c,0x125d,0x127e,0x1ade,0x22fd,
	0x2f3e,0x435f,0x4f7f,0x53be,0x4fbe,0x479e,0x437f,0x437f,0x3b5f,0x3b5f,0x335f,0x2f3f,0x2b3f,0x231f,0x1f1f,0x1b1f,
	0x12ff,0x12df,0x0edf,0x0aff,0x0adf,0x0adf,0x0adf,0x0adf,0x0adf,0x0adf,0x0adf,0x0adf,0x0aff,0x0aff,0x0aff,0x0aff,
	0x0aff,0x0aff,0x0aff,0x0aff,0x0aff,0x0aff,0x0aff,0x0aff,0x0aff,0x0adf,0x0adf,0x0adf,0x0edf,0x0ede,0x0ebe,0x0ebe,
	0x0ebe,0x0ebe,0x0e9e,0x0e9e,0x0e9e,0x0ebe,0x0ebe,0x0ebe,0x0e9e,0x0e9e,0x0abe,0x0abe,0x0ebe,0x0adf,0x0adf,0x0adf,
	0x0aff,0x0aff,0x0aff,0x0aff,0x0aff,0x0aff,0x0aff,0x0aff,0x0aff,0x0aff,0x0aff,0x0adf,0x0adf,0x0adf,0x0adf,0x0adf,
	0x0adf,0x0adf,0x0adf,0x0ebf,0x0ebf,0x0ebf,0x0ebf,0x0abf,0x0abf,0x0abf,0x0abf,0x0abf,0x12be,0x0e9e,0x065e,0x0a3e,
	0x1a5d,0x32bd,0x4f1d,0x571b,0x5f1a,0x6b5b,0x77bd,0x6f7b,0x739c,0x7fff,0x7fff,0x7fff,0x7fff,0x7fff,0x7fff,0x7fff,
	0x7fff,0x7fff,0x7fff,0x7fff,0x7fff,0x7fff,0x7fff,0x7fff,0x7fff,0x7fff,0x7fff,0x7fff,0x7fff,0x7fff,0x7fff,0x7fff,
	0x7fff,0x7fff,0x7fff,0x7fff,0x7fff,0x7fff,0x7fff,0x7fff,0x7fff,0x7fff,0x7fff,0x7fff,0x7fff,0x7fff,0x7fff,0x7fff,
	0x7fff,0x7fff,0x7fff,0x7fff,0x7fff,0x7fff,0x7fff,0x7fff,0x7fff,0x7fff,0x7fff,0x7fff,0x7fff,0x7fff,0x7fff,0x7fff,
	0x7fff,0x7fff,0x7fff,0x7fff,0x7fff,0x7fff,0x7fff,0x7fff,0x7fff,0x7fff,0x7fff,0x7fff,0x7fff,0x7fff,0x7fff,0x7fff,
	0x7fff,0x7fff,0x7fff,0x7fff,0x7fff,0x7fff,0x7fff,0x7fff,0x7fff,0x7fff,0x7fff,0x7fff,0x7fff,0x7fff,0x7fff,0x7fff,
	0x7fff,0x7fff,0x7fff,0x7fff,0x7fff,0x7fff,0x7fff,0x7fff,0x7fff,0x7fff,0x7fff,0x7fff,0x7fff,0x7fff,0x7fff,0x7fff,
	0x7fff,0x7fff,0x7fff,0x7fff,0x7fff,0x7fff,0x7fff,0x7fff,0x7fff,0x7fff,0x7fff,0x7fff,0x7fff,0x7fff,0x7fff,0x7fff,
	0x7fff,0x7fff,0x7fff,0x7fff,0x7fff,0x7fff,0x7bde,0x7bbd,0x739c,0x6f5a,0x77bd,0x6b5c,0x4ab9,0x3a9a,0x3afd,0x2edf,
	0x1e7d,0x125c,0x1a9e,0x2b1f,0x333f,0x373e,0x3b5e,0x437f,0x479f,0x479f,0x437f,0x3f7f,0x375f,0x335f,0x2f3f,0x2f3f,
	0x271f,0x231f,0x1f1f,0x1aff,0x12ff,0x0eff,0x0edf,0x0adf,0x0adf,0x0adf,0x0adf,0x0adf,0x0adf,0x0adf,0x0adf,0x0adf,
	0x0adf,0x0adf,0x0adf,0x0adf,0x0adf,0x0adf,0x0adf,0x0adf,0x0adf,0x0adf,0x0aff,0x0aff,0x0aff,0x0aff,0x0aff,0x0aff,
	0x0aff,0x0adf,0x0adf,0x0adf,0x0adf,0x0adf,0x0adf,0x0adf,0x0adf,0x0adf,0x0adf,0x0aff,0x0aff,0x0aff,0x0adf,0x0adf,
	0x0adf,0x0adf,0x0adf,0x0adf,0x0adf,0x0adf,0x0adf,0x0adf,0x0adf,0x0adf,0x0adf,0x0adf,0x0adf,0x0edf,0x0ebf,0x0ebf,
	0x0ebf,0x0ebf,0x0ebf,0x0ebf,0x0ebf,0x0ebf,0x0ebf,0x0abf,0x0a9f,0x0e7e,0x0e7e,0x127d,0x26bd,0x36fe,0x3edd,0x46db,
	0x56fa,0x6b5b,0x779c,0x6b5a,0x6f9c,0x7bde,0x7bde,0x7fff,0x7fff,0x7fff,0x7fff,0x7fff,0x7fff,0x7fff,0x7fff,0x7fff,
	0x7fff,0x7fff,0x7fff,0x7fff,0x7fff,0x7fff,0x7fff,0x7fff,0x7fff,0x7fff,0x7fff,0x7fff,0x7fff,0x7fff,0x7fff,0x7fff,
	0x7fff,0x7fff,0x7fff,0x7fff,0x7fff,0x7fff,0x7fff,0x7fff,0x7fff,0x7fff,0x7fff,0x7fff,0x7fff,0x7fff,0x7fff,0x7fff,
	0x7fff,0x7fff,0x7fff,0x7fff,0x7fff,0x7fff,0x7fff,0x7fff,0x7fff,0x7fff,0x7fff,0x7fff,0x7fff,0x7fff,0x7fff,0x7fff,
	0x7fff,0x7fff,0x7fff,0x7fff,0x7fff,0x7fff,0x7fff,0x7fff,0x7fff,0x7fff,0x7fff,0x7fff,0x7fff,0x7fff,0x7fff,0x7fff,
	0x7fff,0x7fff,0x7fff,0x7fff,0x7fff,0x7fff,0x7fff,0x7fff,0x7fff,0x7fff,0x7fff,0x7fff,0x7fff,0x7fff,0x7fff,0x7fff,
	0x7fff,0x7fff,0x7fff,0x7fff,0x7fff,0x7fff,0x7fff,0x7fff,0x7fff,0x7fff,0x7fff,0x7fff,0x7fff,0x7fff,0x7fff,0x7fff,
	0x7fff,0x7fff,0x7fff,0x7fff,0x7fff,0x7fff,0x7fff,0x7fff,0x7fff,0x7fff,0x7fff,0x7fff,0x7fff,0x7fff,0x7fff,0x7fff,
	0x7fff,0x7fff,0x7fff,0x7fff,0x7fff,0x7fff,0x7fff,0x7fff,0x7fff,0x7fff,0x7bff,0x7bde,0x779d,0x6f5a,0x6b59,0x6f7a,
	0x633b,0x4afb,0x36bb,0x225c,0x1a5d,0x167e,0x12bf,0x16de,0x26fe,0x2f1f,0x3b5f,0x3f7e,0x3f7e,0x3f7f,0x3b7f,0x375f,
	0x335f,0x2f3f,0x2b3f,0x273f,0x1f1f,0x1aff,0x16ff,0x12ff,0x0edf,0x0adf,0x0adf,0x0adf,0x0adf,0x0adf,0x0adf,0x0edf,
	0x0ebf,0x0adf,0x0adf,0x0adf,0x0adf,0x0adf,0x0adf,0x0adf,0x0adf,0x0adf,0x0adf,0x0adf,0x0adf,0x0adf,0x0adf,0x0adf,
	0x0adf,0x0adf,0x0adf,0x0adf,0x0adf,0x0adf,0x0adf,0x0adf,0x0adf,0x0adf,0x0adf,0x0adf,0x0adf,0x0adf,0x0adf,0x0adf,
	0x0adf,0x0adf,0x0adf,0x0ebf,0x0ebf,0x0ebf,0x0ebf,0x0abf,0x0abf,0x0abf,0x0abf,0x0ebf,0x0ebf,0x0ebf,0x0ebf,0x0ebf,
	0x0ebf,0x0e9f,0x0ebe,0x0e9e,0x0a7e,0x0e9f,0x129f,0x127d,0x1a7c,0x2a7b,0x3ebb,0x531d,0x6b5c,0x6b5b,0x6b5a,0x6b39,
	0x737b,0x7bde,0x7fff,0x7fff,0x7fff,0x7fff,0x7fff,0x7fff,0x7fff,0x7fff,0x7fff,0x7fff,0x7fff,0x7fff,0x7fff,0x7fff,
	0x7fff,0x7fff,0x7fff,0x7fff,0x7fff,0x7fff,0x7fff,0x7fff,0x7fff,0x7fff,0x7fff,0x7fff,0x7fff,0x7fff,0x7fff,0x7fff,
	0x7fff,0x7fff,0x7fff,0x7fff,0x7fff,0x7fff,0x7fff,0x7fff,0x7fff,0x7fff,0x7fff,0x7fff,0x7fff,0x7fff,0x7fff,0x7fff,
	0x7fff,0x7fff,0x7fff,0x7fff,0x7fff,0x7fff,0x7fff,0x7fff,0x7fff,0x7fff,0x7fff,0x7fff,0x7fff,0x7fff,0x7fff,0x7fff,
	0x7fff,0x7fff,0x7fff,0x7fff,0x7fff,0x7fff,0x7fff,0x7fff,0x7fff,0x7fff,0x7fff,0x7fff,0x7fff,0x7fff,0x7fff,0x7fff,
	0x7fff,0x7fff,0x7fff,0x7fff,0x7fff,0x7fff,0x7fff,0x7fff,0x7fff,0x7fff,0x7fff,0x7fff,0x7fff,0x7fff,0x7fff,0x7fff,
	0x7fff,0x7fff,0x7fff,0x7fff,0x7fff,0x7fff,0x7fff,0x7fff,0x7fff,0x7fff,0x7fff,0x7fff,0x7fff,0x7fff,0x7fff,0x7fff,
	0x7fff,0x7fff,0x7fff,0x7fff,0x7fff,0x7fff,0x7fff,0x7fff,0x7fff,0x7fff,0x7fff,0x7fff,0x7fff,0x7fff,0x7fff,0x7fff,
	0x7fff,0x7fff,0x7fff,0x7fff,0x7fff,0x7fff,0x7fff,0x7fff,0x7fff,0x7fff,0x7fff,0x7fff,0x7fff,0x7fff,0x7bde,0x77bd,
	0x73bc,0x7bdd,0x739b,0x6339,0x56f9,0x52fb,0x531d,0x46fd,0x2ebc,0x227c,0x1a7d,0x169d,0x16be,0x1ade,0x1eff,0x271e,
	0x333e,0x333f,0x335f,0x335f,0x2f3f,0x2b3f,0x273f,0x273f,0x231f,0x16ff,0x16ff,0x12ff,0x0edf,0x0edf,0x0edf,0x0ebf,
	0x0ebf,0x0abf,0x0abf,0x0ebf,0x0ebf,0x0ebf,0x0ebf,0x0ebf,0x0ebf,0x0ebf,0x0adf,0x0adf,0x0adf,0x0adf,0x0adf,0x0adf,
	0x0adf,0x0adf,0x0adf,0x0adf,0x0adf,0x0adf,0x0adf,0x0adf,0x0adf,0x0adf,0x0ebf,0x0ebf,0x0ebf,0x0ebf,0x0ebf,0x0ebf,
	0x0ebf,0x0ebf,0x0ebf,0x0ebf,0x0ebf,0x0ebf,0x0ebf,0x0ebf,0x0ebf,0x0ebf,0x0abf,0x0e9f,0x0e9f,0x069f,0x0a9f,0x0a9f,
	0x0e7d,0x127d,0x1a7d,0x227c,0x3abd,0x46fd,0x573c,0x5b3b,0x5f19,0x6b5b,0x6f7b,0x77bc,0x77bd,0x77bd,0x7bde,0x7fff,
	0x7fff,0x7fff,0x7fff,0x7fff,0x7fff,0x7fff,0x7fff,0x7fff,0x7fff,0x7fff,0x7fff,0x7fff,0x7fff,0x7fff,0x7fff,0x7fff,
	0x7fff,0x7fff,0x7fff,0x7fff,0x7fff,0x7fff,0x7fff,0x7fff,0x7fff,0x7fff,0x7fff,0x7fff,0x7fff,0x7fff,0x7fff,0x7fff,
	0x7fff,0x7fff,0x7fff,0x7fff,0x7fff,0x7fff,0x7fff,0x7fff,0x7fff,0x7fff,0x7fff,0x7fff,0x7fff,0x7fff,0x7fff,0x7fff,
	0x7fff,0x7fff,0x7fff,0x7fff,0x7fff,0x7fff,0x7fff,0x7fff,0x7fff,0x7fff,0x7fff,0x7fff,0x7fff,0x7fff,0x7fff,0x7fff,
	0x7fff,0x7fff,0x7fff,0x7fff,0x7fff,0x7fff,0x7fff,0x7fff,0x7fff,0x7fff,0x7fff,0x7fff,0x7fff,0x7fff,0x7fff,0x7fff,
	0x7fff,0x7fff,0x7fff,0x7fff,0x7fff,0x7fff,0x7fff,0x7fff,0x7fff,0x7fff,0x7fff,0x7fff,0x7fff,0x7fff,0x7fff,0x7fff,
	0x7fff,0x7fff,0x7fff,0x7fff,0x7fff,0x7fff,0x7fff,0x7fff,0x7fff,0x7fff,0x7fff,0x7fff,0x7fff,0x7fff,0x7fff,0x7fff,
	0x7fff,0x7fff,0x7fff,0x7fff,0x7fff,0x7fff,0x7fff,0x7fff,0x7fff,0x7fff,0x7fff,0x7fff,0x7fff,0x7fff,0x7fff,0x7fff,
	0x7fff,0x7fff,0x7fff,0x7fff,0x7fff,0x7fff,0x7fff,0x7fff,0x7fff,0x7fff,0x7fff,0x7fff,0x7fff,0x7fff,0x7fff,0x7fff,
	0x7fff,0x7fff,0x7fff,0x7bff,0x7bde,0x739c,0x739b,0x77bd,0x77bd,0x675b,0x56f9,0x4ab9,0x46da,0x42fc,0x3afd,0x2ebd,
	0x229d,0x1e9d,0x1e9d,0x1e9e,0x1abe,0x1abe,0x1ade,0x1aff,0x1afe,0x1efe,0x1aff,0x16ff,0x12df,0x12df,0x0edf,0x0ebf,
	0x0ebf,0x0ebf,0x0ebf,0x0ebf,0x0ebf,0x0ebf,0x0ebf,0x0ebf,0x0ebf,0x0ebf,0x0ebf,0x0ebf,0x0ebf,0x0ebf,0x0ebf,0x0ebf,
	0x0ebf,0x0ebf,0x0abf,0x0abf,0x0ebf,0x0ebf,0x0ebf,0x0ebf,0x0ebf,0x0ebf,0x0ebf,0x0ebf,0x0ebf,0x0ebf,0x0ebf,0x0ebf,
	0x0ebf,0x0ebf,0x0abf,0x0e9f,0x0e9f,0x0e9f,0x0a7f,0x0a5e,0x0e5e,0x127e,0x1a9e,0x227c,0x2a9c,0x36dd,0x3f1e,0x46fd,
	0x4efb,0x52fa,0x5b1a,0x631a,0x73bd,0x7bff,0x779c,0x739b,0x7bbd,0x7fdf,0x7fff,0x7fff,0x7fff,0x7fff,0x7fff,0x7fff,
	0x7fff,0x7fff,0x7fff,0x7fff,0x7fff,0x7fff,0x7fff,0x7fff,0x7fff,0x7fff,0x7fff,0x7fff,0x7fff,0x7fff,0x7fff,0x7fff,
	0x7fff,0x7fff,0x7fff,0x7fff,0x7fff,0x7fff,0x7fff,0x7fff,0x7fff,0x7fff,0x7fff,0x7fff,0x7fff,0x7fff,0x7fff,0x7fff,
	0x7fff,0x7fff,0x7fff,0x7fff,0x7fff,0x7fff,0x7fff,0x7fff,0x7fff,0x7fff,0x7fff,0x7fff,0x7fff,0x7fff,0x7fff,0x7fff,
	0x7fff,0x7fff,0x7fff,0x7fff,0x7fff,0x7fff,0x7fff,0x7fff,0x7fff,0x7fff,0x7fff,0x7fff,0x7fff,0x7fff,0x7fff,0x7fff,
	0x7fff,0x7fff,0x7fff,0x7fff,0x7fff,0x7fff,0x7fff,0x7fff,0x7fff,0x7fff,0x7fff,0x7fff,0x7fff,0x7fff,0x7fff,0x7fff,
	0x7fff,0x7fff,0x7fff,0x7fff,0x7fff,0x7fff,0x7fff,0x7fff,0x7fff,0x7fff,0x7fff,0x7fff,0x7fff,0x7fff,0x7fff,0x7fff,
	0x7fff,0x7fff,0x7fff,0x7fff,0x7fff,0x7fff,0x7fff,0x7fff,0x7fff,0x7fff,0x7fff,0x7fff,0x7fff,0x7fff,0x7fff,0x7fff,
	0x7fff,0x7fff,0x7fff,0x7fff,0x7fff,0x7fff,0x7fff,0x7fff,0x7fff,0x7fff,0x7fff,0x7fff,0x7fff,0x7fff,0x7fff,0x7fff,
	0x7fff,0x7fff,0x7fff,0x7fff,0x7fff,0x7fff,0x7fff,0x7fff,0x7fff,0x7fff,0x7fff,0x7fff,0x7fff,0x7fff,0x7fff,0x7fff,
	0x7fff,0x7fff,0x7fff,0x7fff,0x7fff,0x7fff,0x7fff,0x7fff,0x7fff,0x7fff,0x7bde,0x7bdd,0x779c,0x6f7b,0x6b5a,0x739c,
	0x6fbe,0x677d,0x56fb,0x4298,0x3257,0x2e59,0x32bb,0x36fe,0x371e,0x2ede,0x26bd,0x1e9c,0x1a7c,0x169d,0x129e,0x0e7e,
	0x0a7e,0x0e7e,0x0e9e,0x0e9f,0x0e9f,0x0e9f,0x0e9f,0x0a9f,0x0a9e,0x0a9e,0x0e9e,0x0e9e,0x0e9e,0x0e9e,0x0e9e,0x0e9e,
	0x0e9e,0x0e9e,0x0a9e,0x0a9f,0x0a9f,0x0e9f,0x0e9f,0x0e9f,0x0e9e,0x0e9e,0x0e7e,0x0e7e,0x127e,0x127d,0x167d,0x1a7c,
	0x1e9c,0x26bd,0x2ade,0x371f,0x3afe,0x3add,0x369b,0x3a7a,0x3e79,0x4ab9,0x56fa,0x6f9d,0x7bde,0x7bbe,0x739c,0x6f5a,
	0x739c,0x77bd,0x7bde,0x7bde,0x7fff,0x7fff,0x7fff,0x7fff,0x7fff,0x7fff,0x7fff,0x7fff,0x7fff,0x7fff,0x7fff,0x7fff,
	0x7fff,0x7fff,0x7fff,0x7fff,0x7fff,0x7fff,0x7fff,0x7fff,0x7fff,0x7fff,0x7fff,0x7fff,0x7fff,0x7fff,0x7fff,0x7fff,
	0x7fff,0x7fff,0x7fff,0x7fff,0x7fff,0x7fff,0x7fff,0x7fff,0x7fff,0x7fff,0x7fff,0x7fff,0x7fff,0x7fff,0x7fff,0x7fff,
	0x7fff,0x7fff,0x7fff,0x7fff,0x7fff,0x7fff,0x7fff,0x7fff,0x7fff,0x7fff,0x7fff,0x7fff,0x7fff,0x7fff,0x7fff,0x7fff,
	0x7fff,0x7fff,0x7fff,0x7fff,0x7fff,0x7fff,0x7fff,0x7fff,0x7fff,0x7fff,0x7fff,0x7fff,0x7fff,0x7fff,0x7fff,0x7fff,
	0x7fff,0x7fff,0x7fff,0x7fff,0x7fff,0x7fff,0x7fff,0x7fff,0x7fff,0x7fff,0x7fff,0x7fff,0x7fff,0x7fff,0x7fff,0x7fff,
	0x7fff,0x7fff,0x7fff,0x7fff,0x7fff,0x7fff,0x7fff,0x7fff,0x7fff,0x7fff,0x7fff,0x7fff,0x7fff,0x7fff,0x7fff,0x7fff,
	0x7fff,0x7fff,0x7fff,0x7fff,0x7fff,0x7fff,0x7fff,0x7fff,0x7fff,0x7fff,0x7fff,0x7fff,0x7fff,0x7fff,0x7fff,0x7fff,
	0x7fff,0x7fff,0x7fff,0x7fff,0x7fff,0x7fff,0x7fff,0x7fff,0x7fff,0x7fff,0x7fff,0x7fff,0x7fff,0x7fff,0x7fff,0x7fff,
	0x7fff,0x7fff,0x7fff,0x7fff,0x7fff,0x7fff,0x7fff,0x7fff,0x7fff,0x7fff,0x7fff,0x7fff,0x7fff,0x7fff,0x7fff,0x7fff,
	0x7fff,0x7fff,0x7fff,0x7fff,0x7fff,0x7fff,0x7fff,0x7fff,0x7fff,0x7fff,0x7fff,0x7fff,0x7fff,0x7fff,0x7fff,0x7fff,
	0x7fff,0x7fdf,0x7fde,0x7bdd,0x77bc,0x739b,0x737b,0x737b,0x6f7a,0x6b59,0x675a,0x6b7c,0x679d,0x5f7e,0x573d,0x4adc,
	0x3e9a,0x365a,0x325a,0x325a,0x2e5a,0x2e5b,0x2a7c,0x2a7c,0x2a9d,0x269d,0x269d,0x269d,0x269d,0x269d,0x269d,0x269d,
	0x269d,0x269d,0x269d,0x2a7c,0x2a7c,0x2a5b,0x2e5b,0x2e5a,0x325a,0x325a,0x3e7b,0x46bb,0x4edc,0x5b3d,0x637e,0x6fbe,
	0x6fbd,0x6f7b,0x6b5a,0x675a,0x6b7b,0x6f7b,0x737b,0x739c,0x77bd,0x77de,0x77de,0x7bff,0x7fff,0x7fff,0x7fff,0x7fff,
	0x7fff,0x7fff,0x7fff,0x7fff,0x7fff,0x7fff,0x7fff,0x7fff,0x7fff,0x7fff,0x7fff,0x7fff,0x7fff,0x7fff,0x7fff,0x7fff,
	0x7fff,0x7fff,0x7fff,0x7fff,0x7fff,0x7fff,0x7fff,0x7fff,0x7fff,0x7fff,0x7fff,0x7fff,0x7fff,0x7fff,0x7fff,0x7fff,
	0x7fff,0x7fff,0x7fff,0x7fff,0x7fff,0x7fff,0x7fff,0x7fff,0x7fff,0x7fff,0x7fff,0x7fff,0x7fff,0x7fff,0x7fff,0x7fff,
	0x7fff,0x7fff,0x7fff,0x7fff,0x7fff,0x7fff,0x7fff,0x7fff,0x7fff,0x7fff,0x7fff,0x7fff,0x7fff,0x7fff,0x7fff,0x7fff,
	0x7fff,0x7fff,0x7fff,0x7fff,0x7fff,0x7fff,0x7fff,0x7fff,0x7fff,0x7fff,0x7fff,0x7fff,0x7fff,0x7fff,0x7fff,0x7fff,
	0x7fff,0x7fff,0x7fff,0x7fff,0x7fff,0x7fff,0x7fff,0x7fff,0x7fff,0x7fff,0x7fff,0x7fff,0x7fff,0x7fff,0x7fff,0x7fff,
	0x7fff,0x7fff,0x7fff,0x7fff,0x7fff,0x7fff,0x7fff,0x7fff,0x7fff,0x7fff,0x7fff,0x7fff,0x7fff,0x7fff,0x7fff,0x7fff,
	0x7fff,0x7fff,0x7fff,0x7fff,0x7fff,0x7fff,0x7fff,0x7fff,0x7fff,0x7fff,0x7fff,0x7fff,0x7fff,0x7fff,0x7fff,0x7fff,
	0x7fff,0x7fff,0x7fff,0x7fff,0x7fff,0x7fff,0x7fff,0x7fff,0x7fff,0x7fff,0x7fff,0x7fff,0x7fff,0x7fff,0x7fff,0x7fff,
	0x7fff,0x7fff,0x7fff,0x7fff,0x7fff,0x7fff,0x7fff,0x7fff,0x7fff,0x7fff,0x7fff,0x7fff,0x7fff,0x7fff,0x7fff,0x7fff,
	0x7fff,0x7fff,0x7fff,0x7fff,0x7fff,0x7fff,0x7fff,0x7fff,0x7fff,0x7fff,0x7fff,0x7fff,0x7fff,0x7fff,0x7fff,0x7fff,
	0x7fff,0x7fff,0x7fff,0x7fff,0x7fff,0x7fff,0x7fff,0x7fff,0x7fff,0x7fff,0x7fff,0x7fff,0x7fff,0x7fff,0x7fff,0x7bde,
	0x77bd,0x739c,0x739c,0x739c,0x737c,0x6f7b,0x6f7b,0x6f5b,0x6b5b,0x6b5a,0x675a,0x675a,0x675a,0x675a,0x675a,0x675a,
	0x675a,0x675a,0x6b5a,0x6b5b,0x6f5b,0x6f7b,0x6f7c,0x739c,0x739c,0x739c,0x77bd,0x77be,0x7bde,0x7fff,0x7fff,0x7fff,
	0x7fff,0x7fff,0x7ffe,0x7ffe,0x7fff,0x7fff,0x7fff,0x7fff,0x7fff,0x7fff,0x7fff,0x7fff,0x7fff,0x7fff,0x7fff,0x7fff,
	0x7fff,0x7fff,0x7fff,0x7fff,0x7fff,0x7fff,0x7fff,0x7fff,0x7fff,0x7fff,0x7fff,0x7fff,0x7fff,0x7fff,0x7fff,0x7fff,
	0x7fff,0x7fff,0x7fff,0x7fff,0x7fff,0x7fff,0x7fff,0x7fff,0x7fff,0x7fff,0x7fff,0x7fff,0x7fff,0x7fff,0x7fff,0x7fff,
	0x7fff,0x7fff,0x7fff,0x7fff,0x7fff,0x7fff,0x7fff,0x7fff,0x7fff,0x7fff,0x7fff,0x7fff,0x7fff,0x7fff,0x7fff,0x7fff
};

